					Render 0:00:00:005
*** executable info
					Render 0:00:00:006
Timestamp:     	6a22b86d
Date:          	Fri Jun  5 07:52:13 2026
Command line:  	
Compiler:      	194435214, 142 (VS 2019) or newer


*** hardware info
CPU name      	Intel(R) Core(TM) i7-14700K
CPU MHz       	3418
CPU cores     	20/28
Phys. Memory   	65278 MBytes
Memory In Use  	47%
Disk Free      	741473 MBytes


*** OS info
OS:            	Windows 11
Version:       	10.0.26100 


*** Debug::Init()


					Render 0:00:00:127
Steam initialized (AppId 3215050, Beta branch ???)
					Render 0:00:00:131
Drive type for game installation: SSD, savegames: SSD
Language: English
					Render 0:00:01:491
*** graphics info
GPU                            	NVIDIA GeForce RTX 4080 Feature Level: 12.1 {  DoublePrecisionFloatShaderOps: 1 OutputMergerLogicOp: 1 MinPrecisionSupport: 2 TiledResourcesTier: 4 ResourceBindingTier: 3 PSSpecifiedStencilRefSupported: 0 TypedUAVLoadAdditionalFormats: 1 ROVsSupported: 1 ConservativeRasterizationTier: 3 MaxGPUVirtualAddressBitsPerResource: 40 StandardSwizzle64KBSupported: 0 CrossNodeSharingTier: 0 CrossAdapterRowMajorTextureSupported: 0 VPAndRTArrayIndexFromAnyShaderFeedingRasterizerSupportedWithoutGSEmulation: 1 ResourceHeapTier: 2 NotZeroedPools: 1 UMA: 0 UnalignedBlockTextures: 1}
API                            	d3d12
GPU Driver Version             	32.0.16.1074
GPU Driver Package Version     	610.74
GPU Dedicated Video Memory     	16048 MB
					Render 0:00:01:627

Libs: Network, Sequences, MouseTrackWin, DumbAI, MapGen, Paradox, TriggersAndEvents, Notifications, Research, Resources 

					Render 0:00:01:820

Platform: desktop, editor, goldmaster, paradox, pc, steam

					Render 0:00:02:484
*** audio info
Audio Endpoint                 	Speakers (Razer Leviathan V2)
						Lua 0:00:02:518
Lua revision: 396349
Assets revision: 31031
Steam AppID: 3215050
Build version: 1.0.7.396349
Build branch:  Release
						Lua 0:00:17:518
Account storage loaded successfully in 1 ms
						Lua 0:00:17:521
[mod] Loaded mod def Community Fix Pack (id SMR_CommunityFixPack, v1.00-001) unpacked from appdata
[mod] Loaded mod def Community Fix Pack: Opt-In Modules (id SMR_CommunityOptInPack, v1.00-000) unpacked from appdata
[mod] Loaded mod def Community Fix Pack — Test Kit (id SMR_CommunityFixPackTestKit, v0.00-001) unpacked from appdata
						Lua 0:00:17:880
[mod] [SMRTest] console enable requested (flag-only, UI was not up) — press Enter (or Alt-Shift-C) once in a colony
[SMRTest] console enable requested (flag-only, UI was not up) — press Enter (or Alt-Shift-C) once in a colony
[mod] [SMRTest] no debug.getinfo (mod sandbox) — [install] probes will SKIP
[SMRTest] no debug.getinfo (mod sandbox) — [install] probes will SKIP
[mod] [SMRTest] test kit loaded — SMRTest.RunAll(), SMRTest.List(), SMRTest.<ProbeId>()
[SMRTest] test kit loaded — SMRTest.RunAll(), SMRTest.List(), SMRTest.<ProbeId>()
						Lua 0:00:17:886
[mod] [SMRTest][carry] fixture-carry dump available — run SMRTest.FixtureCarry()
						Lua 0:00:17:887
[mod] [C47R] [C47R] 98_C47Ride loaded — ATTENDED. Standing by; load your save and it will arm itself. It will never touch the game.
[C47R] [C47R] 98_C47Ride loaded — ATTENDED. Standing by; load your save and it will arm itself. It will never touch the game.
[mod] [CommunityFixPack] CaveInsNoDisasters: applied
[mod] [CommunityFixPack] MeteorFrequency: applied
[mod] [CommunityFixPack] UpgradeModifierLeak: applied
[mod] [CommunityFixPack] NightShiftWork: applied
[mod] [CommunityFixPack] MilestoneCrash: applied
						Lua 0:00:17:888
[mod] [CommunityFixPack] WispRewards: applied
[mod] [CommunityFixPack] TouristApplicants: applied
[mod] [CommunityFixPack] TrainsToVoid: applied
[mod] [CommunityFixPack] LanderEmptyLaunch: applied
[mod] [CommunityFixPack] LanderCargoRatchet: applied
[mod] [CommunityFixPack] LanderReturnFuel: applied
[mod] [CommunityFixPack] ShelterReflex: applied
[mod] [CommunityFixPack] BrokenTrackSalvage: applied
[mod] [CommunityFixPack] TrackSalvageWipe: applied
[mod] [CommunityFixPack] LakeEntombment: applied
						Lua 0:00:17:889
[mod] [CommunityFixPack] GhostFarmOxygen: applied
[mod] [CommunityFixPack] RocketDroneChurn: applied
[mod] [CommunityFixPack] ShuttleTransportCache: applied
[mod] [CommunityFixPack] VacuumWalks: applied
[mod] [CommunityFixPack] ArrivalDeaths: applied
[mod] [CommunityFixPack] DroneUnreachableForever: applied
[mod] [CommunityFixPack] StaleReservations: applied
[mod] [CommunityFixPack] CrystalMysteryHang: applied
[mod] [CommunityFixPack] TouristSatisfaction: applied
[mod] [CommunityFixPack] TrainPlatformWedge: applied
						Lua 0:00:17:890
[mod] [CommunityFixPack] LowStorageWarning: applied
[mod] [CommunityFixPack] CommandCenterNumbers: applied
[mod] [CommunityFixPack] DomeOverviewHighlight: applied
[mod] [CommunityFixPack] TrainCargoDumping: applied
[mod] [CommunityFixPack] UniversityOvertraining: applied
[mod] [CommunityFixPack] DestroyedTunnels: applied
[mod] [CommunityFixPack] DustSicknessBiorobots: applied
[mod] [CommunityFixPack] DustSicknessDamage: applied
[mod] [CommunityFixPack] GeneForging: applied
[mod] [CommunityFixPack] MirrorSphereSite: applied
						Lua 0:00:17:891
[mod] [CommunityFixPack] PayloadTemplateRefill: applied
[mod] [CommunityFixPack] AsteroidLanderAvailable: applied
[mod] [CommunityFixPack] ShuttleHubOffAvailable: applied
[mod] [CommunityFixPack] FreedHousingNotice: applied
[mod] [CommunityFixPack] DomeFreeSpaceMismatch: applied
[mod] [CommunityFixPack] SmallLandscapeSites: applied
[mod] [CommunityFixPack] LandscapeUnitFilter: applied
						Lua 0:00:17:892
[mod] [CommunityFixPack] RocketInteractGuard: applied
[mod] [CommunityFixPack] TrackConnectorPingPong: applied
[mod] [CommunityFixPack] TrackTunnelPowerBridge: applied
[mod] [CommunityFixPack] GridGlobalStorage: applied
[mod] [CommunityFixPack] LastTransmissionStorage: applied
[mod] [CommunityFixPack] GraphConsumedCaption: applied
						Lua 0:00:17:893
[mod] [CommunityFixPack] MoraleComfortTooltip: applied
[mod] [CommunityFixPack] TrainWaitTime: applied
[mod] [CommunityFixPack] FounderTraitNotification: applied
[mod] [CommunityFixPack] StorageRateModifiers: applied
[mod] [CommunityFixPack] SequenceLatents: applied
[mod] [CommunityFixPack] IndependenceTerraforming: applied
[mod] [CommunityFixPack] TrackSalvageRefund: applied
						Lua 0:00:17:894
[mod] [CommunityFixPack] LayoutTechLock: applied
[mod] [CommunityFixPack] TrainMinors: applied
[mod] [CommunityFixPack] DroneTransportMinors: applied
[mod] [CommunityFixPack] AnomalyCaveInMap: applied
[mod] [CommunityFixPack] TechDescriptionBuilding: applied
[mod] [CommunityFixPack] BombardmentSpread: applied
[mod] [CommunityFixPack] ExtenderFlapChurn: applied
[mod] [CommunityFixPack] DisasterPredictionLeak: applied
						Lua 0:00:17:895
[mod] [CommunityFixPack] MeteorStormWedge: applied
[mod] [CommunityFixPack] RainsDeadlock: applied
[mod] [CommunityFixPack] FirstAsteroidPrefabs: applied
[mod] [CommunityFixPack] SaintBlessing: applied
[mod] [CommunityFixPack] DustDevilsDescrMap: applied
[mod] [CommunityFixPack] AstrogeologistExtractors: applied
[mod] [CommunityFixPack] SinkholeIndestructible: applied
[mod] [CommunityFixPack] DustStormUndergroundBreaks: applied
						Lua 0:00:17:896
[mod] [CommunityFixPack] DustDevilSpawnGate: applied
[mod] [CommunityFixPack] ExoticDepositSign: applied
[mod] [CommunityFixPack] AutomationLawCompensation: applied
[mod] [CommunityFixPack] SaveSanitizer: applied
[mod] [CommunityOptInPack] ClassicRockets: applied
						Lua 0:00:17:897
[mod] [CommunityOptInPack] AcknowledgedWarnings: applied
[mod] [CommunityOptInPack] ResidencyControl: applied
[mod] [CommunityOptInPack] MultipleSuns: applied
[mod] [CommunityOptInPack] DroneOverhaul: applied
[mod] [CommunityOptInPack] CohortHousing: applied
[mod] [CommunityOptInPack] NoHomeless: self-check targets Community but Workforce declares HasFreeWorkplacesAround — authoring error, not a game update (FIX_POLICY §2)
[mod] [CommunityOptInPack] NoHomeless: inactive (Community.HasFreeWorkplacesAround not found — expected on the FIRST load pass and NOT a game update: this check names Community while Workforce declares the method (authoring error — see the preceding line), and mod code loads before the class hierarchy is built, so the module applies cleanly on the second pass. If no 'NoHomeless: applied' line follows this one, the method is genuinely gone — without it a flagged dome could never be staffed)
						Lua 0:00:17:898
[mod] [CommunityOptInPack] DroneStatDials: applied
						Lua 0:00:18:452
[mod] [CommunityFixPack] SaintBlessing: inactive (no dome-colonists trait presets)
[mod] [CommunityFixPack] SinkholeIndestructible: the St. Elmo's Fire sinkhole is now indestructible, like every other mystery set-piece
						Lua 0:00:18:526
Reloading done in 996 ms
						Lua 0:00:18:847
[preset] Preset postprocess took 53 ms.
						Lua 0:00:18:897
479 / 479 particle streams loaded in 44 ms.
						Lua 0:00:18:899
[mod] [CommunityFixPack] LastTransmissionStorage: 6 storage condition(s) made effective, 1 retargeted
[mod] [CommunityFixPack] IndependenceTerraforming: Independence_TerraformingProjects now discounts special projects by 20% as its param1 says
[mod] [CommunityFixPack] AstrogeologistExtractors: added 2 missing extractor entr(y/ies) to the astrogeologist profile (10 already present)
[mod] [CommunityOptInPack] MultipleSuns: BuildingTemplates.ArtificialSun not found — build limit NOT lifted (binding fix still active)
						Lua 0:00:19:088
[mod] [CommunityFixPack] SaintBlessing: corrected 1 dome-colonists trait modifier label(s) of 2
[mod] [CommunityOptInPack] MultipleSuns: Artificial Sun build-once limit lifted
						Lua 0:00:19:142
[PdxSDK] Started up. Took 1612
						Lua 0:00:19:167
[mod] Loaded mod items for: SMR_CommunityFixPackTestKit, SMR_CommunityFixPack, SMR_CommunityOptInPack
						Lua 0:00:19:168
[mod] [CommunityOptInPack] NoHomeless: applied
						Lua 0:00:19:301
[Braze] SessionStart error The server name or address could not be resolved

[Braze] Failed sending launcher ev The server name or address could not be resolved

[Braze] Failed to init
						Lua 0:00:19:432
[Braze] SessionStart error The server name or address could not be resolved

						Lua 0:00:19:434
[Braze] Failed sending launcher ev The server name or address could not be resolved

[Braze] Failed to init
						Lua 0:01:25:494
Load Game: 
	lua_revision: 396349 
	assets_revision: 31031 

	mods: SMR_CommunityFixPackTestKit, SMR_CommunityFixPack, SMR_CommunityOptInPack 
						Lua 0:01:25:504
*** Reloading assets from folder 'BinAssets/'
							IO Task 0:01:25:528
[ResManager Error] Cannot find file with base path: Animations/LawOfficeDoor_idle.hgacl
[ResManager Error] Cannot find file with base path: Animations/LawOfficeDoor_opening.hgacl
						Lua 0:01:28:326
*** Assets reloaded in 2.8 s, read 202.1 MB, read speed 71.6 MB/s, average read 4948 bytes.
						Lua 0:01:34:462
[mod] [SMRTest] console enable requested (clean) — press Enter (or Alt-Shift-C) once in a colony
[SMRTest] console enable requested (clean) — press Enter (or Alt-Shift-C) once in a colony
						Lua 0:01:34:471
[mod] [CommunityFixPack] ExoticDepositSign: 1 Exotic Minerals deposit(s) re-signed onto the clean entity
						Lua 0:01:34:495
game_settings:
    sponsor: NASA
    profile: rocketscientist
    founding_faction: ProsperityForMars
    rival_colonies: paradox, Japan
    mystery_random: 
    game_rules: (none)
more_game_settings: save_game_id: HdmSxGs6kyd0uz6-, mystery: none, coordinates: 0N107E, landing_spot: , logo: USA
map_conditions: altitude: -583, temperature: -1, cold_wave: 0, dust_devils: 66, dust_storm: 102, meteors: 109
map_resources: concrete: 146, metals: 146, precious_metals: 146, water: 176
						Lua 0:01:34:515
Game Loaded in 9022 ms
						Lua 0:01:34:565
[mod] [SMRTest] console enable requested (clean) — press Enter (or Alt-Shift-C) once in a colony
[SMRTest] console enable requested (clean) — press Enter (or Alt-Shift-C) once in a colony
						Lua 0:01:35:346
Game loaded on map BlankBigCanyonCMix_09 in 9952 ms
						Lua 0:01:37:647
[mod] [SMRTest] console enable requested (clean) — press Enter (or Alt-Shift-C) once in a colony
[SMRTest] console enable requested (clean) — press Enter (or Alt-Shift-C) once in a colony
						Lua 0:01:38:647
[mod] [C47R] === c47-farm C47R === ATTENDED ride-along arming on OnMsg.LoadGame (colony #1 this process). ⛔ This payload never loads, never sets a speed and never quits — the owner drives.
[C47R] === c47-farm C47R === ATTENDED ride-along arming on OnMsg.LoadGame (colony #1 this process). ⛔ This payload never loads, never sets a speed and never quits — the owner drives.
[mod] [C47R] CONDITIONS pack=75/75 active | map=BlankBigCanyonCMix_09 | speed=1x | loads_this_process=0 | mode=ATTENDED | note=attended sitting, colony up
[C47R] CONDITIONS pack=75/75 active | map=BlankBigCanyonCMix_09 | speed=1x | loads_this_process=0 | mode=ATTENDED | note=attended sitting, colony up
[mod] [C47R] CONDITIONS opt-in pack=8/8 active
[C47R] CONDITIONS opt-in pack=8/8 active
[mod] [C47R] CONDITIONS save-rescue mod = NOT PRESENT in this process
[C47R] CONDITIONS save-rescue mod = NOT PRESENT in this process
[mod] [C47R] GATE banner-path :: Opt_AcknowledgedWarnings is ACTIVE (detail='') — ⚖️ BY OWNER RULING this is deliberate: it was on when the symptom was observed, so it is part of the configuration under test, not a contaminant to be removed. ⭐ It suppresses only a building it has STAMPED, stamps only on player dismissal, and CLEARS the stamp on that building's next recovery (Opt_AcknowledgedWarnings.lua:124-129) — so a flapping building clears its own acknowledgment every cycle and cannot be quieted by it. Engagement is MEASURED below via the ack-flag read, never assumed.
[C47R] GATE banner-path :: Opt_AcknowledgedWarnings is ACTIVE (detail='') — ⚖️ BY OWNER RULING this is deliberate: it was on when the symptom was observed, so it is part of the configuration under test, not a contaminant to be removed. ⭐ It suppresses only a building it has STAMPED, stamps only on player dismissal, and CLEARS the stamp on that building's next recovery (Opt_AcknowledgedWarnings.lua:124-129) — so a flapping building clears its own acknowledgment every cycle and cannot be quieted by it. Engagement is MEASURED below via the ack-flag read, never assumed.
[mod] [C47R] ORGANIC :: census of every Seeds consumer on the map :: reads only; this sitting places nothing, enacts nothing, cheats nothing and sets no speed
[C47R] ORGANIC :: census of every Seeds consumer on the map :: reads only; this sitting places nothing, enacts nothing, cheats nothing and sets no speed
[mod] [C47R] CLOCK census :: GameTime()=275824270 (383.08 sols since game start) | UIColony.day=384 hour=8 | speed=1x | RealTime()=86049
[C47R] CLOCK census :: GameTime()=275824270 (383.08 sols since game start) | UIColony.day=384 hour=8 | speed=1x | RealTime()=86049
[mod] [C47R] CENSUS preset NotWorkingBuildings :: VoicePerObject=true | VoiceCooldown=60000 ms | VoiceUnique=text | SuppressTime=120000 | UpdatePeriod=40000
[C47R] CENSUS preset NotWorkingBuildings :: VoicePerObject=true | VoiceCooldown=60000 ms | VoiceUnique=text | SuppressTime=120000 | UpdatePeriod=40000
[mod] [C47R] CENSUS enumerate OpenFarmBase :: city-labels=2 | CurrentMap:MapGet ok=true count=2
[C47R] CENSUS enumerate OpenFarmBase :: city-labels=2 | CurrentMap:MapGet ok=true count=2
[mod] [C47R] CENSUS SUBJECT [1] OpenFarm#15779 :: crops=Potato(600)/Rapeseed(100)/Wheat(400) (mean per hex=366) | consumption_amount=100 | max_storage=5000 | stored=2945 | tick=9000 ms | working=true | reason=nil | ack-flag=nil
[C47R] CENSUS SUBJECT [1] OpenFarm#15779 :: crops=Potato(600)/Rapeseed(100)/Wheat(400) (mean per hex=366) | consumption_amount=100 | max_storage=5000 | stored=2945 | tick=9000 ms | working=true | reason=nil | ack-flag=nil
[mod] [C47R] CENSUS SUBJECT [2] OpenFarm#15974 :: crops=Rapeseed(100)/Spinach(200)/Wheat(400) (mean per hex=233) | consumption_amount=200 | max_storage=5000 | stored=4100 | tick=9000 ms | working=true | reason=nil | ack-flag=nil
[C47R] CENSUS SUBJECT [2] OpenFarm#15974 :: crops=Rapeseed(100)/Spinach(200)/Wheat(400) (mean per hex=233) | consumption_amount=200 | max_storage=5000 | stored=4100 | tick=9000 ms | working=true | reason=nil | ack-flag=nil
[mod] [C47R] READ C47-population(OpenFarmBase, the SUBJECT) = 2 | population=2 | APPLICABLE=true | witness=city labels plus CurrentMap:MapGet, deduped by handle, walked this load
[C47R] READ C47-population(OpenFarmBase, the SUBJECT) = 2 | population=2 | APPLICABLE=true | witness=city labels plus CurrentMap:MapGet, deduped by handle, walked this load
[mod] [C47R] CENSUS enumerate ForestationPlantBase :: city-labels=36 | CurrentMap:MapGet ok=true count=36
						Lua 0:01:38:648
[C47R] CENSUS enumerate ForestationPlantBase :: city-labels=36 | CurrentMap:MapGet ok=true count=36
[mod] [C47R] CENSUS CONTROL [1] ForestationPlant#2793 :: crops=Lichen(100)/Grass(100)/Bush(150) (mean per hex=116) | consumption_amount=100 | max_storage=10000 | stored=9033 | tick=60000 ms | working=true | reason=nil | ack-flag=nil
[C47R] CENSUS CONTROL [1] ForestationPlant#2793 :: crops=Lichen(100)/Grass(100)/Bush(150) (mean per hex=116) | consumption_amount=100 | max_storage=10000 | stored=9033 | tick=60000 ms | working=true | reason=nil | ack-flag=nil
[mod] [C47R] CENSUS CONTROL [2] ForestationPlant#3790 :: crops=Lichen(100)/Grass(100)/Bush(150) (mean per hex=116) | consumption_amount=100 | max_storage=10000 | stored=9053 | tick=60000 ms | working=true | reason=nil | ack-flag=nil
[C47R] CENSUS CONTROL [2] ForestationPlant#3790 :: crops=Lichen(100)/Grass(100)/Bush(150) (mean per hex=116) | consumption_amount=100 | max_storage=10000 | stored=9053 | tick=60000 ms | working=true | reason=nil | ack-flag=nil
[mod] [C47R] CENSUS CONTROL [3] ForestationPlant#4089 :: crops=Lichen(100)/Grass(100)/Bush(150) (mean per hex=116) | consumption_amount=150 | max_storage=10000 | stored=9136 | tick=60000 ms | working=true | reason=nil | ack-flag=nil
[C47R] CENSUS CONTROL [3] ForestationPlant#4089 :: crops=Lichen(100)/Grass(100)/Bush(150) (mean per hex=116) | consumption_amount=150 | max_storage=10000 | stored=9136 | tick=60000 ms | working=true | reason=nil | ack-flag=nil
[mod] [C47R] READ C47-population(ForestationPlantBase, the CONTROL) = 36 | population=36 | APPLICABLE=true | witness=city labels plus CurrentMap:MapGet, deduped by handle, walked this load
[C47R] READ C47-population(ForestationPlantBase, the CONTROL) = 36 | population=36 | APPLICABLE=true | witness=city labels plus CurrentMap:MapGet, deduped by handle, walked this load
[mod] [C47R] === c47-farm C47R === WATCHING. Console (press Enter): C47.Saw("banner") · C47.Heard("voice") · C47.Mark("what you did") · C47.Say2("your words") · C47.Report · C47.Farms
[C47R] === c47-farm C47R === WATCHING. Console (press Enter): C47.Saw("banner") · C47.Heard("voice") · C47.Mark("what you did") · C47.Say2("your words") · C47.Report · C47.Farms
[mod] [C47R] VOICETABLE at arming :: VoicesCooldown has 0 key(s) [] | VoiceQueue length=0 — 769547039933 is this notification's own VoicedText id, and ONE key covers the whole colony
[C47R] VOICETABLE at arming :: VoicesCooldown has 0 key(s) [] | VoiceQueue length=0 — 769547039933 is this notification's own VoicedText id, and ONE key covers the whole colony
						Lua 0:02:30:946
[mod] [C47R] ACK-ON(D02 wrapper installed, owner ruling — see the banner-path gate line) >>> LIVE ADD :: OpenFarm#15779 raised 'NotWorkingBuildings' (add #1 for this object) | buffer=485 of 5000 | reason=Consumption | ⭐ IF YOU SEE A BANNER OR HEAR A LINE NOW, TYPE C47.Saw("banner") OR C47.Heard("voice")
[C47R] ACK-ON(D02 wrapper installed, owner ruling — see the banner-path gate line) >>> LIVE ADD :: OpenFarm#15779 raised 'NotWorkingBuildings' (add #1 for this object) | buffer=485 of 5000 | reason=Consumption | ⭐ IF YOU SEE A BANNER OR HEAR A LINE NOW, TYPE C47.Saw("banner") OR C47.Heard("voice")
						Lua 0:02:30:947
[mod] [C47R] ACK-ON(D02 wrapper installed, owner ruling — see the banner-path gate line) >>> LIVE ADD :: OpenFarm#15779 raised 'NotWorkingBuildings' (add #2 for this object) | buffer=85 of 5000 | reason=Consumption | ⭐ IF YOU SEE A BANNER OR HEAR A LINE NOW, TYPE C47.Saw("banner") OR C47.Heard("voice")
[C47R] ACK-ON(D02 wrapper installed, owner ruling — see the banner-path gate line) >>> LIVE ADD :: OpenFarm#15779 raised 'NotWorkingBuildings' (add #2 for this object) | buffer=85 of 5000 | reason=Consumption | ⭐ IF YOU SEE A BANNER OR HEAR A LINE NOW, TYPE C47.Saw("banner") OR C47.Heard("voice")
						Lua 0:02:36:346
[mod] [C47R] ACK-ON(D02 wrapper installed, owner ruling — see the banner-path gate line) >>> LIVE ADD :: OpenFarm#15779 raised 'NotWorkingBuildings' (add #3 for this object) | buffer=525 of 5000 | reason=Consumption | ⭐ IF YOU SEE A BANNER OR HEAR A LINE NOW, TYPE C47.Saw("banner") OR C47.Heard("voice")
[C47R] ACK-ON(D02 wrapper installed, owner ruling — see the banner-path gate line) >>> LIVE ADD :: OpenFarm#15779 raised 'NotWorkingBuildings' (add #3 for this object) | buffer=525 of 5000 | reason=Consumption | ⭐ IF YOU SEE A BANNER OR HEAR A LINE NOW, TYPE C47.Saw("banner") OR C47.Heard("voice")
						Lua 0:03:38:651
[mod] [C47R] CLOCK interim :: GameTime()=276054556 (383.40 sols since game start) | UIColony.day=384 hour=15 | speed=0x | RealTime()=206049
[C47R] CLOCK interim :: GameTime()=276054556 (383.40 sols since game start) | UIColony.day=384 hour=15 | speed=0x | RealTime()=206049
						Lua 0:03:38:652
[mod] [C47R] ACK-ON(D02 wrapper installed, owner ruling — see the banner-path gate line) FARM OpenFarm#15779 :: buffer=560 (min 280, max 3945) of 5000 | crops now=Potato(600)/Rapeseed(100)/Wheat(400) | adds=3 removes=2 | drains=13 spending 8305 | working=false
[C47R] ACK-ON(D02 wrapper installed, owner ruling — see the banner-path gate line) FARM OpenFarm#15779 :: buffer=560 (min 280, max 3945) of 5000 | crops now=Potato(600)/Rapeseed(100)/Wheat(400) | adds=3 removes=2 | drains=13 spending 8305 | working=false
[mod] [C47R] ACK-ON(D02 wrapper installed, owner ruling — see the banner-path gate line) FARM OpenFarm#15974 :: buffer=3581 (min 2081, max 4241) of 5000 | crops now=Rapeseed(100)/Spinach(200)/Wheat(400) | adds=0 removes=0 | drains=9 spending 7300 | working=true
[C47R] ACK-ON(D02 wrapper installed, owner ruling — see the banner-path gate line) FARM OpenFarm#15974 :: buffer=3581 (min 2081, max 4241) of 5000 | crops now=Rapeseed(100)/Spinach(200)/Wheat(400) | adds=0 removes=0 | drains=9 spending 7300 | working=true
[mod] [C47R] ACK-ON(D02 wrapper installed, owner ruling — see the banner-path gate line) INTERIM :: colony adds=6 removes=7 | farm adds=3 | voice-eligible=1 | samples=61 | owner marks=0
[C47R] ACK-ON(D02 wrapper installed, owner ruling — see the banner-path gate line) INTERIM :: colony adds=6 removes=7 | farm adds=3 | voice-eligible=1 | samples=61 | owner marks=0
						Lua 0:04:33:412
[mod] [C47R] ACK-ON(D02 wrapper installed, owner ruling — see the banner-path gate line) >>> LIVE ADD :: OpenFarm#15779 raised 'NotWorkingBuildings' (add #4 for this object) | buffer=40 of 5000 | reason=Consumption | ⭐ IF YOU SEE A BANNER OR HEAR A LINE NOW, TYPE C47.Saw("banner") OR C47.Heard("voice")
[C47R] ACK-ON(D02 wrapper installed, owner ruling — see the banner-path gate line) >>> LIVE ADD :: OpenFarm#15779 raised 'NotWorkingBuildings' (add #4 for this object) | buffer=40 of 5000 | reason=Consumption | ⭐ IF YOU SEE A BANNER OR HEAR A LINE NOW, TYPE C47.Saw("banner") OR C47.Heard("voice")
						Lua 0:04:36:413
[mod] [C47R] ACK-ON(D02 wrapper installed, owner ruling — see the banner-path gate line) >>> LIVE ADD :: OpenFarm#15779 raised 'NotWorkingBuildings' (add #5 for this object) | buffer=280 of 5000 | reason=Consumption | ⭐ IF YOU SEE A BANNER OR HEAR A LINE NOW, TYPE C47.Saw("banner") OR C47.Heard("voice")
[C47R] ACK-ON(D02 wrapper installed, owner ruling — see the banner-path gate line) >>> LIVE ADD :: OpenFarm#15779 raised 'NotWorkingBuildings' (add #5 for this object) | buffer=280 of 5000 | reason=Consumption | ⭐ IF YOU SEE A BANNER OR HEAR A LINE NOW, TYPE C47.Saw("banner") OR C47.Heard("voice")
						Lua 0:04:39:413
[mod] [C47R] ACK-ON(D02 wrapper installed, owner ruling — see the banner-path gate line) >>> LIVE ADD :: OpenFarm#15779 raised 'NotWorkingBuildings' (add #6 for this object) | buffer=460 of 5000 | reason=Consumption | ⭐ IF YOU SEE A BANNER OR HEAR A LINE NOW, TYPE C47.Saw("banner") OR C47.Heard("voice")
[C47R] ACK-ON(D02 wrapper installed, owner ruling — see the banner-path gate line) >>> LIVE ADD :: OpenFarm#15779 raised 'NotWorkingBuildings' (add #6 for this object) | buffer=460 of 5000 | reason=Consumption | ⭐ IF YOU SEE A BANNER OR HEAR A LINE NOW, TYPE C47.Saw("banner") OR C47.Heard("voice")
						Lua 0:04:42:413
[mod] [C47R] ACK-ON(D02 wrapper installed, owner ruling — see the banner-path gate line) >>> LIVE ADD :: OpenFarm#15779 raised 'NotWorkingBuildings' (add #7 for this object) | buffer=160 of 5000 | reason=Consumption | ⭐ IF YOU SEE A BANNER OR HEAR A LINE NOW, TYPE C47.Saw("banner") OR C47.Heard("voice")
[C47R] ACK-ON(D02 wrapper installed, owner ruling — see the banner-path gate line) >>> LIVE ADD :: OpenFarm#15779 raised 'NotWorkingBuildings' (add #7 for this object) | buffer=160 of 5000 | reason=Consumption | ⭐ IF YOU SEE A BANNER OR HEAR A LINE NOW, TYPE C47.Saw("banner") OR C47.Heard("voice")
						Lua 0:05:38:647
[mod] [C47R] CLOCK interim :: GameTime()=276090883 (383.45 sols since game start) | UIColony.day=384 hour=17 | speed=0x | RealTime()=326049
[C47R] CLOCK interim :: GameTime()=276090883 (383.45 sols since game start) | UIColony.day=384 hour=17 | speed=0x | RealTime()=326049
[mod] [C47R] ACK-ON(D02 wrapper installed, owner ruling — see the banner-path gate line) FARM OpenFarm#15779 :: buffer=840 (min 0, max 3945) of 5000 | crops now=Potato(600)/Rapeseed(100)/Wheat(400) | adds=7 removes=7 | drains=17 spending 9425 | working=true
[C47R] ACK-ON(D02 wrapper installed, owner ruling — see the banner-path gate line) FARM OpenFarm#15779 :: buffer=840 (min 0, max 3945) of 5000 | crops now=Potato(600)/Rapeseed(100)/Wheat(400) | adds=7 removes=7 | drains=17 spending 9425 | working=true
[mod] [C47R] ACK-ON(D02 wrapper installed, owner ruling — see the banner-path gate line) FARM OpenFarm#15974 :: buffer=2941 (min 1641, max 4241) of 5000 | crops now=Rapeseed(100)/Spinach(200)/Wheat(400) | adds=0 removes=0 | drains=12 spending 9520 | working=true
[C47R] ACK-ON(D02 wrapper installed, owner ruling — see the banner-path gate line) FARM OpenFarm#15974 :: buffer=2941 (min 1641, max 4241) of 5000 | crops now=Rapeseed(100)/Spinach(200)/Wheat(400) | adds=0 removes=0 | drains=12 spending 9520 | working=true
[mod] [C47R] ACK-ON(D02 wrapper installed, owner ruling — see the banner-path gate line) INTERIM :: colony adds=11 removes=14 | farm adds=7 | voice-eligible=2 | samples=121 | owner marks=0
[C47R] ACK-ON(D02 wrapper installed, owner ruling — see the banner-path gate line) INTERIM :: colony adds=11 removes=14 | farm adds=7 | voice-eligible=2 | samples=121 | owner marks=0
						Lua 0:05:40:408
[mod] [C47R] REPORT SPAN :: game time 266613 ms (8 game hours, 0.37 sols) | real time 241761 ms | samples=121 | owner witness marks=0 | speed now=0x
[C47R] REPORT SPAN :: game time 266613 ms (8 game hours, 0.37 sols) | real time 241761 ms | samples=121 | owner witness marks=0 | speed now=0x
[mod] [C47R] ACK-ON(D02 wrapper installed, owner ruling — see the banner-path gate line) REPORT SUBJECT OpenFarm#15779 :: adds=7 removes=7 | buffer min=0 max=3945 (sum=127385 over n=121) of 5000 | samples at ZERO=2 of 121 | refills=15 totalling 7320 | drains=17 totalling 9425 (mean spend 554 vs mean hex cost 366) | not-working samples=63, reason='Consumption'=63 | voice-eligible SHIPPED=1 perobject-model=2
[C47R] ACK-ON(D02 wrapper installed, owner ruling — see the banner-path gate line) REPORT SUBJECT OpenFarm#15779 :: adds=7 removes=7 | buffer min=0 max=3945 (sum=127385 over n=121) of 5000 | samples at ZERO=2 of 121 | refills=15 totalling 7320 | drains=17 totalling 9425 (mean spend 554 vs mean hex cost 366) | not-working samples=63, reason='Consumption'=63 | voice-eligible SHIPPED=1 perobject-model=2
						Lua 0:05:40:409
[mod] [C47R] ACK-ON(D02 wrapper installed, owner ruling — see the banner-path gate line) REPORT SUBJECT OpenFarm#15779 :: implied-hex histogram (hexes x drain events): 0x4, 1x7, 2x3, 3x2, 6x1 — the unattended runs measured ~2.2 on a fully planted farm against C47's assumed 4
[C47R] ACK-ON(D02 wrapper installed, owner ruling — see the banner-path gate line) REPORT SUBJECT OpenFarm#15779 :: implied-hex histogram (hexes x drain events): 0x4, 1x7, 2x3, 3x2, 6x1 — the unattended runs measured ~2.2 on a fully planted farm against C47's assumed 4
[mod] [C47R] ACK-ON(D02 wrapper installed, owner ruling — see the banner-path gate line) REPORT SUBJECT OpenFarm#15974 :: adds=0 removes=0 | buffer min=1641 max=4241 (sum=405210 over n=121) of 5000 | samples at ZERO=0 of 121 | refills=14 totalling 8361 | drains=12 totalling 9520 (mean spend 793 vs mean hex cost 233) | not-working samples=0, reason='Consumption'=0 | voice-eligible SHIPPED=0 perobject-model=0
[C47R] ACK-ON(D02 wrapper installed, owner ruling — see the banner-path gate line) REPORT SUBJECT OpenFarm#15974 :: adds=0 removes=0 | buffer min=1641 max=4241 (sum=405210 over n=121) of 5000 | samples at ZERO=0 of 121 | refills=14 totalling 8361 | drains=12 totalling 9520 (mean spend 793 vs mean hex cost 233) | not-working samples=0, reason='Consumption'=0 | voice-eligible SHIPPED=0 perobject-model=0
[mod] [C47R] ACK-ON(D02 wrapper installed, owner ruling — see the banner-path gate line) REPORT SUBJECT OpenFarm#15974 :: implied-hex histogram (hexes x drain events): 1x1, 2x1, 3x4, 4x4, 5x2 — the unattended runs measured ~2.2 on a fully planted farm against C47's assumed 4
[C47R] ACK-ON(D02 wrapper installed, owner ruling — see the banner-path gate line) REPORT SUBJECT OpenFarm#15974 :: implied-hex histogram (hexes x drain events): 1x1, 2x1, 3x4, 4x4, 5x2 — the unattended runs measured ~2.2 on a fully planted farm against C47's assumed 4
[mod] [C47R] ACK-ON(D02 wrapper installed, owner ruling — see the banner-path gate line) REPORT CONTROL ForestationPlant#2793 :: adds=0 removes=0 | buffer min=8933 max=9213 (sum=1098113 over n=121) of 10000 | samples at ZERO=0 of 121 | refills=1 totalling 280 | drains=3 totalling 300 (mean spend 100 vs mean hex cost 116) | not-working samples=0, reason='Consumption'=0 | voice-eligible SHIPPED=0 perobject-model=0
[C47R] ACK-ON(D02 wrapper installed, owner ruling — see the banner-path gate line) REPORT CONTROL ForestationPlant#2793 :: adds=0 removes=0 | buffer min=8933 max=9213 (sum=1098113 over n=121) of 10000 | samples at ZERO=0 of 121 | refills=1 totalling 280 | drains=3 totalling 300 (mean spend 100 vs mean hex cost 116) | not-working samples=0, reason='Consumption'=0 | voice-eligible SHIPPED=0 perobject-model=0
[mod] [C47R] ACK-ON(D02 wrapper installed, owner ruling — see the banner-path gate line) REPORT CONTROL ForestationPlant#2793 :: implied-hex histogram (hexes x drain events): 1x3 — the unattended runs measured ~2.2 on a fully planted farm against C47's assumed 4
[C47R] ACK-ON(D02 wrapper installed, owner ruling — see the banner-path gate line) REPORT CONTROL ForestationPlant#2793 :: implied-hex histogram (hexes x drain events): 1x3 — the unattended runs measured ~2.2 on a fully planted farm against C47's assumed 4
[mod] [C47R] ACK-ON(D02 wrapper installed, owner ruling — see the banner-path gate line) REPORT CONTROL ForestationPlant#3790 :: adds=0 removes=0 | buffer min=8933 max=9233 (sum=1107733 over n=121) of 10000 | samples at ZERO=0 of 121 | refills=2 totalling 560 | drains=5 totalling 500 (mean spend 100 vs mean hex cost 116) | not-working samples=0, reason='Consumption'=0 | voice-eligible SHIPPED=0 perobject-model=0
[C47R] ACK-ON(D02 wrapper installed, owner ruling — see the banner-path gate line) REPORT CONTROL ForestationPlant#3790 :: adds=0 removes=0 | buffer min=8933 max=9233 (sum=1107733 over n=121) of 10000 | samples at ZERO=0 of 121 | refills=2 totalling 560 | drains=5 totalling 500 (mean spend 100 vs mean hex cost 116) | not-working samples=0, reason='Consumption'=0 | voice-eligible SHIPPED=0 perobject-model=0
[mod] [C47R] ACK-ON(D02 wrapper installed, owner ruling — see the banner-path gate line) REPORT CONTROL ForestationPlant#3790 :: implied-hex histogram (hexes x drain events): 1x5 — the unattended runs measured ~2.2 on a fully planted farm against C47's assumed 4
[C47R] ACK-ON(D02 wrapper installed, owner ruling — see the banner-path gate line) REPORT CONTROL ForestationPlant#3790 :: implied-hex histogram (hexes x drain events): 1x5 — the unattended runs measured ~2.2 on a fully planted farm against C47's assumed 4
[mod] [C47R] ACK-ON(D02 wrapper installed, owner ruling — see the banner-path gate line) REPORT CONTROL ForestationPlant#4089 :: adds=0 removes=0 | buffer min=8936 max=9216 (sum=1093776 over n=121) of 10000 | samples at ZERO=0 of 121 | refills=1 totalling 280 | drains=4 totalling 400 (mean spend 100 vs mean hex cost 116) | not-working samples=0, reason='Consumption'=0 | voice-eligible SHIPPED=0 perobject-model=0
[C47R] ACK-ON(D02 wrapper installed, owner ruling — see the banner-path gate line) REPORT CONTROL ForestationPlant#4089 :: adds=0 removes=0 | buffer min=8936 max=9216 (sum=1093776 over n=121) of 10000 | samples at ZERO=0 of 121 | refills=1 totalling 280 | drains=4 totalling 400 (mean spend 100 vs mean hex cost 116) | not-working samples=0, reason='Consumption'=0 | voice-eligible SHIPPED=0 perobject-model=0
[mod] [C47R] ACK-ON(D02 wrapper installed, owner ruling — see the banner-path gate line) REPORT CONTROL ForestationPlant#4089 :: implied-hex histogram (hexes x drain events): 1x4 — the unattended runs measured ~2.2 on a fully planted farm against C47's assumed 4
[C47R] ACK-ON(D02 wrapper installed, owner ruling — see the banner-path gate line) REPORT CONTROL ForestationPlant#4089 :: implied-hex histogram (hexes x drain events): 1x4 — the unattended runs measured ~2.2 on a fully planted farm against C47's assumed 4
[mod] [C47R] ACK-ON(D02 wrapper installed, owner ruling — see the banner-path gate line) REPORT CONTROL ForestationPlant#6324 :: adds=0 removes=0 | buffer min=8960 max=10000 (sum=1175080 over n=121) of 10000 | samples at ZERO=0 of 121 | refills=1 totalling 1040 | drains=4 totalling 400 (mean spend 100 vs mean hex cost 250) | not-working samples=0, reason='Consumption'=0 | voice-eligible SHIPPED=0 perobject-model=0
[C47R] ACK-ON(D02 wrapper installed, owner ruling — see the banner-path gate line) REPORT CONTROL ForestationPlant#6324 :: adds=0 removes=0 | buffer min=8960 max=10000 (sum=1175080 over n=121) of 10000 | samples at ZERO=0 of 121 | refills=1 totalling 1040 | drains=4 totalling 400 (mean spend 100 vs mean hex cost 250) | not-working samples=0, reason='Consumption'=0 | voice-eligible SHIPPED=0 perobject-model=0
[mod] [C47R] ACK-ON(D02 wrapper installed, owner ruling — see the banner-path gate line) REPORT CONTROL ForestationPlant#6324 :: implied-hex histogram (hexes x drain events): 0x4 — the unattended runs measured ~2.2 on a fully planted farm against C47's assumed 4
[C47R] ACK-ON(D02 wrapper installed, owner ruling — see the banner-path gate line) REPORT CONTROL ForestationPlant#6324 :: implied-hex histogram (hexes x drain events): 0x4 — the unattended runs measured ~2.2 on a fully planted farm against C47's assumed 4
[mod] [C47R] ACK-ON(D02 wrapper installed, owner ruling — see the banner-path gate line) REPORT CONTROL ForestationPlant#6325 :: adds=0 removes=0 | buffer min=8680 max=10000 (sum=1090420 over n=121) of 10000 | samples at ZERO=0 of 121 | refills=4 totalling 1740 | drains=4 totalling 2000 (mean spend 500 vs mean hex cost 250) | not-working samples=0, reason='Consumption'=0 | voice-eligible SHIPPED=0 perobject-model=0
[C47R] ACK-ON(D02 wrapper installed, owner ruling — see the banner-path gate line) REPORT CONTROL ForestationPlant#6325 :: adds=0 removes=0 | buffer min=8680 max=10000 (sum=1090420 over n=121) of 10000 | samples at ZERO=0 of 121 | refills=4 totalling 1740 | drains=4 totalling 2000 (mean spend 500 vs mean hex cost 250) | not-working samples=0, reason='Consumption'=0 | voice-eligible SHIPPED=0 perobject-model=0
[mod] [C47R] ACK-ON(D02 wrapper installed, owner ruling — see the banner-path gate line) REPORT CONTROL ForestationPlant#6325 :: implied-hex histogram (hexes x drain events): 2x4 — the unattended runs measured ~2.2 on a fully planted farm against C47's assumed 4
[C47R] ACK-ON(D02 wrapper installed, owner ruling — see the banner-path gate line) REPORT CONTROL ForestationPlant#6325 :: implied-hex histogram (hexes x drain events): 2x4 — the unattended runs measured ~2.2 on a fully planted farm against C47's assumed 4
[mod] [C47R] ACK-ON(D02 wrapper installed, owner ruling — see the banner-path gate line) REPORT CONTROL ForestationPlant#6620 :: adds=0 removes=0 | buffer min=9021 max=9225 (sum=1097557 over n=121) of 10000 | samples at ZERO=0 of 121 | refills=12 totalling 248 | drains=3 totalling 294 (mean spend 98 vs mean hex cost 116) | not-working samples=0, reason='Consumption'=0 | voice-eligible SHIPPED=0 perobject-model=0
[C47R] ACK-ON(D02 wrapper installed, owner ruling — see the banner-path gate line) REPORT CONTROL ForestationPlant#6620 :: adds=0 removes=0 | buffer min=9021 max=9225 (sum=1097557 over n=121) of 10000 | samples at ZERO=0 of 121 | refills=12 totalling 248 | drains=3 totalling 294 (mean spend 98 vs mean hex cost 116) | not-working samples=0, reason='Consumption'=0 | voice-eligible SHIPPED=0 perobject-model=0
[mod] [C47R] ACK-ON(D02 wrapper installed, owner ruling — see the banner-path gate line) REPORT CONTROL ForestationPlant#6620 :: implied-hex histogram (hexes x drain events): 1x3 — the unattended runs measured ~2.2 on a fully planted farm against C47's assumed 4
[C47R] ACK-ON(D02 wrapper installed, owner ruling — see the banner-path gate line) REPORT CONTROL ForestationPlant#6620 :: implied-hex histogram (hexes x drain events): 1x3 — the unattended runs measured ~2.2 on a fully planted farm against C47's assumed 4
[mod] [C47R] ACK-ON(D02 wrapper installed, owner ruling — see the banner-path gate line) REPORT CONTROL ForestationPlant#6622 :: adds=0 removes=0 | buffer min=8932 max=9226 (sum=1102608 over n=121) of 10000 | samples at ZERO=0 of 121 | refills=11 totalling 342 | drains=5 totalling 488 (mean spend 97 vs mean hex cost 116) | not-working samples=0, reason='Consumption'=0 | voice-eligible SHIPPED=0 perobject-model=0
[C47R] ACK-ON(D02 wrapper installed, owner ruling — see the banner-path gate line) REPORT CONTROL ForestationPlant#6622 :: adds=0 removes=0 | buffer min=8932 max=9226 (sum=1102608 over n=121) of 10000 | samples at ZERO=0 of 121 | refills=11 totalling 342 | drains=5 totalling 488 (mean spend 97 vs mean hex cost 116) | not-working samples=0, reason='Consumption'=0 | voice-eligible SHIPPED=0 perobject-model=0
[mod] [C47R] ACK-ON(D02 wrapper installed, owner ruling — see the banner-path gate line) REPORT CONTROL ForestationPlant#6622 :: implied-hex histogram (hexes x drain events): 1x5 — the unattended runs measured ~2.2 on a fully planted farm against C47's assumed 4
[C47R] ACK-ON(D02 wrapper installed, owner ruling — see the banner-path gate line) REPORT CONTROL ForestationPlant#6622 :: implied-hex histogram (hexes x drain events): 1x5 — the unattended runs measured ~2.2 on a fully planted farm against C47's assumed 4
[mod] [C47R] ACK-ON(D02 wrapper installed, owner ruling — see the banner-path gate line) REPORT CONTROL ForestationPlant#6836 :: adds=0 removes=0 | buffer min=8869 max=9181 (sum=1098459 over n=121) of 10000 | samples at ZERO=0 of 121 | refills=14 totalling 636 | drains=4 totalling 600 (mean spend 150 vs mean hex cost 116) | not-working samples=0, reason='Consumption'=0 | voice-eligible SHIPPED=0 perobject-model=0
[C47R] ACK-ON(D02 wrapper installed, owner ruling — see the banner-path gate line) REPORT CONTROL ForestationPlant#6836 :: adds=0 removes=0 | buffer min=8869 max=9181 (sum=1098459 over n=121) of 10000 | samples at ZERO=0 of 121 | refills=14 totalling 636 | drains=4 totalling 600 (mean spend 150 vs mean hex cost 116) | not-working samples=0, reason='Consumption'=0 | voice-eligible SHIPPED=0 perobject-model=0
[mod] [C47R] ACK-ON(D02 wrapper installed, owner ruling — see the banner-path gate line) REPORT CONTROL ForestationPlant#6836 :: implied-hex histogram (hexes x drain events): 1x4 — the unattended runs measured ~2.2 on a fully planted farm against C47's assumed 4
[C47R] ACK-ON(D02 wrapper installed, owner ruling — see the banner-path gate line) REPORT CONTROL ForestationPlant#6836 :: implied-hex histogram (hexes x drain events): 1x4 — the unattended runs measured ~2.2 on a fully planted farm against C47's assumed 4
[mod] [C47R] ACK-ON(D02 wrapper installed, owner ruling — see the banner-path gate line) REPORT CONTROL ForestationPlant#6958 :: adds=0 removes=0 | buffer min=8931 max=9223 (sum=1096559 over n=121) of 10000 | samples at ZERO=0 of 121 | refills=12 totalling 344 | drains=4 totalling 388 (mean spend 97 vs mean hex cost 116) | not-working samples=0, reason='Consumption'=0 | voice-eligible SHIPPED=0 perobject-model=0
[C47R] ACK-ON(D02 wrapper installed, owner ruling — see the banner-path gate line) REPORT CONTROL ForestationPlant#6958 :: adds=0 removes=0 | buffer min=8931 max=9223 (sum=1096559 over n=121) of 10000 | samples at ZERO=0 of 121 | refills=12 totalling 344 | drains=4 totalling 388 (mean spend 97 vs mean hex cost 116) | not-working samples=0, reason='Consumption'=0 | voice-eligible SHIPPED=0 perobject-model=0
[mod] [C47R] ACK-ON(D02 wrapper installed, owner ruling — see the banner-path gate line) REPORT CONTROL ForestationPlant#6958 :: implied-hex histogram (hexes x drain events): 1x4 — the unattended runs measured ~2.2 on a fully planted farm against C47's assumed 4
[C47R] ACK-ON(D02 wrapper installed, owner ruling — see the banner-path gate line) REPORT CONTROL ForestationPlant#6958 :: implied-hex histogram (hexes x drain events): 1x4 — the unattended runs measured ~2.2 on a fully planted farm against C47's assumed 4
[mod] [C47R] ACK-ON(D02 wrapper installed, owner ruling — see the banner-path gate line) REPORT CONTROL ForestationPlant#7004 :: adds=0 removes=0 | buffer min=8945 max=9225 (sum=1095105 over n=121) of 10000 | samples at ZERO=0 of 121 | refills=1 totalling 280 | drains=4 totalling 400 (mean spend 100 vs mean hex cost 116) | not-working samples=0, reason='Consumption'=0 | voice-eligible SHIPPED=0 perobject-model=0
[C47R] ACK-ON(D02 wrapper installed, owner ruling — see the banner-path gate line) REPORT CONTROL ForestationPlant#7004 :: adds=0 removes=0 | buffer min=8945 max=9225 (sum=1095105 over n=121) of 10000 | samples at ZERO=0 of 121 | refills=1 totalling 280 | drains=4 totalling 400 (mean spend 100 vs mean hex cost 116) | not-working samples=0, reason='Consumption'=0 | voice-eligible SHIPPED=0 perobject-model=0
[mod] [C47R] ACK-ON(D02 wrapper installed, owner ruling — see the banner-path gate line) REPORT CONTROL ForestationPlant#7004 :: implied-hex histogram (hexes x drain events): 1x4 — the unattended runs measured ~2.2 on a fully planted farm against C47's assumed 4
[C47R] ACK-ON(D02 wrapper installed, owner ruling — see the banner-path gate line) REPORT CONTROL ForestationPlant#7004 :: implied-hex histogram (hexes x drain events): 1x4 — the unattended runs measured ~2.2 on a fully planted farm against C47's assumed 4
[mod] [C47R] ACK-ON(D02 wrapper installed, owner ruling — see the banner-path gate line) REPORT CONTROL ForestationPlant#7016 :: adds=0 removes=0 | buffer min=8950 max=9700 (sum=1114450 over n=121) of 10000 | samples at ZERO=0 of 121 | refills=1 totalling 280 | drains=5 totalling 750 (mean spend 150 vs mean hex cost 250) | not-working samples=0, reason='Consumption'=0 | voice-eligible SHIPPED=0 perobject-model=0
[C47R] ACK-ON(D02 wrapper installed, owner ruling — see the banner-path gate line) REPORT CONTROL ForestationPlant#7016 :: adds=0 removes=0 | buffer min=8950 max=9700 (sum=1114450 over n=121) of 10000 | samples at ZERO=0 of 121 | refills=1 totalling 280 | drains=5 totalling 750 (mean spend 150 vs mean hex cost 250) | not-working samples=0, reason='Consumption'=0 | voice-eligible SHIPPED=0 perobject-model=0
[mod] [C47R] ACK-ON(D02 wrapper installed, owner ruling — see the banner-path gate line) REPORT CONTROL ForestationPlant#7016 :: implied-hex histogram (hexes x drain events): 1x5 — the unattended runs measured ~2.2 on a fully planted farm against C47's assumed 4
[C47R] ACK-ON(D02 wrapper installed, owner ruling — see the banner-path gate line) REPORT CONTROL ForestationPlant#7016 :: implied-hex histogram (hexes x drain events): 1x5 — the unattended runs measured ~2.2 on a fully planted farm against C47's assumed 4
[mod] [C47R] ACK-ON(D02 wrapper installed, owner ruling — see the banner-path gate line) REPORT CONTROL ForestationPlant#14623 :: adds=0 removes=0 | buffer min=8522 max=9242 (sum=1082902 over n=121) of 10000 | samples at ZERO=0 of 121 | refills=5 totalling 1960 | drains=5 totalling 2500 (mean spend 500 vs mean hex cost 250) | not-working samples=0, reason='Consumption'=0 | voice-eligible SHIPPED=0 perobject-model=0
[C47R] ACK-ON(D02 wrapper installed, owner ruling — see the banner-path gate line) REPORT CONTROL ForestationPlant#14623 :: adds=0 removes=0 | buffer min=8522 max=9242 (sum=1082902 over n=121) of 10000 | samples at ZERO=0 of 121 | refills=5 totalling 1960 | drains=5 totalling 2500 (mean spend 500 vs mean hex cost 250) | not-working samples=0, reason='Consumption'=0 | voice-eligible SHIPPED=0 perobject-model=0
[mod] [C47R] ACK-ON(D02 wrapper installed, owner ruling — see the banner-path gate line) REPORT CONTROL ForestationPlant#14623 :: implied-hex histogram (hexes x drain events): 2x5 — the unattended runs measured ~2.2 on a fully planted farm against C47's assumed 4
[C47R] ACK-ON(D02 wrapper installed, owner ruling — see the banner-path gate line) REPORT CONTROL ForestationPlant#14623 :: implied-hex histogram (hexes x drain events): 2x5 — the unattended runs measured ~2.2 on a fully planted farm against C47's assumed 4
[mod] [C47R] ACK-ON(D02 wrapper installed, owner ruling — see the banner-path gate line) REPORT CONTROL ForestationPlant#14625 :: adds=0 removes=0 | buffer min=8503 max=9223 (sum=1074683 over n=121) of 10000 | samples at ZERO=0 of 121 | refills=7 totalling 1960 | drains=5 totalling 2500 (mean spend 500 vs mean hex cost 250) | not-working samples=0, reason='Consumption'=0 | voice-eligible SHIPPED=0 perobject-model=0
[C47R] ACK-ON(D02 wrapper installed, owner ruling — see the banner-path gate line) REPORT CONTROL ForestationPlant#14625 :: adds=0 removes=0 | buffer min=8503 max=9223 (sum=1074683 over n=121) of 10000 | samples at ZERO=0 of 121 | refills=7 totalling 1960 | drains=5 totalling 2500 (mean spend 500 vs mean hex cost 250) | not-working samples=0, reason='Consumption'=0 | voice-eligible SHIPPED=0 perobject-model=0
[mod] [C47R] ACK-ON(D02 wrapper installed, owner ruling — see the banner-path gate line) REPORT CONTROL ForestationPlant#14625 :: implied-hex histogram (hexes x drain events): 2x5 — the unattended runs measured ~2.2 on a fully planted farm against C47's assumed 4
[C47R] ACK-ON(D02 wrapper installed, owner ruling — see the banner-path gate line) REPORT CONTROL ForestationPlant#14625 :: implied-hex histogram (hexes x drain events): 2x5 — the unattended runs measured ~2.2 on a fully planted farm against C47's assumed 4
[mod] [C47R] ACK-ON(D02 wrapper installed, owner ruling — see the banner-path gate line) REPORT CONTROL ForestationPlant#14627 :: adds=0 removes=0 | buffer min=8510 max=9250 (sum=1099270 over n=121) of 10000 | samples at ZERO=0 of 121 | refills=5 totalling 2520 | drains=4 totalling 2000 (mean spend 500 vs mean hex cost 250) | not-working samples=0, reason='Consumption'=0 | voice-eligible SHIPPED=0 perobject-model=0
[C47R] ACK-ON(D02 wrapper installed, owner ruling — see the banner-path gate line) REPORT CONTROL ForestationPlant#14627 :: adds=0 removes=0 | buffer min=8510 max=9250 (sum=1099270 over n=121) of 10000 | samples at ZERO=0 of 121 | refills=5 totalling 2520 | drains=4 totalling 2000 (mean spend 500 vs mean hex cost 250) | not-working samples=0, reason='Consumption'=0 | voice-eligible SHIPPED=0 perobject-model=0
[mod] [C47R] ACK-ON(D02 wrapper installed, owner ruling — see the banner-path gate line) REPORT CONTROL ForestationPlant#14627 :: implied-hex histogram (hexes x drain events): 2x4 — the unattended runs measured ~2.2 on a fully planted farm against C47's assumed 4
[C47R] ACK-ON(D02 wrapper installed, owner ruling — see the banner-path gate line) REPORT CONTROL ForestationPlant#14627 :: implied-hex histogram (hexes x drain events): 2x4 — the unattended runs measured ~2.2 on a fully planted farm against C47's assumed 4
[mod] [C47R] ACK-ON(D02 wrapper installed, owner ruling — see the banner-path gate line) REPORT CONTROL ForestationPlant#14628 :: adds=0 removes=0 | buffer min=8596 max=9256 (sum=1105336 over n=121) of 10000 | samples at ZERO=0 of 121 | refills=5 totalling 1960 | drains=5 totalling 1940 (mean spend 388 vs mean hex cost 250) | not-working samples=0, reason='Consumption'=0 | voice-eligible SHIPPED=0 perobject-model=0
[C47R] ACK-ON(D02 wrapper installed, owner ruling — see the banner-path gate line) REPORT CONTROL ForestationPlant#14628 :: adds=0 removes=0 | buffer min=8596 max=9256 (sum=1105336 over n=121) of 10000 | samples at ZERO=0 of 121 | refills=5 totalling 1960 | drains=5 totalling 1940 (mean spend 388 vs mean hex cost 250) | not-working samples=0, reason='Consumption'=0 | voice-eligible SHIPPED=0 perobject-model=0
[mod] [C47R] ACK-ON(D02 wrapper installed, owner ruling — see the banner-path gate line) REPORT CONTROL ForestationPlant#14628 :: implied-hex histogram (hexes x drain events): 1x2, 2x3 — the unattended runs measured ~2.2 on a fully planted farm against C47's assumed 4
[C47R] ACK-ON(D02 wrapper installed, owner ruling — see the banner-path gate line) REPORT CONTROL ForestationPlant#14628 :: implied-hex histogram (hexes x drain events): 1x2, 2x3 — the unattended runs measured ~2.2 on a fully planted farm against C47's assumed 4
[mod] [C47R] ACK-ON(D02 wrapper installed, owner ruling — see the banner-path gate line) REPORT CONTROL ForestationPlant#14629 :: adds=0 removes=0 | buffer min=8517 max=9237 (sum=1088157 over n=121) of 10000 | samples at ZERO=0 of 121 | refills=5 totalling 1960 | drains=5 totalling 2500 (mean spend 500 vs mean hex cost 250) | not-working samples=0, reason='Consumption'=0 | voice-eligible SHIPPED=0 perobject-model=0
[C47R] ACK-ON(D02 wrapper installed, owner ruling — see the banner-path gate line) REPORT CONTROL ForestationPlant#14629 :: adds=0 removes=0 | buffer min=8517 max=9237 (sum=1088157 over n=121) of 10000 | samples at ZERO=0 of 121 | refills=5 totalling 1960 | drains=5 totalling 2500 (mean spend 500 vs mean hex cost 250) | not-working samples=0, reason='Consumption'=0 | voice-eligible SHIPPED=0 perobject-model=0
[mod] [C47R] ACK-ON(D02 wrapper installed, owner ruling — see the banner-path gate line) REPORT CONTROL ForestationPlant#14629 :: implied-hex histogram (hexes x drain events): 2x5 — the unattended runs measured ~2.2 on a fully planted farm against C47's assumed 4
[C47R] ACK-ON(D02 wrapper installed, owner ruling — see the banner-path gate line) REPORT CONTROL ForestationPlant#14629 :: implied-hex histogram (hexes x drain events): 2x5 — the unattended runs measured ~2.2 on a fully planted farm against C47's assumed 4
[mod] [C47R] ACK-ON(D02 wrapper installed, owner ruling — see the banner-path gate line) REPORT CONTROL ForestationPlant#15043 :: adds=0 removes=0 | buffer min=8557 max=9237 (sum=1099837 over n=121) of 10000 | samples at ZERO=0 of 121 | refills=8 totalling 2400 | drains=5 totalling 2500 (mean spend 500 vs mean hex cost 250) | not-working samples=0, reason='Consumption'=0 | voice-eligible SHIPPED=0 perobject-model=0
[C47R] ACK-ON(D02 wrapper installed, owner ruling — see the banner-path gate line) REPORT CONTROL ForestationPlant#15043 :: adds=0 removes=0 | buffer min=8557 max=9237 (sum=1099837 over n=121) of 10000 | samples at ZERO=0 of 121 | refills=8 totalling 2400 | drains=5 totalling 2500 (mean spend 500 vs mean hex cost 250) | not-working samples=0, reason='Consumption'=0 | voice-eligible SHIPPED=0 perobject-model=0
[mod] [C47R] ACK-ON(D02 wrapper installed, owner ruling — see the banner-path gate line) REPORT CONTROL ForestationPlant#15043 :: implied-hex histogram (hexes x drain events): 2x5 — the unattended runs measured ~2.2 on a fully planted farm against C47's assumed 4
[C47R] ACK-ON(D02 wrapper installed, owner ruling — see the banner-path gate line) REPORT CONTROL ForestationPlant#15043 :: implied-hex histogram (hexes x drain events): 2x5 — the unattended runs measured ~2.2 on a fully planted farm against C47's assumed 4
[mod] [C47R] ACK-ON(D02 wrapper installed, owner ruling — see the banner-path gate line) REPORT CONTROL ForestationPlant#15047 :: adds=0 removes=0 | buffer min=8595 max=9295 (sum=1082015 over n=121) of 10000 | samples at ZERO=0 of 121 | refills=10 totalling 2080 | drains=5 totalling 2460 (mean spend 492 vs mean hex cost 250) | not-working samples=0, reason='Consumption'=0 | voice-eligible SHIPPED=0 perobject-model=0
[C47R] ACK-ON(D02 wrapper installed, owner ruling — see the banner-path gate line) REPORT CONTROL ForestationPlant#15047 :: adds=0 removes=0 | buffer min=8595 max=9295 (sum=1082015 over n=121) of 10000 | samples at ZERO=0 of 121 | refills=10 totalling 2080 | drains=5 totalling 2460 (mean spend 492 vs mean hex cost 250) | not-working samples=0, reason='Consumption'=0 | voice-eligible SHIPPED=0 perobject-model=0
[mod] [C47R] ACK-ON(D02 wrapper installed, owner ruling — see the banner-path gate line) REPORT CONTROL ForestationPlant#15047 :: implied-hex histogram (hexes x drain events): 2x5 — the unattended runs measured ~2.2 on a fully planted farm against C47's assumed 4
[C47R] ACK-ON(D02 wrapper installed, owner ruling — see the banner-path gate line) REPORT CONTROL ForestationPlant#15047 :: implied-hex histogram (hexes x drain events): 2x5 — the unattended runs measured ~2.2 on a fully planted farm against C47's assumed 4
[mod] [C47R] ACK-ON(D02 wrapper installed, owner ruling — see the banner-path gate line) REPORT CONTROL ForestationPlant#15050 :: adds=0 removes=0 | buffer min=8970 max=9290 (sum=1107940 over n=121) of 10000 | samples at ZERO=0 of 121 | refills=5 totalling 530 | drains=4 totalling 560 (mean spend 140 vs mean hex cost 250) | not-working samples=0, reason='Consumption'=0 | voice-eligible SHIPPED=0 perobject-model=0
[C47R] ACK-ON(D02 wrapper installed, owner ruling — see the banner-path gate line) REPORT CONTROL ForestationPlant#15050 :: adds=0 removes=0 | buffer min=8970 max=9290 (sum=1107940 over n=121) of 10000 | samples at ZERO=0 of 121 | refills=5 totalling 530 | drains=4 totalling 560 (mean spend 140 vs mean hex cost 250) | not-working samples=0, reason='Consumption'=0 | voice-eligible SHIPPED=0 perobject-model=0
[mod] [C47R] ACK-ON(D02 wrapper installed, owner ruling — see the banner-path gate line) REPORT CONTROL ForestationPlant#15050 :: implied-hex histogram (hexes x drain events): 0x1, 1x3 — the unattended runs measured ~2.2 on a fully planted farm against C47's assumed 4
[C47R] ACK-ON(D02 wrapper installed, owner ruling — see the banner-path gate line) REPORT CONTROL ForestationPlant#15050 :: implied-hex histogram (hexes x drain events): 0x1, 1x3 — the unattended runs measured ~2.2 on a fully planted farm against C47's assumed 4
[mod] [C47R] ACK-ON(D02 wrapper installed, owner ruling — see the banner-path gate line) REPORT CONTROL ForestationPlant#15052 :: adds=0 removes=0 | buffer min=8556 max=9236 (sum=1104356 over n=121) of 10000 | samples at ZERO=0 of 121 | refills=7 totalling 2040 | drains=5 totalling 2180 (mean spend 436 vs mean hex cost 250) | not-working samples=0, reason='Consumption'=0 | voice-eligible SHIPPED=0 perobject-model=0
[C47R] ACK-ON(D02 wrapper installed, owner ruling — see the banner-path gate line) REPORT CONTROL ForestationPlant#15052 :: adds=0 removes=0 | buffer min=8556 max=9236 (sum=1104356 over n=121) of 10000 | samples at ZERO=0 of 121 | refills=7 totalling 2040 | drains=5 totalling 2180 (mean spend 436 vs mean hex cost 250) | not-working samples=0, reason='Consumption'=0 | voice-eligible SHIPPED=0 perobject-model=0
[mod] [C47R] ACK-ON(D02 wrapper installed, owner ruling — see the banner-path gate line) REPORT CONTROL ForestationPlant#15052 :: implied-hex histogram (hexes x drain events): 1x1, 2x4 — the unattended runs measured ~2.2 on a fully planted farm against C47's assumed 4
[C47R] ACK-ON(D02 wrapper installed, owner ruling — see the banner-path gate line) REPORT CONTROL ForestationPlant#15052 :: implied-hex histogram (hexes x drain events): 1x1, 2x4 — the unattended runs measured ~2.2 on a fully planted farm against C47's assumed 4
[mod] [C47R] ACK-ON(D02 wrapper installed, owner ruling — see the banner-path gate line) REPORT CONTROL ForestationPlant#15098 :: adds=0 removes=0 | buffer min=8582 max=9242 (sum=1095862 over n=121) of 10000 | samples at ZERO=0 of 121 | refills=6 totalling 2080 | drains=5 totalling 2460 (mean spend 492 vs mean hex cost 250) | not-working samples=0, reason='Consumption'=0 | voice-eligible SHIPPED=0 perobject-model=0
[C47R] ACK-ON(D02 wrapper installed, owner ruling — see the banner-path gate line) REPORT CONTROL ForestationPlant#15098 :: adds=0 removes=0 | buffer min=8582 max=9242 (sum=1095862 over n=121) of 10000 | samples at ZERO=0 of 121 | refills=6 totalling 2080 | drains=5 totalling 2460 (mean spend 492 vs mean hex cost 250) | not-working samples=0, reason='Consumption'=0 | voice-eligible SHIPPED=0 perobject-model=0
						Lua 0:05:40:410
[mod] [C47R] ACK-ON(D02 wrapper installed, owner ruling — see the banner-path gate line) REPORT CONTROL ForestationPlant#15098 :: implied-hex histogram (hexes x drain events): 2x5 — the unattended runs measured ~2.2 on a fully planted farm against C47's assumed 4
[C47R] ACK-ON(D02 wrapper installed, owner ruling — see the banner-path gate line) REPORT CONTROL ForestationPlant#15098 :: implied-hex histogram (hexes x drain events): 2x5 — the unattended runs measured ~2.2 on a fully planted farm against C47's assumed 4
[mod] [C47R] ACK-ON(D02 wrapper installed, owner ruling — see the banner-path gate line) REPORT CONTROL ForestationPlant#15099 :: adds=0 removes=0 | buffer min=8559 max=9219 (sum=1091659 over n=121) of 10000 | samples at ZERO=0 of 121 | refills=9 totalling 2080 | drains=5 totalling 2460 (mean spend 492 vs mean hex cost 250) | not-working samples=0, reason='Consumption'=0 | voice-eligible SHIPPED=0 perobject-model=0
[C47R] ACK-ON(D02 wrapper installed, owner ruling — see the banner-path gate line) REPORT CONTROL ForestationPlant#15099 :: adds=0 removes=0 | buffer min=8559 max=9219 (sum=1091659 over n=121) of 10000 | samples at ZERO=0 of 121 | refills=9 totalling 2080 | drains=5 totalling 2460 (mean spend 492 vs mean hex cost 250) | not-working samples=0, reason='Consumption'=0 | voice-eligible SHIPPED=0 perobject-model=0
[mod] [C47R] ACK-ON(D02 wrapper installed, owner ruling — see the banner-path gate line) REPORT CONTROL ForestationPlant#15099 :: implied-hex histogram (hexes x drain events): 2x5 — the unattended runs measured ~2.2 on a fully planted farm against C47's assumed 4
[C47R] ACK-ON(D02 wrapper installed, owner ruling — see the banner-path gate line) REPORT CONTROL ForestationPlant#15099 :: implied-hex histogram (hexes x drain events): 2x5 — the unattended runs measured ~2.2 on a fully planted farm against C47's assumed 4
[mod] [C47R] ACK-ON(D02 wrapper installed, owner ruling — see the banner-path gate line) REPORT CONTROL ForestationPlant#15547 :: adds=0 removes=0 | buffer min=8636 max=9236 (sum=1102306 over n=121) of 10000 | samples at ZERO=0 of 121 | refills=2 totalling 560 | drains=5 totalling 750 (mean spend 150 vs mean hex cost 250) | not-working samples=0, reason='Consumption'=0 | voice-eligible SHIPPED=0 perobject-model=0
[C47R] ACK-ON(D02 wrapper installed, owner ruling — see the banner-path gate line) REPORT CONTROL ForestationPlant#15547 :: adds=0 removes=0 | buffer min=8636 max=9236 (sum=1102306 over n=121) of 10000 | samples at ZERO=0 of 121 | refills=2 totalling 560 | drains=5 totalling 750 (mean spend 150 vs mean hex cost 250) | not-working samples=0, reason='Consumption'=0 | voice-eligible SHIPPED=0 perobject-model=0
[mod] [C47R] ACK-ON(D02 wrapper installed, owner ruling — see the banner-path gate line) REPORT CONTROL ForestationPlant#15547 :: implied-hex histogram (hexes x drain events): 1x5 — the unattended runs measured ~2.2 on a fully planted farm against C47's assumed 4
[C47R] ACK-ON(D02 wrapper installed, owner ruling — see the banner-path gate line) REPORT CONTROL ForestationPlant#15547 :: implied-hex histogram (hexes x drain events): 1x5 — the unattended runs measured ~2.2 on a fully planted farm against C47's assumed 4
[mod] [C47R] ACK-ON(D02 wrapper installed, owner ruling — see the banner-path gate line) REPORT CONTROL ForestationPlant#15549 :: adds=0 removes=0 | buffer min=8939 max=9259 (sum=1109219 over n=121) of 10000 | samples at ZERO=0 of 121 | refills=2 totalling 560 | drains=5 totalling 750 (mean spend 150 vs mean hex cost 250) | not-working samples=0, reason='Consumption'=0 | voice-eligible SHIPPED=0 perobject-model=0
[C47R] ACK-ON(D02 wrapper installed, owner ruling — see the banner-path gate line) REPORT CONTROL ForestationPlant#15549 :: adds=0 removes=0 | buffer min=8939 max=9259 (sum=1109219 over n=121) of 10000 | samples at ZERO=0 of 121 | refills=2 totalling 560 | drains=5 totalling 750 (mean spend 150 vs mean hex cost 250) | not-working samples=0, reason='Consumption'=0 | voice-eligible SHIPPED=0 perobject-model=0
[mod] [C47R] ACK-ON(D02 wrapper installed, owner ruling — see the banner-path gate line) REPORT CONTROL ForestationPlant#15549 :: implied-hex histogram (hexes x drain events): 1x5 — the unattended runs measured ~2.2 on a fully planted farm against C47's assumed 4
[C47R] ACK-ON(D02 wrapper installed, owner ruling — see the banner-path gate line) REPORT CONTROL ForestationPlant#15549 :: implied-hex histogram (hexes x drain events): 1x5 — the unattended runs measured ~2.2 on a fully planted farm against C47's assumed 4
[mod] [C47R] ACK-ON(D02 wrapper installed, owner ruling — see the banner-path gate line) REPORT CONTROL ForestationPlant#15554 :: adds=0 removes=0 | buffer min=8383 max=9263 (sum=1063243 over n=121) of 10000 | samples at ZERO=0 of 121 | refills=4 totalling 1680 | drains=5 totalling 2500 (mean spend 500 vs mean hex cost 250) | not-working samples=0, reason='Consumption'=0 | voice-eligible SHIPPED=0 perobject-model=0
[C47R] ACK-ON(D02 wrapper installed, owner ruling — see the banner-path gate line) REPORT CONTROL ForestationPlant#15554 :: adds=0 removes=0 | buffer min=8383 max=9263 (sum=1063243 over n=121) of 10000 | samples at ZERO=0 of 121 | refills=4 totalling 1680 | drains=5 totalling 2500 (mean spend 500 vs mean hex cost 250) | not-working samples=0, reason='Consumption'=0 | voice-eligible SHIPPED=0 perobject-model=0
[mod] [C47R] ACK-ON(D02 wrapper installed, owner ruling — see the banner-path gate line) REPORT CONTROL ForestationPlant#15554 :: implied-hex histogram (hexes x drain events): 2x5 — the unattended runs measured ~2.2 on a fully planted farm against C47's assumed 4
[C47R] ACK-ON(D02 wrapper installed, owner ruling — see the banner-path gate line) REPORT CONTROL ForestationPlant#15554 :: implied-hex histogram (hexes x drain events): 2x5 — the unattended runs measured ~2.2 on a fully planted farm against C47's assumed 4
[mod] [C47R] ACK-ON(D02 wrapper installed, owner ruling — see the banner-path gate line) REPORT CONTROL ForestationPlant#15556 :: adds=0 removes=0 | buffer min=8550 max=9270 (sum=1106910 over n=121) of 10000 | samples at ZERO=0 of 121 | refills=6 totalling 2520 | drains=5 totalling 2500 (mean spend 500 vs mean hex cost 250) | not-working samples=0, reason='Consumption'=0 | voice-eligible SHIPPED=0 perobject-model=0
[C47R] ACK-ON(D02 wrapper installed, owner ruling — see the banner-path gate line) REPORT CONTROL ForestationPlant#15556 :: adds=0 removes=0 | buffer min=8550 max=9270 (sum=1106910 over n=121) of 10000 | samples at ZERO=0 of 121 | refills=6 totalling 2520 | drains=5 totalling 2500 (mean spend 500 vs mean hex cost 250) | not-working samples=0, reason='Consumption'=0 | voice-eligible SHIPPED=0 perobject-model=0
[mod] [C47R] ACK-ON(D02 wrapper installed, owner ruling — see the banner-path gate line) REPORT CONTROL ForestationPlant#15556 :: implied-hex histogram (hexes x drain events): 2x5 — the unattended runs measured ~2.2 on a fully planted farm against C47's assumed 4
[C47R] ACK-ON(D02 wrapper installed, owner ruling — see the banner-path gate line) REPORT CONTROL ForestationPlant#15556 :: implied-hex histogram (hexes x drain events): 2x5 — the unattended runs measured ~2.2 on a fully planted farm against C47's assumed 4
[mod] [C47R] ACK-ON(D02 wrapper installed, owner ruling — see the banner-path gate line) REPORT CONTROL ForestationPlant#15563 :: adds=0 removes=0 | buffer min=8522 max=9242 (sum=1102522 over n=121) of 10000 | samples at ZERO=0 of 121 | refills=6 totalling 2520 | drains=5 totalling 2500 (mean spend 500 vs mean hex cost 250) | not-working samples=0, reason='Consumption'=0 | voice-eligible SHIPPED=0 perobject-model=0
[C47R] ACK-ON(D02 wrapper installed, owner ruling — see the banner-path gate line) REPORT CONTROL ForestationPlant#15563 :: adds=0 removes=0 | buffer min=8522 max=9242 (sum=1102522 over n=121) of 10000 | samples at ZERO=0 of 121 | refills=6 totalling 2520 | drains=5 totalling 2500 (mean spend 500 vs mean hex cost 250) | not-working samples=0, reason='Consumption'=0 | voice-eligible SHIPPED=0 perobject-model=0
[mod] [C47R] ACK-ON(D02 wrapper installed, owner ruling — see the banner-path gate line) REPORT CONTROL ForestationPlant#15563 :: implied-hex histogram (hexes x drain events): 2x5 — the unattended runs measured ~2.2 on a fully planted farm against C47's assumed 4
[C47R] ACK-ON(D02 wrapper installed, owner ruling — see the banner-path gate line) REPORT CONTROL ForestationPlant#15563 :: implied-hex histogram (hexes x drain events): 2x5 — the unattended runs measured ~2.2 on a fully planted farm against C47's assumed 4
[mod] [C47R] ACK-ON(D02 wrapper installed, owner ruling — see the banner-path gate line) REPORT CONTROL ForestationPlant#15565 :: adds=0 removes=0 | buffer min=8524 max=9244 (sum=1092204 over n=121) of 10000 | samples at ZERO=0 of 121 | refills=5 totalling 1960 | drains=5 totalling 2500 (mean spend 500 vs mean hex cost 250) | not-working samples=0, reason='Consumption'=0 | voice-eligible SHIPPED=0 perobject-model=0
[C47R] ACK-ON(D02 wrapper installed, owner ruling — see the banner-path gate line) REPORT CONTROL ForestationPlant#15565 :: adds=0 removes=0 | buffer min=8524 max=9244 (sum=1092204 over n=121) of 10000 | samples at ZERO=0 of 121 | refills=5 totalling 1960 | drains=5 totalling 2500 (mean spend 500 vs mean hex cost 250) | not-working samples=0, reason='Consumption'=0 | voice-eligible SHIPPED=0 perobject-model=0
[mod] [C47R] ACK-ON(D02 wrapper installed, owner ruling — see the banner-path gate line) REPORT CONTROL ForestationPlant#15565 :: implied-hex histogram (hexes x drain events): 2x5 — the unattended runs measured ~2.2 on a fully planted farm against C47's assumed 4
[C47R] ACK-ON(D02 wrapper installed, owner ruling — see the banner-path gate line) REPORT CONTROL ForestationPlant#15565 :: implied-hex histogram (hexes x drain events): 2x5 — the unattended runs measured ~2.2 on a fully planted farm against C47's assumed 4
[mod] [C47R] ACK-ON(D02 wrapper installed, owner ruling — see the banner-path gate line) REPORT CONTROL ForestationPlant#15810 :: adds=0 removes=0 | buffer min=8560 max=9262 (sum=1081295 over n=121) of 10000 | samples at ZERO=0 of 121 | refills=10 totalling 1832 | drains=4 totalling 1932 (mean spend 483 vs mean hex cost 250) | not-working samples=0, reason='Consumption'=0 | voice-eligible SHIPPED=0 perobject-model=0
[C47R] ACK-ON(D02 wrapper installed, owner ruling — see the banner-path gate line) REPORT CONTROL ForestationPlant#15810 :: adds=0 removes=0 | buffer min=8560 max=9262 (sum=1081295 over n=121) of 10000 | samples at ZERO=0 of 121 | refills=10 totalling 1832 | drains=4 totalling 1932 (mean spend 483 vs mean hex cost 250) | not-working samples=0, reason='Consumption'=0 | voice-eligible SHIPPED=0 perobject-model=0
[mod] [C47R] ACK-ON(D02 wrapper installed, owner ruling — see the banner-path gate line) REPORT CONTROL ForestationPlant#15810 :: implied-hex histogram (hexes x drain events): 2x4 — the unattended runs measured ~2.2 on a fully planted farm against C47's assumed 4
[C47R] ACK-ON(D02 wrapper installed, owner ruling — see the banner-path gate line) REPORT CONTROL ForestationPlant#15810 :: implied-hex histogram (hexes x drain events): 2x4 — the unattended runs measured ~2.2 on a fully planted farm against C47's assumed 4
[mod] [C47R] ACK-ON(D02 wrapper installed, owner ruling — see the banner-path gate line) REPORT CONTROL ForestationPlant#15817 :: adds=0 removes=0 | buffer min=8661 max=9328 (sum=1114954 over n=121) of 10000 | samples at ZERO=0 of 121 | refills=11 totalling 1126 | drains=3 totalling 927 (mean spend 309 vs mean hex cost 250) | not-working samples=0, reason='Consumption'=0 | voice-eligible SHIPPED=0 perobject-model=0
[C47R] ACK-ON(D02 wrapper installed, owner ruling — see the banner-path gate line) REPORT CONTROL ForestationPlant#15817 :: adds=0 removes=0 | buffer min=8661 max=9328 (sum=1114954 over n=121) of 10000 | samples at ZERO=0 of 121 | refills=11 totalling 1126 | drains=3 totalling 927 (mean spend 309 vs mean hex cost 250) | not-working samples=0, reason='Consumption'=0 | voice-eligible SHIPPED=0 perobject-model=0
[mod] [C47R] ACK-ON(D02 wrapper installed, owner ruling — see the banner-path gate line) REPORT CONTROL ForestationPlant#15817 :: implied-hex histogram (hexes x drain events): 1x2, 2x1 — the unattended runs measured ~2.2 on a fully planted farm against C47's assumed 4
[C47R] ACK-ON(D02 wrapper installed, owner ruling — see the banner-path gate line) REPORT CONTROL ForestationPlant#15817 :: implied-hex histogram (hexes x drain events): 1x2, 2x1 — the unattended runs measured ~2.2 on a fully planted farm against C47's assumed 4
[mod] [C47R] ACK-ON(D02 wrapper installed, owner ruling — see the banner-path gate line) REPORT CONTROL ForestationPlant#16008 :: adds=0 removes=0 | buffer min=8564 max=9224 (sum=1093805 over n=121) of 10000 | samples at ZERO=0 of 121 | refills=15 totalling 2371 | drains=4 totalling 1986 (mean spend 496 vs mean hex cost 250) | not-working samples=0, reason='Consumption'=0 | voice-eligible SHIPPED=0 perobject-model=0
[C47R] ACK-ON(D02 wrapper installed, owner ruling — see the banner-path gate line) REPORT CONTROL ForestationPlant#16008 :: adds=0 removes=0 | buffer min=8564 max=9224 (sum=1093805 over n=121) of 10000 | samples at ZERO=0 of 121 | refills=15 totalling 2371 | drains=4 totalling 1986 (mean spend 496 vs mean hex cost 250) | not-working samples=0, reason='Consumption'=0 | voice-eligible SHIPPED=0 perobject-model=0
[mod] [C47R] ACK-ON(D02 wrapper installed, owner ruling — see the banner-path gate line) REPORT CONTROL ForestationPlant#16008 :: implied-hex histogram (hexes x drain events): 2x4 — the unattended runs measured ~2.2 on a fully planted farm against C47's assumed 4
[C47R] ACK-ON(D02 wrapper installed, owner ruling — see the banner-path gate line) REPORT CONTROL ForestationPlant#16008 :: implied-hex histogram (hexes x drain events): 2x4 — the unattended runs measured ~2.2 on a fully planted farm against C47's assumed 4
[mod] [C47R] ACK-ON(D02 wrapper installed, owner ruling — see the banner-path gate line) REPORT CONTROL ForestationPlant#16011 :: adds=0 removes=0 | buffer min=8505 max=9225 (sum=1079665 over n=121) of 10000 | samples at ZERO=0 of 121 | refills=6 totalling 2240 | drains=4 totalling 2000 (mean spend 500 vs mean hex cost 250) | not-working samples=0, reason='Consumption'=0 | voice-eligible SHIPPED=0 perobject-model=0
[C47R] ACK-ON(D02 wrapper installed, owner ruling — see the banner-path gate line) REPORT CONTROL ForestationPlant#16011 :: adds=0 removes=0 | buffer min=8505 max=9225 (sum=1079665 over n=121) of 10000 | samples at ZERO=0 of 121 | refills=6 totalling 2240 | drains=4 totalling 2000 (mean spend 500 vs mean hex cost 250) | not-working samples=0, reason='Consumption'=0 | voice-eligible SHIPPED=0 perobject-model=0
[mod] [C47R] ACK-ON(D02 wrapper installed, owner ruling — see the banner-path gate line) REPORT CONTROL ForestationPlant#16011 :: implied-hex histogram (hexes x drain events): 2x4 — the unattended runs measured ~2.2 on a fully planted farm against C47's assumed 4
[C47R] ACK-ON(D02 wrapper installed, owner ruling — see the banner-path gate line) REPORT CONTROL ForestationPlant#16011 :: implied-hex histogram (hexes x drain events): 2x4 — the unattended runs measured ~2.2 on a fully planted farm against C47's assumed 4
[mod] [C47R] ACK-ON(D02 wrapper installed, owner ruling — see the banner-path gate line) REPORT CONTROL ForestationPlant#16076 :: adds=0 removes=0 | buffer min=8479 max=9199 (sum=1084239 over n=121) of 10000 | samples at ZERO=0 of 121 | refills=6 totalling 2240 | drains=5 totalling 2500 (mean spend 500 vs mean hex cost 250) | not-working samples=0, reason='Consumption'=0 | voice-eligible SHIPPED=0 perobject-model=0
[C47R] ACK-ON(D02 wrapper installed, owner ruling — see the banner-path gate line) REPORT CONTROL ForestationPlant#16076 :: adds=0 removes=0 | buffer min=8479 max=9199 (sum=1084239 over n=121) of 10000 | samples at ZERO=0 of 121 | refills=6 totalling 2240 | drains=5 totalling 2500 (mean spend 500 vs mean hex cost 250) | not-working samples=0, reason='Consumption'=0 | voice-eligible SHIPPED=0 perobject-model=0
[mod] [C47R] ACK-ON(D02 wrapper installed, owner ruling — see the banner-path gate line) REPORT CONTROL ForestationPlant#16076 :: implied-hex histogram (hexes x drain events): 2x5 — the unattended runs measured ~2.2 on a fully planted farm against C47's assumed 4
[C47R] ACK-ON(D02 wrapper installed, owner ruling — see the banner-path gate line) REPORT CONTROL ForestationPlant#16076 :: implied-hex histogram (hexes x drain events): 2x5 — the unattended runs measured ~2.2 on a fully planted farm against C47's assumed 4
[mod] [C47R] ACK-ON(D02 wrapper installed, owner ruling — see the banner-path gate line) REPORT CONTROL ForestationPlant#16077 :: adds=0 removes=0 | buffer min=8532 max=9252 (sum=1100512 over n=121) of 10000 | samples at ZERO=0 of 121 | refills=6 totalling 2240 | drains=5 totalling 2500 (mean spend 500 vs mean hex cost 250) | not-working samples=0, reason='Consumption'=0 | voice-eligible SHIPPED=0 perobject-model=0
[C47R] ACK-ON(D02 wrapper installed, owner ruling — see the banner-path gate line) REPORT CONTROL ForestationPlant#16077 :: adds=0 removes=0 | buffer min=8532 max=9252 (sum=1100512 over n=121) of 10000 | samples at ZERO=0 of 121 | refills=6 totalling 2240 | drains=5 totalling 2500 (mean spend 500 vs mean hex cost 250) | not-working samples=0, reason='Consumption'=0 | voice-eligible SHIPPED=0 perobject-model=0
[mod] [C47R] ACK-ON(D02 wrapper installed, owner ruling — see the banner-path gate line) REPORT CONTROL ForestationPlant#16077 :: implied-hex histogram (hexes x drain events): 2x5 — the unattended runs measured ~2.2 on a fully planted farm against C47's assumed 4
[C47R] ACK-ON(D02 wrapper installed, owner ruling — see the banner-path gate line) REPORT CONTROL ForestationPlant#16077 :: implied-hex histogram (hexes x drain events): 2x5 — the unattended runs measured ~2.2 on a fully planted farm against C47's assumed 4
[mod] [C47R] ACK-ON(D02 wrapper installed, owner ruling — see the banner-path gate line) REPORT CONTROL ForestationPlant#16155 :: adds=0 removes=0 | buffer min=8518 max=9238 (sum=1077058 over n=121) of 10000 | samples at ZERO=0 of 121 | refills=6 totalling 1960 | drains=5 totalling 2500 (mean spend 500 vs mean hex cost 250) | not-working samples=0, reason='Consumption'=0 | voice-eligible SHIPPED=0 perobject-model=0
[C47R] ACK-ON(D02 wrapper installed, owner ruling — see the banner-path gate line) REPORT CONTROL ForestationPlant#16155 :: adds=0 removes=0 | buffer min=8518 max=9238 (sum=1077058 over n=121) of 10000 | samples at ZERO=0 of 121 | refills=6 totalling 1960 | drains=5 totalling 2500 (mean spend 500 vs mean hex cost 250) | not-working samples=0, reason='Consumption'=0 | voice-eligible SHIPPED=0 perobject-model=0
[mod] [C47R] ACK-ON(D02 wrapper installed, owner ruling — see the banner-path gate line) REPORT CONTROL ForestationPlant#16155 :: implied-hex histogram (hexes x drain events): 2x5 — the unattended runs measured ~2.2 on a fully planted farm against C47's assumed 4
[C47R] ACK-ON(D02 wrapper installed, owner ruling — see the banner-path gate line) REPORT CONTROL ForestationPlant#16155 :: implied-hex histogram (hexes x drain events): 2x5 — the unattended runs measured ~2.2 on a fully planted farm against C47's assumed 4
[mod] [C47R] ACK-ON(D02 wrapper installed, owner ruling — see the banner-path gate line) REPORT CONTROL ForestationPlant#16192 :: adds=0 removes=0 | buffer min=8865 max=9185 (sum=1100265 over n=121) of 10000 | samples at ZERO=0 of 121 | refills=2 totalling 560 | drains=5 totalling 750 (mean spend 150 vs mean hex cost 250) | not-working samples=0, reason='Consumption'=0 | voice-eligible SHIPPED=0 perobject-model=0
[C47R] ACK-ON(D02 wrapper installed, owner ruling — see the banner-path gate line) REPORT CONTROL ForestationPlant#16192 :: adds=0 removes=0 | buffer min=8865 max=9185 (sum=1100265 over n=121) of 10000 | samples at ZERO=0 of 121 | refills=2 totalling 560 | drains=5 totalling 750 (mean spend 150 vs mean hex cost 250) | not-working samples=0, reason='Consumption'=0 | voice-eligible SHIPPED=0 perobject-model=0
[mod] [C47R] ACK-ON(D02 wrapper installed, owner ruling — see the banner-path gate line) REPORT CONTROL ForestationPlant#16192 :: implied-hex histogram (hexes x drain events): 1x5 — the unattended runs measured ~2.2 on a fully planted farm against C47's assumed 4
[C47R] ACK-ON(D02 wrapper installed, owner ruling — see the banner-path gate line) REPORT CONTROL ForestationPlant#16192 :: implied-hex histogram (hexes x drain events): 1x5 — the unattended runs measured ~2.2 on a fully planted farm against C47's assumed 4
[mod] [C47R] ACK-ON(D02 wrapper installed, owner ruling — see the banner-path gate line) REPORT CONTROL SUMMARY :: 0 ForestationPlant(s) raised no add and spent nothing at all this sitting (printed as a count, not suppressed — every one that DID move has its own line above)
[C47R] ACK-ON(D02 wrapper installed, owner ruling — see the banner-path gate line) REPORT CONTROL SUMMARY :: 0 ForestationPlant(s) raised no add and spent nothing at all this sitting (printed as a count, not suppressed — every one that DID move has its own line above)
[mod] [C47R] ACK-ON(D02 wrapper installed, owner ruling — see the banner-path gate line) REPORT COLONY :: adds on 'NotWorkingBuildings' across ALL objects=11 | removes=14 | on objects outside the census=4 | voice-eligible SHIPPED model=2 | owner witness marks=0
[C47R] ACK-ON(D02 wrapper installed, owner ruling — see the banner-path gate line) REPORT COLONY :: adds on 'NotWorkingBuildings' across ALL objects=11 | removes=14 | on objects outside the census=4 | voice-eligible SHIPPED model=2 | owner witness marks=0
[mod] [C47R] VOICETABLE on demand :: VoicesCooldown has 1 key(s) [769547039933] | VoiceQueue length=0 — 769547039933 is this notification's own VoicedText id, and ONE key covers the whole colony
[C47R] VOICETABLE on demand :: VoicesCooldown has 1 key(s) [769547039933] | VoiceQueue length=0 — 769547039933 is this notification's own VoicedText id, and ONE key covers the whole colony
[mod] [C47R] GATE banner-path :: Opt_AcknowledgedWarnings is ACTIVE (detail='') — ⚖️ BY OWNER RULING this is deliberate: it was on when the symptom was observed, so it is part of the configuration under test, not a contaminant to be removed. ⭐ It suppresses only a building it has STAMPED, stamps only on player dismissal, and CLEARS the stamp on that building's next recovery (Opt_AcknowledgedWarnings.lua:124-129) — so a flapping building clears its own acknowledgment every cycle and cannot be quieted by it. Engagement is MEASURED below via the ack-flag read, never assumed.
[C47R] GATE banner-path :: Opt_AcknowledgedWarnings is ACTIVE (detail='') — ⚖️ BY OWNER RULING this is deliberate: it was on when the symptom was observed, so it is part of the configuration under test, not a contaminant to be removed. ⭐ It suppresses only a building it has STAMPED, stamps only on player dismissal, and CLEARS the stamp on that building's next recovery (Opt_AcknowledgedWarnings.lua:124-129) — so a flapping building clears its own acknowledgment every cycle and cannot be quieted by it. Engagement is MEASURED below via the ack-flag read, never assumed.
[mod] [C47R] REPORT ⭐ WHAT THIS SITTING CAN CLAIM THAT THE UNATTENDED RUNS COULD NOT: whatever the owner typed into C47.Saw / C47.Heard. Counting the engine's message is a measurement; a banner on a screen and a line out of a speaker are witnessed by a human or not at all.
[C47R] REPORT ⭐ WHAT THIS SITTING CAN CLAIM THAT THE UNATTENDED RUNS COULD NOT: whatever the owner typed into C47.Saw / C47.Heard. Counting the engine's message is a measurement; a banner on a screen and a line out of a speaker are witnessed by a human or not at all.
[mod] [C47R] REPORT ⚠️ CONFOUNDS: cheats are enabled on this rig, this colony is an oversized terraforming speed-run, and the drone carry dial is at +2 so a Seeds trip is 3000, not the vanilla 1000.
[C47R] REPORT ⚠️ CONFOUNDS: cheats are enabled on this rig, this colony is an oversized terraforming speed-run, and the drone carry dial is at +2 so a Seeds trip is 3000, not the vanilla 1000.
true
						Lua 0:05:47:389
[mod] [C47R] ⭐⭐ OWNER SAW-ON-SCREEN #1 :: "banner: Buildings Not Working = 2, Insufficient resources + Seeds icon" :: GameTime()=276090883 | day=384 hour=17 | speed=0x | RealTime()=334791 | adds so far: farms=7 colony=11 | voice-eligible=2
[C47R] ⭐⭐ OWNER SAW-ON-SCREEN #1 :: "banner: Buildings Not Working = 2, Insufficient resources + Seeds icon" :: GameTime()=276090883 | day=384 hour=17 | speed=0x | RealTime()=334791 | adds so far: farms=7 colony=11 | voice-eligible=2
[mod] [C47R] ACK-ON(D02 wrapper installed, owner ruling — see the banner-path gate line) FARM OpenFarm#15779 :: buffer=840 (min 0, max 3945) of 5000 | crops now=Potato(600)/Rapeseed(100)/Wheat(400) | adds=7 removes=7 | drains=17 spending 9425 | working=true
[C47R] ACK-ON(D02 wrapper installed, owner ruling — see the banner-path gate line) FARM OpenFarm#15779 :: buffer=840 (min 0, max 3945) of 5000 | crops now=Potato(600)/Rapeseed(100)/Wheat(400) | adds=7 removes=7 | drains=17 spending 9425 | working=true
[mod] [C47R] ACK-ON(D02 wrapper installed, owner ruling — see the banner-path gate line) FARM OpenFarm#15974 :: buffer=2941 (min 1641, max 4241) of 5000 | crops now=Rapeseed(100)/Spinach(200)/Wheat(400) | adds=0 removes=0 | drains=12 spending 9520 | working=true
[C47R] ACK-ON(D02 wrapper installed, owner ruling — see the banner-path gate line) FARM OpenFarm#15974 :: buffer=2941 (min 1641, max 4241) of 5000 | crops now=Rapeseed(100)/Spinach(200)/Wheat(400) | adds=0 removes=0 | drains=12 spending 9520 | working=true
						Lua 0:06:04:607
[mod] [C47R] ACK-ON(D02 wrapper installed, owner ruling — see the banner-path gate line) >>> LIVE ADD :: OpenFarm#15779 raised 'NotWorkingBuildings' (add #8 for this object) | buffer=520 of 5000 | reason=Consumption | ⭐ IF YOU SEE A BANNER OR HEAR A LINE NOW, TYPE C47.Saw("banner") OR C47.Heard("voice")
[C47R] ACK-ON(D02 wrapper installed, owner ruling — see the banner-path gate line) >>> LIVE ADD :: OpenFarm#15779 raised 'NotWorkingBuildings' (add #8 for this object) | buffer=520 of 5000 | reason=Consumption | ⭐ IF YOU SEE A BANNER OR HEAR A LINE NOW, TYPE C47.Saw("banner") OR C47.Heard("voice")
						Lua 0:06:06:408
[mod] [C47R] ACK-ON(D02 wrapper installed, owner ruling — see the banner-path gate line) >>> LIVE ADD :: OpenFarm#15779 raised 'NotWorkingBuildings' (add #9 for this object) | buffer=140 of 5000 | reason=Consumption | ⭐ IF YOU SEE A BANNER OR HEAR A LINE NOW, TYPE C47.Saw("banner") OR C47.Heard("voice")
[C47R] ACK-ON(D02 wrapper installed, owner ruling — see the banner-path gate line) >>> LIVE ADD :: OpenFarm#15779 raised 'NotWorkingBuildings' (add #9 for this object) | buffer=140 of 5000 | reason=Consumption | ⭐ IF YOU SEE A BANNER OR HEAR A LINE NOW, TYPE C47.Saw("banner") OR C47.Heard("voice")
						Lua 0:07:38:648
[mod] [C47R] CLOCK interim :: GameTime()=276228772 (383.65 sols since game start) | UIColony.day=384 hour=21 | speed=0x | RealTime()=446049
[C47R] CLOCK interim :: GameTime()=276228772 (383.65 sols since game start) | UIColony.day=384 hour=21 | speed=0x | RealTime()=446049
[mod] [C47R] ACK-ON(D02 wrapper installed, owner ruling — see the banner-path gate line) FARM OpenFarm#15779 :: buffer=1500 (min 0, max 3945) of 5000 | crops now=Potato(600)/Rapeseed(100)/Wheat(400) | adds=9 removes=9 | drains=26 spending 15365 | working=true
[C47R] ACK-ON(D02 wrapper installed, owner ruling — see the banner-path gate line) FARM OpenFarm#15779 :: buffer=1500 (min 0, max 3945) of 5000 | crops now=Potato(600)/Rapeseed(100)/Wheat(400) | adds=9 removes=9 | drains=26 spending 15365 | working=true
[mod] [C47R] ACK-ON(D02 wrapper installed, owner ruling — see the banner-path gate line) FARM OpenFarm#15974 :: buffer=3621 (min 1641, max 4241) of 5000 | crops now=Rapeseed(100)/Spinach(200)/Wheat(400) | adds=0 removes=0 | drains=22 spending 12900 | working=true
[C47R] ACK-ON(D02 wrapper installed, owner ruling — see the banner-path gate line) FARM OpenFarm#15974 :: buffer=3621 (min 1641, max 4241) of 5000 | crops now=Rapeseed(100)/Spinach(200)/Wheat(400) | adds=0 removes=0 | drains=22 spending 12900 | working=true
[mod] [C47R] ACK-ON(D02 wrapper installed, owner ruling — see the banner-path gate line) INTERIM :: colony adds=13 removes=16 | farm adds=9 | voice-eligible=3 | samples=181 | owner marks=1
[C47R] ACK-ON(D02 wrapper installed, owner ruling — see the banner-path gate line) INTERIM :: colony adds=13 removes=16 | farm adds=9 | voice-eligible=3 | samples=181 | owner marks=1
						Lua 0:09:38:648
[mod] [C47R] CLOCK interim :: GameTime()=276260056 (383.69 sols since game start) | UIColony.day=384 hour=22 | speed=0x | RealTime()=566049
[C47R] CLOCK interim :: GameTime()=276260056 (383.69 sols since game start) | UIColony.day=384 hour=22 | speed=0x | RealTime()=566049
[mod] [C47R] ACK-ON(D02 wrapper installed, owner ruling — see the banner-path gate line) FARM OpenFarm#15779 :: buffer=2500 (min 0, max 3945) of 5000 | crops now=Potato(600)/Rapeseed(100)/Wheat(400) | adds=9 removes=9 | drains=28 spending 16885 | working=true
[C47R] ACK-ON(D02 wrapper installed, owner ruling — see the banner-path gate line) FARM OpenFarm#15779 :: buffer=2500 (min 0, max 3945) of 5000 | crops now=Potato(600)/Rapeseed(100)/Wheat(400) | adds=9 removes=9 | drains=28 spending 16885 | working=true
[mod] [C47R] ACK-ON(D02 wrapper installed, owner ruling — see the banner-path gate line) FARM OpenFarm#15974 :: buffer=2721 (min 1641, max 4241) of 5000 | crops now=Rapeseed(100)/Spinach(200)/Wheat(400) | adds=0 removes=0 | drains=25 spending 15200 | working=true
[C47R] ACK-ON(D02 wrapper installed, owner ruling — see the banner-path gate line) FARM OpenFarm#15974 :: buffer=2721 (min 1641, max 4241) of 5000 | crops now=Rapeseed(100)/Spinach(200)/Wheat(400) | adds=0 removes=0 | drains=25 spending 15200 | working=true
[mod] [C47R] ACK-ON(D02 wrapper installed, owner ruling — see the banner-path gate line) INTERIM :: colony adds=13 removes=16 | farm adds=9 | voice-eligible=3 | samples=241 | owner marks=1
[C47R] ACK-ON(D02 wrapper installed, owner ruling — see the banner-path gate line) INTERIM :: colony adds=13 removes=16 | farm adds=9 | voice-eligible=3 | samples=241 | owner marks=1
						Lua 0:11:38:657
[mod] [C47R] CLOCK interim :: GameTime()=276260056 (383.69 sols since game start) | UIColony.day=384 hour=22 | speed=0x | RealTime()=686049						Lua 0:11:38:658

[C47R] CLOCK interim :: GameTime()=276260056 (383.69 sols since game start) | UIColony.day=384 hour=22 | speed=0x | RealTime()=686049
[mod] [C47R] ACK-ON(D02 wrapper installed, owner ruling — see the banner-path gate line) FARM OpenFarm#15779 :: buffer=2500 (min 0, max 3945) of 5000 | crops now=Potato(600)/Rapeseed(100)/Wheat(400) | adds=9 removes=9 | drains=28 spending 16885 | working=true
[C47R] ACK-ON(D02 wrapper installed, owner ruling — see the banner-path gate line) FARM OpenFarm#15779 :: buffer=2500 (min 0, max 3945) of 5000 | crops now=Potato(600)/Rapeseed(100)/Wheat(400) | adds=9 removes=9 | drains=28 spending 16885 | working=true
[mod] [C47R] ACK-ON(D02 wrapper installed, owner ruling — see the banner-path gate line) FARM OpenFarm#15974 :: buffer=2721 (min 1641, max 4241) of 5000 | crops now=Rapeseed(100)/Spinach(200)/Wheat(400) | adds=0 removes=0 | drains=25 spending 15200 | working=true
[C47R] ACK-ON(D02 wrapper installed, owner ruling — see the banner-path gate line) FARM OpenFarm#15974 :: buffer=2721 (min 1641, max 4241) of 5000 | crops now=Rapeseed(100)/Spinach(200)/Wheat(400) | adds=0 removes=0 | drains=25 spending 15200 | working=true
[mod] [C47R] ACK-ON(D02 wrapper installed, owner ruling — see the banner-path gate line) INTERIM :: colony adds=13 removes=16 | farm adds=9 | voice-eligible=3 | samples=301 | owner marks=1
[C47R] ACK-ON(D02 wrapper installed, owner ruling — see the banner-path gate line) INTERIM :: colony adds=13 removes=16 | farm adds=9 | voice-eligible=3 | samples=301 | owner marks=1
						Lua 0:11:48:535
[mod] [C47R] ACK-ON(D02 wrapper installed, owner ruling — see the banner-path gate line) >>> LIVE ADD :: ForestationPlant#3790 raised 'NotWorkingBuildings' (add #1 for this object) | buffer=9193 of 10000 | reason=MalfunctionRes | ⭐ IF YOU SEE A BANNER OR HEAR A LINE NOW, TYPE C47.Saw("banner") OR C47.Heard("voice")
[C47R] ACK-ON(D02 wrapper installed, owner ruling — see the banner-path gate line) >>> LIVE ADD :: ForestationPlant#3790 raised 'NotWorkingBuildings' (add #1 for this object) | buffer=9193 of 10000 | reason=MalfunctionRes | ⭐ IF YOU SEE A BANNER OR HEAR A LINE NOW, TYPE C47.Saw("banner") OR C47.Heard("voice")
						Lua 0:11:55:491
[mod] [C47R] ACK-ON(D02 wrapper installed, owner ruling — see the banner-path gate line) >>> LIVE ADD :: ForestationPlant#3790 raised 'NotWorkingBuildings' (add #2 for this object) | buffer=9193 of 10000 | reason=NoPower | ⭐ IF YOU SEE A BANNER OR HEAR A LINE NOW, TYPE C47.Saw("banner") OR C47.Heard("voice")
[C47R] ACK-ON(D02 wrapper installed, owner ruling — see the banner-path gate line) >>> LIVE ADD :: ForestationPlant#3790 raised 'NotWorkingBuildings' (add #2 for this object) | buffer=9193 of 10000 | reason=NoPower | ⭐ IF YOU SEE A BANNER OR HEAR A LINE NOW, TYPE C47.Saw("banner") OR C47.Heard("voice")
						Lua 0:11:58:450
[mod] [C47R] ACK-ON(D02 wrapper installed, owner ruling — see the banner-path gate line) >>> LIVE ADD :: OpenFarm#15779 raised 'NotWorkingBuildings' (add #10 for this object) | buffer=560 of 5000 | reason=Consumption | ⭐ IF YOU SEE A BANNER OR HEAR A LINE NOW, TYPE C47.Saw("banner") OR C47.Heard("voice")
[C47R] ACK-ON(D02 wrapper installed, owner ruling — see the banner-path gate line) >>> LIVE ADD :: OpenFarm#15779 raised 'NotWorkingBuildings' (add #10 for this object) | buffer=560 of 5000 | reason=Consumption | ⭐ IF YOU SEE A BANNER OR HEAR A LINE NOW, TYPE C47.Saw("banner") OR C47.Heard("voice")
						Lua 0:12:03:852
[mod] [C47R] ACK-ON(D02 wrapper installed, owner ruling — see the banner-path gate line) >>> LIVE ADD :: OpenFarm#15779 raised 'NotWorkingBuildings' (add #11 for this object) | buffer=80 of 5000 | reason=Consumption | ⭐ IF YOU SEE A BANNER OR HEAR A LINE NOW, TYPE C47.Saw("banner") OR C47.Heard("voice")
[C47R] ACK-ON(D02 wrapper installed, owner ruling — see the banner-path gate line) >>> LIVE ADD :: OpenFarm#15779 raised 'NotWorkingBuildings' (add #11 for this object) | buffer=80 of 5000 | reason=Consumption | ⭐ IF YOU SEE A BANNER OR HEAR A LINE NOW, TYPE C47.Saw("banner") OR C47.Heard("voice")
						Lua 0:12:05:650
[mod] [C47R] ACK-ON(D02 wrapper installed, owner ruling — see the banner-path gate line) >>> LIVE ADD :: OpenFarm#15779 raised 'NotWorkingBuildings' (add #12 for this object) | buffer=220 of 5000 | reason=Consumption | ⭐ IF YOU SEE A BANNER OR HEAR A LINE NOW, TYPE C47.Saw("banner") OR C47.Heard("voice")
[C47R] ACK-ON(D02 wrapper installed, owner ruling — see the banner-path gate line) >>> LIVE ADD :: OpenFarm#15779 raised 'NotWorkingBuildings' (add #12 for this object) | buffer=220 of 5000 | reason=Consumption | ⭐ IF YOU SEE A BANNER OR HEAR A LINE NOW, TYPE C47.Saw("banner") OR C47.Heard("voice")
						Lua 0:12:14:651
[mod] [C47R] ACK-ON(D02 wrapper installed, owner ruling — see the banner-path gate line) >>> LIVE ADD :: OpenFarm#15779 raised 'NotWorkingBuildings' (add #13 for this object) | buffer=580 of 5000 | reason=Consumption | ⭐ IF YOU SEE A BANNER OR HEAR A LINE NOW, TYPE C47.Saw("banner") OR C47.Heard("voice")
[C47R] ACK-ON(D02 wrapper installed, owner ruling — see the banner-path gate line) >>> LIVE ADD :: OpenFarm#15779 raised 'NotWorkingBuildings' (add #13 for this object) | buffer=580 of 5000 | reason=Consumption | ⭐ IF YOU SEE A BANNER OR HEAR A LINE NOW, TYPE C47.Saw("banner") OR C47.Heard("voice")
						Lua 0:13:30:252
[mod] [C47R] ACK-ON(D02 wrapper installed, owner ruling — see the banner-path gate line) >>> LIVE ADD :: OpenFarm#15779 raised 'NotWorkingBuildings' (add #14 for this object) | buffer=360 of 5000 | reason=Consumption | ⭐ IF YOU SEE A BANNER OR HEAR A LINE NOW, TYPE C47.Saw("banner") OR C47.Heard("voice")
[C47R] ACK-ON(D02 wrapper installed, owner ruling — see the banner-path gate line) >>> LIVE ADD :: OpenFarm#15779 raised 'NotWorkingBuildings' (add #14 for this object) | buffer=360 of 5000 | reason=Consumption | ⭐ IF YOU SEE A BANNER OR HEAR A LINE NOW, TYPE C47.Saw("banner") OR C47.Heard("voice")
						Lua 0:13:32:051
[mod] [C47R] ACK-ON(D02 wrapper installed, owner ruling — see the banner-path gate line) >>> LIVE ADD :: OpenFarm#15779 raised 'NotWorkingBuildings' (add #15 for this object) | buffer=100 of 5000 | reason=Consumption | ⭐ IF YOU SEE A BANNER OR HEAR A LINE NOW, TYPE C47.Saw("banner") OR C47.Heard("voice")
[C47R] ACK-ON(D02 wrapper installed, owner ruling — see the banner-path gate line) >>> LIVE ADD :: OpenFarm#15779 raised 'NotWorkingBuildings' (add #15 for this object) | buffer=100 of 5000 | reason=Consumption | ⭐ IF YOU SEE A BANNER OR HEAR A LINE NOW, TYPE C47.Saw("banner") OR C47.Heard("voice")
						Lua 0:13:38:646
[mod] [C47R] CLOCK interim :: GameTime()=276827986 (384.48 sols since game start) | UIColony.day=385 hour=17 | speed=5x | RealTime()=806049
[C47R] CLOCK interim :: GameTime()=276827986 (384.48 sols since game start) | UIColony.day=385 hour=17 | speed=5x | RealTime()=806049
[mod] [C47R] ACK-ON(D02 wrapper installed, owner ruling — see the banner-path gate line) FARM OpenFarm#15779 :: buffer=1725 (min 0, max 4080) of 5000 | crops now=Potato(600)/Rapeseed(100)/Wheat(400) | adds=15 removes=15 | drains=53 spending 33785 | working=true
[C47R] ACK-ON(D02 wrapper installed, owner ruling — see the banner-path gate line) FARM OpenFarm#15779 :: buffer=1725 (min 0, max 4080) of 5000 | crops now=Potato(600)/Rapeseed(100)/Wheat(400) | adds=15 removes=15 | drains=53 spending 33785 | working=true
[mod] [C47R] ACK-ON(D02 wrapper installed, owner ruling — see the banner-path gate line) FARM OpenFarm#15974 :: buffer=4225 (min 1511, max 5000) of 5000 | crops now=Rapeseed(100)/Spinach(200)/Wheat(400) | adds=0 removes=0 | drains=55 spending 27595 | working=true
[C47R] ACK-ON(D02 wrapper installed, owner ruling — see the banner-path gate line) FARM OpenFarm#15974 :: buffer=4225 (min 1511, max 5000) of 5000 | crops now=Rapeseed(100)/Spinach(200)/Wheat(400) | adds=0 removes=0 | drains=55 spending 27595 | working=true
[mod] [C47R] ACK-ON(D02 wrapper installed, owner ruling — see the banner-path gate line) INTERIM :: colony adds=50 removes=53 | farm adds=15 | voice-eligible=5 | samples=361 | owner marks=1
[C47R] ACK-ON(D02 wrapper installed, owner ruling — see the banner-path gate line) INTERIM :: colony adds=50 removes=53 | farm adds=15 | voice-eligible=5 | samples=361 | owner marks=1
						Lua 0:13:57:251
[mod] [C47R] ACK-ON(D02 wrapper installed, owner ruling — see the banner-path gate line) >>> LIVE ADD :: OpenFarm#15779 raised 'NotWorkingBuildings' (add #16 for this object) | buffer=85 of 5000 | reason=Consumption | ⭐ IF YOU SEE A BANNER OR HEAR A LINE NOW, TYPE C47.Saw("banner") OR C47.Heard("voice")
[C47R] ACK-ON(D02 wrapper installed, owner ruling — see the banner-path gate line) >>> LIVE ADD :: OpenFarm#15779 raised 'NotWorkingBuildings' (add #16 for this object) | buffer=85 of 5000 | reason=Consumption | ⭐ IF YOU SEE A BANNER OR HEAR A LINE NOW, TYPE C47.Saw("banner") OR C47.Heard("voice")
						Lua 0:13:59:064
[mod] [C47R] ACK-ON(D02 wrapper installed, owner ruling — see the banner-path gate line) >>> LIVE ADD :: OpenFarm#15779 raised 'NotWorkingBuildings' (add #17 for this object) | buffer=185 of 5000 | reason=Consumption | ⭐ IF YOU SEE A BANNER OR HEAR A LINE NOW, TYPE C47.Saw("banner") OR C47.Heard("voice")
[C47R] ACK-ON(D02 wrapper installed, owner ruling — see the banner-path gate line) >>> LIVE ADD :: OpenFarm#15779 raised 'NotWorkingBuildings' (add #17 for this object) | buffer=185 of 5000 | reason=Consumption | ⭐ IF YOU SEE A BANNER OR HEAR A LINE NOW, TYPE C47.Saw("banner") OR C47.Heard("voice")
						Lua 0:15:38:646
[mod] [C47R] CLOCK interim :: GameTime()=277083296 (384.83 sols since game start) | UIColony.day=386 hour=2 | speed=0x | RealTime()=926049
[C47R] CLOCK interim :: GameTime()=277083296 (384.83 sols since game start) | UIColony.day=386 hour=2 | speed=0x | RealTime()=926049
[mod] [C47R] ACK-ON(D02 wrapper installed, owner ruling — see the banner-path gate line) FARM OpenFarm#15779 :: buffer=1905 (min 0, max 4245) of 5000 | crops now=Potato(600)/Rapeseed(100)/Wheat(400) | adds=17 removes=17 | drains=64 spending 44585 | working=true
[C47R] ACK-ON(D02 wrapper installed, owner ruling — see the banner-path gate line) FARM OpenFarm#15779 :: buffer=1905 (min 0, max 4245) of 5000 | crops now=Potato(600)/Rapeseed(100)/Wheat(400) | adds=17 removes=17 | drains=64 spending 44585 | working=true
[mod] [C47R] ACK-ON(D02 wrapper installed, owner ruling — see the banner-path gate line) FARM OpenFarm#15974 :: buffer=4165 (min 1511, max 5000) of 5000 | crops now=Rapeseed(100)/Spinach(200)/Wheat(400) | adds=0 removes=0 | drains=63 spending 31115 | working=true
[C47R] ACK-ON(D02 wrapper installed, owner ruling — see the banner-path gate line) FARM OpenFarm#15974 :: buffer=4165 (min 1511, max 5000) of 5000 | crops now=Rapeseed(100)/Spinach(200)/Wheat(400) | adds=0 removes=0 | drains=63 spending 31115 | working=true
[mod] [C47R] ACK-ON(D02 wrapper installed, owner ruling — see the banner-path gate line) INTERIM :: colony adds=53 removes=56 | farm adds=17 | voice-eligible=5 | samples=421 | owner marks=1
[C47R] ACK-ON(D02 wrapper installed, owner ruling — see the banner-path gate line) INTERIM :: colony adds=53 removes=56 | farm adds=17 | voice-eligible=5 | samples=421 | owner marks=1
						Lua 0:17:27:930
[mod] [C47R] ACK-ON(D02 wrapper installed, owner ruling — see the banner-path gate line) >>> LIVE ADD :: OpenFarm#15779 raised 'NotWorkingBuildings' (add #18 for this object) | buffer=225 of 5000 | reason=Consumption | ⭐ IF YOU SEE A BANNER OR HEAR A LINE NOW, TYPE C47.Saw("banner") OR C47.Heard("voice")
[C47R] ACK-ON(D02 wrapper installed, owner ruling — see the banner-path gate line) >>> LIVE ADD :: OpenFarm#15779 raised 'NotWorkingBuildings' (add #18 for this object) | buffer=225 of 5000 | reason=Consumption | ⭐ IF YOU SEE A BANNER OR HEAR A LINE NOW, TYPE C47.Saw("banner") OR C47.Heard("voice")
						Lua 0:17:36:931
[mod] [C47R] ACK-ON(D02 wrapper installed, owner ruling — see the banner-path gate line) >>> LIVE ADD :: OpenFarm#15779 raised 'NotWorkingBuildings' (add #19 for this object) | buffer=145 of 5000 | reason=Consumption | ⭐ IF YOU SEE A BANNER OR HEAR A LINE NOW, TYPE C47.Saw("banner") OR C47.Heard("voice")
[C47R] ACK-ON(D02 wrapper installed, owner ruling — see the banner-path gate line) >>> LIVE ADD :: OpenFarm#15779 raised 'NotWorkingBuildings' (add #19 for this object) | buffer=145 of 5000 | reason=Consumption | ⭐ IF YOU SEE A BANNER OR HEAR A LINE NOW, TYPE C47.Saw("banner") OR C47.Heard("voice")
						Lua 0:17:38:648
[mod] [C47R] CLOCK interim :: GameTime()=277147722 (384.92 sols since game start) | UIColony.day=386 hour=4 | speed=1x | RealTime()=1046049
[C47R] CLOCK interim :: GameTime()=277147722 (384.92 sols since game start) | UIColony.day=386 hour=4 | speed=1x | RealTime()=1046049
[mod] [C47R] ACK-ON(D02 wrapper installed, owner ruling — see the banner-path gate line) FARM OpenFarm#15779 :: buffer=145 (min 0, max 4245) of 5000 | crops now=Potato(600)/Rapeseed(100)/Wheat(400) | adds=19 removes=18 | drains=71 spending 50265 | working=false
[C47R] ACK-ON(D02 wrapper installed, owner ruling — see the banner-path gate line) FARM OpenFarm#15779 :: buffer=145 (min 0, max 4245) of 5000 | crops now=Potato(600)/Rapeseed(100)/Wheat(400) | adds=19 removes=18 | drains=71 spending 50265 | working=false
[mod] [C47R] ACK-ON(D02 wrapper installed, owner ruling — see the banner-path gate line) FARM OpenFarm#15974 :: buffer=3715 (min 1511, max 5000) of 5000 | crops now=Rapeseed(100)/Spinach(200)/Wheat(400) | adds=0 removes=0 | drains=67 spending 33935 | working=true
[C47R] ACK-ON(D02 wrapper installed, owner ruling — see the banner-path gate line) FARM OpenFarm#15974 :: buffer=3715 (min 1511, max 5000) of 5000 | crops now=Rapeseed(100)/Spinach(200)/Wheat(400) | adds=0 removes=0 | drains=67 spending 33935 | working=true
[mod] [C47R] ACK-ON(D02 wrapper installed, owner ruling — see the banner-path gate line) INTERIM :: colony adds=55 removes=57 | farm adds=19 | voice-eligible=6 | samples=481 | owner marks=1
[C47R] ACK-ON(D02 wrapper installed, owner ruling — see the banner-path gate line) INTERIM :: colony adds=55 removes=57 | farm adds=19 | voice-eligible=6 | samples=481 | owner marks=1
						Lua 0:17:54:930
[mod] [C47R] ACK-ON(D02 wrapper installed, owner ruling — see the banner-path gate line) >>> LIVE ADD :: OpenFarm#15779 raised 'NotWorkingBuildings' (add #20 for this object) | buffer=565 of 5000 | reason=Consumption | ⭐ IF YOU SEE A BANNER OR HEAR A LINE NOW, TYPE C47.Saw("banner") OR C47.Heard("voice")
[C47R] ACK-ON(D02 wrapper installed, owner ruling — see the banner-path gate line) >>> LIVE ADD :: OpenFarm#15779 raised 'NotWorkingBuildings' (add #20 for this object) | buffer=565 of 5000 | reason=Consumption | ⭐ IF YOU SEE A BANNER OR HEAR A LINE NOW, TYPE C47.Saw("banner") OR C47.Heard("voice")
						Lua 0:19:38:646
[mod] [C47R] CLOCK interim :: GameTime()=277468197 (385.37 sols since game start) | UIColony.day=386 hour=14 | speed=5x | RealTime()=1166049
[C47R] CLOCK interim :: GameTime()=277468197 (385.37 sols since game start) | UIColony.day=386 hour=14 | speed=5x | RealTime()=1166049
[mod] [C47R] ACK-ON(D02 wrapper installed, owner ruling — see the banner-path gate line) FARM OpenFarm#15779 :: buffer=2200 (min 0, max 4245) of 5000 | crops now=Potato(600)/Rapeseed(100)/Wheat(400) | adds=20 removes=20 | drains=85 spending 62010 | working=true
[C47R] ACK-ON(D02 wrapper installed, owner ruling — see the banner-path gate line) FARM OpenFarm#15779 :: buffer=2200 (min 0, max 4245) of 5000 | crops now=Potato(600)/Rapeseed(100)/Wheat(400) | adds=20 removes=20 | drains=85 spending 62010 | working=true
[mod] [C47R] ACK-ON(D02 wrapper installed, owner ruling — see the banner-path gate line) FARM OpenFarm#15974 :: buffer=3786 (min 1511, max 5000) of 5000 | crops now=Rapeseed(100)/Spinach(200)/Wheat(400) | adds=0 removes=0 | drains=83 spending 42129 | working=true
[C47R] ACK-ON(D02 wrapper installed, owner ruling — see the banner-path gate line) FARM OpenFarm#15974 :: buffer=3786 (min 1511, max 5000) of 5000 | crops now=Rapeseed(100)/Spinach(200)/Wheat(400) | adds=0 removes=0 | drains=83 spending 42129 | working=true
[mod] [C47R] ACK-ON(D02 wrapper installed, owner ruling — see the banner-path gate line) INTERIM :: colony adds=75 removes=78 | farm adds=20 | voice-eligible=8 | samples=541 | owner marks=1
[C47R] ACK-ON(D02 wrapper installed, owner ruling — see the banner-path gate line) INTERIM :: colony adds=75 removes=78 | farm adds=20 | voice-eligible=8 | samples=541 | owner marks=1
						Lua 0:19:48:008
[mod] [C47R] ACK-ON(D02 wrapper installed, owner ruling — see the banner-path gate line) >>> LIVE ADD :: OpenFarm#15779 raised 'NotWorkingBuildings' (add #21 for this object) | buffer=440 of 5000 | reason=Consumption | ⭐ IF YOU SEE A BANNER OR HEAR A LINE NOW, TYPE C47.Saw("banner") OR C47.Heard("voice")
[C47R] ACK-ON(D02 wrapper installed, owner ruling — see the banner-path gate line) >>> LIVE ADD :: OpenFarm#15779 raised 'NotWorkingBuildings' (add #21 for this object) | buffer=440 of 5000 | reason=Consumption | ⭐ IF YOU SEE A BANNER OR HEAR A LINE NOW, TYPE C47.Saw("banner") OR C47.Heard("voice")
						Lua 0:21:04:958
[mod] [C47R] REPORT SPAN :: game time 1925962 ms (64 game hours, 2.67 sols) | real time 1166311 ms | samples=584 | owner witness marks=1 | speed now=5x
[C47R] REPORT SPAN :: game time 1925962 ms (64 game hours, 2.67 sols) | real time 1166311 ms | samples=584 | owner witness marks=1 | speed now=5x
[mod] [C47R] ACK-ON(D02 wrapper installed, owner ruling — see the banner-path gate line) REPORT SUBJECT OpenFarm#15779 :: adds=21 removes=21 | buffer min=0 max=4245 (sum=1141255 over n=584) of 5000 | samples at ZERO=3 of 584 | refills=131 totalling 69555 | drains=95 totalling 68750 (mean spend 723 vs mean hex cost 366) | not-working samples=82, reason='Consumption'=82 | voice-eligible SHIPPED=3 perobject-model=7
[C47R] ACK-ON(D02 wrapper installed, owner ruling — see the banner-path gate line) REPORT SUBJECT OpenFarm#15779 :: adds=21 removes=21 | buffer min=0 max=4245 (sum=1141255 over n=584) of 5000 | samples at ZERO=3 of 584 | refills=131 totalling 69555 | drains=95 totalling 68750 (mean spend 723 vs mean hex cost 366) | not-working samples=82, reason='Consumption'=82 | voice-eligible SHIPPED=3 perobject-model=7
[mod] [C47R] ACK-ON(D02 wrapper installed, owner ruling — see the banner-path gate line) REPORT SUBJECT OpenFarm#15779 :: implied-hex histogram (hexes x drain events): 0x12, 1x34, 2x16, 3x19, 4x5, 5x8, 6x1 — the unattended runs measured ~2.2 on a fully planted farm against C47's assumed 4
[C47R] ACK-ON(D02 wrapper installed, owner ruling — see the banner-path gate line) REPORT SUBJECT OpenFarm#15779 :: implied-hex histogram (hexes x drain events): 0x12, 1x34, 2x16, 3x19, 4x5, 5x8, 6x1 — the unattended runs measured ~2.2 on a fully planted farm against C47's assumed 4
[mod] [C47R] ACK-ON(D02 wrapper installed, owner ruling — see the banner-path gate line) REPORT SUBJECT OpenFarm#15974 :: adds=0 removes=0 | buffer min=1511 max=5000 (sum=2006060 over n=584) of 5000 | samples at ZERO=0 of 584 | refills=94 totalling 49894 | drains=93 totalling 49724 (mean spend 534 vs mean hex cost 233) | not-working samples=0, reason='Consumption'=0 | voice-eligible SHIPPED=0 perobject-model=0
[C47R] ACK-ON(D02 wrapper installed, owner ruling — see the banner-path gate line) REPORT SUBJECT OpenFarm#15974 :: adds=0 removes=0 | buffer min=1511 max=5000 (sum=2006060 over n=584) of 5000 | samples at ZERO=0 of 584 | refills=94 totalling 49894 | drains=93 totalling 49724 (mean spend 534 vs mean hex cost 233) | not-working samples=0, reason='Consumption'=0 | voice-eligible SHIPPED=0 perobject-model=0
						Lua 0:21:04:959
[mod] [C47R] ACK-ON(D02 wrapper installed, owner ruling — see the banner-path gate line) REPORT SUBJECT OpenFarm#15974 :: implied-hex histogram (hexes x drain events): 0x8, 1x25, 2x16, 3x26, 4x10, 5x7, 7x1 — the unattended runs measured ~2.2 on a fully planted farm against C47's assumed 4
[C47R] ACK-ON(D02 wrapper installed, owner ruling — see the banner-path gate line) REPORT SUBJECT OpenFarm#15974 :: implied-hex histogram (hexes x drain events): 0x8, 1x25, 2x16, 3x26, 4x10, 5x7, 7x1 — the unattended runs measured ~2.2 on a fully planted farm against C47's assumed 4
[mod] [C47R] ACK-ON(D02 wrapper installed, owner ruling — see the banner-path gate line) REPORT CONTROL ForestationPlant#2793 :: adds=0 removes=0 | buffer min=8903 max=9263 (sum=5326572 over n=584) of 10000 | samples at ZERO=0 of 584 | refills=9 totalling 2520 | drains=23 totalling 2350 (mean spend 102 vs mean hex cost 116) | not-working samples=0, reason='Consumption'=0 | voice-eligible SHIPPED=0 perobject-model=0
[C47R] ACK-ON(D02 wrapper installed, owner ruling — see the banner-path gate line) REPORT CONTROL ForestationPlant#2793 :: adds=0 removes=0 | buffer min=8903 max=9263 (sum=5326572 over n=584) of 10000 | samples at ZERO=0 of 584 | refills=9 totalling 2520 | drains=23 totalling 2350 (mean spend 102 vs mean hex cost 116) | not-working samples=0, reason='Consumption'=0 | voice-eligible SHIPPED=0 perobject-model=0
[mod] [C47R] ACK-ON(D02 wrapper installed, owner ruling — see the banner-path gate line) REPORT CONTROL ForestationPlant#2793 :: implied-hex histogram (hexes x drain events): 1x23 — the unattended runs measured ~2.2 on a fully planted farm against C47's assumed 4
[C47R] ACK-ON(D02 wrapper installed, owner ruling — see the banner-path gate line) REPORT CONTROL ForestationPlant#2793 :: implied-hex histogram (hexes x drain events): 1x23 — the unattended runs measured ~2.2 on a fully planted farm against C47's assumed 4
[mod] [C47R] ACK-ON(D02 wrapper installed, owner ruling — see the banner-path gate line) REPORT CONTROL ForestationPlant#3790 :: adds=2 removes=2 | buffer min=8903 max=9273 (sum=5340062 over n=584) of 10000 | samples at ZERO=0 of 584 | refills=10 totalling 2700 | drains=27 totalling 2750 (mean spend 101 vs mean hex cost 116) | not-working samples=4, reason='Consumption'=0 | voice-eligible SHIPPED=1 perobject-model=1
[C47R] ACK-ON(D02 wrapper installed, owner ruling — see the banner-path gate line) REPORT CONTROL ForestationPlant#3790 :: adds=2 removes=2 | buffer min=8903 max=9273 (sum=5340062 over n=584) of 10000 | samples at ZERO=0 of 584 | refills=10 totalling 2700 | drains=27 totalling 2750 (mean spend 101 vs mean hex cost 116) | not-working samples=4, reason='Consumption'=0 | voice-eligible SHIPPED=1 perobject-model=1
[mod] [C47R] ACK-ON(D02 wrapper installed, owner ruling — see the banner-path gate line) REPORT CONTROL ForestationPlant#3790 :: implied-hex histogram (hexes x drain events): 1x27 — the unattended runs measured ~2.2 on a fully planted farm against C47's assumed 4
[C47R] ACK-ON(D02 wrapper installed, owner ruling — see the banner-path gate line) REPORT CONTROL ForestationPlant#3790 :: implied-hex histogram (hexes x drain events): 1x27 — the unattended runs measured ~2.2 on a fully planted farm against C47's assumed 4
[mod] [C47R] ACK-ON(D02 wrapper installed, owner ruling — see the banner-path gate line) REPORT CONTROL ForestationPlant#4089 :: adds=0 removes=0 | buffer min=8866 max=9276 (sum=5308854 over n=584) of 10000 | samples at ZERO=0 of 584 | refills=9 totalling 2520 | drains=22 totalling 2600 (mean spend 118 vs mean hex cost 116) | not-working samples=0, reason='Consumption'=0 | voice-eligible SHIPPED=0 perobject-model=0
[C47R] ACK-ON(D02 wrapper installed, owner ruling — see the banner-path gate line) REPORT CONTROL ForestationPlant#4089 :: adds=0 removes=0 | buffer min=8866 max=9276 (sum=5308854 over n=584) of 10000 | samples at ZERO=0 of 584 | refills=9 totalling 2520 | drains=22 totalling 2600 (mean spend 118 vs mean hex cost 116) | not-working samples=0, reason='Consumption'=0 | voice-eligible SHIPPED=0 perobject-model=0
[mod] [C47R] ACK-ON(D02 wrapper installed, owner ruling — see the banner-path gate line) REPORT CONTROL ForestationPlant#4089 :: implied-hex histogram (hexes x drain events): 1x22 — the unattended runs measured ~2.2 on a fully planted farm against C47's assumed 4
[C47R] ACK-ON(D02 wrapper installed, owner ruling — see the banner-path gate line) REPORT CONTROL ForestationPlant#4089 :: implied-hex histogram (hexes x drain events): 1x22 — the unattended runs measured ~2.2 on a fully planted farm against C47's assumed 4
[mod] [C47R] ACK-ON(D02 wrapper installed, owner ruling — see the banner-path gate line) REPORT CONTROL ForestationPlant#6324 :: adds=0 removes=0 | buffer min=8940 max=10000 (sum=5512364 over n=584) of 10000 | samples at ZERO=0 of 584 | refills=8 totalling 3268 | drains=32 totalling 3200 (mean spend 100 vs mean hex cost 250) | not-working samples=0, reason='Consumption'=0 | voice-eligible SHIPPED=0 perobject-model=0
[C47R] ACK-ON(D02 wrapper installed, owner ruling — see the banner-path gate line) REPORT CONTROL ForestationPlant#6324 :: adds=0 removes=0 | buffer min=8940 max=10000 (sum=5512364 over n=584) of 10000 | samples at ZERO=0 of 584 | refills=8 totalling 3268 | drains=32 totalling 3200 (mean spend 100 vs mean hex cost 250) | not-working samples=0, reason='Consumption'=0 | voice-eligible SHIPPED=0 perobject-model=0
[mod] [C47R] ACK-ON(D02 wrapper installed, owner ruling — see the banner-path gate line) REPORT CONTROL ForestationPlant#6324 :: implied-hex histogram (hexes x drain events): 0x32 — the unattended runs measured ~2.2 on a fully planted farm against C47's assumed 4
[C47R] ACK-ON(D02 wrapper installed, owner ruling — see the banner-path gate line) REPORT CONTROL ForestationPlant#6324 :: implied-hex histogram (hexes x drain events): 0x32 — the unattended runs measured ~2.2 on a fully planted farm against C47's assumed 4
[mod] [C47R] ACK-ON(D02 wrapper installed, owner ruling — see the banner-path gate line) REPORT CONTROL ForestationPlant#6325 :: adds=0 removes=0 | buffer min=8520 max=10000 (sum=5450540 over n=584) of 10000 | samples at ZERO=0 of 584 | refills=23 totalling 16000 | drains=32 totalling 16000 (mean spend 500 vs mean hex cost 250) | not-working samples=0, reason='Consumption'=0 | voice-eligible SHIPPED=0 perobject-model=0
[C47R] ACK-ON(D02 wrapper installed, owner ruling — see the banner-path gate line) REPORT CONTROL ForestationPlant#6325 :: adds=0 removes=0 | buffer min=8520 max=10000 (sum=5450540 over n=584) of 10000 | samples at ZERO=0 of 584 | refills=23 totalling 16000 | drains=32 totalling 16000 (mean spend 500 vs mean hex cost 250) | not-working samples=0, reason='Consumption'=0 | voice-eligible SHIPPED=0 perobject-model=0
[mod] [C47R] ACK-ON(D02 wrapper installed, owner ruling — see the banner-path gate line) REPORT CONTROL ForestationPlant#6325 :: implied-hex histogram (hexes x drain events): 2x32 — the unattended runs measured ~2.2 on a fully planted farm against C47's assumed 4
[C47R] ACK-ON(D02 wrapper installed, owner ruling — see the banner-path gate line) REPORT CONTROL ForestationPlant#6325 :: implied-hex histogram (hexes x drain events): 2x32 — the unattended runs measured ~2.2 on a fully planted farm against C47's assumed 4
[mod] [C47R] ACK-ON(D02 wrapper installed, owner ruling — see the banner-path gate line) REPORT CONTROL ForestationPlant#6620 :: adds=0 removes=0 | buffer min=8915 max=9307 (sum=5319248 over n=584) of 10000 | samples at ZERO=0 of 584 | refills=94 totalling 2238 | drains=22 totalling 2286 (mean spend 103 vs mean hex cost 116) | not-working samples=0, reason='Consumption'=0 | voice-eligible SHIPPED=0 perobject-model=0
[C47R] ACK-ON(D02 wrapper installed, owner ruling — see the banner-path gate line) REPORT CONTROL ForestationPlant#6620 :: adds=0 removes=0 | buffer min=8915 max=9307 (sum=5319248 over n=584) of 10000 | samples at ZERO=0 of 584 | refills=94 totalling 2238 | drains=22 totalling 2286 (mean spend 103 vs mean hex cost 116) | not-working samples=0, reason='Consumption'=0 | voice-eligible SHIPPED=0 perobject-model=0
[mod] [C47R] ACK-ON(D02 wrapper installed, owner ruling — see the banner-path gate line) REPORT CONTROL ForestationPlant#6620 :: implied-hex histogram (hexes x drain events): 1x22 — the unattended runs measured ~2.2 on a fully planted farm against C47's assumed 4
[C47R] ACK-ON(D02 wrapper installed, owner ruling — see the banner-path gate line) REPORT CONTROL ForestationPlant#6620 :: implied-hex histogram (hexes x drain events): 1x22 — the unattended runs measured ~2.2 on a fully planted farm against C47's assumed 4
[mod] [C47R] ACK-ON(D02 wrapper installed, owner ruling — see the banner-path gate line) REPORT CONTROL ForestationPlant#6622 :: adds=0 removes=0 | buffer min=8918 max=9292 (sum=5331238 over n=584) of 10000 | samples at ZERO=0 of 584 | refills=96 totalling 3004 | drains=32 totalling 3146 (mean spend 98 vs mean hex cost 116) | not-working samples=0, reason='Consumption'=0 | voice-eligible SHIPPED=0 perobject-model=0
[C47R] ACK-ON(D02 wrapper installed, owner ruling — see the banner-path gate line) REPORT CONTROL ForestationPlant#6622 :: adds=0 removes=0 | buffer min=8918 max=9292 (sum=5331238 over n=584) of 10000 | samples at ZERO=0 of 584 | refills=96 totalling 3004 | drains=32 totalling 3146 (mean spend 98 vs mean hex cost 116) | not-working samples=0, reason='Consumption'=0 | voice-eligible SHIPPED=0 perobject-model=0
[mod] [C47R] ACK-ON(D02 wrapper installed, owner ruling — see the banner-path gate line) REPORT CONTROL ForestationPlant#6622 :: implied-hex histogram (hexes x drain events): 1x32 — the unattended runs measured ~2.2 on a fully planted farm against C47's assumed 4
[C47R] ACK-ON(D02 wrapper installed, owner ruling — see the banner-path gate line) REPORT CONTROL ForestationPlant#6622 :: implied-hex histogram (hexes x drain events): 1x32 — the unattended runs measured ~2.2 on a fully planted farm against C47's assumed 4
[mod] [C47R] ACK-ON(D02 wrapper installed, owner ruling — see the banner-path gate line) REPORT CONTROL ForestationPlant#6836 :: adds=0 removes=0 | buffer min=8863 max=9271 (sum=5298392 over n=584) of 10000 | samples at ZERO=0 of 584 | refills=96 totalling 4670 | drains=32 totalling 4734 (mean spend 147 vs mean hex cost 116) | not-working samples=0, reason='Consumption'=0 | voice-eligible SHIPPED=0 perobject-model=0
[C47R] ACK-ON(D02 wrapper installed, owner ruling — see the banner-path gate line) REPORT CONTROL ForestationPlant#6836 :: adds=0 removes=0 | buffer min=8863 max=9271 (sum=5298392 over n=584) of 10000 | samples at ZERO=0 of 584 | refills=96 totalling 4670 | drains=32 totalling 4734 (mean spend 147 vs mean hex cost 116) | not-working samples=0, reason='Consumption'=0 | voice-eligible SHIPPED=0 perobject-model=0
[mod] [C47R] ACK-ON(D02 wrapper installed, owner ruling — see the banner-path gate line) REPORT CONTROL ForestationPlant#6836 :: implied-hex histogram (hexes x drain events): 1x32 — the unattended runs measured ~2.2 on a fully planted farm against C47's assumed 4
[C47R] ACK-ON(D02 wrapper installed, owner ruling — see the banner-path gate line) REPORT CONTROL ForestationPlant#6836 :: implied-hex histogram (hexes x drain events): 1x32 — the unattended runs measured ~2.2 on a fully planted farm against C47's assumed 4
[mod] [C47R] ACK-ON(D02 wrapper installed, owner ruling — see the banner-path gate line) REPORT CONTROL ForestationPlant#6958 :: adds=0 removes=0 | buffer min=8919 max=9295 (sum=5307424 over n=584) of 10000 | samples at ZERO=0 of 584 | refills=93 totalling 3290 | drains=32 totalling 3142 (mean spend 98 vs mean hex cost 116) | not-working samples=0, reason='Consumption'=0 | voice-eligible SHIPPED=0 perobject-model=0
[C47R] ACK-ON(D02 wrapper installed, owner ruling — see the banner-path gate line) REPORT CONTROL ForestationPlant#6958 :: adds=0 removes=0 | buffer min=8919 max=9295 (sum=5307424 over n=584) of 10000 | samples at ZERO=0 of 584 | refills=93 totalling 3290 | drains=32 totalling 3142 (mean spend 98 vs mean hex cost 116) | not-working samples=0, reason='Consumption'=0 | voice-eligible SHIPPED=0 perobject-model=0
[mod] [C47R] ACK-ON(D02 wrapper installed, owner ruling — see the banner-path gate line) REPORT CONTROL ForestationPlant#6958 :: implied-hex histogram (hexes x drain events): 1x32 — the unattended runs measured ~2.2 on a fully planted farm against C47's assumed 4
[C47R] ACK-ON(D02 wrapper installed, owner ruling — see the banner-path gate line) REPORT CONTROL ForestationPlant#6958 :: implied-hex histogram (hexes x drain events): 1x32 — the unattended runs measured ~2.2 on a fully planted farm against C47's assumed 4
[mod] [C47R] ACK-ON(D02 wrapper installed, owner ruling — see the banner-path gate line) REPORT CONTROL ForestationPlant#7004 :: adds=0 removes=0 | buffer min=8855 max=9265 (sum=5301670 over n=584) of 10000 | samples at ZERO=0 of 584 | refills=9 totalling 2520 | drains=26 totalling 2650 (mean spend 101 vs mean hex cost 116) | not-working samples=0, reason='Consumption'=0 | voice-eligible SHIPPED=0 perobject-model=0
[C47R] ACK-ON(D02 wrapper installed, owner ruling — see the banner-path gate line) REPORT CONTROL ForestationPlant#7004 :: adds=0 removes=0 | buffer min=8855 max=9265 (sum=5301670 over n=584) of 10000 | samples at ZERO=0 of 584 | refills=9 totalling 2520 | drains=26 totalling 2650 (mean spend 101 vs mean hex cost 116) | not-working samples=0, reason='Consumption'=0 | voice-eligible SHIPPED=0 perobject-model=0
[mod] [C47R] ACK-ON(D02 wrapper installed, owner ruling — see the banner-path gate line) REPORT CONTROL ForestationPlant#7004 :: implied-hex histogram (hexes x drain events): 1x26 — the unattended runs measured ~2.2 on a fully planted farm against C47's assumed 4
[C47R] ACK-ON(D02 wrapper installed, owner ruling — see the banner-path gate line) REPORT CONTROL ForestationPlant#7004 :: implied-hex histogram (hexes x drain events): 1x26 — the unattended runs measured ~2.2 on a fully planted farm against C47's assumed 4
[mod] [C47R] ACK-ON(D02 wrapper installed, owner ruling — see the banner-path gate line) REPORT CONTROL ForestationPlant#7016 :: adds=0 removes=0 | buffer min=8910 max=10000 (sum=5471990 over n=584) of 10000 | samples at ZERO=0 of 584 | refills=8 totalling 3400 | drains=28 totalling 3300 (mean spend 117 vs mean hex cost 250) | not-working samples=0, reason='Consumption'=0 | voice-eligible SHIPPED=0 perobject-model=0
[C47R] ACK-ON(D02 wrapper installed, owner ruling — see the banner-path gate line) REPORT CONTROL ForestationPlant#7016 :: adds=0 removes=0 | buffer min=8910 max=10000 (sum=5471990 over n=584) of 10000 | samples at ZERO=0 of 584 | refills=8 totalling 3400 | drains=28 totalling 3300 (mean spend 117 vs mean hex cost 250) | not-working samples=0, reason='Consumption'=0 | voice-eligible SHIPPED=0 perobject-model=0
[mod] [C47R] ACK-ON(D02 wrapper installed, owner ruling — see the banner-path gate line) REPORT CONTROL ForestationPlant#7016 :: implied-hex histogram (hexes x drain events): 0x18, 1x10 — the unattended runs measured ~2.2 on a fully planted farm against C47's assumed 4
[C47R] ACK-ON(D02 wrapper installed, owner ruling — see the banner-path gate line) REPORT CONTROL ForestationPlant#7016 :: implied-hex histogram (hexes x drain events): 0x18, 1x10 — the unattended runs measured ~2.2 on a fully planted farm against C47's assumed 4
[mod] [C47R] ACK-ON(D02 wrapper installed, owner ruling — see the banner-path gate line) REPORT CONTROL ForestationPlant#14623 :: adds=0 removes=0 | buffer min=8262 max=9262 (sum=5289108 over n=584) of 10000 | samples at ZERO=0 of 584 | refills=37 totalling 15680 | drains=32 totalling 15720 (mean spend 491 vs mean hex cost 250) | not-working samples=0, reason='Consumption'=0 | voice-eligible SHIPPED=0 perobject-model=0
[C47R] ACK-ON(D02 wrapper installed, owner ruling — see the banner-path gate line) REPORT CONTROL ForestationPlant#14623 :: adds=0 removes=0 | buffer min=8262 max=9262 (sum=5289108 over n=584) of 10000 | samples at ZERO=0 of 584 | refills=37 totalling 15680 | drains=32 totalling 15720 (mean spend 491 vs mean hex cost 250) | not-working samples=0, reason='Consumption'=0 | voice-eligible SHIPPED=0 perobject-model=0
[mod] [C47R] ACK-ON(D02 wrapper installed, owner ruling — see the banner-path gate line) REPORT CONTROL ForestationPlant#14623 :: implied-hex histogram (hexes x drain events): 1x1, 2x31 — the unattended runs measured ~2.2 on a fully planted farm against C47's assumed 4
[C47R] ACK-ON(D02 wrapper installed, owner ruling — see the banner-path gate line) REPORT CONTROL ForestationPlant#14623 :: implied-hex histogram (hexes x drain events): 1x1, 2x31 — the unattended runs measured ~2.2 on a fully planted farm against C47's assumed 4
[mod] [C47R] ACK-ON(D02 wrapper installed, owner ruling — see the banner-path gate line) REPORT CONTROL ForestationPlant#14625 :: adds=0 removes=0 | buffer min=8503 max=9263 (sum=5258912 over n=584) of 10000 | samples at ZERO=0 of 584 | refills=50 totalling 15960 | drains=32 totalling 16000 (mean spend 500 vs mean hex cost 250) | not-working samples=0, reason='Consumption'=0 | voice-eligible SHIPPED=0 perobject-model=0
[C47R] ACK-ON(D02 wrapper installed, owner ruling — see the banner-path gate line) REPORT CONTROL ForestationPlant#14625 :: adds=0 removes=0 | buffer min=8503 max=9263 (sum=5258912 over n=584) of 10000 | samples at ZERO=0 of 584 | refills=50 totalling 15960 | drains=32 totalling 16000 (mean spend 500 vs mean hex cost 250) | not-working samples=0, reason='Consumption'=0 | voice-eligible SHIPPED=0 perobject-model=0
[mod] [C47R] ACK-ON(D02 wrapper installed, owner ruling — see the banner-path gate line) REPORT CONTROL ForestationPlant#14625 :: implied-hex histogram (hexes x drain events): 2x32 — the unattended runs measured ~2.2 on a fully planted farm against C47's assumed 4
[C47R] ACK-ON(D02 wrapper installed, owner ruling — see the banner-path gate line) REPORT CONTROL ForestationPlant#14625 :: implied-hex histogram (hexes x drain events): 2x32 — the unattended runs measured ~2.2 on a fully planted farm against C47's assumed 4
[mod] [C47R] ACK-ON(D02 wrapper installed, owner ruling — see the banner-path gate line) REPORT CONTROL ForestationPlant#14627 :: adds=0 removes=0 | buffer min=8510 max=9270 (sum=5229100 over n=584) of 10000 | samples at ZERO=0 of 584 | refills=37 totalling 16240 | drains=32 totalling 16000 (mean spend 500 vs mean hex cost 250) | not-working samples=0, reason='Consumption'=0 | voice-eligible SHIPPED=0 perobject-model=0
[C47R] ACK-ON(D02 wrapper installed, owner ruling — see the banner-path gate line) REPORT CONTROL ForestationPlant#14627 :: adds=0 removes=0 | buffer min=8510 max=9270 (sum=5229100 over n=584) of 10000 | samples at ZERO=0 of 584 | refills=37 totalling 16240 | drains=32 totalling 16000 (mean spend 500 vs mean hex cost 250) | not-working samples=0, reason='Consumption'=0 | voice-eligible SHIPPED=0 perobject-model=0
[mod] [C47R] ACK-ON(D02 wrapper installed, owner ruling — see the banner-path gate line) REPORT CONTROL ForestationPlant#14627 :: implied-hex histogram (hexes x drain events): 2x32 — the unattended runs measured ~2.2 on a fully planted farm against C47's assumed 4
[C47R] ACK-ON(D02 wrapper installed, owner ruling — see the banner-path gate line) REPORT CONTROL ForestationPlant#14627 :: implied-hex histogram (hexes x drain events): 2x32 — the unattended runs measured ~2.2 on a fully planted farm against C47's assumed 4
[mod] [C47R] ACK-ON(D02 wrapper installed, owner ruling — see the banner-path gate line) REPORT CONTROL ForestationPlant#14628 :: adds=0 removes=0 | buffer min=8516 max=9276 (sum=5282804 over n=584) of 10000 | samples at ZERO=0 of 584 | refills=35 totalling 15400 | drains=32 totalling 15440 (mean spend 482 vs mean hex cost 250) | not-working samples=0, reason='Consumption'=0 | voice-eligible SHIPPED=0 perobject-model=0
[C47R] ACK-ON(D02 wrapper installed, owner ruling — see the banner-path gate line) REPORT CONTROL ForestationPlant#14628 :: adds=0 removes=0 | buffer min=8516 max=9276 (sum=5282804 over n=584) of 10000 | samples at ZERO=0 of 584 | refills=35 totalling 15400 | drains=32 totalling 15440 (mean spend 482 vs mean hex cost 250) | not-working samples=0, reason='Consumption'=0 | voice-eligible SHIPPED=0 perobject-model=0
[mod] [C47R] ACK-ON(D02 wrapper installed, owner ruling — see the banner-path gate line) REPORT CONTROL ForestationPlant#14628 :: implied-hex histogram (hexes x drain events): 1x2, 2x30 — the unattended runs measured ~2.2 on a fully planted farm against C47's assumed 4
[C47R] ACK-ON(D02 wrapper installed, owner ruling — see the banner-path gate line) REPORT CONTROL ForestationPlant#14628 :: implied-hex histogram (hexes x drain events): 1x2, 2x30 — the unattended runs measured ~2.2 on a fully planted farm against C47's assumed 4
[mod] [C47R] ACK-ON(D02 wrapper installed, owner ruling — see the banner-path gate line) REPORT CONTROL ForestationPlant#14629 :: adds=0 removes=0 | buffer min=8517 max=9277 (sum=5255788 over n=584) of 10000 | samples at ZERO=0 of 584 | refills=45 totalling 15960 | drains=32 totalling 16000 (mean spend 500 vs mean hex cost 250) | not-working samples=0, reason='Consumption'=0 | voice-eligible SHIPPED=0 perobject-model=0
[C47R] ACK-ON(D02 wrapper installed, owner ruling — see the banner-path gate line) REPORT CONTROL ForestationPlant#14629 :: adds=0 removes=0 | buffer min=8517 max=9277 (sum=5255788 over n=584) of 10000 | samples at ZERO=0 of 584 | refills=45 totalling 15960 | drains=32 totalling 16000 (mean spend 500 vs mean hex cost 250) | not-working samples=0, reason='Consumption'=0 | voice-eligible SHIPPED=0 perobject-model=0
[mod] [C47R] ACK-ON(D02 wrapper installed, owner ruling — see the banner-path gate line) REPORT CONTROL ForestationPlant#14629 :: implied-hex histogram (hexes x drain events): 2x32 — the unattended runs measured ~2.2 on a fully planted farm against C47's assumed 4
[C47R] ACK-ON(D02 wrapper installed, owner ruling — see the banner-path gate line) REPORT CONTROL ForestationPlant#14629 :: implied-hex histogram (hexes x drain events): 2x32 — the unattended runs measured ~2.2 on a fully planted farm against C47's assumed 4
[mod] [C47R] ACK-ON(D02 wrapper installed, owner ruling — see the banner-path gate line) REPORT CONTROL ForestationPlant#15043 :: adds=0 removes=0 | buffer min=8517 max=9317 (sum=5267128 over n=584) of 10000 | samples at ZERO=0 of 584 | refills=53 totalling 15880 | drains=33 totalling 16500 (mean spend 500 vs mean hex cost 250) | not-working samples=0, reason='Consumption'=0 | voice-eligible SHIPPED=0 perobject-model=0
[C47R] ACK-ON(D02 wrapper installed, owner ruling — see the banner-path gate line) REPORT CONTROL ForestationPlant#15043 :: adds=0 removes=0 | buffer min=8517 max=9317 (sum=5267128 over n=584) of 10000 | samples at ZERO=0 of 584 | refills=53 totalling 15880 | drains=33 totalling 16500 (mean spend 500 vs mean hex cost 250) | not-working samples=0, reason='Consumption'=0 | voice-eligible SHIPPED=0 perobject-model=0
[mod] [C47R] ACK-ON(D02 wrapper installed, owner ruling — see the banner-path gate line) REPORT CONTROL ForestationPlant#15043 :: implied-hex histogram (hexes x drain events): 2x33 — the unattended runs measured ~2.2 on a fully planted farm against C47's assumed 4
[C47R] ACK-ON(D02 wrapper installed, owner ruling — see the banner-path gate line) REPORT CONTROL ForestationPlant#15043 :: implied-hex histogram (hexes x drain events): 2x33 — the unattended runs measured ~2.2 on a fully planted farm against C47's assumed 4
[mod] [C47R] ACK-ON(D02 wrapper installed, owner ruling — see the banner-path gate line) REPORT CONTROL ForestationPlant#15047 :: adds=0 removes=0 | buffer min=8575 max=9295 (sum=5233380 over n=584) of 10000 | samples at ZERO=0 of 584 | refills=69 totalling 15600 | drains=32 totalling 15720 (mean spend 491 vs mean hex cost 250) | not-working samples=0, reason='Consumption'=0 | voice-eligible SHIPPED=0 perobject-model=0
[C47R] ACK-ON(D02 wrapper installed, owner ruling — see the banner-path gate line) REPORT CONTROL ForestationPlant#15047 :: adds=0 removes=0 | buffer min=8575 max=9295 (sum=5233380 over n=584) of 10000 | samples at ZERO=0 of 584 | refills=69 totalling 15600 | drains=32 totalling 15720 (mean spend 491 vs mean hex cost 250) | not-working samples=0, reason='Consumption'=0 | voice-eligible SHIPPED=0 perobject-model=0
[mod] [C47R] ACK-ON(D02 wrapper installed, owner ruling — see the banner-path gate line) REPORT CONTROL ForestationPlant#15047 :: implied-hex histogram (hexes x drain events): 2x32 — the unattended runs measured ~2.2 on a fully planted farm against C47's assumed 4
[C47R] ACK-ON(D02 wrapper installed, owner ruling — see the banner-path gate line) REPORT CONTROL ForestationPlant#15047 :: implied-hex histogram (hexes x drain events): 2x32 — the unattended runs measured ~2.2 on a fully planted farm against C47's assumed 4
[mod] [C47R] ACK-ON(D02 wrapper installed, owner ruling — see the banner-path gate line) REPORT CONTROL ForestationPlant#15050 :: adds=0 removes=0 | buffer min=8880 max=9320 (sum=5320630 over n=584) of 10000 | samples at ZERO=0 of 584 | refills=34 totalling 4610 | drains=31 totalling 4410 (mean spend 142 vs mean hex cost 250) | not-working samples=0, reason='Consumption'=0 | voice-eligible SHIPPED=0 perobject-model=0
[C47R] ACK-ON(D02 wrapper installed, owner ruling — see the banner-path gate line) REPORT CONTROL ForestationPlant#15050 :: adds=0 removes=0 | buffer min=8880 max=9320 (sum=5320630 over n=584) of 10000 | samples at ZERO=0 of 584 | refills=34 totalling 4610 | drains=31 totalling 4410 (mean spend 142 vs mean hex cost 250) | not-working samples=0, reason='Consumption'=0 | voice-eligible SHIPPED=0 perobject-model=0
[mod] [C47R] ACK-ON(D02 wrapper installed, owner ruling — see the banner-path gate line) REPORT CONTROL ForestationPlant#15050 :: implied-hex histogram (hexes x drain events): 0x6, 1x25 — the unattended runs measured ~2.2 on a fully planted farm against C47's assumed 4
[C47R] ACK-ON(D02 wrapper installed, owner ruling — see the banner-path gate line) REPORT CONTROL ForestationPlant#15050 :: implied-hex histogram (hexes x drain events): 0x6, 1x25 — the unattended runs measured ~2.2 on a fully planted farm against C47's assumed 4
[mod] [C47R] ACK-ON(D02 wrapper installed, owner ruling — see the banner-path gate line) REPORT CONTROL ForestationPlant#15052 :: adds=0 removes=0 | buffer min=8556 max=9316 (sum=5299484 over n=584) of 10000 | samples at ZERO=0 of 584 | refills=54 totalling 14040 | drains=32 totalling 14160 (mean spend 442 vs mean hex cost 250) | not-working samples=0, reason='Consumption'=0 | voice-eligible SHIPPED=0 perobject-model=0
[C47R] ACK-ON(D02 wrapper installed, owner ruling — see the banner-path gate line) REPORT CONTROL ForestationPlant#15052 :: adds=0 removes=0 | buffer min=8556 max=9316 (sum=5299484 over n=584) of 10000 | samples at ZERO=0 of 584 | refills=54 totalling 14040 | drains=32 totalling 14160 (mean spend 442 vs mean hex cost 250) | not-working samples=0, reason='Consumption'=0 | voice-eligible SHIPPED=0 perobject-model=0
[mod] [C47R] ACK-ON(D02 wrapper installed, owner ruling — see the banner-path gate line) REPORT CONTROL ForestationPlant#15052 :: implied-hex histogram (hexes x drain events): 1x6, 2x26 — the unattended runs measured ~2.2 on a fully planted farm against C47's assumed 4
[C47R] ACK-ON(D02 wrapper installed, owner ruling — see the banner-path gate line) REPORT CONTROL ForestationPlant#15052 :: implied-hex histogram (hexes x drain events): 1x6, 2x26 — the unattended runs measured ~2.2 on a fully planted farm against C47's assumed 4
[mod] [C47R] ACK-ON(D02 wrapper installed, owner ruling — see the banner-path gate line) REPORT CONTROL ForestationPlant#15098 :: adds=0 removes=0 | buffer min=8522 max=9242 (sum=5245028 over n=584) of 10000 | samples at ZERO=0 of 584 | refills=61 totalling 15680 | drains=32 totalling 15760 (mean spend 492 vs mean hex cost 250) | not-working samples=0, reason='Consumption'=0 | voice-eligible SHIPPED=0 perobject-model=0
[C47R] ACK-ON(D02 wrapper installed, owner ruling — see the banner-path gate line) REPORT CONTROL ForestationPlant#15098 :: adds=0 removes=0 | buffer min=8522 max=9242 (sum=5245028 over n=584) of 10000 | samples at ZERO=0 of 584 | refills=61 totalling 15680 | drains=32 totalling 15760 (mean spend 492 vs mean hex cost 250) | not-working samples=0, reason='Consumption'=0 | voice-eligible SHIPPED=0 perobject-model=0
[mod] [C47R] ACK-ON(D02 wrapper installed, owner ruling — see the banner-path gate line) REPORT CONTROL ForestationPlant#15098 :: implied-hex histogram (hexes x drain events): 2x32 — the unattended runs measured ~2.2 on a fully planted farm against C47's assumed 4
[C47R] ACK-ON(D02 wrapper installed, owner ruling — see the banner-path gate line) REPORT CONTROL ForestationPlant#15098 :: implied-hex histogram (hexes x drain events): 2x32 — the unattended runs measured ~2.2 on a fully planted farm against C47's assumed 4
[mod] [C47R] ACK-ON(D02 wrapper installed, owner ruling — see the banner-path gate line) REPORT CONTROL ForestationPlant#15099 :: adds=0 removes=0 | buffer min=8519 max=9319 (sum=5249776 over n=584) of 10000 | samples at ZERO=0 of 584 | refills=69 totalling 16040 | drains=32 totalling 15840 (mean spend 495 vs mean hex cost 250) | not-working samples=0, reason='Consumption'=0 | voice-eligible SHIPPED=0 perobject-model=0
[C47R] ACK-ON(D02 wrapper installed, owner ruling — see the banner-path gate line) REPORT CONTROL ForestationPlant#15099 :: adds=0 removes=0 | buffer min=8519 max=9319 (sum=5249776 over n=584) of 10000 | samples at ZERO=0 of 584 | refills=69 totalling 16040 | drains=32 totalling 15840 (mean spend 495 vs mean hex cost 250) | not-working samples=0, reason='Consumption'=0 | voice-eligible SHIPPED=0 perobject-model=0
[mod] [C47R] ACK-ON(D02 wrapper installed, owner ruling — see the banner-path gate line) REPORT CONTROL ForestationPlant#15099 :: implied-hex histogram (hexes x drain events): 2x32 — the unattended runs measured ~2.2 on a fully planted farm against C47's assumed 4						Lua 0:21:04:960

[C47R] ACK-ON(D02 wrapper installed, owner ruling — see the banner-path gate line) REPORT CONTROL ForestationPlant#15099 :: implied-hex histogram (hexes x drain events): 2x32 — the unattended runs measured ~2.2 on a fully planted farm against C47's assumed 4
[mod] [C47R] ACK-ON(D02 wrapper installed, owner ruling — see the banner-path gate line) REPORT CONTROL ForestationPlant#15547 :: adds=0 removes=0 | buffer min=8636 max=9276 (sum=5283604 over n=584) of 10000 | samples at ZERO=0 of 584 | refills=17 totalling 4760 | drains=32 totalling 4800 (mean spend 150 vs mean hex cost 250) | not-working samples=0, reason='Consumption'=0 | voice-eligible SHIPPED=0 perobject-model=0
[C47R] ACK-ON(D02 wrapper installed, owner ruling — see the banner-path gate line) REPORT CONTROL ForestationPlant#15547 :: adds=0 removes=0 | buffer min=8636 max=9276 (sum=5283604 over n=584) of 10000 | samples at ZERO=0 of 584 | refills=17 totalling 4760 | drains=32 totalling 4800 (mean spend 150 vs mean hex cost 250) | not-working samples=0, reason='Consumption'=0 | voice-eligible SHIPPED=0 perobject-model=0
[mod] [C47R] ACK-ON(D02 wrapper installed, owner ruling — see the banner-path gate line) REPORT CONTROL ForestationPlant#15547 :: implied-hex histogram (hexes x drain events): 1x32 — the unattended runs measured ~2.2 on a fully planted farm against C47's assumed 4
[C47R] ACK-ON(D02 wrapper installed, owner ruling — see the banner-path gate line) REPORT CONTROL ForestationPlant#15547 :: implied-hex histogram (hexes x drain events): 1x32 — the unattended runs measured ~2.2 on a fully planted farm against C47's assumed 4
[mod] [C47R] ACK-ON(D02 wrapper installed, owner ruling — see the banner-path gate line) REPORT CONTROL ForestationPlant#15549 :: adds=0 removes=0 | buffer min=8859 max=9279 (sum=5316746 over n=584) of 10000 | samples at ZERO=0 of 584 | refills=17 totalling 4760 | drains=32 totalling 4800 (mean spend 150 vs mean hex cost 250) | not-working samples=0, reason='Consumption'=0 | voice-eligible SHIPPED=0 perobject-model=0
[C47R] ACK-ON(D02 wrapper installed, owner ruling — see the banner-path gate line) REPORT CONTROL ForestationPlant#15549 :: adds=0 removes=0 | buffer min=8859 max=9279 (sum=5316746 over n=584) of 10000 | samples at ZERO=0 of 584 | refills=17 totalling 4760 | drains=32 totalling 4800 (mean spend 150 vs mean hex cost 250) | not-working samples=0, reason='Consumption'=0 | voice-eligible SHIPPED=0 perobject-model=0
[mod] [C47R] ACK-ON(D02 wrapper installed, owner ruling — see the banner-path gate line) REPORT CONTROL ForestationPlant#15549 :: implied-hex histogram (hexes x drain events): 1x32 — the unattended runs measured ~2.2 on a fully planted farm against C47's assumed 4
[C47R] ACK-ON(D02 wrapper installed, owner ruling — see the banner-path gate line) REPORT CONTROL ForestationPlant#15549 :: implied-hex histogram (hexes x drain events): 1x32 — the unattended runs measured ~2.2 on a fully planted farm against C47's assumed 4
[mod] [C47R] ACK-ON(D02 wrapper installed, owner ruling — see the banner-path gate line) REPORT CONTROL ForestationPlant#15554 :: adds=0 removes=0 | buffer min=8223 max=9263 (sum=5179832 over n=584) of 10000 | samples at ZERO=0 of 584 | refills=38 totalling 15960 | drains=32 totalling 16000 (mean spend 500 vs mean hex cost 250) | not-working samples=0, reason='Consumption'=0 | voice-eligible SHIPPED=0 perobject-model=0
[C47R] ACK-ON(D02 wrapper installed, owner ruling — see the banner-path gate line) REPORT CONTROL ForestationPlant#15554 :: adds=0 removes=0 | buffer min=8223 max=9263 (sum=5179832 over n=584) of 10000 | samples at ZERO=0 of 584 | refills=38 totalling 15960 | drains=32 totalling 16000 (mean spend 500 vs mean hex cost 250) | not-working samples=0, reason='Consumption'=0 | voice-eligible SHIPPED=0 perobject-model=0
[mod] [C47R] ACK-ON(D02 wrapper installed, owner ruling — see the banner-path gate line) REPORT CONTROL ForestationPlant#15554 :: implied-hex histogram (hexes x drain events): 2x32 — the unattended runs measured ~2.2 on a fully planted farm against C47's assumed 4
[C47R] ACK-ON(D02 wrapper installed, owner ruling — see the banner-path gate line) REPORT CONTROL ForestationPlant#15554 :: implied-hex histogram (hexes x drain events): 2x32 — the unattended runs measured ~2.2 on a fully planted farm against C47's assumed 4
[mod] [C47R] ACK-ON(D02 wrapper installed, owner ruling — see the banner-path gate line) REPORT CONTROL ForestationPlant#15556 :: adds=0 removes=0 | buffer min=8510 max=9270 (sum=5285580 over n=584) of 10000 | samples at ZERO=0 of 584 | refills=37 totalling 15960 | drains=32 totalling 16000 (mean spend 500 vs mean hex cost 250) | not-working samples=0, reason='Consumption'=0 | voice-eligible SHIPPED=0 perobject-model=0
[C47R] ACK-ON(D02 wrapper installed, owner ruling — see the banner-path gate line) REPORT CONTROL ForestationPlant#15556 :: adds=0 removes=0 | buffer min=8510 max=9270 (sum=5285580 over n=584) of 10000 | samples at ZERO=0 of 584 | refills=37 totalling 15960 | drains=32 totalling 16000 (mean spend 500 vs mean hex cost 250) | not-working samples=0, reason='Consumption'=0 | voice-eligible SHIPPED=0 perobject-model=0
[mod] [C47R] ACK-ON(D02 wrapper installed, owner ruling — see the banner-path gate line) REPORT CONTROL ForestationPlant#15556 :: implied-hex histogram (hexes x drain events): 2x32 — the unattended runs measured ~2.2 on a fully planted farm against C47's assumed 4
[C47R] ACK-ON(D02 wrapper installed, owner ruling — see the banner-path gate line) REPORT CONTROL ForestationPlant#15556 :: implied-hex histogram (hexes x drain events): 2x32 — the unattended runs measured ~2.2 on a fully planted farm against C47's assumed 4
[mod] [C47R] ACK-ON(D02 wrapper installed, owner ruling — see the banner-path gate line) REPORT CONTROL ForestationPlant#15563 :: adds=0 removes=0 | buffer min=8502 max=9262 (sum=5245788 over n=584) of 10000 | samples at ZERO=0 of 584 | refills=35 totalling 15960 | drains=32 totalling 16000 (mean spend 500 vs mean hex cost 250) | not-working samples=0, reason='Consumption'=0 | voice-eligible SHIPPED=0 perobject-model=0
[C47R] ACK-ON(D02 wrapper installed, owner ruling — see the banner-path gate line) REPORT CONTROL ForestationPlant#15563 :: adds=0 removes=0 | buffer min=8502 max=9262 (sum=5245788 over n=584) of 10000 | samples at ZERO=0 of 584 | refills=35 totalling 15960 | drains=32 totalling 16000 (mean spend 500 vs mean hex cost 250) | not-working samples=0, reason='Consumption'=0 | voice-eligible SHIPPED=0 perobject-model=0
[mod] [C47R] ACK-ON(D02 wrapper installed, owner ruling — see the banner-path gate line) REPORT CONTROL ForestationPlant#15563 :: implied-hex histogram (hexes x drain events): 2x32 — the unattended runs measured ~2.2 on a fully planted farm against C47's assumed 4
[C47R] ACK-ON(D02 wrapper installed, owner ruling — see the banner-path gate line) REPORT CONTROL ForestationPlant#15563 :: implied-hex histogram (hexes x drain events): 2x32 — the unattended runs measured ~2.2 on a fully planted farm against C47's assumed 4
[mod] [C47R] ACK-ON(D02 wrapper installed, owner ruling — see the banner-path gate line) REPORT CONTROL ForestationPlant#15565 :: adds=0 removes=0 | buffer min=8504 max=9264 (sum=5233096 over n=584) of 10000 | samples at ZERO=0 of 584 | refills=34 totalling 15960 | drains=32 totalling 16000 (mean spend 500 vs mean hex cost 250) | not-working samples=0, reason='Consumption'=0 | voice-eligible SHIPPED=0 perobject-model=0
[C47R] ACK-ON(D02 wrapper installed, owner ruling — see the banner-path gate line) REPORT CONTROL ForestationPlant#15565 :: adds=0 removes=0 | buffer min=8504 max=9264 (sum=5233096 over n=584) of 10000 | samples at ZERO=0 of 584 | refills=34 totalling 15960 | drains=32 totalling 16000 (mean spend 500 vs mean hex cost 250) | not-working samples=0, reason='Consumption'=0 | voice-eligible SHIPPED=0 perobject-model=0
[mod] [C47R] ACK-ON(D02 wrapper installed, owner ruling — see the banner-path gate line) REPORT CONTROL ForestationPlant#15565 :: implied-hex histogram (hexes x drain events): 2x32 — the unattended runs measured ~2.2 on a fully planted farm against C47's assumed 4
[C47R] ACK-ON(D02 wrapper installed, owner ruling — see the banner-path gate line) REPORT CONTROL ForestationPlant#15565 :: implied-hex histogram (hexes x drain events): 2x32 — the unattended runs measured ~2.2 on a fully planted farm against C47's assumed 4
[mod] [C47R] ACK-ON(D02 wrapper installed, owner ruling — see the banner-path gate line) REPORT CONTROL ForestationPlant#15810 :: adds=0 removes=0 | buffer min=8560 max=9324 (sum=5242969 over n=584) of 10000 | samples at ZERO=0 of 584 | refills=87 totalling 15528 | drains=32 totalling 15687 (mean spend 490 vs mean hex cost 250) | not-working samples=0, reason='Consumption'=0 | voice-eligible SHIPPED=0 perobject-model=0
[C47R] ACK-ON(D02 wrapper installed, owner ruling — see the banner-path gate line) REPORT CONTROL ForestationPlant#15810 :: adds=0 removes=0 | buffer min=8560 max=9324 (sum=5242969 over n=584) of 10000 | samples at ZERO=0 of 584 | refills=87 totalling 15528 | drains=32 totalling 15687 (mean spend 490 vs mean hex cost 250) | not-working samples=0, reason='Consumption'=0 | voice-eligible SHIPPED=0 perobject-model=0
[mod] [C47R] ACK-ON(D02 wrapper installed, owner ruling — see the banner-path gate line) REPORT CONTROL ForestationPlant#15810 :: implied-hex histogram (hexes x drain events): 2x32 — the unattended runs measured ~2.2 on a fully planted farm against C47's assumed 4
[C47R] ACK-ON(D02 wrapper installed, owner ruling — see the banner-path gate line) REPORT CONTROL ForestationPlant#15810 :: implied-hex histogram (hexes x drain events): 2x32 — the unattended runs measured ~2.2 on a fully planted farm against C47's assumed 4
[mod] [C47R] ACK-ON(D02 wrapper installed, owner ruling — see the banner-path gate line) REPORT CONTROL ForestationPlant#15817 :: adds=0 removes=0 | buffer min=8579 max=9334 (sum=5323001 over n=584) of 10000 | samples at ZERO=0 of 584 | refills=88 totalling 13283 | drains=30 totalling 13116 (mean spend 437 vs mean hex cost 250) | not-working samples=0, reason='Consumption'=0 | voice-eligible SHIPPED=0 perobject-model=0
[C47R] ACK-ON(D02 wrapper installed, owner ruling — see the banner-path gate line) REPORT CONTROL ForestationPlant#15817 :: adds=0 removes=0 | buffer min=8579 max=9334 (sum=5323001 over n=584) of 10000 | samples at ZERO=0 of 584 | refills=88 totalling 13283 | drains=30 totalling 13116 (mean spend 437 vs mean hex cost 250) | not-working samples=0, reason='Consumption'=0 | voice-eligible SHIPPED=0 perobject-model=0
[mod] [C47R] ACK-ON(D02 wrapper installed, owner ruling — see the banner-path gate line) REPORT CONTROL ForestationPlant#15817 :: implied-hex histogram (hexes x drain events): 1x6, 2x24 — the unattended runs measured ~2.2 on a fully planted farm against C47's assumed 4
[C47R] ACK-ON(D02 wrapper installed, owner ruling — see the banner-path gate line) REPORT CONTROL ForestationPlant#15817 :: implied-hex histogram (hexes x drain events): 1x6, 2x24 — the unattended runs measured ~2.2 on a fully planted farm against C47's assumed 4
[mod] [C47R] ACK-ON(D02 wrapper installed, owner ruling — see the banner-path gate line) REPORT CONTROL ForestationPlant#16008 :: adds=0 removes=0 | buffer min=8563 max=9301 (sum=5265994 over n=584) of 10000 | samples at ZERO=0 of 584 | refills=93 totalling 15505 | drains=32 totalling 15613 (mean spend 487 vs mean hex cost 250) | not-working samples=0, reason='Consumption'=0 | voice-eligible SHIPPED=0 perobject-model=0
[C47R] ACK-ON(D02 wrapper installed, owner ruling — see the banner-path gate line) REPORT CONTROL ForestationPlant#16008 :: adds=0 removes=0 | buffer min=8563 max=9301 (sum=5265994 over n=584) of 10000 | samples at ZERO=0 of 584 | refills=93 totalling 15505 | drains=32 totalling 15613 (mean spend 487 vs mean hex cost 250) | not-working samples=0, reason='Consumption'=0 | voice-eligible SHIPPED=0 perobject-model=0
[mod] [C47R] ACK-ON(D02 wrapper installed, owner ruling — see the banner-path gate line) REPORT CONTROL ForestationPlant#16008 :: implied-hex histogram (hexes x drain events): 2x32 — the unattended runs measured ~2.2 on a fully planted farm against C47's assumed 4
[C47R] ACK-ON(D02 wrapper installed, owner ruling — see the banner-path gate line) REPORT CONTROL ForestationPlant#16008 :: implied-hex histogram (hexes x drain events): 2x32 — the unattended runs measured ~2.2 on a fully planted farm against C47's assumed 4
[mod] [C47R] ACK-ON(D02 wrapper installed, owner ruling — see the banner-path gate line) REPORT CONTROL ForestationPlant#16011 :: adds=0 removes=0 | buffer min=8505 max=9265 (sum=5265120 over n=584) of 10000 | samples at ZERO=0 of 584 | refills=40 totalling 15960 | drains=32 totalling 16000 (mean spend 500 vs mean hex cost 250) | not-working samples=0, reason='Consumption'=0 | voice-eligible SHIPPED=0 perobject-model=0
[C47R] ACK-ON(D02 wrapper installed, owner ruling — see the banner-path gate line) REPORT CONTROL ForestationPlant#16011 :: adds=0 removes=0 | buffer min=8505 max=9265 (sum=5265120 over n=584) of 10000 | samples at ZERO=0 of 584 | refills=40 totalling 15960 | drains=32 totalling 16000 (mean spend 500 vs mean hex cost 250) | not-working samples=0, reason='Consumption'=0 | voice-eligible SHIPPED=0 perobject-model=0
[mod] [C47R] ACK-ON(D02 wrapper installed, owner ruling — see the banner-path gate line) REPORT CONTROL ForestationPlant#16011 :: implied-hex histogram (hexes x drain events): 2x32 — the unattended runs measured ~2.2 on a fully planted farm against C47's assumed 4
[C47R] ACK-ON(D02 wrapper installed, owner ruling — see the banner-path gate line) REPORT CONTROL ForestationPlant#16011 :: implied-hex histogram (hexes x drain events): 2x32 — the unattended runs measured ~2.2 on a fully planted farm against C47's assumed 4
[mod] [C47R] ACK-ON(D02 wrapper installed, owner ruling — see the banner-path gate line) REPORT CONTROL ForestationPlant#16076 :: adds=0 removes=0 | buffer min=8479 max=9279 (sum=5239136 over n=584) of 10000 | samples at ZERO=0 of 584 | refills=36 totalling 15960 | drains=33 totalling 16500 (mean spend 500 vs mean hex cost 250) | not-working samples=0, reason='Consumption'=0 | voice-eligible SHIPPED=0 perobject-model=0
[C47R] ACK-ON(D02 wrapper installed, owner ruling — see the banner-path gate line) REPORT CONTROL ForestationPlant#16076 :: adds=0 removes=0 | buffer min=8479 max=9279 (sum=5239136 over n=584) of 10000 | samples at ZERO=0 of 584 | refills=36 totalling 15960 | drains=33 totalling 16500 (mean spend 500 vs mean hex cost 250) | not-working samples=0, reason='Consumption'=0 | voice-eligible SHIPPED=0 perobject-model=0
[mod] [C47R] ACK-ON(D02 wrapper installed, owner ruling — see the banner-path gate line) REPORT CONTROL ForestationPlant#16076 :: implied-hex histogram (hexes x drain events): 2x33 — the unattended runs measured ~2.2 on a fully planted farm against C47's assumed 4
[C47R] ACK-ON(D02 wrapper installed, owner ruling — see the banner-path gate line) REPORT CONTROL ForestationPlant#16076 :: implied-hex histogram (hexes x drain events): 2x33 — the unattended runs measured ~2.2 on a fully planted farm against C47's assumed 4
[mod] [C47R] ACK-ON(D02 wrapper installed, owner ruling — see the banner-path gate line) REPORT CONTROL ForestationPlant#16077 :: adds=0 removes=0 | buffer min=8512 max=9272 (sum=5242608 over n=584) of 10000 | samples at ZERO=0 of 584 | refills=51 totalling 15960 | drains=32 totalling 16000 (mean spend 500 vs mean hex cost 250) | not-working samples=0, reason='Consumption'=0 | voice-eligible SHIPPED=0 perobject-model=0
[C47R] ACK-ON(D02 wrapper installed, owner ruling — see the banner-path gate line) REPORT CONTROL ForestationPlant#16077 :: adds=0 removes=0 | buffer min=8512 max=9272 (sum=5242608 over n=584) of 10000 | samples at ZERO=0 of 584 | refills=51 totalling 15960 | drains=32 totalling 16000 (mean spend 500 vs mean hex cost 250) | not-working samples=0, reason='Consumption'=0 | voice-eligible SHIPPED=0 perobject-model=0
[mod] [C47R] ACK-ON(D02 wrapper installed, owner ruling — see the banner-path gate line) REPORT CONTROL ForestationPlant#16077 :: implied-hex histogram (hexes x drain events): 2x32 — the unattended runs measured ~2.2 on a fully planted farm against C47's assumed 4
[C47R] ACK-ON(D02 wrapper installed, owner ruling — see the banner-path gate line) REPORT CONTROL ForestationPlant#16077 :: implied-hex histogram (hexes x drain events): 2x32 — the unattended runs measured ~2.2 on a fully planted farm against C47's assumed 4
[mod] [C47R] ACK-ON(D02 wrapper installed, owner ruling — see the banner-path gate line) REPORT CONTROL ForestationPlant#16155 :: adds=0 removes=0 | buffer min=8518 max=9278 (sum=5274052 over n=584) of 10000 | samples at ZERO=0 of 584 | refills=38 totalling 15960 | drains=32 totalling 16000 (mean spend 500 vs mean hex cost 250) | not-working samples=0, reason='Consumption'=0 | voice-eligible SHIPPED=0 perobject-model=0
[C47R] ACK-ON(D02 wrapper installed, owner ruling — see the banner-path gate line) REPORT CONTROL ForestationPlant#16155 :: adds=0 removes=0 | buffer min=8518 max=9278 (sum=5274052 over n=584) of 10000 | samples at ZERO=0 of 584 | refills=38 totalling 15960 | drains=32 totalling 16000 (mean spend 500 vs mean hex cost 250) | not-working samples=0, reason='Consumption'=0 | voice-eligible SHIPPED=0 perobject-model=0
[mod] [C47R] ACK-ON(D02 wrapper installed, owner ruling — see the banner-path gate line) REPORT CONTROL ForestationPlant#16155 :: implied-hex histogram (hexes x drain events): 2x32 — the unattended runs measured ~2.2 on a fully planted farm against C47's assumed 4
[C47R] ACK-ON(D02 wrapper installed, owner ruling — see the banner-path gate line) REPORT CONTROL ForestationPlant#16155 :: implied-hex histogram (hexes x drain events): 2x32 — the unattended runs measured ~2.2 on a fully planted farm against C47's assumed 4
[mod] [C47R] ACK-ON(D02 wrapper installed, owner ruling — see the banner-path gate line) REPORT CONTROL ForestationPlant#16192 :: adds=0 removes=0 | buffer min=8855 max=9275 (sum=5334850 over n=584) of 10000 | samples at ZERO=0 of 584 | refills=17 totalling 4760 | drains=32 totalling 4800 (mean spend 150 vs mean hex cost 250) | not-working samples=0, reason='Consumption'=0 | voice-eligible SHIPPED=0 perobject-model=0
[C47R] ACK-ON(D02 wrapper installed, owner ruling — see the banner-path gate line) REPORT CONTROL ForestationPlant#16192 :: adds=0 removes=0 | buffer min=8855 max=9275 (sum=5334850 over n=584) of 10000 | samples at ZERO=0 of 584 | refills=17 totalling 4760 | drains=32 totalling 4800 (mean spend 150 vs mean hex cost 250) | not-working samples=0, reason='Consumption'=0 | voice-eligible SHIPPED=0 perobject-model=0
[mod] [C47R] ACK-ON(D02 wrapper installed, owner ruling — see the banner-path gate line) REPORT CONTROL ForestationPlant#16192 :: implied-hex histogram (hexes x drain events): 1x32 — the unattended runs measured ~2.2 on a fully planted farm against C47's assumed 4
[C47R] ACK-ON(D02 wrapper installed, owner ruling — see the banner-path gate line) REPORT CONTROL ForestationPlant#16192 :: implied-hex histogram (hexes x drain events): 1x32 — the unattended runs measured ~2.2 on a fully planted farm against C47's assumed 4
[mod] [C47R] ACK-ON(D02 wrapper installed, owner ruling — see the banner-path gate line) REPORT CONTROL SUMMARY :: 0 ForestationPlant(s) raised no add and spent nothing at all this sitting (printed as a count, not suppressed — every one that DID move has its own line above)
[C47R] ACK-ON(D02 wrapper installed, owner ruling — see the banner-path gate line) REPORT CONTROL SUMMARY :: 0 ForestationPlant(s) raised no add and spent nothing at all this sitting (printed as a count, not suppressed — every one that DID move has its own line above)
[mod] [C47R] ACK-ON(D02 wrapper installed, owner ruling — see the banner-path gate line) REPORT COLONY :: adds on 'NotWorkingBuildings' across ALL objects=80 | removes=83 | on objects outside the census=57 | voice-eligible SHIPPED model=9 | owner witness marks=1
[C47R] ACK-ON(D02 wrapper installed, owner ruling — see the banner-path gate line) REPORT COLONY :: adds on 'NotWorkingBuildings' across ALL objects=80 | removes=83 | on objects outside the census=57 | voice-eligible SHIPPED model=9 | owner witness marks=1
[mod] [C47R] VOICETABLE on demand :: VoicesCooldown has 1 key(s) [769547039933] | VoiceQueue length=0 — 769547039933 is this notification's own VoicedText id, and ONE key covers the whole colony
[C47R] VOICETABLE on demand :: VoicesCooldown has 1 key(s) [769547039933] | VoiceQueue length=0 — 769547039933 is this notification's own VoicedText id, and ONE key covers the whole colony
[mod] [C47R] GATE banner-path :: Opt_AcknowledgedWarnings is ACTIVE (detail='') — ⚖️ BY OWNER RULING this is deliberate: it was on when the symptom was observed, so it is part of the configuration under test, not a contaminant to be removed. ⭐ It suppresses only a building it has STAMPED, stamps only on player dismissal, and CLEARS the stamp on that building's next recovery (Opt_AcknowledgedWarnings.lua:124-129) — so a flapping building clears its own acknowledgment every cycle and cannot be quieted by it. Engagement is MEASURED below via the ack-flag read, never assumed.
[C47R] GATE banner-path :: Opt_AcknowledgedWarnings is ACTIVE (detail='') — ⚖️ BY OWNER RULING this is deliberate: it was on when the symptom was observed, so it is part of the configuration under test, not a contaminant to be removed. ⭐ It suppresses only a building it has STAMPED, stamps only on player dismissal, and CLEARS the stamp on that building's next recovery (Opt_AcknowledgedWarnings.lua:124-129) — so a flapping building clears its own acknowledgment every cycle and cannot be quieted by it. Engagement is MEASURED below via the ack-flag read, never assumed.
[mod] [C47R] REPORT ⭐ WHAT THIS SITTING CAN CLAIM THAT THE UNATTENDED RUNS COULD NOT: whatever the owner typed into C47.Saw / C47.Heard. Counting the engine's message is a measurement; a banner on a screen and a line out of a speaker are witnessed by a human or not at all.
[C47R] REPORT ⭐ WHAT THIS SITTING CAN CLAIM THAT THE UNATTENDED RUNS COULD NOT: whatever the owner typed into C47.Saw / C47.Heard. Counting the engine's message is a measurement; a banner on a screen and a line out of a speaker are witnessed by a human or not at all.
[mod] [C47R] REPORT ⚠️ CONFOUNDS: cheats are enabled on this rig, this colony is an oversized terraforming speed-run, and the drone carry dial is at +2 so a Seeds trip is 3000, not the vanilla 1000.
[C47R] REPORT ⚠️ CONFOUNDS: cheats are enabled on this rig, this colony is an oversized terraforming speed-run, and the drone carry dial is at +2 so a Seeds trip is 3000, not the vanilla 1000.
true
						Lua 0:21:14:078


Stopping the game threads from the Lua side with exit code 0.

					Render 0:21:14:080


Stopping the game threads after receiving WM_QUIT.

					Render 0:21:14:468


*** Debug::Done()
Time (ms)	1274468


