					Render 0:00:00:006
*** executable info
Timestamp:     	6a22b86d
Date:          	Fri Jun  5 07:52:13 2026
Command line:  	
Compiler:      	194435214, 142 (VS 2019) or newer


*** hardware info
CPU name      	Intel(R) Core(TM) i7-14700K
CPU MHz       	3418
CPU cores     	20/28
Phys. Memory   	65278 MBytes
Memory In Use  	43%
Disk Free      	742327 MBytes


*** OS info
OS:            	Windows 11
Version:       	10.0.26100 


*** Debug::Init()


					Render 0:00:00:061
Steam initialized (AppId 3215050, Beta branch ???)
					Render 0:00:00:064
Drive type for game installation: SSD, savegames: SSD
Language: English
					Render 0:00:01:450
*** graphics info
GPU                            	NVIDIA GeForce RTX 4080 Feature Level: 12.1 {  DoublePrecisionFloatShaderOps: 1 OutputMergerLogicOp: 1 MinPrecisionSupport: 2 TiledResourcesTier: 4 ResourceBindingTier: 3 PSSpecifiedStencilRefSupported: 0 TypedUAVLoadAdditionalFormats: 1 ROVsSupported: 1 ConservativeRasterizationTier: 3 MaxGPUVirtualAddressBitsPerResource: 40 StandardSwizzle64KBSupported: 0 CrossNodeSharingTier: 0 CrossAdapterRowMajorTextureSupported: 0 VPAndRTArrayIndexFromAnyShaderFeedingRasterizerSupportedWithoutGSEmulation: 1 ResourceHeapTier: 2 NotZeroedPools: 1 UMA: 0 UnalignedBlockTextures: 1}
API                            	d3d12
GPU Driver Version             	32.0.16.1074
GPU Driver Package Version     	610.74
GPU Dedicated Video Memory     	16048 MB
					Render 0:00:01:586

Libs: 					Render 0:00:01:587
Network, Sequences, MouseTrackWin, DumbAI, MapGen, Paradox, TriggersAndEvents, Notifications, Research, Resources 

					Render 0:00:01:792

Platform: desktop, editor, goldmaster, paradox, pc, steam

					Render 0:00:02:465
*** audio info
Audio Endpoint                 	Speakers (Razer Leviathan V2)
						Lua 0:00:02:520
Lua revision: 396349
Assets revision: 31031
Steam AppID: 3215050
Build version: 1.0.7.396349
Build branch:  Release
						Lua 0:00:17:519
Account storage loaded successfully in 1 ms
						Lua 0:00:17:522
[mod] Loaded mod def Community Fix Pack — Test Kit (id SMR_CommunityFixPackTestKit, v0.00-001) unpacked from appdata
[mod] Loaded mod def Community Fix Pack: Opt-In Modules (id SMR_CommunityOptInPack, v1.00-000) unpacked from appdata
[mod] Loaded mod def Community Fix Pack (id SMR_CommunityFixPack, v1.00-001) unpacked from appdata
						Lua 0:00:17:868
[mod] [SMRTest] console enable requested (flag-only, UI was not up) — press Enter (or Alt-Shift-C) once in a colony
[SMRTest] console enable requested (flag-only, UI was not up) — press Enter (or Alt-Shift-C) once in a colony
						Lua 0:00:17:869
[mod] [SMRTest] no debug.getinfo (mod sandbox) — [install] probes will SKIP
[SMRTest] no debug.getinfo (mod sandbox) — [install] probes will SKIP
[mod] [SMRTest] test kit loaded — SMRTest.RunAll(), SMRTest.List(), SMRTest.<ProbeId>()
[SMRTest] test kit loaded — SMRTest.RunAll(), SMRTest.List(), SMRTest.<ProbeId>()
						Lua 0:00:17:874
[mod] [SMRTest][carry] fixture-carry dump available — run SMRTest.FixtureCarry()
[mod] [C47S] [C47S] 98_C47Sampler loaded — self-driving in 1 tick.
[C47S] [C47S] 98_C47Sampler loaded — self-driving in 1 tick.
						Lua 0:00:17:875
[mod] [CommunityFixPack] CaveInsNoDisasters: applied
[mod] [CommunityFixPack] MeteorFrequency: applied
[mod] [CommunityFixPack] UpgradeModifierLeak: applied
[mod] [CommunityFixPack] NightShiftWork: applied
[mod] [CommunityFixPack] MilestoneCrash: applied
[mod] [CommunityFixPack] WispRewards: applied
[mod] [CommunityFixPack] TouristApplicants: applied
						Lua 0:00:17:876
[mod] [CommunityFixPack] TrainsToVoid: applied
[mod] [CommunityFixPack] LanderEmptyLaunch: applied
[mod] [CommunityFixPack] LanderCargoRatchet: applied
[mod] [CommunityFixPack] LanderReturnFuel: applied
[mod] [CommunityFixPack] ShelterReflex: applied
[mod] [CommunityFixPack] BrokenTrackSalvage: applied
[mod] [CommunityFixPack] TrackSalvageWipe: applied
[mod] [CommunityFixPack] LakeEntombment: applied
[mod] [CommunityFixPack] GhostFarmOxygen: applied
						Lua 0:00:17:877
[mod] [CommunityFixPack] RocketDroneChurn: applied
[mod] [CommunityFixPack] ShuttleTransportCache: applied
[mod] [CommunityFixPack] VacuumWalks: applied
[mod] [CommunityFixPack] ArrivalDeaths: applied
[mod] [CommunityFixPack] DroneUnreachableForever: applied
[mod] [CommunityFixPack] StaleReservations: applied
[mod] [CommunityFixPack] CrystalMysteryHang: applied
[mod] [CommunityFixPack] TouristSatisfaction: applied
[mod] [CommunityFixPack] TrainPlatformWedge: applied
						Lua 0:00:17:878
[mod] [CommunityFixPack] LowStorageWarning: applied
[mod] [CommunityFixPack] CommandCenterNumbers: applied
[mod] [CommunityFixPack] DomeOverviewHighlight: applied
[mod] [CommunityFixPack] TrainCargoDumping: applied
[mod] [CommunityFixPack] UniversityOvertraining: applied
[mod] [CommunityFixPack] DestroyedTunnels: applied
[mod] [CommunityFixPack] DustSicknessBiorobots: applied
[mod] [CommunityFixPack] DustSicknessDamage: applied
[mod] [CommunityFixPack] GeneForging: applied
[mod] [CommunityFixPack] MirrorSphereSite: applied
[mod] [CommunityFixPack] PayloadTemplateRefill: applied
						Lua 0:00:17:879
[mod] [CommunityFixPack] AsteroidLanderAvailable: applied
[mod] [CommunityFixPack] ShuttleHubOffAvailable: applied
[mod] [CommunityFixPack] FreedHousingNotice: applied
[mod] [CommunityFixPack] DomeFreeSpaceMismatch: applied
[mod] [CommunityFixPack] SmallLandscapeSites: applied
[mod] [CommunityFixPack] LandscapeUnitFilter: applied
[mod] [CommunityFixPack] RocketInteractGuard: applied
						Lua 0:00:17:880
[mod] [CommunityFixPack] TrackConnectorPingPong: applied
[mod] [CommunityFixPack] TrackTunnelPowerBridge: applied
[mod] [CommunityFixPack] GridGlobalStorage: applied
[mod] [CommunityFixPack] LastTransmissionStorage: applied
[mod] [CommunityFixPack] GraphConsumedCaption: applied
[mod] [CommunityFixPack] MoraleComfortTooltip: applied
[mod] [CommunityFixPack] TrainWaitTime: applied
[mod] [CommunityFixPack] FounderTraitNotification: applied
[mod] [CommunityFixPack] StorageRateModifiers: applied
						Lua 0:00:17:881
[mod] [CommunityFixPack] SequenceLatents: applied
[mod] [CommunityFixPack] IndependenceTerraforming: applied
[mod] [CommunityFixPack] TrackSalvageRefund: applied
[mod] [CommunityFixPack] LayoutTechLock: applied
[mod] [CommunityFixPack] TrainMinors: applied
[mod] [CommunityFixPack] DroneTransportMinors: applied
[mod] [CommunityFixPack] AnomalyCaveInMap: applied
[mod] [CommunityFixPack] TechDescriptionBuilding: applied
						Lua 0:00:17:882
[mod] [CommunityFixPack] BombardmentSpread: applied
[mod] [CommunityFixPack] ExtenderFlapChurn: applied
[mod] [CommunityFixPack] DisasterPredictionLeak: applied
[mod] [CommunityFixPack] MeteorStormWedge: applied
[mod] [CommunityFixPack] RainsDeadlock: applied
[mod] [CommunityFixPack] FirstAsteroidPrefabs: applied
[mod] [CommunityFixPack] SaintBlessing: applied
[mod] [CommunityFixPack] DustDevilsDescrMap: applied
[mod] [CommunityFixPack] AstrogeologistExtractors: applied						Lua 0:00:17:883

[mod] [CommunityFixPack] SinkholeIndestructible: applied
[mod] [CommunityFixPack] DustStormUndergroundBreaks: applied
[mod] [CommunityFixPack] DustDevilSpawnGate: applied
[mod] [CommunityFixPack] ExoticDepositSign: applied
[mod] [CommunityFixPack] AutomationLawCompensation: applied
[mod] [CommunityFixPack] SaveSanitizer: applied
						Lua 0:00:17:884
[mod] [CommunityOptInPack] ClassicRockets: applied
[mod] [CommunityOptInPack] AcknowledgedWarnings: applied
[mod] [CommunityOptInPack] ResidencyControl: applied
[mod] [CommunityOptInPack] MultipleSuns: applied
[mod] [CommunityOptInPack] DroneOverhaul: applied
						Lua 0:00:17:885
[mod] [CommunityOptInPack] CohortHousing: applied
[mod] [CommunityOptInPack] NoHomeless: self-check targets Community but Workforce declares HasFreeWorkplacesAround — authoring error, not a game update (FIX_POLICY §2)
[mod] [CommunityOptInPack] NoHomeless: inactive (Community.HasFreeWorkplacesAround not found — expected on the FIRST load pass and NOT a game update: this check names Community while Workforce declares the method (authoring error — see the preceding line), and mod code loads before the class hierarchy is built, so the module applies cleanly on the second pass. If no 'NoHomeless: applied' line follows this one, the method is genuinely gone — without it a flagged dome could never be staffed)
[mod] [CommunityOptInPack] DroneStatDials: applied
						Lua 0:00:18:461
[mod] [CommunityFixPack] SaintBlessing: inactive (no dome-colonists trait presets)
[mod] [CommunityFixPack] SinkholeIndestructible: the St. Elmo's Fire sinkhole is now indestructible, like every other mystery set-piece
						Lua 0:00:18:536
Reloading done in 1005 ms
						Lua 0:00:18:857
[preset] Preset postprocess took 50 ms.
						Lua 0:00:18:916
479 / 479 particle streams loaded in 54 ms.
						Lua 0:00:18:917
[mod] [CommunityFixPack] LastTransmissionStorage: 6 storage condition(s) made effective, 1 retargeted
[mod] [CommunityFixPack] IndependenceTerraforming: Independence_TerraformingProjects now discounts special projects by 20% as its param1 says
[mod] [CommunityFixPack] AstrogeologistExtractors: added 2 missing extractor entr(y/ies) to the astrogeologist profile (10 already present)
[mod] [CommunityOptInPack] MultipleSuns: BuildingTemplates.ArtificialSun not found — build limit NOT lifted (binding fix still active)
						Lua 0:00:19:109
[mod] [CommunityFixPack] SaintBlessing: corrected 1 dome-colonists trait modifier label(s) of 2
[mod] [CommunityOptInPack] MultipleSuns: Artificial Sun build-once limit lifted
						Lua 0:00:19:164
[mod] [C47S] === c47-farm C47S === payload loaded. Mode REAL. Staged save: C47STAGE.savegame.sav
[C47S] === c47-farm C47S === payload loaded. Mode REAL. Staged save: C47STAGE.savegame.sav
[mod] [C47S] ShowStartGamePopup neutered for this unattended run
[C47S] ShowStartGamePopup neutered for this unattended run
[PdxSDK] Started up. Took 1634
						Lua 0:00:19:189
[mod] Loaded mod items for: SMR_CommunityFixPackTestKit, SMR_CommunityFixPack, SMR_CommunityOptInPack
[mod] [CommunityOptInPack] NoHomeless: applied
						Lua 0:00:19:331
[Braze] SessionStart error The server name or address could not be resolved

						Lua 0:00:19:333
[Braze] Failed sending launcher ev The server name or address could not be resolved

[Braze] Failed to init
						Lua 0:00:19:451
[Braze] SessionStart error The server name or address could not be resolved

[Braze] Failed sending launcher ev The server name or address could not be resolved

[Braze] Failed to init
						Lua 0:00:21:017
[mod] [C47S] CONDITIONS pack=75/75 active | map= | speed=1x | loads_this_process=0 | mode=REAL | note=main menu, before the load
[C47S] CONDITIONS pack=75/75 active | map= | speed=1x | loads_this_process=0 | mode=REAL | note=main menu, before the load
[mod] [C47S] CONDITIONS opt-in pack=8/8 active
[C47S] CONDITIONS opt-in pack=8/8 active
[mod] [C47S] CONDITIONS save-rescue mod = NOT PRESENT in this process
[C47S] CONDITIONS save-rescue mod = NOT PRESENT in this process
[mod] [C47S] GATE ⛔ BANNER PATH CONTAMINATED :: Opt_AcknowledgedWarnings is ACTIVE (detail=''). It wraps AddObjectToNotification and drops re-adds for acknowledged buildings, which is exactly the count this leg is taking. Every flap number below measures OUR module, not the game. The census and the buffer curve are unaffected.
[C47S] GATE ⛔ BANNER PATH CONTAMINATED :: Opt_AcknowledgedWarnings is ACTIVE (detail=''). It wraps AddObjectToNotification and drops re-adds for acknowledged buildings, which is exactly the count this leg is taking. Every flap number below measures OUR module, not the game. The census and the buffer curve are unaffected.
						Lua 0:00:21:120
Load Game: 
	lua_revision: 396349 
	assets_revision: 31031 

	mods: SMR_CommunityFixPackTestKit, SMR_CommunityFixPack, SMR_CommunityOptInPack 
						Lua 0:00:21:126
*** Reloading assets from folder 'BinAssets/'
							IO Task 0:00:21:155
[ResManager Error] Cannot find file with base path: Animations/LawOfficeDoor_idle.hgacl
[ResManager Error] Cannot find file with base path: Animations/LawOfficeDoor_opening.hgacl
						Lua 0:00:23:533
*** Assets reloaded in 2.4 s, read 202.1 MB, read speed 84.0 MB/s, average read 4949 bytes.
						Lua 0:00:29:513
[mod] [SMRTest] console enable requested (clean) — press Enter (or Alt-Shift-C) once in a colony
[SMRTest] console enable requested (clean) — press Enter (or Alt-Shift-C) once in a colony
						Lua 0:00:29:523
[mod] [CommunityFixPack] ExoticDepositSign: 1 Exotic Minerals deposit(s) re-signed onto the clean entity
						Lua 0:00:29:547
game_settings:
    sponsor: NASA
    profile: rocketscientist
    founding_faction: ProsperityForMars
    rival_colonies: Japan, paradox
						Lua 0:00:29:548
    mystery_random: 
    game_rules: (none)
more_game_settings: save_game_id: HdmSxGs6kyd0uz6-, mystery: none, coordinates: 0N107E, landing_spot: , logo: USA
map_conditions: altitude: -583, temperature: -1, cold_wave: 0, dust_devils: 66, dust_storm: 102, meteors: 109
map_resources: concrete: 146, metals: 146, precious_metals: 146, water: 176
						Lua 0:00:29:568
Game Loaded in 8449 ms
						Lua 0:00:29:607
[mod] [SMRTest] console enable requested (clean) — press Enter (or Alt-Shift-C) once in a colony
[SMRTest] console enable requested (clean) — press Enter (or Alt-Shift-C) once in a colony
						Lua 0:00:30:365
Game loaded on map BlankBigCanyonCMix_09 in 9348 ms
[mod] [C47S] LOAD OK #1 file=C47STAGE.savegame.sav — LoadGame returned no error
[C47S] LOAD OK #1 file=C47STAGE.savegame.sav — LoadGame returned no error
						Lua 0:00:32:665
[mod] [SMRTest] console enable requested (clean) — press Enter (or Alt-Shift-C) once in a colony
[SMRTest] console enable requested (clean) — press Enter (or Alt-Shift-C) once in a colony
						Lua 0:00:45:366
[mod] [C47S] TRY UIColony:SetGameSpeed(5) ok=true result=5
[C47S] TRY UIColony:SetGameSpeed(5) ok=true result=5
						Lua 0:00:46:365
[mod] [C47S] READ speed after load: before=1x after=5x | wanted=5x | RUNNING=true — the whole sampling window below is VOID if this is not the wanted speed (a loaded save arrives PAUSED: corun-pt15 rule C4)
[C47S] READ speed after load: before=1x after=5x | wanted=5x | RUNNING=true — the whole sampling window below is VOID if this is not the wanted speed (a loaded save arrives PAUSED: corun-pt15 rule C4)
[mod] [C47S] TRY load C47STAGE.savegame.sav (yielding) ok=true result=true
[C47S] TRY load C47STAGE.savegame.sav (yielding) ok=true result=true
[mod] [C47S] CONDITIONS pack=75/75 active | map=BlankBigCanyonCMix_09 | speed=5x | loads_this_process=1 | mode=REAL | note=after the load, in the colony
[C47S] CONDITIONS pack=75/75 active | map=BlankBigCanyonCMix_09 | speed=5x | loads_this_process=1 | mode=REAL | note=after the load, in the colony
[mod] [C47S] CONDITIONS opt-in pack=8/8 active
[C47S] CONDITIONS opt-in pack=8/8 active
[mod] [C47S] CONDITIONS save-rescue mod = NOT PRESENT in this process
[C47S] CONDITIONS save-rescue mod = NOT PRESENT in this process
[mod] [C47S] GATE ⛔ BANNER PATH CONTAMINATED :: Opt_AcknowledgedWarnings is ACTIVE (detail=''). It wraps AddObjectToNotification and drops re-adds for acknowledged buildings, which is exactly the count this leg is taking. Every flap number below measures OUR module, not the game. The census and the buffer curve are unaffected.
[C47S] GATE ⛔ BANNER PATH CONTAMINATED :: Opt_AcknowledgedWarnings is ACTIVE (detail=''). It wraps AddObjectToNotification and drops re-adds for acknowledged buildings, which is exactly the count this leg is taking. Every flap number below measures OUR module, not the game. The census and the buffer curve are unaffected.
[mod] [C47S] ORGANIC :: census of every Seeds consumer on the map :: reads only; nothing is placed, enacted, cheated or set
[C47S] ORGANIC :: census of every Seeds consumer on the map :: reads only; nothing is placed, enacted, cheated or set
[mod] [C47S] CLOCK census :: GameTime()=275840944 (383.11 sols since game start) | UIColony.day=384 hour=8 | speed=5x | RealTime()=34343
[C47S] CLOCK census :: GameTime()=275840944 (383.11 sols since game start) | UIColony.day=384 hour=8 | speed=5x | RealTime()=34343
[mod] [C47S] CENSUS preset NotWorkingBuildings :: VoicePerObject=true | VoiceCooldown=60000 ms | VoiceUnique=text (class default is 'text', NotificationPreset.lua:34) | SuppressTime=120000 | Suppressable=true | UpdatePeriod=40000 | VoicedText present=true
[C47S] CENSUS preset NotWorkingBuildings :: VoicePerObject=true | VoiceCooldown=60000 ms | VoiceUnique=text (class default is 'text', NotificationPreset.lua:34) | SuppressTime=120000 | Suppressable=true | UpdatePeriod=40000 | VoicedText present=true
[mod] [C47S] CENSUS voice gate :: const.Voice.NoVoiceBefore=15000 ms of map game time (QueueVoice returns early below it, Voice.lua:345-346)
[C47S] CENSUS voice gate :: const.Voice.NoVoiceBefore=15000 ms of map game time (QueueVoice returns early below it, Voice.lua:345-346)
[mod] [C47S] CENSUS enumerate OpenFarmBase :: city-labels=2 | CurrentMap:MapGet ok=true count=2 — two independent walks; a disagreement is a finding, not a rounding
[C47S] CENSUS enumerate OpenFarmBase :: city-labels=2 | CurrentMap:MapGet ok=true count=2 — two independent walks; a disagreement is a finding, not a rounding
[mod] [C47S] CENSUS SUBJECT [1] ?#15779 :: crops=Potato(600)/Rapeseed(100)/Wheat(400) (sum over the 3 slots=1100, 3 selected ⇒ mean per hex=366) | consumption_amount=400 | consumption_max_storage=nil | consumption_stored_resources=3665 | building_update_time=9000 ms (0 game hours) | working=true | GetNotWorkingReason=nil (ok=true) | parent_dome=nil
[C47S] CENSUS SUBJECT [1] ?#15779 :: crops=Potato(600)/Rapeseed(100)/Wheat(400) (sum over the 3 slots=1100, 3 selected ⇒ mean per hex=366) | consumption_amount=400 | consumption_max_storage=nil | consumption_stored_resources=3665 | building_update_time=9000 ms (0 game hours) | working=true | GetNotWorkingReason=nil (ok=true) | parent_dome=nil
[mod] [C47S] CENSUS SUBJECT [2] ?#15974 :: crops=Rapeseed(100)/Spinach(200)/Wheat(400) (sum over the 3 slots=700, 3 selected ⇒ mean per hex=233) | consumption_amount=400 | consumption_max_storage=nil | consumption_stored_resources=2200 | building_update_time=9000 ms (0 game hours) | working=true | GetNotWorkingReason=nil (ok=true) | parent_dome=nil
[C47S] CENSUS SUBJECT [2] ?#15974 :: crops=Rapeseed(100)/Spinach(200)/Wheat(400) (sum over the 3 slots=700, 3 selected ⇒ mean per hex=233) | consumption_amount=400 | consumption_max_storage=nil | consumption_stored_resources=2200 | building_update_time=9000 ms (0 game hours) | working=true | GetNotWorkingReason=nil (ok=true) | parent_dome=nil
[mod] [C47S] READ C47-population(OpenFarmBase, the SUBJECT) = 2 | population=2 | APPLICABLE=true | witness=city labels (Building.lua:417-418) plus CurrentMap:MapGet, deduped by handle, walked this load
[C47S] READ C47-population(OpenFarmBase, the SUBJECT) = 2 | population=2 | APPLICABLE=true | witness=city labels (Building.lua:417-418) plus CurrentMap:MapGet, deduped by handle, walked this load
						Lua 0:00:46:366
[mod] [C47S] CENSUS enumerate ForestationPlantBase :: city-labels=36 | CurrentMap:MapGet ok=true count=36 — two independent walks; a disagreement is a finding, not a rounding
[C47S] CENSUS enumerate ForestationPlantBase :: city-labels=36 | CurrentMap:MapGet ok=true count=36 — two independent walks; a disagreement is a finding, not a rounding
[mod] [C47S] CENSUS CONTROL [1] ?#2793 :: crops=Lichen(100)/Grass(100)/Bush(150) (sum over the 3 slots=350, 3 selected ⇒ mean per hex=116) | consumption_amount=100 | consumption_max_storage=nil | consumption_stored_resources=8933 | building_update_time=60000 ms (2 game hours) | working=true | GetNotWorkingReason=nil (ok=true) | parent_dome=nil
[C47S] CENSUS CONTROL [1] ?#2793 :: crops=Lichen(100)/Grass(100)/Bush(150) (sum over the 3 slots=350, 3 selected ⇒ mean per hex=116) | consumption_amount=100 | consumption_max_storage=nil | consumption_stored_resources=8933 | building_update_time=60000 ms (2 game hours) | working=true | GetNotWorkingReason=nil (ok=true) | parent_dome=nil
[mod] [C47S] CENSUS CONTROL [2] ?#3790 :: crops=Lichen(100)/Grass(100)/Bush(150) (sum over the 3 slots=350, 3 selected ⇒ mean per hex=116) | consumption_amount=100 | consumption_max_storage=nil | consumption_stored_resources=8953 | building_update_time=60000 ms (2 game hours) | working=true | GetNotWorkingReason=nil (ok=true) | parent_dome=nil
[C47S] CENSUS CONTROL [2] ?#3790 :: crops=Lichen(100)/Grass(100)/Bush(150) (sum over the 3 slots=350, 3 selected ⇒ mean per hex=116) | consumption_amount=100 | consumption_max_storage=nil | consumption_stored_resources=8953 | building_update_time=60000 ms (2 game hours) | working=true | GetNotWorkingReason=nil (ok=true) | parent_dome=nil
[mod] [C47S] CENSUS CONTROL [3] ?#4089 :: crops=Lichen(100)/Grass(100)/Bush(150) (sum over the 3 slots=350, 3 selected ⇒ mean per hex=116) | consumption_amount=150 | consumption_max_storage=nil | consumption_stored_resources=9136 | building_update_time=60000 ms (2 game hours) | working=true | GetNotWorkingReason=nil (ok=true) | parent_dome=nil
[C47S] CENSUS CONTROL [3] ?#4089 :: crops=Lichen(100)/Grass(100)/Bush(150) (sum over the 3 slots=350, 3 selected ⇒ mean per hex=116) | consumption_amount=150 | consumption_max_storage=nil | consumption_stored_resources=9136 | building_update_time=60000 ms (2 game hours) | working=true | GetNotWorkingReason=nil (ok=true) | parent_dome=nil
[mod] [C47S] CENSUS CONTROL [4] ?#6324 :: crops=Grass(100)/Bush(150)/Broadleaf(500) (sum over the 3 slots=750, 3 selected ⇒ mean per hex=250) | consumption_amount=100 | consumption_max_storage=nil | consumption_stored_resources=9160 | building_update_time=60000 ms (2 game hours) | working=true | GetNotWorkingReason=nil (ok=true) | parent_dome=nil
[C47S] CENSUS CONTROL [4] ?#6324 :: crops=Grass(100)/Bush(150)/Broadleaf(500) (sum over the 3 slots=750, 3 selected ⇒ mean per hex=250) | consumption_amount=100 | consumption_max_storage=nil | consumption_stored_resources=9160 | building_update_time=60000 ms (2 game hours) | working=true | GetNotWorkingReason=nil (ok=true) | parent_dome=nil
[mod] [C47S] CENSUS CONTROL [5] ?#6325 :: crops=Grass(100)/Bush(150)/Broadleaf(500) (sum over the 3 slots=750, 3 selected ⇒ mean per hex=250) | consumption_amount=500 | consumption_max_storage=nil | consumption_stored_resources=9500 | building_update_time=60000 ms (2 game hours) | working=true | GetNotWorkingReason=nil (ok=true) | parent_dome=nil
[C47S] CENSUS CONTROL [5] ?#6325 :: crops=Grass(100)/Bush(150)/Broadleaf(500) (sum over the 3 slots=750, 3 selected ⇒ mean per hex=250) | consumption_amount=500 | consumption_max_storage=nil | consumption_stored_resources=9500 | building_update_time=60000 ms (2 game hours) | working=true | GetNotWorkingReason=nil (ok=true) | parent_dome=nil
[mod] [C47S] CENSUS CONTROL [6] ?#6620 :: crops=Lichen(100)/Grass(100)/Bush(150) (sum over the 3 slots=350, 3 selected ⇒ mean per hex=116) | consumption_amount=100 | consumption_max_storage=nil | consumption_stored_resources=9115 | building_update_time=60000 ms (2 game hours) | working=true | GetNotWorkingReason=nil (ok=true) | parent_dome=nil
[C47S] CENSUS CONTROL [6] ?#6620 :: crops=Lichen(100)/Grass(100)/Bush(150) (sum over the 3 slots=350, 3 selected ⇒ mean per hex=116) | consumption_amount=100 | consumption_max_storage=nil | consumption_stored_resources=9115 | building_update_time=60000 ms (2 game hours) | working=true | GetNotWorkingReason=nil (ok=true) | parent_dome=nil
[mod] [C47S] CENSUS CONTROL [7] ?#6622 :: crops=Lichen(100)/Grass(100)/Bush(150) (sum over the 3 slots=350, 3 selected ⇒ mean per hex=116) | consumption_amount=100 | consumption_max_storage=nil | consumption_stored_resources=9202 | building_update_time=60000 ms (2 game hours) | working=true | GetNotWorkingReason=nil (ok=true) | parent_dome=nil
[C47S] CENSUS CONTROL [7] ?#6622 :: crops=Lichen(100)/Grass(100)/Bush(150) (sum over the 3 slots=350, 3 selected ⇒ mean per hex=116) | consumption_amount=100 | consumption_max_storage=nil | consumption_stored_resources=9202 | building_update_time=60000 ms (2 game hours) | working=true | GetNotWorkingReason=nil (ok=true) | parent_dome=nil
[mod] [C47S] CENSUS CONTROL [8] ?#6836 :: crops=Lichen(100)/Grass(100)/Bush(150) (sum over the 3 slots=350, 3 selected ⇒ mean per hex=116) | consumption_amount=150 | consumption_max_storage=nil | consumption_stored_resources=9145 | building_update_time=60000 ms (2 game hours) | working=true | GetNotWorkingReason=nil (ok=true) | parent_dome=nil
[C47S] CENSUS CONTROL [8] ?#6836 :: crops=Lichen(100)/Grass(100)/Bush(150) (sum over the 3 slots=350, 3 selected ⇒ mean per hex=116) | consumption_amount=150 | consumption_max_storage=nil | consumption_stored_resources=9145 | building_update_time=60000 ms (2 game hours) | working=true | GetNotWorkingReason=nil (ok=true) | parent_dome=nil
[mod] [C47S] CENSUS CONTROL [9] ?#6958 :: crops=Lichen(100)/Grass(100)/Bush(150) (sum over the 3 slots=350, 3 selected ⇒ mean per hex=116) | consumption_amount=100 | consumption_max_storage=nil | consumption_stored_resources=9113 | building_update_time=60000 ms (2 game hours) | working=true | GetNotWorkingReason=nil (ok=true) | parent_dome=nil
[C47S] CENSUS CONTROL [9] ?#6958 :: crops=Lichen(100)/Grass(100)/Bush(150) (sum over the 3 slots=350, 3 selected ⇒ mean per hex=116) | consumption_amount=100 | consumption_max_storage=nil | consumption_stored_resources=9113 | building_update_time=60000 ms (2 game hours) | working=true | GetNotWorkingReason=nil (ok=true) | parent_dome=nil
[mod] [C47S] CENSUS CONTROL [10] ?#7004 :: crops=Lichen(100)/Grass(100)/Bush(150) (sum over the 3 slots=350, 3 selected ⇒ mean per hex=116) | consumption_amount=100 | consumption_max_storage=nil | consumption_stored_resources=9145 | building_update_time=60000 ms (2 game hours) | working=true | GetNotWorkingReason=nil (ok=true) | parent_dome=nil
[C47S] CENSUS CONTROL [10] ?#7004 :: crops=Lichen(100)/Grass(100)/Bush(150) (sum over the 3 slots=350, 3 selected ⇒ mean per hex=116) | consumption_amount=100 | consumption_max_storage=nil | consumption_stored_resources=9145 | building_update_time=60000 ms (2 game hours) | working=true | GetNotWorkingReason=nil (ok=true) | parent_dome=nil
[mod] [C47S] CENSUS CONTROL [11] ?#7016 :: crops=Grass(100)/Bush(150)/Broadleaf(500) (sum over the 3 slots=750, 3 selected ⇒ mean per hex=250) | consumption_amount=150 | consumption_max_storage=nil | consumption_stored_resources=9550 | building_update_time=60000 ms (2 game hours) | working=true | GetNotWorkingReason=nil (ok=true) | parent_dome=nil
[C47S] CENSUS CONTROL [11] ?#7016 :: crops=Grass(100)/Bush(150)/Broadleaf(500) (sum over the 3 slots=750, 3 selected ⇒ mean per hex=250) | consumption_amount=150 | consumption_max_storage=nil | consumption_stored_resources=9550 | building_update_time=60000 ms (2 game hours) | working=true | GetNotWorkingReason=nil (ok=true) | parent_dome=nil
[mod] [C47S] CENSUS CONTROL [12] ?#14623 :: crops=Grass(100)/Bush(150)/Broadleaf(500) (sum over the 3 slots=750, 3 selected ⇒ mean per hex=250) | consumption_amount=500 | consumption_max_storage=nil | consumption_stored_resources=9122 | building_update_time=60000 ms (2 game hours) | working=true | GetNotWorkingReason=nil (ok=true) | parent_dome=nil
[C47S] CENSUS CONTROL [12] ?#14623 :: crops=Grass(100)/Bush(150)/Broadleaf(500) (sum over the 3 slots=750, 3 selected ⇒ mean per hex=250) | consumption_amount=500 | consumption_max_storage=nil | consumption_stored_resources=9122 | building_update_time=60000 ms (2 game hours) | working=true | GetNotWorkingReason=nil (ok=true) | parent_dome=nil
[mod] [C47S] CENSUS CONTROL [13] ?#14625 :: crops=Grass(100)/Bush(150)/Broadleaf(500) (sum over the 3 slots=750, 3 selected ⇒ mean per hex=250) | consumption_amount=500 | consumption_max_storage=nil | consumption_stored_resources=9043 | building_update_time=60000 ms (2 game hours) | working=true | GetNotWorkingReason=nil (ok=true) | parent_dome=nil
[C47S] CENSUS CONTROL [13] ?#14625 :: crops=Grass(100)/Bush(150)/Broadleaf(500) (sum over the 3 slots=750, 3 selected ⇒ mean per hex=250) | consumption_amount=500 | consumption_max_storage=nil | consumption_stored_resources=9043 | building_update_time=60000 ms (2 game hours) | working=true | GetNotWorkingReason=nil (ok=true) | parent_dome=nil
[mod] [C47S] CENSUS CONTROL [14] ?#14627 :: crops=Grass(100)/Bush(150)/Broadleaf(500) (sum over the 3 slots=750, 3 selected ⇒ mean per hex=250) | consumption_amount=500 | consumption_max_storage=nil | consumption_stored_resources=8510 | building_update_time=60000 ms (2 game hours) | working=true | GetNotWorkingReason=nil (ok=true) | parent_dome=nil
[C47S] CENSUS CONTROL [14] ?#14627 :: crops=Grass(100)/Bush(150)/Broadleaf(500) (sum over the 3 slots=750, 3 selected ⇒ mean per hex=250) | consumption_amount=500 | consumption_max_storage=nil | consumption_stored_resources=8510 | building_update_time=60000 ms (2 game hours) | working=true | GetNotWorkingReason=nil (ok=true) | parent_dome=nil
[mod] [C47S] CENSUS CONTROL [15] ?#14628 :: crops=Grass(100)/Bush(150)/Broadleaf(500) (sum over the 3 slots=750, 3 selected ⇒ mean per hex=250) | consumption_amount=500 | consumption_max_storage=nil | consumption_stored_resources=9256 | building_update_time=60000 ms (2 game hours) | working=true | GetNotWorkingReason=nil (ok=true) | parent_dome=nil
[C47S] CENSUS CONTROL [15] ?#14628 :: crops=Grass(100)/Bush(150)/Broadleaf(500) (sum over the 3 slots=750, 3 selected ⇒ mean per hex=250) | consumption_amount=500 | consumption_max_storage=nil | consumption_stored_resources=9256 | building_update_time=60000 ms (2 game hours) | working=true | GetNotWorkingReason=nil (ok=true) | parent_dome=nil
[mod] [C47S] CENSUS CONTROL [16] ?#14629 :: crops=Grass(100)/Bush(150)/Broadleaf(500) (sum over the 3 slots=750, 3 selected ⇒ mean per hex=250) | consumption_amount=500 | consumption_max_storage=nil | consumption_stored_resources=8677 | building_update_time=60000 ms (2 game hours) | working=true | GetNotWorkingReason=nil (ok=true) | parent_dome=nil
[C47S] CENSUS CONTROL [16] ?#14629 :: crops=Grass(100)/Bush(150)/Broadleaf(500) (sum over the 3 slots=750, 3 selected ⇒ mean per hex=250) | consumption_amount=500 | consumption_max_storage=nil | consumption_stored_resources=8677 | building_update_time=60000 ms (2 game hours) | working=true | GetNotWorkingReason=nil (ok=true) | parent_dome=nil
[mod] [C47S] CENSUS CONTROL [17] ?#15043 :: crops=Grass(100)/Bush(150)/Broadleaf(500) (sum over the 3 slots=750, 3 selected ⇒ mean per hex=250) | consumption_amount=500 | consumption_max_storage=nil | consumption_stored_resources=8677 | building_update_time=60000 ms (2 game hours) | working=true | GetNotWorkingReason=nil (ok=true) | parent_dome=nil
[C47S] CENSUS CONTROL [17] ?#15043 :: crops=Grass(100)/Bush(150)/Broadleaf(500) (sum over the 3 slots=750, 3 selected ⇒ mean per hex=250) | consumption_amount=500 | consumption_max_storage=nil | consumption_stored_resources=8677 | building_update_time=60000 ms (2 game hours) | working=true | GetNotWorkingReason=nil (ok=true) | parent_dome=nil
[mod] [C47S] CENSUS CONTROL [18] ?#15047 :: crops=Grass(100)/Bush(150)/Broadleaf(500) (sum over the 3 slots=750, 3 selected ⇒ mean per hex=250) | consumption_amount=500 | consumption_max_storage=nil | consumption_stored_resources=9175 | building_update_time=60000 ms (2 game hours) | working=true | GetNotWorkingReason=nil (ok=true) | parent_dome=nil
[C47S] CENSUS CONTROL [18] ?#15047 :: crops=Grass(100)/Bush(150)/Broadleaf(500) (sum over the 3 slots=750, 3 selected ⇒ mean per hex=250) | consumption_amount=500 | consumption_max_storage=nil | consumption_stored_resources=9175 | building_update_time=60000 ms (2 game hours) | working=true | GetNotWorkingReason=nil (ok=true) | parent_dome=nil
[mod] [C47S] CENSUS CONTROL [19] ?#15050 :: crops=Grass(100)/Bush(150)/Broadleaf(500) (sum over the 3 slots=750, 3 selected ⇒ mean per hex=250) | consumption_amount=150 | consumption_max_storage=nil | consumption_stored_resources=8970 | building_update_time=60000 ms (2 game hours) | working=true | GetNotWorkingReason=nil (ok=true) | parent_dome=nil
[C47S] CENSUS CONTROL [19] ?#15050 :: crops=Grass(100)/Bush(150)/Broadleaf(500) (sum over the 3 slots=750, 3 selected ⇒ mean per hex=250) | consumption_amount=150 | consumption_max_storage=nil | consumption_stored_resources=8970 | building_update_time=60000 ms (2 game hours) | working=true | GetNotWorkingReason=nil (ok=true) | parent_dome=nil
[mod] [C47S] CENSUS CONTROL [20] ?#15052 :: crops=Grass(100)/Bush(150)/Broadleaf(500) (sum over the 3 slots=750, 3 selected ⇒ mean per hex=250) | consumption_amount=500 | consumption_max_storage=nil | consumption_stored_resources=8636 | building_update_time=60000 ms (2 game hours) | working=true | GetNotWorkingReason=nil (ok=true) | parent_dome=nil
[C47S] CENSUS CONTROL [20] ?#15052 :: crops=Grass(100)/Bush(150)/Broadleaf(500) (sum over the 3 slots=750, 3 selected ⇒ mean per hex=250) | consumption_amount=500 | consumption_max_storage=nil | consumption_stored_resources=8636 | building_update_time=60000 ms (2 game hours) | working=true | GetNotWorkingReason=nil (ok=true) | parent_dome=nil
[mod] [C47S] CENSUS CONTROL [21] ?#15098 :: crops=Grass(100)/Bush(150)/Broadleaf(500) (sum over the 3 slots=750, 3 selected ⇒ mean per hex=250) | consumption_amount=500 | consumption_max_storage=nil | consumption_stored_resources=9162 | building_update_time=60000 ms (2 game hours) | working=true | GetNotWorkingReason=nil (ok=true) | parent_dome=nil
[C47S] CENSUS CONTROL [21] ?#15098 :: crops=Grass(100)/Bush(150)/Broadleaf(500) (sum over the 3 slots=750, 3 selected ⇒ mean per hex=250) | consumption_amount=500 | consumption_max_storage=nil | consumption_stored_resources=9162 | building_update_time=60000 ms (2 game hours) | working=true | GetNotWorkingReason=nil (ok=true) | parent_dome=nil
[mod] [C47S] CENSUS CONTROL [22] ?#15099 :: crops=Grass(100)/Bush(150)/Broadleaf(500) (sum over the 3 slots=750, 3 selected ⇒ mean per hex=250) | consumption_amount=500 | consumption_max_storage=nil | consumption_stored_resources=9139 | building_update_time=60000 ms (2 game hours) | working=true | GetNotWorkingReason=nil (ok=true) | parent_dome=nil
[C47S] CENSUS CONTROL [22] ?#15099 :: crops=Grass(100)/Bush(150)/Broadleaf(500) (sum over the 3 slots=750, 3 selected ⇒ mean per hex=250) | consumption_amount=500 | consumption_max_storage=nil | consumption_stored_resources=9139 | building_update_time=60000 ms (2 game hours) | working=true | GetNotWorkingReason=nil (ok=true) | parent_dome=nil
[mod] [C47S] CENSUS CONTROL [23] ?#15547 :: crops=Grass(100)/Bush(150)/Broadleaf(500) (sum over the 3 slots=750, 3 selected ⇒ mean per hex=250) | consumption_amount=150 | consumption_max_storage=nil | consumption_stored_resources=9086 | building_update_time=60000 ms (2 game hours) | working=true | GetNotWorkingReason=nil (ok=true) | parent_dome=nil
[C47S] CENSUS CONTROL [23] ?#15547 :: crops=Grass(100)/Bush(150)/Broadleaf(500) (sum over the 3 slots=750, 3 selected ⇒ mean per hex=250) | consumption_amount=150 | consumption_max_storage=nil | consumption_stored_resources=9086 | building_update_time=60000 ms (2 game hours) | working=true | GetNotWorkingReason=nil (ok=true) | parent_dome=nil
[mod] [C47S] CENSUS CONTROL [24] ?#15549 :: crops=Grass(100)/Bush(150)/Broadleaf(500) (sum over the 3 slots=750, 3 selected ⇒ mean per hex=250) | consumption_amount=150 | consumption_max_storage=nil | consumption_stored_resources=9259 | building_update_time=60000 ms (2 game hours) | working=true | GetNotWorkingReason=nil (ok=true) | parent_dome=nil
[C47S] CENSUS CONTROL [24] ?#15549 :: crops=Grass(100)/Bush(150)/Broadleaf(500) (sum over the 3 slots=750, 3 selected ⇒ mean per hex=250) | consumption_amount=150 | consumption_max_storage=nil | consumption_stored_resources=9259 | building_update_time=60000 ms (2 game hours) | working=true | GetNotWorkingReason=nil (ok=true) | parent_dome=nil
[mod] [C47S] CENSUS CONTROL [25] ?#15554 :: crops=Grass(100)/Bush(150)/Broadleaf(500) (sum over the 3 slots=750, 3 selected ⇒ mean per hex=250) | consumption_amount=500 | consumption_max_storage=nil | consumption_stored_resources=9203 | building_update_time=60000 ms (2 game hours) | working=true | GetNotWorkingReason=nil (ok=true) | parent_dome=nil
[C47S] CENSUS CONTROL [25] ?#15554 :: crops=Grass(100)/Bush(150)/Broadleaf(500) (sum over the 3 slots=750, 3 selected ⇒ mean per hex=250) | consumption_amount=500 | consumption_max_storage=nil | consumption_stored_resources=9203 | building_update_time=60000 ms (2 game hours) | working=true | GetNotWorkingReason=nil (ok=true) | parent_dome=nil
[mod] [C47S] CENSUS CONTROL [26] ?#15556 :: crops=Grass(100)/Bush(150)/Broadleaf(500) (sum over the 3 slots=750, 3 selected ⇒ mean per hex=250) | consumption_amount=500 | consumption_max_storage=nil | consumption_stored_resources=8710 | building_update_time=60000 ms (2 game hours) | working=true | GetNotWorkingReason=nil (ok=true) | parent_dome=nil
						Lua 0:00:46:367
[C47S] CENSUS CONTROL [26] ?#15556 :: crops=Grass(100)/Bush(150)/Broadleaf(500) (sum over the 3 slots=750, 3 selected ⇒ mean per hex=250) | consumption_amount=500 | consumption_max_storage=nil | consumption_stored_resources=8710 | building_update_time=60000 ms (2 game hours) | working=true | GetNotWorkingReason=nil (ok=true) | parent_dome=nil
[mod] [C47S] CENSUS CONTROL [27] ?#15563 :: crops=Grass(100)/Bush(150)/Broadleaf(500) (sum over the 3 slots=750, 3 selected ⇒ mean per hex=250) | consumption_amount=500 | consumption_max_storage=nil | consumption_stored_resources=8682 | building_update_time=60000 ms (2 game hours) | working=true | GetNotWorkingReason=nil (ok=true) | parent_dome=nil
[C47S] CENSUS CONTROL [27] ?#15563 :: crops=Grass(100)/Bush(150)/Broadleaf(500) (sum over the 3 slots=750, 3 selected ⇒ mean per hex=250) | consumption_amount=500 | consumption_max_storage=nil | consumption_stored_resources=8682 | building_update_time=60000 ms (2 game hours) | working=true | GetNotWorkingReason=nil (ok=true) | parent_dome=nil
[mod] [C47S] CENSUS CONTROL [28] ?#15565 :: crops=Grass(100)/Bush(150)/Broadleaf(500) (sum over the 3 slots=750, 3 selected ⇒ mean per hex=250) | consumption_amount=500 | consumption_max_storage=nil | consumption_stored_resources=8744 | building_update_time=60000 ms (2 game hours) | working=true | GetNotWorkingReason=nil (ok=true) | parent_dome=nil
[C47S] CENSUS CONTROL [28] ?#15565 :: crops=Grass(100)/Bush(150)/Broadleaf(500) (sum over the 3 slots=750, 3 selected ⇒ mean per hex=250) | consumption_amount=500 | consumption_max_storage=nil | consumption_stored_resources=8744 | building_update_time=60000 ms (2 game hours) | working=true | GetNotWorkingReason=nil (ok=true) | parent_dome=nil
[mod] [C47S] CENSUS CONTROL [29] ?#15810 :: crops=Grass(100)/Bush(150)/Broadleaf(500) (sum over the 3 slots=750, 3 selected ⇒ mean per hex=250) | consumption_amount=500 | consumption_max_storage=nil | consumption_stored_resources=9196 | building_update_time=60000 ms (2 game hours) | working=true | GetNotWorkingReason=nil (ok=true) | parent_dome=nil
[C47S] CENSUS CONTROL [29] ?#15810 :: crops=Grass(100)/Bush(150)/Broadleaf(500) (sum over the 3 slots=750, 3 selected ⇒ mean per hex=250) | consumption_amount=500 | consumption_max_storage=nil | consumption_stored_resources=9196 | building_update_time=60000 ms (2 game hours) | working=true | GetNotWorkingReason=nil (ok=true) | parent_dome=nil
[mod] [C47S] CENSUS CONTROL [30] ?#15817 :: crops=Grass(100)/Bush(150)/Broadleaf(500) (sum over the 3 slots=750, 3 selected ⇒ mean per hex=250) | consumption_amount=500 | consumption_max_storage=nil | consumption_stored_resources=9076 | building_update_time=60000 ms (2 game hours) | working=true | GetNotWorkingReason=nil (ok=true) | parent_dome=nil
[C47S] CENSUS CONTROL [30] ?#15817 :: crops=Grass(100)/Bush(150)/Broadleaf(500) (sum over the 3 slots=750, 3 selected ⇒ mean per hex=250) | consumption_amount=500 | consumption_max_storage=nil | consumption_stored_resources=9076 | building_update_time=60000 ms (2 game hours) | working=true | GetNotWorkingReason=nil (ok=true) | parent_dome=nil
[mod] [C47S] CENSUS CONTROL [31] ?#16008 :: crops=Grass(100)/Bush(150)/Broadleaf(500) (sum over the 3 slots=750, 3 selected ⇒ mean per hex=250) | consumption_amount=500 | consumption_max_storage=nil | consumption_stored_resources=9056 | building_update_time=60000 ms (2 game hours) | working=true | GetNotWorkingReason=nil (ok=true) | parent_dome=nil
[C47S] CENSUS CONTROL [31] ?#16008 :: crops=Grass(100)/Bush(150)/Broadleaf(500) (sum over the 3 slots=750, 3 selected ⇒ mean per hex=250) | consumption_amount=500 | consumption_max_storage=nil | consumption_stored_resources=9056 | building_update_time=60000 ms (2 game hours) | working=true | GetNotWorkingReason=nil (ok=true) | parent_dome=nil
[mod] [C47S] CENSUS CONTROL [32] ?#16011 :: crops=Grass(100)/Bush(150)/Broadleaf(500) (sum over the 3 slots=750, 3 selected ⇒ mean per hex=250) | consumption_amount=500 | consumption_max_storage=nil | consumption_stored_resources=9105 | building_update_time=60000 ms (2 game hours) | working=true | GetNotWorkingReason=nil (ok=true) | parent_dome=nil
[C47S] CENSUS CONTROL [32] ?#16011 :: crops=Grass(100)/Bush(150)/Broadleaf(500) (sum over the 3 slots=750, 3 selected ⇒ mean per hex=250) | consumption_amount=500 | consumption_max_storage=nil | consumption_stored_resources=9105 | building_update_time=60000 ms (2 game hours) | working=true | GetNotWorkingReason=nil (ok=true) | parent_dome=nil
[mod] [C47S] CENSUS CONTROL [33] ?#16076 :: crops=Grass(100)/Bush(150)/Broadleaf(500) (sum over the 3 slots=750, 3 selected ⇒ mean per hex=250) | consumption_amount=500 | consumption_max_storage=nil | consumption_stored_resources=8639 | building_update_time=60000 ms (2 game hours) | working=true | GetNotWorkingReason=nil (ok=true) | parent_dome=nil
[C47S] CENSUS CONTROL [33] ?#16076 :: crops=Grass(100)/Bush(150)/Broadleaf(500) (sum over the 3 slots=750, 3 selected ⇒ mean per hex=250) | consumption_amount=500 | consumption_max_storage=nil | consumption_stored_resources=8639 | building_update_time=60000 ms (2 game hours) | working=true | GetNotWorkingReason=nil (ok=true) | parent_dome=nil
[mod] [C47S] CENSUS CONTROL [34] ?#16077 :: crops=Grass(100)/Bush(150)/Broadleaf(500) (sum over the 3 slots=750, 3 selected ⇒ mean per hex=250) | consumption_amount=500 | consumption_max_storage=nil | consumption_stored_resources=8752 | building_update_time=60000 ms (2 game hours) | working=true | GetNotWorkingReason=nil (ok=true) | parent_dome=nil
[C47S] CENSUS CONTROL [34] ?#16077 :: crops=Grass(100)/Bush(150)/Broadleaf(500) (sum over the 3 slots=750, 3 selected ⇒ mean per hex=250) | consumption_amount=500 | consumption_max_storage=nil | consumption_stored_resources=8752 | building_update_time=60000 ms (2 game hours) | working=true | GetNotWorkingReason=nil (ok=true) | parent_dome=nil
[mod] [C47S] CENSUS CONTROL [35] ?#16155 :: crops=Grass(100)/Bush(150)/Broadleaf(500) (sum over the 3 slots=750, 3 selected ⇒ mean per hex=250) | consumption_amount=500 | consumption_max_storage=nil | consumption_stored_resources=9058 | building_update_time=60000 ms (2 game hours) | working=true | GetNotWorkingReason=nil (ok=true) | parent_dome=nil
[C47S] CENSUS CONTROL [35] ?#16155 :: crops=Grass(100)/Bush(150)/Broadleaf(500) (sum over the 3 slots=750, 3 selected ⇒ mean per hex=250) | consumption_amount=500 | consumption_max_storage=nil | consumption_stored_resources=9058 | building_update_time=60000 ms (2 game hours) | working=true | GetNotWorkingReason=nil (ok=true) | parent_dome=nil
[mod] [C47S] CENSUS CONTROL [36] ?#16192 :: crops=Grass(100)/Bush(150)/Broadleaf(500) (sum over the 3 slots=750, 3 selected ⇒ mean per hex=250) | consumption_amount=150 | consumption_max_storage=nil | consumption_stored_resources=9185 | building_update_time=60000 ms (2 game hours) | working=true | GetNotWorkingReason=nil (ok=true) | parent_dome=nil
[C47S] CENSUS CONTROL [36] ?#16192 :: crops=Grass(100)/Bush(150)/Broadleaf(500) (sum over the 3 slots=750, 3 selected ⇒ mean per hex=250) | consumption_amount=150 | consumption_max_storage=nil | consumption_stored_resources=9185 | building_update_time=60000 ms (2 game hours) | working=true | GetNotWorkingReason=nil (ok=true) | parent_dome=nil
[mod] [C47S] READ C47-population(ForestationPlantBase, the CONTROL) = 36 | population=36 | APPLICABLE=true | witness=city labels (Building.lua:417-418) plus CurrentMap:MapGet, deduped by handle, walked this load
[C47S] READ C47-population(ForestationPlantBase, the CONTROL) = 36 | population=36 | APPLICABLE=true | witness=city labels (Building.lua:417-418) plus CurrentMap:MapGet, deduped by handle, walked this load
[mod] [C47S] TRY leg Census (yielding) ok=true result=true
[C47S] TRY leg Census (yielding) ok=true result=true
[mod] [C47S] ORGANIC :: buffer sampling and notification counting over game time :: no mechanism is forced: the colony simply runs at 5x and the instrument watches. The only thing this leg does to the game is set the game speed.
[C47S] ORGANIC :: buffer sampling and notification counting over game time :: no mechanism is forced: the colony simply runs at 5x and the instrument watches. The only thing this leg does to the game is set the game speed.
[mod] [C47S] SAMPLE BEGIN :: start GameTime=275840944 (383.11 sols) | target=+5 sols = GameTime 279440944 | speed=5x | sample every 500 real ms | real-time cap 960000 ms | ⛔ counters were armed at THIS line, so every add/remove below happened inside the window
[C47S] SAMPLE BEGIN :: start GameTime=275840944 (383.11 sols) | target=+5 sols = GameTime 279440944 | speed=5x | sample every 500 real ms | real-time cap 960000 ms | ⛔ counters were armed at THIS line, so every add/remove below happened inside the window
[mod] [C47S] VOICETABLE at window open :: VoicesCooldown has 0 key(s) [] | VoiceQueue length=0 — ⭐ the keys are voiced-TEXT ids, not object handles (Voice.lua:355-358), so one key covers every not-working building in the colony at once
[C47S] VOICETABLE at window open :: VoicesCooldown has 0 key(s) [] | VoiceQueue length=0 — ⭐ the keys are voiced-TEXT ids, not object handles (Voice.lua:355-358), so one key covers every not-working building in the colony at once
						Lua 0:01:46:365
[mod] [C47S] VOID(banner path wrapped by Opt_AcknowledgedWarnings) WINDOW w1 SUBJECT ?#15779 :: adds=0 removes=0 | buffer now=3750 min=725 max=4225 mean=2958 | zero-samples=0/121 | refills=41 totalling 17825 | not-working samples=0 (of which reason='Consumption' 0)
[C47S] VOID(banner path wrapped by Opt_AcknowledgedWarnings) WINDOW w1 SUBJECT ?#15779 :: adds=0 removes=0 | buffer now=3750 min=725 max=4225 mean=2958 | zero-samples=0/121 | refills=41 totalling 17825 | not-working samples=0 (of which reason='Consumption' 0)
[mod] [C47S] VOID(banner path wrapped by Opt_AcknowledgedWarnings) WINDOW w1 SUBJECT ?#15974 :: adds=0 removes=0 | buffer now=3500 min=1661 max=4720 mean=3217 | zero-samples=0/121 | refills=35 totalling 15060 | not-working samples=0 (of which reason='Consumption' 0)
[C47S] VOID(banner path wrapped by Opt_AcknowledgedWarnings) WINDOW w1 SUBJECT ?#15974 :: adds=0 removes=0 | buffer now=3500 min=1661 max=4720 mean=3217 | zero-samples=0/121 | refills=35 totalling 15060 | not-working samples=0 (of which reason='Consumption' 0)
[mod] [C47S] VOID(banner path wrapped by Opt_AcknowledgedWarnings) WINDOW w1 CONTROL ?#2793 :: adds=0 removes=0 | buffer now=8913 min=8913 max=9213 mean=9134 | zero-samples=0/121 | refills=1 totalling 280 | not-working samples=0 (of which reason='Consumption' 0)
[C47S] VOID(banner path wrapped by Opt_AcknowledgedWarnings) WINDOW w1 CONTROL ?#2793 :: adds=0 removes=0 | buffer now=8913 min=8913 max=9213 mean=9134 | zero-samples=0/121 | refills=1 totalling 280 | not-working samples=0 (of which reason='Consumption' 0)
[mod] [C47S] VOID(banner path wrapped by Opt_AcknowledgedWarnings) WINDOW w1 CONTROL ?#3790 :: adds=0 removes=0 | buffer now=9213 min=8933 max=9233 mean=9159 | zero-samples=0/121 | refills=2 totalling 560 | not-working samples=0 (of which reason='Consumption' 0)
[C47S] VOID(banner path wrapped by Opt_AcknowledgedWarnings) WINDOW w1 CONTROL ?#3790 :: adds=0 removes=0 | buffer now=9213 min=8933 max=9233 mean=9159 | zero-samples=0/121 | refills=2 totalling 560 | not-working samples=0 (of which reason='Consumption' 0)
[mod] [C47S] VOID(banner path wrapped by Opt_AcknowledgedWarnings) WINDOW w1 CONTROL ?#4089 :: adds=0 removes=0 | buffer now=9016 min=8936 max=9216 mean=9090 | zero-samples=0/121 | refills=1 totalling 280 | not-working samples=0 (of which reason='Consumption' 0)
[C47S] VOID(banner path wrapped by Opt_AcknowledgedWarnings) WINDOW w1 CONTROL ?#4089 :: adds=0 removes=0 | buffer now=9016 min=8936 max=9216 mean=9090 | zero-samples=0/121 | refills=1 totalling 280 | not-working samples=0 (of which reason='Consumption' 0)
[mod] [C47S] VOID(banner path wrapped by Opt_AcknowledgedWarnings) WINDOW w1 CONTROL ?#6324 :: adds=0 removes=0 | buffer now=9700 min=8960 max=10000 mean=9613 | zero-samples=0/121 | refills=1 totalling 1040 | not-working samples=0 (of which reason='Consumption' 0)
[C47S] VOID(banner path wrapped by Opt_AcknowledgedWarnings) WINDOW w1 CONTROL ?#6324 :: adds=0 removes=0 | buffer now=9700 min=8960 max=10000 mean=9613 | zero-samples=0/121 | refills=1 totalling 1040 | not-working samples=0 (of which reason='Consumption' 0)
[mod] [C47S] VOID(banner path wrapped by Opt_AcknowledgedWarnings) WINDOW w1 CONTROL ?#6325 :: adds=0 removes=0 | buffer now=9020 min=8680 max=10000 mean=9272 | zero-samples=0/121 | refills=5 totalling 2020 | not-working samples=0 (of which reason='Consumption' 0)						Lua 0:01:46:366

[C47S] VOID(banner path wrapped by Opt_AcknowledgedWarnings) WINDOW w1 CONTROL ?#6325 :: adds=0 removes=0 | buffer now=9020 min=8680 max=10000 mean=9272 | zero-samples=0/121 | refills=5 totalling 2020 | not-working samples=0 (of which reason='Consumption' 0)
[mod] [C47S] VOID(banner path wrapped by Opt_AcknowledgedWarnings) WINDOW w1 CONTROL ?#6620 :: adds=0 removes=0 | buffer now=9183 min=8973 max=9271 mean=9104 | zero-samples=0/121 | refills=18 totalling 368 | not-working samples=0 (of which reason='Consumption' 0)
[C47S] VOID(banner path wrapped by Opt_AcknowledgedWarnings) WINDOW w1 CONTROL ?#6620 :: adds=0 removes=0 | buffer now=9183 min=8973 max=9271 mean=9104 | zero-samples=0/121 | refills=18 totalling 368 | not-working samples=0 (of which reason='Consumption' 0)
[mod] [C47S] VOID(banner path wrapped by Opt_AcknowledgedWarnings) WINDOW w1 CONTROL ?#6622 :: adds=0 removes=0 | buffer now=9070 min=8944 max=9234 mean=9101 | zero-samples=0/121 | refills=16 totalling 356 | not-working samples=0 (of which reason='Consumption' 0)
[C47S] VOID(banner path wrapped by Opt_AcknowledgedWarnings) WINDOW w1 CONTROL ?#6622 :: adds=0 removes=0 | buffer now=9070 min=8944 max=9234 mean=9101 | zero-samples=0/121 | refills=16 totalling 356 | not-working samples=0 (of which reason='Consumption' 0)
[mod] [C47S] VOID(banner path wrapped by Opt_AcknowledgedWarnings) WINDOW w1 CONTROL ?#6836 :: adds=0 removes=0 | buffer now=9053 min=8875 max=9197 mean=9056 | zero-samples=0/121 | refills=20 totalling 658 | not-working samples=0 (of which reason='Consumption' 0)
[C47S] VOID(banner path wrapped by Opt_AcknowledgedWarnings) WINDOW w1 CONTROL ?#6836 :: adds=0 removes=0 | buffer now=9053 min=8875 max=9197 mean=9056 | zero-samples=0/121 | refills=20 totalling 658 | not-working samples=0 (of which reason='Consumption' 0)
[mod] [C47S] VOID(banner path wrapped by Opt_AcknowledgedWarnings) WINDOW w1 CONTROL ?#6958 :: adds=0 removes=0 | buffer now=9191 min=8937 max=9273 mean=9169 | zero-samples=0/121 | refills=18 totalling 372 | not-working samples=0 (of which reason='Consumption' 0)
[C47S] VOID(banner path wrapped by Opt_AcknowledgedWarnings) WINDOW w1 CONTROL ?#6958 :: adds=0 removes=0 | buffer now=9191 min=8937 max=9273 mean=9169 | zero-samples=0/121 | refills=18 totalling 372 | not-working samples=0 (of which reason='Consumption' 0)
[mod] [C47S] VOID(banner path wrapped by Opt_AcknowledgedWarnings) WINDOW w1 CONTROL ?#7004 :: adds=0 removes=0 | buffer now=9205 min=8925 max=9225 mean=9086 | zero-samples=0/121 | refills=2 totalling 560 | not-working samples=0 (of which reason='Consumption' 0)
[C47S] VOID(banner path wrapped by Opt_AcknowledgedWarnings) WINDOW w1 CONTROL ?#7004 :: adds=0 removes=0 | buffer now=9205 min=8925 max=9225 mean=9086 | zero-samples=0/121 | refills=2 totalling 560 | not-working samples=0 (of which reason='Consumption' 0)
[mod] [C47S] VOID(banner path wrapped by Opt_AcknowledgedWarnings) WINDOW w1 CONTROL ?#7016 :: adds=0 removes=0 | buffer now=9080 min=8950 max=9550 mean=9281 | zero-samples=0/121 | refills=1 totalling 280 | not-working samples=0 (of which reason='Consumption' 0)
[C47S] VOID(banner path wrapped by Opt_AcknowledgedWarnings) WINDOW w1 CONTROL ?#7016 :: adds=0 removes=0 | buffer now=9080 min=8950 max=9550 mean=9281 | zero-samples=0/121 | refills=1 totalling 280 | not-working samples=0 (of which reason='Consumption' 0)
[mod] [C47S] VOID(banner path wrapped by Opt_AcknowledgedWarnings) WINDOW w1 CONTROL ?#14623 :: adds=0 removes=0 | buffer now=9142 min=8522 max=9242 mean=9004 | zero-samples=0/121 | refills=6 totalling 2520 | not-working samples=0 (of which reason='Consumption' 0)
[C47S] VOID(banner path wrapped by Opt_AcknowledgedWarnings) WINDOW w1 CONTROL ?#14623 :: adds=0 removes=0 | buffer now=9142 min=8522 max=9242 mean=9004 | zero-samples=0/121 | refills=6 totalling 2520 | not-working samples=0 (of which reason='Consumption' 0)
[mod] [C47S] VOID(banner path wrapped by Opt_AcknowledgedWarnings) WINDOW w1 CONTROL ?#14625 :: adds=0 removes=0 | buffer now=9063 min=8503 max=9223 mean=8982 | zero-samples=0/121 | refills=8 totalling 2520 | not-working samples=0 (of which reason='Consumption' 0)
[C47S] VOID(banner path wrapped by Opt_AcknowledgedWarnings) WINDOW w1 CONTROL ?#14625 :: adds=0 removes=0 | buffer now=9063 min=8503 max=9223 mean=8982 | zero-samples=0/121 | refills=8 totalling 2520 | not-working samples=0 (of which reason='Consumption' 0)
[mod] [C47S] VOID(banner path wrapped by Opt_AcknowledgedWarnings) WINDOW w1 CONTROL ?#14627 :: adds=0 removes=0 | buffer now=8530 min=8510 max=9250 mean=8933 | zero-samples=0/121 | refills=8 totalling 2520 | not-working samples=0 (of which reason='Consumption' 0)
[C47S] VOID(banner path wrapped by Opt_AcknowledgedWarnings) WINDOW w1 CONTROL ?#14627 :: adds=0 removes=0 | buffer now=8530 min=8510 max=9250 mean=8933 | zero-samples=0/121 | refills=8 totalling 2520 | not-working samples=0 (of which reason='Consumption' 0)
[mod] [C47S] VOID(banner path wrapped by Opt_AcknowledgedWarnings) WINDOW w1 CONTROL ?#14628 :: adds=0 removes=0 | buffer now=9276 min=8536 max=9276 mean=9070 | zero-samples=0/121 | refills=7 totalling 2520 | not-working samples=0 (of which reason='Consumption' 0)
[C47S] VOID(banner path wrapped by Opt_AcknowledgedWarnings) WINDOW w1 CONTROL ?#14628 :: adds=0 removes=0 | buffer now=9276 min=8536 max=9276 mean=9070 | zero-samples=0/121 | refills=7 totalling 2520 | not-working samples=0 (of which reason='Consumption' 0)
[mod] [C47S] VOID(banner path wrapped by Opt_AcknowledgedWarnings) WINDOW w1 CONTROL ?#14629 :: adds=0 removes=0 | buffer now=8697 min=8517 max=9237 mean=8983 | zero-samples=0/121 | refills=6 totalling 2520 | not-working samples=0 (of which reason='Consumption' 0)
[C47S] VOID(banner path wrapped by Opt_AcknowledgedWarnings) WINDOW w1 CONTROL ?#14629 :: adds=0 removes=0 | buffer now=8697 min=8517 max=9237 mean=8983 | zero-samples=0/121 | refills=6 totalling 2520 | not-working samples=0 (of which reason='Consumption' 0)
[mod] [C47S] VOID(banner path wrapped by Opt_AcknowledgedWarnings) WINDOW w1 CONTROL ?#15043 :: adds=0 removes=0 | buffer now=8577 min=8537 max=9237 mean=9004 | zero-samples=0/121 | refills=10 totalling 2400 | not-working samples=0 (of which reason='Consumption' 0)
[C47S] VOID(banner path wrapped by Opt_AcknowledgedWarnings) WINDOW w1 CONTROL ?#15043 :: adds=0 removes=0 | buffer now=8577 min=8537 max=9237 mean=9004 | zero-samples=0/121 | refills=10 totalling 2400 | not-working samples=0 (of which reason='Consumption' 0)
[mod] [C47S] VOID(banner path wrapped by Opt_AcknowledgedWarnings) WINDOW w1 CONTROL ?#15047 :: adds=0 removes=0 | buffer now=9115 min=8595 max=9295 mean=8956 | zero-samples=0/121 | refills=13 totalling 2440 | not-working samples=0 (of which reason='Consumption' 0)
[C47S] VOID(banner path wrapped by Opt_AcknowledgedWarnings) WINDOW w1 CONTROL ?#15047 :: adds=0 removes=0 | buffer now=9115 min=8595 max=9295 mean=8956 | zero-samples=0/121 | refills=13 totalling 2440 | not-working samples=0 (of which reason='Consumption' 0)
[mod] [C47S] VOID(banner path wrapped by Opt_AcknowledgedWarnings) WINDOW w1 CONTROL ?#15050 :: adds=0 removes=0 | buffer now=8980 min=8920 max=9290 mean=9122 | zero-samples=0/121 | refills=7 totalling 760 | not-working samples=0 (of which reason='Consumption' 0)
[C47S] VOID(banner path wrapped by Opt_AcknowledgedWarnings) WINDOW w1 CONTROL ?#15050 :: adds=0 removes=0 | buffer now=8980 min=8920 max=9290 mean=9122 | zero-samples=0/121 | refills=7 totalling 760 | not-working samples=0 (of which reason='Consumption' 0)
[mod] [C47S] VOID(banner path wrapped by Opt_AcknowledgedWarnings) WINDOW w1 CONTROL ?#15052 :: adds=0 removes=0 | buffer now=8576 min=8556 max=9256 mean=9010 | zero-samples=0/121 | refills=12 totalling 2440 | not-working samples=0 (of which reason='Consumption' 0)
[C47S] VOID(banner path wrapped by Opt_AcknowledgedWarnings) WINDOW w1 CONTROL ?#15052 :: adds=0 removes=0 | buffer now=8576 min=8556 max=9256 mean=9010 | zero-samples=0/121 | refills=12 totalling 2440 | not-working samples=0 (of which reason='Consumption' 0)
[mod] [C47S] VOID(banner path wrapped by Opt_AcknowledgedWarnings) WINDOW w1 CONTROL ?#15098 :: adds=0 removes=0 | buffer now=9062 min=8582 max=9242 mean=8928 | zero-samples=0/121 | refills=12 totalling 2400 | not-working samples=0 (of which reason='Consumption' 0)
[C47S] VOID(banner path wrapped by Opt_AcknowledgedWarnings) WINDOW w1 CONTROL ?#15098 :: adds=0 removes=0 | buffer now=9062 min=8582 max=9242 mean=8928 | zero-samples=0/121 | refills=12 totalling 2400 | not-working samples=0 (of which reason='Consumption' 0)
[mod] [C47S] VOID(banner path wrapped by Opt_AcknowledgedWarnings) WINDOW w1 CONTROL ?#15099 :: adds=0 removes=0 | buffer now=9319 min=8559 max=9319 mean=8988 | zero-samples=0/121 | refills=11 totalling 2640 | not-working samples=0 (of which reason='Consumption' 0)
[C47S] VOID(banner path wrapped by Opt_AcknowledgedWarnings) WINDOW w1 CONTROL ?#15099 :: adds=0 removes=0 | buffer now=9319 min=8559 max=9319 mean=8988 | zero-samples=0/121 | refills=11 totalling 2640 | not-working samples=0 (of which reason='Consumption' 0)
[mod] [C47S] VOID(banner path wrapped by Opt_AcknowledgedWarnings) WINDOW w1 CONTROL ?#15547 :: adds=0 removes=0 | buffer now=8896 min=8636 max=9196 mean=8972 | zero-samples=0/121 | refills=2 totalling 560 | not-working samples=0 (of which reason='Consumption' 0)
[C47S] VOID(banner path wrapped by Opt_AcknowledgedWarnings) WINDOW w1 CONTROL ?#15547 :: adds=0 removes=0 | buffer now=8896 min=8636 max=9196 mean=8972 | zero-samples=0/121 | refills=2 totalling 560 | not-working samples=0 (of which reason='Consumption' 0)
[mod] [C47S] VOID(banner path wrapped by Opt_AcknowledgedWarnings) WINDOW w1 CONTROL ?#15549 :: adds=0 removes=0 | buffer now=8789 min=8789 max=9259 mean=9026 | zero-samples=0/121 | refills=1 totalling 280 | not-working samples=0 (of which reason='Consumption' 0)
[C47S] VOID(banner path wrapped by Opt_AcknowledgedWarnings) WINDOW w1 CONTROL ?#15549 :: adds=0 removes=0 | buffer now=8789 min=8789 max=9259 mean=9026 | zero-samples=0/121 | refills=1 totalling 280 | not-working samples=0 (of which reason='Consumption' 0)
[mod] [C47S] VOID(banner path wrapped by Opt_AcknowledgedWarnings) WINDOW w1 CONTROL ?#15554 :: adds=0 removes=0 | buffer now=9223 min=8543 max=9263 mean=8959 | zero-samples=0/121 | refills=9 totalling 2520 | not-working samples=0 (of which reason='Consumption' 0)
[C47S] VOID(banner path wrapped by Opt_AcknowledgedWarnings) WINDOW w1 CONTROL ?#15554 :: adds=0 removes=0 | buffer now=9223 min=8543 max=9263 mean=8959 | zero-samples=0/121 | refills=9 totalling 2520 | not-working samples=0 (of which reason='Consumption' 0)
[mod] [C47S] VOID(banner path wrapped by Opt_AcknowledgedWarnings) WINDOW w1 CONTROL ?#15556 :: adds=0 removes=0 | buffer now=8730 min=8550 max=9270 mean=9049 | zero-samples=0/121 | refills=9 totalling 2520 | not-working samples=0 (of which reason='Consumption' 0)
[C47S] VOID(banner path wrapped by Opt_AcknowledgedWarnings) WINDOW w1 CONTROL ?#15556 :: adds=0 removes=0 | buffer now=8730 min=8550 max=9270 mean=9049 | zero-samples=0/121 | refills=9 totalling 2520 | not-working samples=0 (of which reason='Consumption' 0)
[mod] [C47S] VOID(banner path wrapped by Opt_AcknowledgedWarnings) WINDOW w1 CONTROL ?#15563 :: adds=0 removes=0 | buffer now=8702 min=8522 max=9242 mean=9030 | zero-samples=0/121 | refills=8 totalling 2520 | not-working samples=0 (of which reason='Consumption' 0)
[C47S] VOID(banner path wrapped by Opt_AcknowledgedWarnings) WINDOW w1 CONTROL ?#15563 :: adds=0 removes=0 | buffer now=8702 min=8522 max=9242 mean=9030 | zero-samples=0/121 | refills=8 totalling 2520 | not-working samples=0 (of which reason='Consumption' 0)
[mod] [C47S] VOID(banner path wrapped by Opt_AcknowledgedWarnings) WINDOW w1 CONTROL ?#15565 :: adds=0 removes=0 | buffer now=8764 min=8524 max=9264 mean=9016 | zero-samples=0/121 | refills=8 totalling 2520 | not-working samples=0 (of which reason='Consumption' 0)
[C47S] VOID(banner path wrapped by Opt_AcknowledgedWarnings) WINDOW w1 CONTROL ?#15565 :: adds=0 removes=0 | buffer now=8764 min=8524 max=9264 mean=9016 | zero-samples=0/121 | refills=8 totalling 2520 | not-working samples=0 (of which reason='Consumption' 0)
[mod] [C47S] VOID(banner path wrapped by Opt_AcknowledgedWarnings) WINDOW w1 CONTROL ?#15810 :: adds=0 removes=0 | buffer now=9260 min=8557 max=9312 mean=9033 | zero-samples=0/121 | refills=17 totalling 2564 | not-working samples=0 (of which reason='Consumption' 0)
[C47S] VOID(banner path wrapped by Opt_AcknowledgedWarnings) WINDOW w1 CONTROL ?#15810 :: adds=0 removes=0 | buffer now=9260 min=8557 max=9312 mean=9033 | zero-samples=0/121 | refills=17 totalling 2564 | not-working samples=0 (of which reason='Consumption' 0)
[mod] [C47S] VOID(banner path wrapped by Opt_AcknowledgedWarnings) WINDOW w1 CONTROL ?#15817 :: adds=0 removes=0 | buffer now=9100 min=8603 max=9318 mean=9133 | zero-samples=0/121 | refills=17 totalling 2470 | not-working samples=0 (of which reason='Consumption' 0)
[C47S] VOID(banner path wrapped by Opt_AcknowledgedWarnings) WINDOW w1 CONTROL ?#15817 :: adds=0 removes=0 | buffer now=9100 min=8603 max=9318 mean=9133 | zero-samples=0/121 | refills=17 totalling 2470 | not-working samples=0 (of which reason='Consumption' 0)
[mod] [C47S] VOID(banner path wrapped by Opt_AcknowledgedWarnings) WINDOW w1 CONTROL ?#16008 :: adds=0 removes=0 | buffer now=9156 min=8544 max=9316 mean=8988 | zero-samples=0/121 | refills=20 totalling 2600 | not-working samples=0 (of which reason='Consumption' 0)
[C47S] VOID(banner path wrapped by Opt_AcknowledgedWarnings) WINDOW w1 CONTROL ?#16008 :: adds=0 removes=0 | buffer now=9156 min=8544 max=9316 mean=8988 | zero-samples=0/121 | refills=20 totalling 2600 | not-working samples=0 (of which reason='Consumption' 0)
[mod] [C47S] VOID(banner path wrapped by Opt_AcknowledgedWarnings) WINDOW w1 CONTROL ?#16011 :: adds=0 removes=0 | buffer now=8845 min=8505 max=9225 mean=8943 | zero-samples=0/121 | refills=7 totalling 2240 | not-working samples=0 (of which reason='Consumption' 0)
[C47S] VOID(banner path wrapped by Opt_AcknowledgedWarnings) WINDOW w1 CONTROL ?#16011 :: adds=0 removes=0 | buffer now=8845 min=8505 max=9225 mean=8943 | zero-samples=0/121 | refills=7 totalling 2240 | not-working samples=0 (of which reason='Consumption' 0)
[mod] [C47S] VOID(banner path wrapped by Opt_AcknowledgedWarnings) WINDOW w1 CONTROL ?#16076 :: adds=0 removes=0 | buffer now=8659 min=8479 max=9199 mean=8883 | zero-samples=0/121 | refills=9 totalling 2520 | not-working samples=0 (of which reason='Consumption' 0)
[C47S] VOID(banner path wrapped by Opt_AcknowledgedWarnings) WINDOW w1 CONTROL ?#16076 :: adds=0 removes=0 | buffer now=8659 min=8479 max=9199 mean=8883 | zero-samples=0/121 | refills=9 totalling 2520 | not-working samples=0 (of which reason='Consumption' 0)
[mod] [C47S] VOID(banner path wrapped by Opt_AcknowledgedWarnings) WINDOW w1 CONTROL ?#16077 :: adds=0 removes=0 | buffer now=8772 min=8532 max=9272 mean=8989 | zero-samples=0/121 | refills=9 totalling 2520 | not-working samples=0 (of which reason='Consumption' 0)
[C47S] VOID(banner path wrapped by Opt_AcknowledgedWarnings) WINDOW w1 CONTROL ?#16077 :: adds=0 removes=0 | buffer now=8772 min=8532 max=9272 mean=8989 | zero-samples=0/121 | refills=9 totalling 2520 | not-working samples=0 (of which reason='Consumption' 0)
[mod] [C47S] VOID(banner path wrapped by Opt_AcknowledgedWarnings) WINDOW w1 CONTROL ?#16155 :: adds=0 removes=0 | buffer now=9078 min=8518 max=9238 mean=9004 | zero-samples=0/121 | refills=6 totalling 2520 | not-working samples=0 (of which reason='Consumption' 0)
[C47S] VOID(banner path wrapped by Opt_AcknowledgedWarnings) WINDOW w1 CONTROL ?#16155 :: adds=0 removes=0 | buffer now=9078 min=8518 max=9238 mean=9004 | zero-samples=0/121 | refills=6 totalling 2520 | not-working samples=0 (of which reason='Consumption' 0)
[mod] [C47S] VOID(banner path wrapped by Opt_AcknowledgedWarnings) WINDOW w1 CONTROL ?#16192 :: adds=0 removes=0 | buffer now=9275 min=8865 max=9275 mean=9070 | zero-samples=0/121 | refills=3 totalling 840 | not-working samples=0 (of which reason='Consumption' 0)
[C47S] VOID(banner path wrapped by Opt_AcknowledgedWarnings) WINDOW w1 CONTROL ?#16192 :: adds=0 removes=0 | buffer now=9275 min=8865 max=9275 mean=9070 | zero-samples=0/121 | refills=3 totalling 840 | not-working samples=0 (of which reason='Consumption' 0)
[mod] [C47S] VOID(banner path wrapped by Opt_AcknowledgedWarnings) WINDOW w1 TOTALS :: adds(all objects on 'NotWorkingBuildings')=2 removes=5 | adds on objects this leg does NOT track=2 | voice-eligible SHIPPED model (text-keyed, RealTime, colony-wide)=1 | voice-eligible under the entry's ASSUMED per-object model=0
[C47S] VOID(banner path wrapped by Opt_AcknowledgedWarnings) WINDOW w1 TOTALS :: adds(all objects on 'NotWorkingBuildings')=2 removes=5 | adds on objects this leg does NOT track=2 | voice-eligible SHIPPED model (text-keyed, RealTime, colony-wide)=1 | voice-eligible under the entry's ASSUMED per-object model=0
[mod] [C47S] CLOCK w1 :: GameTime()=276140944 (383.52 sols since game start) | UIColony.day=384 hour=18 | speed=5x | RealTime()=94343
[C47S] CLOCK w1 :: GameTime()=276140944 (383.52 sols since game start) | UIColony.day=384 hour=18 | speed=5x | RealTime()=94343
[mod] [C47S] VOICETABLE w1 :: VoicesCooldown has 1 key(s) [769547039933] | VoiceQueue length=0 — ⭐ the keys are voiced-TEXT ids, not object handles (Voice.lua:355-358), so one key covers every not-working building in the colony at once
[C47S] VOICETABLE w1 :: VoicesCooldown has 1 key(s) [769547039933] | VoiceQueue length=0 — ⭐ the keys are voiced-TEXT ids, not object handles (Voice.lua:355-358), so one key covers every not-working building in the colony at once
						Lua 0:02:46:365
[mod] [C47S] VOID(banner path wrapped by Opt_AcknowledgedWarnings) WINDOW w2 SUBJECT ?#15779 :: adds=2 removes=2 | buffer now=3470 min=550 max=4225 mean=3039 | zero-samples=0/241 | refills=60 totalling 27585 | not-working samples=1 (of which reason='Consumption' 1)
[C47S] VOID(banner path wrapped by Opt_AcknowledgedWarnings) WINDOW w2 SUBJECT ?#15779 :: adds=2 removes=2 | buffer now=3470 min=550 max=4225 mean=3039 | zero-samples=0/241 | refills=60 totalling 27585 | not-working samples=1 (of which reason='Consumption' 1)
[mod] [C47S] VOID(banner path wrapped by Opt_AcknowledgedWarnings) WINDOW w2 SUBJECT ?#15974 :: adds=0 removes=0 | buffer now=3421 min=1661 max=4720 mean=3328 | zero-samples=0/241 | refills=51 totalling 20601 | not-working samples=0 (of which reason='Consumption' 0)
[C47S] VOID(banner path wrapped by Opt_AcknowledgedWarnings) WINDOW w2 SUBJECT ?#15974 :: adds=0 removes=0 | buffer now=3421 min=1661 max=4720 mean=3328 | zero-samples=0/241 | refills=51 totalling 20601 | not-working samples=0 (of which reason='Consumption' 0)
[mod] [C47S] VOID(banner path wrapped by Opt_AcknowledgedWarnings) WINDOW w2 CONTROL ?#2793 :: adds=0 removes=0 | buffer now=9273 min=8913 max=9273 mean=9165 | zero-samples=0/241 | refills=3 totalling 840 | not-working samples=0 (of which reason='Consumption' 0)
[C47S] VOID(banner path wrapped by Opt_AcknowledgedWarnings) WINDOW w2 CONTROL ?#2793 :: adds=0 removes=0 | buffer now=9273 min=8913 max=9273 mean=9165 | zero-samples=0/241 | refills=3 totalling 840 | not-working samples=0 (of which reason='Consumption' 0)
[mod] [C47S] VOID(banner path wrapped by Opt_AcknowledgedWarnings) WINDOW w2 CONTROL ?#3790 :: adds=0 removes=0 | buffer now=9113 min=8933 max=9233 mean=9155 | zero-samples=0/241 | refills=2 totalling 560 | not-working samples=0 (of which reason='Consumption' 0)
[C47S] VOID(banner path wrapped by Opt_AcknowledgedWarnings) WINDOW w2 CONTROL ?#3790 :: adds=0 removes=0 | buffer now=9113 min=8933 max=9233 mean=9155 | zero-samples=0/241 | refills=2 totalling 560 | not-working samples=0 (of which reason='Consumption' 0)
[mod] [C47S] VOID(banner path wrapped by Opt_AcknowledgedWarnings) WINDOW w2 CONTROL ?#4089 :: adds=0 removes=0 | buffer now=9276 min=8916 max=9276 mean=9143 | zero-samples=0/241 | refills=3 totalling 840 | not-working samples=0 (of which reason='Consumption' 0)
[C47S] VOID(banner path wrapped by Opt_AcknowledgedWarnings) WINDOW w2 CONTROL ?#4089 :: adds=0 removes=0 | buffer now=9276 min=8916 max=9276 mean=9143 | zero-samples=0/241 | refills=3 totalling 840 | not-working samples=0 (of which reason='Consumption' 0)
[mod] [C47S] VOID(banner path wrapped by Opt_AcknowledgedWarnings) WINDOW w2 CONTROL ?#6324 :: adds=0 removes=0 | buffer now=9400 min=8960 max=10000 mean=9548 | zero-samples=0/241 | refills=1 totalling 1040 | not-working samples=0 (of which reason='Consumption' 0)
[C47S] VOID(banner path wrapped by Opt_AcknowledgedWarnings) WINDOW w2 CONTROL ?#6324 :: adds=0 removes=0 | buffer now=9400 min=8960 max=10000 mean=9548 | zero-samples=0/241 | refills=1 totalling 1040 | not-working samples=0 (of which reason='Consumption' 0)
[mod] [C47S] VOID(banner path wrapped by Opt_AcknowledgedWarnings) WINDOW w2 CONTROL ?#6325 :: adds=0 removes=0 | buffer now=9000 min=8520 max=10000 mean=9226 | zero-samples=0/241 | refills=7 totalling 3500 | not-working samples=0 (of which reason='Consumption' 0)
[C47S] VOID(banner path wrapped by Opt_AcknowledgedWarnings) WINDOW w2 CONTROL ?#6325 :: adds=0 removes=0 | buffer now=9000 min=8520 max=10000 mean=9226 | zero-samples=0/241 | refills=7 totalling 3500 | not-working samples=0 (of which reason='Consumption' 0)
[mod] [C47S] VOID(banner path wrapped by Opt_AcknowledgedWarnings) WINDOW w2 CONTROL ?#6620 :: adds=0 removes=0 | buffer now=9221 min=8937 max=9271 mean=9129 | zero-samples=0/241 | refills=27 totalling 694 | not-working samples=0 (of which reason='Consumption' 0)
[C47S] VOID(banner path wrapped by Opt_AcknowledgedWarnings) WINDOW w2 CONTROL ?#6620 :: adds=0 removes=0 | buffer now=9221 min=8937 max=9271 mean=9129 | zero-samples=0/241 | refills=27 totalling 694 | not-working samples=0 (of which reason='Consumption' 0)
[mod] [C47S] VOID(banner path wrapped by Opt_AcknowledgedWarnings) WINDOW w2 CONTROL ?#6622 :: adds=0 removes=0 | buffer now=9110 min=8944 max=9274 mean=9121 | zero-samples=0/241 | refills=27 totalling 696 | not-working samples=0 (of which reason='Consumption' 0)
[C47S] VOID(banner path wrapped by Opt_AcknowledgedWarnings) WINDOW w2 CONTROL ?#6622 :: adds=0 removes=0 | buffer now=9110 min=8944 max=9274 mean=9121 | zero-samples=0/241 | refills=27 totalling 696 | not-working samples=0 (of which reason='Consumption' 0)
[mod] [C47S] VOID(banner path wrapped by Opt_AcknowledgedWarnings) WINDOW w2 CONTROL ?#6836 :: adds=0 removes=0 | buffer now=8943 min=8875 max=9219 mean=9035 | zero-samples=0/241 | refills=30 totalling 998 | not-working samples=0 (of which reason='Consumption' 0)
[C47S] VOID(banner path wrapped by Opt_AcknowledgedWarnings) WINDOW w2 CONTROL ?#6836 :: adds=0 removes=0 | buffer now=8943 min=8875 max=9219 mean=9035 | zero-samples=0/241 | refills=30 totalling 998 | not-working samples=0 (of which reason='Consumption' 0)
[mod] [C47S] VOID(banner path wrapped by Opt_AcknowledgedWarnings) WINDOW w2 CONTROL ?#6958 :: adds=0 removes=0 | buffer now=9225 min=8937 max=9273 mean=9158 | zero-samples=0/241 | refills=28 totalling 706 | not-working samples=0 (of which reason='Consumption' 0)
[C47S] VOID(banner path wrapped by Opt_AcknowledgedWarnings) WINDOW w2 CONTROL ?#6958 :: adds=0 removes=0 | buffer now=9225 min=8937 max=9273 mean=9158 | zero-samples=0/241 | refills=28 totalling 706 | not-working samples=0 (of which reason='Consumption' 0)
[mod] [C47S] VOID(banner path wrapped by Opt_AcknowledgedWarnings) WINDOW w2 CONTROL ?#7004 :: adds=0 removes=0 | buffer now=8905 min=8905 max=9225 mean=9041 | zero-samples=0/241 | refills=2 totalling 560 | not-working samples=0 (of which reason='Consumption' 0)
[C47S] VOID(banner path wrapped by Opt_AcknowledgedWarnings) WINDOW w2 CONTROL ?#7004 :: adds=0 removes=0 | buffer now=8905 min=8905 max=9225 mean=9041 | zero-samples=0/241 | refills=2 totalling 560 | not-working samples=0 (of which reason='Consumption' 0)
[mod] [C47S] VOID(banner path wrapped by Opt_AcknowledgedWarnings) WINDOW w2 CONTROL ?#7016 :: adds=0 removes=0 | buffer now=9060 min=8930 max=9550 mean=9185 | zero-samples=0/241 | refills=2 totalling 560 | not-working samples=0 (of which reason='Consumption' 0)
[C47S] VOID(banner path wrapped by Opt_AcknowledgedWarnings) WINDOW w2 CONTROL ?#7016 :: adds=0 removes=0 | buffer now=9060 min=8930 max=9550 mean=9185 | zero-samples=0/241 | refills=2 totalling 560 | not-working samples=0 (of which reason='Consumption' 0)
[mod] [C47S] VOID(banner path wrapped by Opt_AcknowledgedWarnings) WINDOW w2 CONTROL ?#14623 :: adds=0 removes=0 | buffer now=9042 min=8482 max=9242 mean=8995 | zero-samples=0/241 | refills=11 totalling 3920 | not-working samples=0 (of which reason='Consumption' 0)
[C47S] VOID(banner path wrapped by Opt_AcknowledgedWarnings) WINDOW w2 CONTROL ?#14623 :: adds=0 removes=0 | buffer now=9042 min=8482 max=9242 mean=8995 | zero-samples=0/241 | refills=11 totalling 3920 | not-working samples=0 (of which reason='Consumption' 0)
[mod] [C47S] VOID(banner path wrapped by Opt_AcknowledgedWarnings) WINDOW w2 CONTROL ?#14625 :: adds=0 removes=0 | buffer now=9243 min=8503 max=9243 mean=9044 | zero-samples=0/241 | refills=14 totalling 4200 | not-working samples=0 (of which reason='Consumption' 0)
[C47S] VOID(banner path wrapped by Opt_AcknowledgedWarnings) WINDOW w2 CONTROL ?#14625 :: adds=0 removes=0 | buffer now=9243 min=8503 max=9243 mean=9044 | zero-samples=0/241 | refills=14 totalling 4200 | not-working samples=0 (of which reason='Consumption' 0)
[mod] [C47S] VOID(banner path wrapped by Opt_AcknowledgedWarnings) WINDOW w2 CONTROL ?#14627 :: adds=0 removes=0 | buffer now=9210 min=8510 max=9250 mean=9007 | zero-samples=0/241 | refills=14 totalling 4200 | not-working samples=0 (of which reason='Consumption' 0)
[C47S] VOID(banner path wrapped by Opt_AcknowledgedWarnings) WINDOW w2 CONTROL ?#14627 :: adds=0 removes=0 | buffer now=9210 min=8510 max=9250 mean=9007 | zero-samples=0/241 | refills=14 totalling 4200 | not-working samples=0 (of which reason='Consumption' 0)
[mod] [C47S] VOID(banner path wrapped by Opt_AcknowledgedWarnings) WINDOW w2 CONTROL ?#14628 :: adds=0 removes=0 | buffer now=9116 min=8536 max=9276 mean=9085 | zero-samples=0/241 | refills=9 totalling 3360 | not-working samples=0 (of which reason='Consumption' 0)
[C47S] VOID(banner path wrapped by Opt_AcknowledgedWarnings) WINDOW w2 CONTROL ?#14628 :: adds=0 removes=0 | buffer now=9116 min=8536 max=9276 mean=9085 | zero-samples=0/241 | refills=9 totalling 3360 | not-working samples=0 (of which reason='Consumption' 0)
[mod] [C47S] VOID(banner path wrapped by Opt_AcknowledgedWarnings) WINDOW w2 CONTROL ?#14629 :: adds=0 removes=0 | buffer now=9097 min=8517 max=9257 mean=9011 | zero-samples=0/241 | refills=11 totalling 3920 | not-working samples=0 (of which reason='Consumption' 0)
[C47S] VOID(banner path wrapped by Opt_AcknowledgedWarnings) WINDOW w2 CONTROL ?#14629 :: adds=0 removes=0 | buffer now=9097 min=8517 max=9257 mean=9011 | zero-samples=0/241 | refills=11 totalling 3920 | not-working samples=0 (of which reason='Consumption' 0)
[mod] [C47S] VOID(banner path wrapped by Opt_AcknowledgedWarnings) WINDOW w2 CONTROL ?#15043 :: adds=0 removes=0 | buffer now=9057 min=8537 max=9237 mean=9016 | zero-samples=0/241 | refills=17 totalling 3880 | not-working samples=0 (of which reason='Consumption' 0)
[C47S] VOID(banner path wrapped by Opt_AcknowledgedWarnings) WINDOW w2 CONTROL ?#15043 :: adds=0 removes=0 | buffer now=9057 min=8537 max=9237 mean=9016 | zero-samples=0/241 | refills=17 totalling 3880 | not-working samples=0 (of which reason='Consumption' 0)
[mod] [C47S] VOID(banner path wrapped by Opt_AcknowledgedWarnings) WINDOW w2 CONTROL ?#15047 :: adds=0 removes=0 | buffer now=9095 min=8595 max=9295 mean=8969 | zero-samples=0/241 | refills=19 totalling 3920 | not-working samples=0 (of which reason='Consumption' 0)
[C47S] VOID(banner path wrapped by Opt_AcknowledgedWarnings) WINDOW w2 CONTROL ?#15047 :: adds=0 removes=0 | buffer now=9095 min=8595 max=9295 mean=8969 | zero-samples=0/241 | refills=19 totalling 3920 | not-working samples=0 (of which reason='Consumption' 0)
[mod] [C47S] VOID(banner path wrapped by Opt_AcknowledgedWarnings) WINDOW w2 CONTROL ?#15050 :: adds=0 removes=0 | buffer now=9320 min=8920 max=9320 mean=9175 | zero-samples=0/241 | refills=11 totalling 1400 | not-working samples=0 (of which reason='Consumption' 0)
[C47S] VOID(banner path wrapped by Opt_AcknowledgedWarnings) WINDOW w2 CONTROL ?#15050 :: adds=0 removes=0 | buffer now=9320 min=8920 max=9320 mean=9175 | zero-samples=0/241 | refills=11 totalling 1400 | not-working samples=0 (of which reason='Consumption' 0)
[mod] [C47S] VOID(banner path wrapped by Opt_AcknowledgedWarnings) WINDOW w2 CONTROL ?#15052 :: adds=0 removes=0 | buffer now=9016 min=8556 max=9256 mean=9002 | zero-samples=0/241 | refills=17 totalling 3840 | not-working samples=0 (of which reason='Consumption' 0)
[C47S] VOID(banner path wrapped by Opt_AcknowledgedWarnings) WINDOW w2 CONTROL ?#15052 :: adds=0 removes=0 | buffer now=9016 min=8556 max=9256 mean=9002 | zero-samples=0/241 | refills=17 totalling 3840 | not-working samples=0 (of which reason='Consumption' 0)
[mod] [C47S] VOID(banner path wrapped by Opt_AcknowledgedWarnings) WINDOW w2 CONTROL ?#15098 :: adds=0 removes=0 | buffer now=9042 min=8562 max=9242 mean=8948 | zero-samples=0/241 | refills=19 totalling 3880 | not-working samples=0 (of which reason='Consumption' 0)
[C47S] VOID(banner path wrapped by Opt_AcknowledgedWarnings) WINDOW w2 CONTROL ?#15098 :: adds=0 removes=0 | buffer now=9042 min=8562 max=9242 mean=8948 | zero-samples=0/241 | refills=19 totalling 3880 | not-working samples=0 (of which reason='Consumption' 0)
[mod] [C47S] VOID(banner path wrapped by Opt_AcknowledgedWarnings) WINDOW w2 CONTROL ?#15099 :: adds=0 removes=0 | buffer now=9019 min=8559 max=9319 mean=8983 | zero-samples=0/241 | refills=17 totalling 3840 | not-working samples=0 (of which reason='Consumption' 0)
[C47S] VOID(banner path wrapped by Opt_AcknowledgedWarnings) WINDOW w2 CONTROL ?#15099 :: adds=0 removes=0 | buffer now=9019 min=8559 max=9319 mean=8983 | zero-samples=0/241 | refills=17 totalling 3840 | not-working samples=0 (of which reason='Consumption' 0)
[mod] [C47S] VOID(banner path wrapped by Opt_AcknowledgedWarnings) WINDOW w2 CONTROL ?#15547 :: adds=0 removes=0 | buffer now=9156 min=8636 max=9196 mean=9033 | zero-samples=0/241 | refills=4 totalling 1120 | not-working samples=0 (of which reason='Consumption' 0)
[C47S] VOID(banner path wrapped by Opt_AcknowledgedWarnings) WINDOW w2 CONTROL ?#15547 :: adds=0 removes=0 | buffer now=9156 min=8636 max=9196 mean=9033 | zero-samples=0/241 | refills=4 totalling 1120 | not-working samples=0 (of which reason='Consumption' 0)
[mod] [C47S] VOID(banner path wrapped by Opt_AcknowledgedWarnings) WINDOW w2 CONTROL ?#15549 :: adds=0 removes=0 | buffer now=9179 min=8639 max=9259 mean=9053 | zero-samples=0/241 | refills=4 totalling 1120 | not-working samples=0 (of which reason='Consumption' 0)
[C47S] VOID(banner path wrapped by Opt_AcknowledgedWarnings) WINDOW w2 CONTROL ?#15549 :: adds=0 removes=0 | buffer now=9179 min=8639 max=9259 mean=9053 | zero-samples=0/241 | refills=4 totalling 1120 | not-working samples=0 (of which reason='Consumption' 0)
[mod] [C47S] VOID(banner path wrapped by Opt_AcknowledgedWarnings) WINDOW w2 CONTROL ?#15554 :: adds=0 removes=0 | buffer now=9123 min=8503 max=9263 mean=8976 | zero-samples=0/241 | refills=13 totalling 3920 | not-working samples=0 (of which reason='Consumption' 0)
[C47S] VOID(banner path wrapped by Opt_AcknowledgedWarnings) WINDOW w2 CONTROL ?#15554 :: adds=0 removes=0 | buffer now=9123 min=8503 max=9263 mean=8976 | zero-samples=0/241 | refills=13 totalling 3920 | not-working samples=0 (of which reason='Consumption' 0)
[mod] [C47S] VOID(banner path wrapped by Opt_AcknowledgedWarnings) WINDOW w2 CONTROL ?#15556 :: adds=0 removes=0 | buffer now=9130 min=8510 max=9270 mean=9057 | zero-samples=0/241 | refills=12 totalling 3920 | not-working samples=0 (of which reason='Consumption' 0)
[C47S] VOID(banner path wrapped by Opt_AcknowledgedWarnings) WINDOW w2 CONTROL ?#15556 :: adds=0 removes=0 | buffer now=9130 min=8510 max=9270 mean=9057 | zero-samples=0/241 | refills=12 totalling 3920 | not-working samples=0 (of which reason='Consumption' 0)
[mod] [C47S] VOID(banner path wrapped by Opt_AcknowledgedWarnings) WINDOW w2 CONTROL ?#15563 :: adds=0 removes=0 | buffer now=9102 min=8522 max=9262 mean=9058 | zero-samples=0/241 | refills=12 totalling 3920 | not-working samples=0 (of which reason='Consumption' 0)
[C47S] VOID(banner path wrapped by Opt_AcknowledgedWarnings) WINDOW w2 CONTROL ?#15563 :: adds=0 removes=0 | buffer now=9102 min=8522 max=9262 mean=9058 | zero-samples=0/241 | refills=12 totalling 3920 | not-working samples=0 (of which reason='Consumption' 0)
[mod] [C47S] VOID(banner path wrapped by Opt_AcknowledgedWarnings) WINDOW w2 CONTROL ?#15565 :: adds=0 removes=0 | buffer now=9164 min=8524 max=9264 mean=9041 | zero-samples=0/241 | refills=12 totalling 3920 | not-working samples=0 (of which reason='Consumption' 0)
[C47S] VOID(banner path wrapped by Opt_AcknowledgedWarnings) WINDOW w2 CONTROL ?#15565 :: adds=0 removes=0 | buffer now=9164 min=8524 max=9264 mean=9041 | zero-samples=0/241 | refills=12 totalling 3920 | not-working samples=0 (of which reason='Consumption' 0)
[mod] [C47S] VOID(banner path wrapped by Opt_AcknowledgedWarnings) WINDOW w2 CONTROL ?#15810 :: adds=0 removes=0 | buffer now=8752 min=8557 max=9312 mean=8966 | zero-samples=0/241 | refills=26 totalling 3556 | not-working samples=0 (of which reason='Consumption' 0)						Lua 0:02:46:366

[C47S] VOID(banner path wrapped by Opt_AcknowledgedWarnings) WINDOW w2 CONTROL ?#15810 :: adds=0 removes=0 | buffer now=8752 min=8557 max=9312 mean=8966 | zero-samples=0/241 | refills=26 totalling 3556 | not-working samples=0 (of which reason='Consumption' 0)
[mod] [C47S] VOID(banner path wrapped by Opt_AcknowledgedWarnings) WINDOW w2 CONTROL ?#15817 :: adds=0 removes=0 | buffer now=9155 min=8568 max=9318 mean=9120 | zero-samples=0/241 | refills=28 totalling 4025 | not-working samples=0 (of which reason='Consumption' 0)
[C47S] VOID(banner path wrapped by Opt_AcknowledgedWarnings) WINDOW w2 CONTROL ?#15817 :: adds=0 removes=0 | buffer now=9155 min=8568 max=9318 mean=9120 | zero-samples=0/241 | refills=28 totalling 4025 | not-working samples=0 (of which reason='Consumption' 0)
[mod] [C47S] VOID(banner path wrapped by Opt_AcknowledgedWarnings) WINDOW w2 CONTROL ?#16008 :: adds=0 removes=0 | buffer now=8648 min=8544 max=9316 mean=8936 | zero-samples=0/241 | refills=28 totalling 3592 | not-working samples=0 (of which reason='Consumption' 0)
[C47S] VOID(banner path wrapped by Opt_AcknowledgedWarnings) WINDOW w2 CONTROL ?#16008 :: adds=0 removes=0 | buffer now=8648 min=8544 max=9316 mean=8936 | zero-samples=0/241 | refills=28 totalling 3592 | not-working samples=0 (of which reason='Consumption' 0)
[mod] [C47S] VOID(banner path wrapped by Opt_AcknowledgedWarnings) WINDOW w2 CONTROL ?#16011 :: adds=0 removes=0 | buffer now=8745 min=8505 max=9245 mean=8927 | zero-samples=0/241 | refills=11 totalling 3640 | not-working samples=0 (of which reason='Consumption' 0)
[C47S] VOID(banner path wrapped by Opt_AcknowledgedWarnings) WINDOW w2 CONTROL ?#16011 :: adds=0 removes=0 | buffer now=8745 min=8505 max=9245 mean=8927 | zero-samples=0/241 | refills=11 totalling 3640 | not-working samples=0 (of which reason='Consumption' 0)
[mod] [C47S] VOID(banner path wrapped by Opt_AcknowledgedWarnings) WINDOW w2 CONTROL ?#16076 :: adds=0 removes=0 | buffer now=9059 min=8479 max=9279 mean=8959 | zero-samples=0/241 | refills=14 totalling 3920 | not-working samples=0 (of which reason='Consumption' 0)
[C47S] VOID(banner path wrapped by Opt_AcknowledgedWarnings) WINDOW w2 CONTROL ?#16076 :: adds=0 removes=0 | buffer now=9059 min=8479 max=9279 mean=8959 | zero-samples=0/241 | refills=14 totalling 3920 | not-working samples=0 (of which reason='Consumption' 0)
[mod] [C47S] VOID(banner path wrapped by Opt_AcknowledgedWarnings) WINDOW w2 CONTROL ?#16077 :: adds=0 removes=0 | buffer now=9172 min=8532 max=9272 mean=9012 | zero-samples=0/241 | refills=14 totalling 3920 | not-working samples=0 (of which reason='Consumption' 0)
[C47S] VOID(banner path wrapped by Opt_AcknowledgedWarnings) WINDOW w2 CONTROL ?#16077 :: adds=0 removes=0 | buffer now=9172 min=8532 max=9272 mean=9012 | zero-samples=0/241 | refills=14 totalling 3920 | not-working samples=0 (of which reason='Consumption' 0)
[mod] [C47S] VOID(banner path wrapped by Opt_AcknowledgedWarnings) WINDOW w2 CONTROL ?#16155 :: adds=0 removes=0 | buffer now=9258 min=8518 max=9258 mean=9073 | zero-samples=0/241 | refills=10 totalling 4200 | not-working samples=0 (of which reason='Consumption' 0)
[C47S] VOID(banner path wrapped by Opt_AcknowledgedWarnings) WINDOW w2 CONTROL ?#16155 :: adds=0 removes=0 | buffer now=9258 min=8518 max=9258 mean=9073 | zero-samples=0/241 | refills=10 totalling 4200 | not-working samples=0 (of which reason='Consumption' 0)
[mod] [C47S] VOID(banner path wrapped by Opt_AcknowledgedWarnings) WINDOW w2 CONTROL ?#16192 :: adds=0 removes=0 | buffer now=9105 min=8865 max=9275 mean=9096 | zero-samples=0/241 | refills=4 totalling 1120 | not-working samples=0 (of which reason='Consumption' 0)
[C47S] VOID(banner path wrapped by Opt_AcknowledgedWarnings) WINDOW w2 CONTROL ?#16192 :: adds=0 removes=0 | buffer now=9105 min=8865 max=9275 mean=9096 | zero-samples=0/241 | refills=4 totalling 1120 | not-working samples=0 (of which reason='Consumption' 0)
[mod] [C47S] VOID(banner path wrapped by Opt_AcknowledgedWarnings) WINDOW w2 TOTALS :: adds(all objects on 'NotWorkingBuildings')=7 removes=7 | adds on objects this leg does NOT track=5 | voice-eligible SHIPPED model (text-keyed, RealTime, colony-wide)=2 | voice-eligible under the entry's ASSUMED per-object model=1
[C47S] VOID(banner path wrapped by Opt_AcknowledgedWarnings) WINDOW w2 TOTALS :: adds(all objects on 'NotWorkingBuildings')=7 removes=7 | adds on objects this leg does NOT track=5 | voice-eligible SHIPPED model (text-keyed, RealTime, colony-wide)=2 | voice-eligible under the entry's ASSUMED per-object model=1
[mod] [C47S] CLOCK w2 :: GameTime()=276300009 (383.75 sols since game start) | UIColony.day=385 hour=0 | speed=5x | RealTime()=154343
[C47S] CLOCK w2 :: GameTime()=276300009 (383.75 sols since game start) | UIColony.day=385 hour=0 | speed=5x | RealTime()=154343
[mod] [C47S] VOICETABLE w2 :: VoicesCooldown has 1 key(s) [769547039933] | VoiceQueue length=0 — ⭐ the keys are voiced-TEXT ids, not object handles (Voice.lua:355-358), so one key covers every not-working building in the colony at once
[C47S] VOICETABLE w2 :: VoicesCooldown has 1 key(s) [769547039933] | VoiceQueue length=0 — ⭐ the keys are voiced-TEXT ids, not object handles (Voice.lua:355-358), so one key covers every not-working building in the colony at once
						Lua 0:03:46:366
[mod] [C47S] VOID(banner path wrapped by Opt_AcknowledgedWarnings) WINDOW w3 SUBJECT ?#15779 :: adds=2 removes=2 | buffer now=3470 min=550 max=4225 mean=3182 | zero-samples=0/361 | refills=60 totalling 27585 | not-working samples=1 (of which reason='Consumption' 1)
[C47S] VOID(banner path wrapped by Opt_AcknowledgedWarnings) WINDOW w3 SUBJECT ?#15779 :: adds=2 removes=2 | buffer now=3470 min=550 max=4225 mean=3182 | zero-samples=0/361 | refills=60 totalling 27585 | not-working samples=1 (of which reason='Consumption' 1)
[mod] [C47S] VOID(banner path wrapped by Opt_AcknowledgedWarnings) WINDOW w3 SUBJECT ?#15974 :: adds=0 removes=0 | buffer now=3421 min=1661 max=4720 mean=3359 | zero-samples=0/361 | refills=51 totalling 20601 | not-working samples=0 (of which reason='Consumption' 0)
[C47S] VOID(banner path wrapped by Opt_AcknowledgedWarnings) WINDOW w3 SUBJECT ?#15974 :: adds=0 removes=0 | buffer now=3421 min=1661 max=4720 mean=3359 | zero-samples=0/361 | refills=51 totalling 20601 | not-working samples=0 (of which reason='Consumption' 0)
[mod] [C47S] VOID(banner path wrapped by Opt_AcknowledgedWarnings) WINDOW w3 CONTROL ?#2793 :: adds=0 removes=0 | buffer now=9273 min=8913 max=9273 mean=9201 | zero-samples=0/361 | refills=3 totalling 840 | not-working samples=0 (of which reason='Consumption' 0)
[C47S] VOID(banner path wrapped by Opt_AcknowledgedWarnings) WINDOW w3 CONTROL ?#2793 :: adds=0 removes=0 | buffer now=9273 min=8913 max=9273 mean=9201 | zero-samples=0/361 | refills=3 totalling 840 | not-working samples=0 (of which reason='Consumption' 0)
[mod] [C47S] VOID(banner path wrapped by Opt_AcknowledgedWarnings) WINDOW w3 CONTROL ?#3790 :: adds=0 removes=0 | buffer now=9113 min=8933 max=9233 mean=9141 | zero-samples=0/361 | refills=2 totalling 560 | not-working samples=0 (of which reason='Consumption' 0)
[C47S] VOID(banner path wrapped by Opt_AcknowledgedWarnings) WINDOW w3 CONTROL ?#3790 :: adds=0 removes=0 | buffer now=9113 min=8933 max=9233 mean=9141 | zero-samples=0/361 | refills=2 totalling 560 | not-working samples=0 (of which reason='Consumption' 0)
[mod] [C47S] VOID(banner path wrapped by Opt_AcknowledgedWarnings) WINDOW w3 CONTROL ?#4089 :: adds=0 removes=0 | buffer now=9276 min=8916 max=9276 mean=9187 | zero-samples=0/361 | refills=3 totalling 840 | not-working samples=0 (of which reason='Consumption' 0)
[C47S] VOID(banner path wrapped by Opt_AcknowledgedWarnings) WINDOW w3 CONTROL ?#4089 :: adds=0 removes=0 | buffer now=9276 min=8916 max=9276 mean=9187 | zero-samples=0/361 | refills=3 totalling 840 | not-working samples=0 (of which reason='Consumption' 0)
[mod] [C47S] VOID(banner path wrapped by Opt_AcknowledgedWarnings) WINDOW w3 CONTROL ?#6324 :: adds=0 removes=0 | buffer now=9400 min=8960 max=10000 mean=9498 | zero-samples=0/361 | refills=1 totalling 1040 | not-working samples=0 (of which reason='Consumption' 0)
[C47S] VOID(banner path wrapped by Opt_AcknowledgedWarnings) WINDOW w3 CONTROL ?#6324 :: adds=0 removes=0 | buffer now=9400 min=8960 max=10000 mean=9498 | zero-samples=0/361 | refills=1 totalling 1040 | not-working samples=0 (of which reason='Consumption' 0)
[mod] [C47S] VOID(banner path wrapped by Opt_AcknowledgedWarnings) WINDOW w3 CONTROL ?#6325 :: adds=0 removes=0 | buffer now=9000 min=8520 max=10000 mean=9151 | zero-samples=0/361 | refills=7 totalling 3500 | not-working samples=0 (of which reason='Consumption' 0)
[C47S] VOID(banner path wrapped by Opt_AcknowledgedWarnings) WINDOW w3 CONTROL ?#6325 :: adds=0 removes=0 | buffer now=9000 min=8520 max=10000 mean=9151 | zero-samples=0/361 | refills=7 totalling 3500 | not-working samples=0 (of which reason='Consumption' 0)
[mod] [C47S] VOID(banner path wrapped by Opt_AcknowledgedWarnings) WINDOW w3 CONTROL ?#6620 :: adds=0 removes=0 | buffer now=9221 min=8937 max=9271 mean=9159 | zero-samples=0/361 | refills=27 totalling 694 | not-working samples=0 (of which reason='Consumption' 0)
[C47S] VOID(banner path wrapped by Opt_AcknowledgedWarnings) WINDOW w3 CONTROL ?#6620 :: adds=0 removes=0 | buffer now=9221 min=8937 max=9271 mean=9159 | zero-samples=0/361 | refills=27 totalling 694 | not-working samples=0 (of which reason='Consumption' 0)
[mod] [C47S] VOID(banner path wrapped by Opt_AcknowledgedWarnings) WINDOW w3 CONTROL ?#6622 :: adds=0 removes=0 | buffer now=9110 min=8944 max=9274 mean=9117 | zero-samples=0/361 | refills=27 totalling 696 | not-working samples=0 (of which reason='Consumption' 0)
[C47S] VOID(banner path wrapped by Opt_AcknowledgedWarnings) WINDOW w3 CONTROL ?#6622 :: adds=0 removes=0 | buffer now=9110 min=8944 max=9274 mean=9117 | zero-samples=0/361 | refills=27 totalling 696 | not-working samples=0 (of which reason='Consumption' 0)
[mod] [C47S] VOID(banner path wrapped by Opt_AcknowledgedWarnings) WINDOW w3 CONTROL ?#6836 :: adds=0 removes=0 | buffer now=8943 min=8875 max=9219 mean=9004 | zero-samples=0/361 | refills=30 totalling 998 | not-working samples=0 (of which reason='Consumption' 0)
[C47S] VOID(banner path wrapped by Opt_AcknowledgedWarnings) WINDOW w3 CONTROL ?#6836 :: adds=0 removes=0 | buffer now=8943 min=8875 max=9219 mean=9004 | zero-samples=0/361 | refills=30 totalling 998 | not-working samples=0 (of which reason='Consumption' 0)
[mod] [C47S] VOID(banner path wrapped by Opt_AcknowledgedWarnings) WINDOW w3 CONTROL ?#6958 :: adds=0 removes=0 | buffer now=9225 min=8937 max=9273 mean=9180 | zero-samples=0/361 | refills=28 totalling 706 | not-working samples=0 (of which reason='Consumption' 0)
[C47S] VOID(banner path wrapped by Opt_AcknowledgedWarnings) WINDOW w3 CONTROL ?#6958 :: adds=0 removes=0 | buffer now=9225 min=8937 max=9273 mean=9180 | zero-samples=0/361 | refills=28 totalling 706 | not-working samples=0 (of which reason='Consumption' 0)
[mod] [C47S] VOID(banner path wrapped by Opt_AcknowledgedWarnings) WINDOW w3 CONTROL ?#7004 :: adds=0 removes=0 | buffer now=8905 min=8905 max=9225 mean=8995 | zero-samples=0/361 | refills=2 totalling 560 | not-working samples=0 (of which reason='Consumption' 0)
[C47S] VOID(banner path wrapped by Opt_AcknowledgedWarnings) WINDOW w3 CONTROL ?#7004 :: adds=0 removes=0 | buffer now=8905 min=8905 max=9225 mean=8995 | zero-samples=0/361 | refills=2 totalling 560 | not-working samples=0 (of which reason='Consumption' 0)
[mod] [C47S] VOID(banner path wrapped by Opt_AcknowledgedWarnings) WINDOW w3 CONTROL ?#7016 :: adds=0 removes=0 | buffer now=9060 min=8930 max=9550 mean=9143 | zero-samples=0/361 | refills=2 totalling 560 | not-working samples=0 (of which reason='Consumption' 0)
[C47S] VOID(banner path wrapped by Opt_AcknowledgedWarnings) WINDOW w3 CONTROL ?#7016 :: adds=0 removes=0 | buffer now=9060 min=8930 max=9550 mean=9143 | zero-samples=0/361 | refills=2 totalling 560 | not-working samples=0 (of which reason='Consumption' 0)
[mod] [C47S] VOID(banner path wrapped by Opt_AcknowledgedWarnings) WINDOW w3 CONTROL ?#14623 :: adds=0 removes=0 | buffer now=9042 min=8482 max=9242 mean=9010 | zero-samples=0/361 | refills=11 totalling 3920 | not-working samples=0 (of which reason='Consumption' 0)
[C47S] VOID(banner path wrapped by Opt_AcknowledgedWarnings) WINDOW w3 CONTROL ?#14623 :: adds=0 removes=0 | buffer now=9042 min=8482 max=9242 mean=9010 | zero-samples=0/361 | refills=11 totalling 3920 | not-working samples=0 (of which reason='Consumption' 0)
[mod] [C47S] VOID(banner path wrapped by Opt_AcknowledgedWarnings) WINDOW w3 CONTROL ?#14625 :: adds=0 removes=0 | buffer now=9243 min=8503 max=9243 mean=9110 | zero-samples=0/361 | refills=14 totalling 4200 | not-working samples=0 (of which reason='Consumption' 0)
[C47S] VOID(banner path wrapped by Opt_AcknowledgedWarnings) WINDOW w3 CONTROL ?#14625 :: adds=0 removes=0 | buffer now=9243 min=8503 max=9243 mean=9110 | zero-samples=0/361 | refills=14 totalling 4200 | not-working samples=0 (of which reason='Consumption' 0)
[mod] [C47S] VOID(banner path wrapped by Opt_AcknowledgedWarnings) WINDOW w3 CONTROL ?#14627 :: adds=0 removes=0 | buffer now=9210 min=8510 max=9250 mean=9074 | zero-samples=0/361 | refills=14 totalling 4200 | not-working samples=0 (of which reason='Consumption' 0)
[C47S] VOID(banner path wrapped by Opt_AcknowledgedWarnings) WINDOW w3 CONTROL ?#14627 :: adds=0 removes=0 | buffer now=9210 min=8510 max=9250 mean=9074 | zero-samples=0/361 | refills=14 totalling 4200 | not-working samples=0 (of which reason='Consumption' 0)
[mod] [C47S] VOID(banner path wrapped by Opt_AcknowledgedWarnings) WINDOW w3 CONTROL ?#14628 :: adds=0 removes=0 | buffer now=9116 min=8536 max=9276 mean=9095 | zero-samples=0/361 | refills=9 totalling 3360 | not-working samples=0 (of which reason='Consumption' 0)
[C47S] VOID(banner path wrapped by Opt_AcknowledgedWarnings) WINDOW w3 CONTROL ?#14628 :: adds=0 removes=0 | buffer now=9116 min=8536 max=9276 mean=9095 | zero-samples=0/361 | refills=9 totalling 3360 | not-working samples=0 (of which reason='Consumption' 0)
[mod] [C47S] VOID(banner path wrapped by Opt_AcknowledgedWarnings) WINDOW w3 CONTROL ?#14629 :: adds=0 removes=0 | buffer now=9097 min=8517 max=9257 mean=9039 | zero-samples=0/361 | refills=11 totalling 3920 | not-working samples=0 (of which reason='Consumption' 0)
[C47S] VOID(banner path wrapped by Opt_AcknowledgedWarnings) WINDOW w3 CONTROL ?#14629 :: adds=0 removes=0 | buffer now=9097 min=8517 max=9257 mean=9039 | zero-samples=0/361 | refills=11 totalling 3920 | not-working samples=0 (of which reason='Consumption' 0)
[mod] [C47S] VOID(banner path wrapped by Opt_AcknowledgedWarnings) WINDOW w3 CONTROL ?#15043 :: adds=0 removes=0 | buffer now=9057 min=8537 max=9237 mean=9029 | zero-samples=0/361 | refills=17 totalling 3880 | not-working samples=0 (of which reason='Consumption' 0)
[C47S] VOID(banner path wrapped by Opt_AcknowledgedWarnings) WINDOW w3 CONTROL ?#15043 :: adds=0 removes=0 | buffer now=9057 min=8537 max=9237 mean=9029 | zero-samples=0/361 | refills=17 totalling 3880 | not-working samples=0 (of which reason='Consumption' 0)
[mod] [C47S] VOID(banner path wrapped by Opt_AcknowledgedWarnings) WINDOW w3 CONTROL ?#15047 :: adds=0 removes=0 | buffer now=9095 min=8595 max=9295 mean=9010 | zero-samples=0/361 | refills=19 totalling 3920 | not-working samples=0 (of which reason='Consumption' 0)
[C47S] VOID(banner path wrapped by Opt_AcknowledgedWarnings) WINDOW w3 CONTROL ?#15047 :: adds=0 removes=0 | buffer now=9095 min=8595 max=9295 mean=9010 | zero-samples=0/361 | refills=19 totalling 3920 | not-working samples=0 (of which reason='Consumption' 0)
[mod] [C47S] VOID(banner path wrapped by Opt_AcknowledgedWarnings) WINDOW w3 CONTROL ?#15050 :: adds=0 removes=0 | buffer now=9320 min=8920 max=9320 mean=9223 | zero-samples=0/361 | refills=11 totalling 1400 | not-working samples=0 (of which reason='Consumption' 0)
[C47S] VOID(banner path wrapped by Opt_AcknowledgedWarnings) WINDOW w3 CONTROL ?#15050 :: adds=0 removes=0 | buffer now=9320 min=8920 max=9320 mean=9223 | zero-samples=0/361 | refills=11 totalling 1400 | not-working samples=0 (of which reason='Consumption' 0)
[mod] [C47S] VOID(banner path wrapped by Opt_AcknowledgedWarnings) WINDOW w3 CONTROL ?#15052 :: adds=0 removes=0 | buffer now=9016 min=8556 max=9256 mean=9007 | zero-samples=0/361 | refills=17 totalling 3840 | not-working samples=0 (of which reason='Consumption' 0)
[C47S] VOID(banner path wrapped by Opt_AcknowledgedWarnings) WINDOW w3 CONTROL ?#15052 :: adds=0 removes=0 | buffer now=9016 min=8556 max=9256 mean=9007 | zero-samples=0/361 | refills=17 totalling 3840 | not-working samples=0 (of which reason='Consumption' 0)
[mod] [C47S] VOID(banner path wrapped by Opt_AcknowledgedWarnings) WINDOW w3 CONTROL ?#15098 :: adds=0 removes=0 | buffer now=9042 min=8562 max=9242 mean=8979 | zero-samples=0/361 | refills=19 totalling 3880 | not-working samples=0 (of which reason='Consumption' 0)
[C47S] VOID(banner path wrapped by Opt_AcknowledgedWarnings) WINDOW w3 CONTROL ?#15098 :: adds=0 removes=0 | buffer now=9042 min=8562 max=9242 mean=8979 | zero-samples=0/361 | refills=19 totalling 3880 | not-working samples=0 (of which reason='Consumption' 0)
[mod] [C47S] VOID(banner path wrapped by Opt_AcknowledgedWarnings) WINDOW w3 CONTROL ?#15099 :: adds=0 removes=0 | buffer now=9019 min=8559 max=9319 mean=8995 | zero-samples=0/361 | refills=17 totalling 3840 | not-working samples=0 (of which reason='Consumption' 0)
[C47S] VOID(banner path wrapped by Opt_AcknowledgedWarnings) WINDOW w3 CONTROL ?#15099 :: adds=0 removes=0 | buffer now=9019 min=8559 max=9319 mean=8995 | zero-samples=0/361 | refills=17 totalling 3840 | not-working samples=0 (of which reason='Consumption' 0)
[mod] [C47S] VOID(banner path wrapped by Opt_AcknowledgedWarnings) WINDOW w3 CONTROL ?#15547 :: adds=0 removes=0 | buffer now=9156 min=8636 max=9196 mean=9073 | zero-samples=0/361 | refills=4 totalling 1120 | not-working samples=0 (of which reason='Consumption' 0)
[C47S] VOID(banner path wrapped by Opt_AcknowledgedWarnings) WINDOW w3 CONTROL ?#15547 :: adds=0 removes=0 | buffer now=9156 min=8636 max=9196 mean=9073 | zero-samples=0/361 | refills=4 totalling 1120 | not-working samples=0 (of which reason='Consumption' 0)
[mod] [C47S] VOID(banner path wrapped by Opt_AcknowledgedWarnings) WINDOW w3 CONTROL ?#15549 :: adds=0 removes=0 | buffer now=9179 min=8639 max=9259 mean=9095 | zero-samples=0/361 | refills=4 totalling 1120 | not-working samples=0 (of which reason='Consumption' 0)
[C47S] VOID(banner path wrapped by Opt_AcknowledgedWarnings) WINDOW w3 CONTROL ?#15549 :: adds=0 removes=0 | buffer now=9179 min=8639 max=9259 mean=9095 | zero-samples=0/361 | refills=4 totalling 1120 | not-working samples=0 (of which reason='Consumption' 0)
[mod] [C47S] VOID(banner path wrapped by Opt_AcknowledgedWarnings) WINDOW w3 CONTROL ?#15554 :: adds=0 removes=0 | buffer now=9123 min=8503 max=9263 mean=9025 | zero-samples=0/361 | refills=13 totalling 3920 | not-working samples=0 (of which reason='Consumption' 0)
[C47S] VOID(banner path wrapped by Opt_AcknowledgedWarnings) WINDOW w3 CONTROL ?#15554 :: adds=0 removes=0 | buffer now=9123 min=8503 max=9263 mean=9025 | zero-samples=0/361 | refills=13 totalling 3920 | not-working samples=0 (of which reason='Consumption' 0)
[mod] [C47S] VOID(banner path wrapped by Opt_AcknowledgedWarnings) WINDOW w3 CONTROL ?#15556 :: adds=0 removes=0 | buffer now=9130 min=8510 max=9270 mean=9081 | zero-samples=0/361 | refills=12 totalling 3920 | not-working samples=0 (of which reason='Consumption' 0)
[C47S] VOID(banner path wrapped by Opt_AcknowledgedWarnings) WINDOW w3 CONTROL ?#15556 :: adds=0 removes=0 | buffer now=9130 min=8510 max=9270 mean=9081 | zero-samples=0/361 | refills=12 totalling 3920 | not-working samples=0 (of which reason='Consumption' 0)
[mod] [C47S] VOID(banner path wrapped by Opt_AcknowledgedWarnings) WINDOW w3 CONTROL ?#15563 :: adds=0 removes=0 | buffer now=9102 min=8522 max=9262 mean=9072 | zero-samples=0/361 | refills=12 totalling 3920 | not-working samples=0 (of which reason='Consumption' 0)
[C47S] VOID(banner path wrapped by Opt_AcknowledgedWarnings) WINDOW w3 CONTROL ?#15563 :: adds=0 removes=0 | buffer now=9102 min=8522 max=9262 mean=9072 | zero-samples=0/361 | refills=12 totalling 3920 | not-working samples=0 (of which reason='Consumption' 0)
[mod] [C47S] VOID(banner path wrapped by Opt_AcknowledgedWarnings) WINDOW w3 CONTROL ?#15565 :: adds=0 removes=0 | buffer now=9164 min=8524 max=9264 mean=9082 | zero-samples=0/361 | refills=12 totalling 3920 | not-working samples=0 (of which reason='Consumption' 0)
[C47S] VOID(banner path wrapped by Opt_AcknowledgedWarnings) WINDOW w3 CONTROL ?#15565 :: adds=0 removes=0 | buffer now=9164 min=8524 max=9264 mean=9082 | zero-samples=0/361 | refills=12 totalling 3920 | not-working samples=0 (of which reason='Consumption' 0)
[mod] [C47S] VOID(banner path wrapped by Opt_AcknowledgedWarnings) WINDOW w3 CONTROL ?#15810 :: adds=0 removes=0 | buffer now=8752 min=8557 max=9312 mean=8895 | zero-samples=0/361 | refills=26 totalling 3556 | not-working samples=0 (of which reason='Consumption' 0)
[C47S] VOID(banner path wrapped by Opt_AcknowledgedWarnings) WINDOW w3 CONTROL ?#15810 :: adds=0 removes=0 | buffer now=8752 min=8557 max=9312 mean=8895 | zero-samples=0/361 | refills=26 totalling 3556 | not-working samples=0 (of which reason='Consumption' 0)
[mod] [C47S] VOID(banner path wrapped by Opt_AcknowledgedWarnings) WINDOW w3 CONTROL ?#15817 :: adds=0 removes=0 | buffer now=9155 min=8568 max=9318 mean=9131 | zero-samples=0/361 | refills=28 totalling 4025 | not-working samples=0 (of which reason='Consumption' 0)
[C47S] VOID(banner path wrapped by Opt_AcknowledgedWarnings) WINDOW w3 CONTROL ?#15817 :: adds=0 removes=0 | buffer now=9155 min=8568 max=9318 mean=9131 | zero-samples=0/361 | refills=28 totalling 4025 | not-working samples=0 (of which reason='Consumption' 0)
[mod] [C47S] VOID(banner path wrapped by Opt_AcknowledgedWarnings) WINDOW w3 CONTROL ?#16008 :: adds=0 removes=0 | buffer now=8648 min=8544 max=9316 mean=8840 | zero-samples=0/361 | refills=28 totalling 3592 | not-working samples=0 (of which reason='Consumption' 0)
[C47S] VOID(banner path wrapped by Opt_AcknowledgedWarnings) WINDOW w3 CONTROL ?#16008 :: adds=0 removes=0 | buffer now=8648 min=8544 max=9316 mean=8840 | zero-samples=0/361 | refills=28 totalling 3592 | not-working samples=0 (of which reason='Consumption' 0)
						Lua 0:03:46:367
[mod] [C47S] VOID(banner path wrapped by Opt_AcknowledgedWarnings) WINDOW w3 CONTROL ?#16011 :: adds=0 removes=0 | buffer now=8745 min=8505 max=9245 mean=8866 | zero-samples=0/361 | refills=11 totalling 3640 | not-working samples=0 (of which reason='Consumption' 0)
[C47S] VOID(banner path wrapped by Opt_AcknowledgedWarnings) WINDOW w3 CONTROL ?#16011 :: adds=0 removes=0 | buffer now=8745 min=8505 max=9245 mean=8866 | zero-samples=0/361 | refills=11 totalling 3640 | not-working samples=0 (of which reason='Consumption' 0)
[mod] [C47S] VOID(banner path wrapped by Opt_AcknowledgedWarnings) WINDOW w3 CONTROL ?#16076 :: adds=0 removes=0 | buffer now=9059 min=8479 max=9279 mean=8992 | zero-samples=0/361 | refills=14 totalling 3920 | not-working samples=0 (of which reason='Consumption' 0)
[C47S] VOID(banner path wrapped by Opt_AcknowledgedWarnings) WINDOW w3 CONTROL ?#16076 :: adds=0 removes=0 | buffer now=9059 min=8479 max=9279 mean=8992 | zero-samples=0/361 | refills=14 totalling 3920 | not-working samples=0 (of which reason='Consumption' 0)
[mod] [C47S] VOID(banner path wrapped by Opt_AcknowledgedWarnings) WINDOW w3 CONTROL ?#16077 :: adds=0 removes=0 | buffer now=9172 min=8532 max=9272 mean=9065 | zero-samples=0/361 | refills=14 totalling 3920 | not-working samples=0 (of which reason='Consumption' 0)
[C47S] VOID(banner path wrapped by Opt_AcknowledgedWarnings) WINDOW w3 CONTROL ?#16077 :: adds=0 removes=0 | buffer now=9172 min=8532 max=9272 mean=9065 | zero-samples=0/361 | refills=14 totalling 3920 | not-working samples=0 (of which reason='Consumption' 0)
[mod] [C47S] VOID(banner path wrapped by Opt_AcknowledgedWarnings) WINDOW w3 CONTROL ?#16155 :: adds=0 removes=0 | buffer now=9258 min=8518 max=9258 mean=9134 | zero-samples=0/361 | refills=10 totalling 4200 | not-working samples=0 (of which reason='Consumption' 0)
[C47S] VOID(banner path wrapped by Opt_AcknowledgedWarnings) WINDOW w3 CONTROL ?#16155 :: adds=0 removes=0 | buffer now=9258 min=8518 max=9258 mean=9134 | zero-samples=0/361 | refills=10 totalling 4200 | not-working samples=0 (of which reason='Consumption' 0)
[mod] [C47S] VOID(banner path wrapped by Opt_AcknowledgedWarnings) WINDOW w3 CONTROL ?#16192 :: adds=0 removes=0 | buffer now=9105 min=8865 max=9275 mean=9099 | zero-samples=0/361 | refills=4 totalling 1120 | not-working samples=0 (of which reason='Consumption' 0)
[C47S] VOID(banner path wrapped by Opt_AcknowledgedWarnings) WINDOW w3 CONTROL ?#16192 :: adds=0 removes=0 | buffer now=9105 min=8865 max=9275 mean=9099 | zero-samples=0/361 | refills=4 totalling 1120 | not-working samples=0 (of which reason='Consumption' 0)
[mod] [C47S] VOID(banner path wrapped by Opt_AcknowledgedWarnings) WINDOW w3 TOTALS :: adds(all objects on 'NotWorkingBuildings')=7 removes=7 | adds on objects this leg does NOT track=5 | voice-eligible SHIPPED model (text-keyed, RealTime, colony-wide)=2 | voice-eligible under the entry's ASSUMED per-object model=1
[C47S] VOID(banner path wrapped by Opt_AcknowledgedWarnings) WINDOW w3 TOTALS :: adds(all objects on 'NotWorkingBuildings')=7 removes=7 | adds on objects this leg does NOT track=5 | voice-eligible SHIPPED model (text-keyed, RealTime, colony-wide)=2 | voice-eligible under the entry's ASSUMED per-object model=1
[mod] [C47S] CLOCK w3 :: GameTime()=276300009 (383.75 sols since game start) | UIColony.day=385 hour=0 | speed=5x | RealTime()=214343
[C47S] CLOCK w3 :: GameTime()=276300009 (383.75 sols since game start) | UIColony.day=385 hour=0 | speed=5x | RealTime()=214343
[mod] [C47S] VOICETABLE w3 :: VoicesCooldown has 1 key(s) [769547039933] | VoiceQueue length=0 — ⭐ the keys are voiced-TEXT ids, not object handles (Voice.lua:355-358), so one key covers every not-working building in the colony at once
[C47S] VOICETABLE w3 :: VoicesCooldown has 1 key(s) [769547039933] | VoiceQueue length=0 — ⭐ the keys are voiced-TEXT ids, not object handles (Voice.lua:355-358), so one key covers every not-working building in the colony at once
						Lua 0:04:46:370
[mod] [C47S] VOID(banner path wrapped by Opt_AcknowledgedWarnings) WINDOW w4 SUBJECT ?#15779 :: adds=2 removes=2 | buffer now=3470 min=550 max=4225 mean=3254 | zero-samples=0/481 | refills=60 totalling 27585 | not-working samples=1 (of which reason='Consumption' 1)
[C47S] VOID(banner path wrapped by Opt_AcknowledgedWarnings) WINDOW w4 SUBJECT ?#15779 :: adds=2 removes=2 | buffer now=3470 min=550 max=4225 mean=3254 | zero-samples=0/481 | refills=60 totalling 27585 | not-working samples=1 (of which reason='Consumption' 1)
[mod] [C47S] VOID(banner path wrapped by Opt_AcknowledgedWarnings) WINDOW w4 SUBJECT ?#15974 :: adds=0 removes=0 | buffer now=3421 min=1661 max=4720 mean=3374 | zero-samples=0/481 | refills=51 totalling 20601 | not-working samples=0 (of which reason='Consumption' 0)
[C47S] VOID(banner path wrapped by Opt_AcknowledgedWarnings) WINDOW w4 SUBJECT ?#15974 :: adds=0 removes=0 | buffer now=3421 min=1661 max=4720 mean=3374 | zero-samples=0/481 | refills=51 totalling 20601 | not-working samples=0 (of which reason='Consumption' 0)
[mod] [C47S] VOID(banner path wrapped by Opt_AcknowledgedWarnings) WINDOW w4 CONTROL ?#2793 :: adds=0 removes=0 | buffer now=9273 min=8913 max=9273 mean=9219 | zero-samples=0/481 | refills=3 totalling 840 | not-working samples=0 (of which reason='Consumption' 0)
[C47S] VOID(banner path wrapped by Opt_AcknowledgedWarnings) WINDOW w4 CONTROL ?#2793 :: adds=0 removes=0 | buffer now=9273 min=8913 max=9273 mean=9219 | zero-samples=0/481 | refills=3 totalling 840 | not-working samples=0 (of which reason='Consumption' 0)
[mod] [C47S] VOID(banner path wrapped by Opt_AcknowledgedWarnings) WINDOW w4 CONTROL ?#3790 :: adds=0 removes=0 | buffer now=9113 min=8933 max=9233 mean=9134 | zero-samples=0/481 | refills=2 totalling 560 | not-working samples=0 (of which reason='Consumption' 0)
[C47S] VOID(banner path wrapped by Opt_AcknowledgedWarnings) WINDOW w4 CONTROL ?#3790 :: adds=0 removes=0 | buffer now=9113 min=8933 max=9233 mean=9134 | zero-samples=0/481 | refills=2 totalling 560 | not-working samples=0 (of which reason='Consumption' 0)
[mod] [C47S] VOID(banner path wrapped by Opt_AcknowledgedWarnings) WINDOW w4 CONTROL ?#4089 :: adds=0 removes=0 | buffer now=9276 min=8916 max=9276 mean=9209 | zero-samples=0/481 | refills=3 totalling 840 | not-working samples=0 (of which reason='Consumption' 0)
[C47S] VOID(banner path wrapped by Opt_AcknowledgedWarnings) WINDOW w4 CONTROL ?#4089 :: adds=0 removes=0 | buffer now=9276 min=8916 max=9276 mean=9209 | zero-samples=0/481 | refills=3 totalling 840 | not-working samples=0 (of which reason='Consumption' 0)
[mod] [C47S] VOID(banner path wrapped by Opt_AcknowledgedWarnings) WINDOW w4 CONTROL ?#6324 :: adds=0 removes=0 | buffer now=9400 min=8960 max=10000 mean=9474 | zero-samples=0/481 | refills=1 totalling 1040 | not-working samples=0 (of which reason='Consumption' 0)
[C47S] VOID(banner path wrapped by Opt_AcknowledgedWarnings) WINDOW w4 CONTROL ?#6324 :: adds=0 removes=0 | buffer now=9400 min=8960 max=10000 mean=9474 | zero-samples=0/481 | refills=1 totalling 1040 | not-working samples=0 (of which reason='Consumption' 0)
						Lua 0:04:46:371
[mod] [C47S] VOID(banner path wrapped by Opt_AcknowledgedWarnings) WINDOW w4 CONTROL ?#6325 :: adds=0 removes=0 | buffer now=9000 min=8520 max=10000 mean=9113 | zero-samples=0/481 | refills=7 totalling 3500 | not-working samples=0 (of which reason='Consumption' 0)
[C47S] VOID(banner path wrapped by Opt_AcknowledgedWarnings) WINDOW w4 CONTROL ?#6325 :: adds=0 removes=0 | buffer now=9000 min=8520 max=10000 mean=9113 | zero-samples=0/481 | refills=7 totalling 3500 | not-working samples=0 (of which reason='Consumption' 0)
[mod] [C47S] VOID(banner path wrapped by Opt_AcknowledgedWarnings) WINDOW w4 CONTROL ?#6620 :: adds=0 removes=0 | buffer now=9221 min=8937 max=9271 mean=9175 | zero-samples=0/481 | refills=27 totalling 694 | not-working samples=0 (of which reason='Consumption' 0)
[C47S] VOID(banner path wrapped by Opt_AcknowledgedWarnings) WINDOW w4 CONTROL ?#6620 :: adds=0 removes=0 | buffer now=9221 min=8937 max=9271 mean=9175 | zero-samples=0/481 | refills=27 totalling 694 | not-working samples=0 (of which reason='Consumption' 0)
[mod] [C47S] VOID(banner path wrapped by Opt_AcknowledgedWarnings) WINDOW w4 CONTROL ?#6622 :: adds=0 removes=0 | buffer now=9110 min=8944 max=9274 mean=9115 | zero-samples=0/481 | refills=27 totalling 696 | not-working samples=0 (of which reason='Consumption' 0)
[C47S] VOID(banner path wrapped by Opt_AcknowledgedWarnings) WINDOW w4 CONTROL ?#6622 :: adds=0 removes=0 | buffer now=9110 min=8944 max=9274 mean=9115 | zero-samples=0/481 | refills=27 totalling 696 | not-working samples=0 (of which reason='Consumption' 0)
[mod] [C47S] VOID(banner path wrapped by Opt_AcknowledgedWarnings) WINDOW w4 CONTROL ?#6836 :: adds=0 removes=0 | buffer now=8943 min=8875 max=9219 mean=8989 | zero-samples=0/481 | refills=30 totalling 998 | not-working samples=0 (of which reason='Consumption' 0)
[C47S] VOID(banner path wrapped by Opt_AcknowledgedWarnings) WINDOW w4 CONTROL ?#6836 :: adds=0 removes=0 | buffer now=8943 min=8875 max=9219 mean=8989 | zero-samples=0/481 | refills=30 totalling 998 | not-working samples=0 (of which reason='Consumption' 0)
[mod] [C47S] VOID(banner path wrapped by Opt_AcknowledgedWarnings) WINDOW w4 CONTROL ?#6958 :: adds=0 removes=0 | buffer now=9225 min=8937 max=9273 mean=9191 | zero-samples=0/481 | refills=28 totalling 706 | not-working samples=0 (of which reason='Consumption' 0)
[C47S] VOID(banner path wrapped by Opt_AcknowledgedWarnings) WINDOW w4 CONTROL ?#6958 :: adds=0 removes=0 | buffer now=9225 min=8937 max=9273 mean=9191 | zero-samples=0/481 | refills=28 totalling 706 | not-working samples=0 (of which reason='Consumption' 0)
[mod] [C47S] VOID(banner path wrapped by Opt_AcknowledgedWarnings) WINDOW w4 CONTROL ?#7004 :: adds=0 removes=0 | buffer now=8905 min=8905 max=9225 mean=8973 | zero-samples=0/481 | refills=2 totalling 560 | not-working samples=0 (of which reason='Consumption' 0)
[C47S] VOID(banner path wrapped by Opt_AcknowledgedWarnings) WINDOW w4 CONTROL ?#7004 :: adds=0 removes=0 | buffer now=8905 min=8905 max=9225 mean=8973 | zero-samples=0/481 | refills=2 totalling 560 | not-working samples=0 (of which reason='Consumption' 0)
[mod] [C47S] VOID(banner path wrapped by Opt_AcknowledgedWarnings) WINDOW w4 CONTROL ?#7016 :: adds=0 removes=0 | buffer now=9060 min=8930 max=9550 mean=9122 | zero-samples=0/481 | refills=2 totalling 560 | not-working samples=0 (of which reason='Consumption' 0)
[C47S] VOID(banner path wrapped by Opt_AcknowledgedWarnings) WINDOW w4 CONTROL ?#7016 :: adds=0 removes=0 | buffer now=9060 min=8930 max=9550 mean=9122 | zero-samples=0/481 | refills=2 totalling 560 | not-working samples=0 (of which reason='Consumption' 0)
[mod] [C47S] VOID(banner path wrapped by Opt_AcknowledgedWarnings) WINDOW w4 CONTROL ?#14623 :: adds=0 removes=0 | buffer now=9042 min=8482 max=9242 mean=9018 | zero-samples=0/481 | refills=11 totalling 3920 | not-working samples=0 (of which reason='Consumption' 0)
[C47S] VOID(banner path wrapped by Opt_AcknowledgedWarnings) WINDOW w4 CONTROL ?#14623 :: adds=0 removes=0 | buffer now=9042 min=8482 max=9242 mean=9018 | zero-samples=0/481 | refills=11 totalling 3920 | not-working samples=0 (of which reason='Consumption' 0)
[mod] [C47S] VOID(banner path wrapped by Opt_AcknowledgedWarnings) WINDOW w4 CONTROL ?#14625 :: adds=0 removes=0 | buffer now=9243 min=8503 max=9243 mean=9143 | zero-samples=0/481 | refills=14 totalling 4200 | not-working samples=0 (of which reason='Consumption' 0)
[C47S] VOID(banner path wrapped by Opt_AcknowledgedWarnings) WINDOW w4 CONTROL ?#14625 :: adds=0 removes=0 | buffer now=9243 min=8503 max=9243 mean=9143 | zero-samples=0/481 | refills=14 totalling 4200 | not-working samples=0 (of which reason='Consumption' 0)
[mod] [C47S] VOID(banner path wrapped by Opt_AcknowledgedWarnings) WINDOW w4 CONTROL ?#14627 :: adds=0 removes=0 | buffer now=9210 min=8510 max=9250 mean=9108 | zero-samples=0/481 | refills=14 totalling 4200 | not-working samples=0 (of which reason='Consumption' 0)
[C47S] VOID(banner path wrapped by Opt_AcknowledgedWarnings) WINDOW w4 CONTROL ?#14627 :: adds=0 removes=0 | buffer now=9210 min=8510 max=9250 mean=9108 | zero-samples=0/481 | refills=14 totalling 4200 | not-working samples=0 (of which reason='Consumption' 0)
[mod] [C47S] VOID(banner path wrapped by Opt_AcknowledgedWarnings) WINDOW w4 CONTROL ?#14628 :: adds=0 removes=0 | buffer now=9116 min=8536 max=9276 mean=9100 | zero-samples=0/481 | refills=9 totalling 3360 | not-working samples=0 (of which reason='Consumption' 0)
[C47S] VOID(banner path wrapped by Opt_AcknowledgedWarnings) WINDOW w4 CONTROL ?#14628 :: adds=0 removes=0 | buffer now=9116 min=8536 max=9276 mean=9100 | zero-samples=0/481 | refills=9 totalling 3360 | not-working samples=0 (of which reason='Consumption' 0)
[mod] [C47S] VOID(banner path wrapped by Opt_AcknowledgedWarnings) WINDOW w4 CONTROL ?#14629 :: adds=0 removes=0 | buffer now=9097 min=8517 max=9257 mean=9053 | zero-samples=0/481 | refills=11 totalling 3920 | not-working samples=0 (of which reason='Consumption' 0)
[C47S] VOID(banner path wrapped by Opt_AcknowledgedWarnings) WINDOW w4 CONTROL ?#14629 :: adds=0 removes=0 | buffer now=9097 min=8517 max=9257 mean=9053 | zero-samples=0/481 | refills=11 totalling 3920 | not-working samples=0 (of which reason='Consumption' 0)
[mod] [C47S] VOID(banner path wrapped by Opt_AcknowledgedWarnings) WINDOW w4 CONTROL ?#15043 :: adds=0 removes=0 | buffer now=9057 min=8537 max=9237 mean=9036 | zero-samples=0/481 | refills=17 totalling 3880 | not-working samples=0 (of which reason='Consumption' 0)
[C47S] VOID(banner path wrapped by Opt_AcknowledgedWarnings) WINDOW w4 CONTROL ?#15043 :: adds=0 removes=0 | buffer now=9057 min=8537 max=9237 mean=9036 | zero-samples=0/481 | refills=17 totalling 3880 | not-working samples=0 (of which reason='Consumption' 0)
[mod] [C47S] VOID(banner path wrapped by Opt_AcknowledgedWarnings) WINDOW w4 CONTROL ?#15047 :: adds=0 removes=0 | buffer now=9095 min=8595 max=9295 mean=9031 | zero-samples=0/481 | refills=19 totalling 3920 | not-working samples=0 (of which reason='Consumption' 0)
[C47S] VOID(banner path wrapped by Opt_AcknowledgedWarnings) WINDOW w4 CONTROL ?#15047 :: adds=0 removes=0 | buffer now=9095 min=8595 max=9295 mean=9031 | zero-samples=0/481 | refills=19 totalling 3920 | not-working samples=0 (of which reason='Consumption' 0)
[mod] [C47S] VOID(banner path wrapped by Opt_AcknowledgedWarnings) WINDOW w4 CONTROL ?#15050 :: adds=0 removes=0 | buffer now=9320 min=8920 max=9320 mean=9247 | zero-samples=0/481 | refills=11 totalling 1400 | not-working samples=0 (of which reason='Consumption' 0)
[C47S] VOID(banner path wrapped by Opt_AcknowledgedWarnings) WINDOW w4 CONTROL ?#15050 :: adds=0 removes=0 | buffer now=9320 min=8920 max=9320 mean=9247 | zero-samples=0/481 | refills=11 totalling 1400 | not-working samples=0 (of which reason='Consumption' 0)
[mod] [C47S] VOID(banner path wrapped by Opt_AcknowledgedWarnings) WINDOW w4 CONTROL ?#15052 :: adds=0 removes=0 | buffer now=9016 min=8556 max=9256 mean=9009 | zero-samples=0/481 | refills=17 totalling 3840 | not-working samples=0 (of which reason='Consumption' 0)
[C47S] VOID(banner path wrapped by Opt_AcknowledgedWarnings) WINDOW w4 CONTROL ?#15052 :: adds=0 removes=0 | buffer now=9016 min=8556 max=9256 mean=9009 | zero-samples=0/481 | refills=17 totalling 3840 | not-working samples=0 (of which reason='Consumption' 0)
[mod] [C47S] VOID(banner path wrapped by Opt_AcknowledgedWarnings) WINDOW w4 CONTROL ?#15098 :: adds=0 removes=0 | buffer now=9042 min=8562 max=9242 mean=8995 | zero-samples=0/481 | refills=19 totalling 3880 | not-working samples=0 (of which reason='Consumption' 0)
[C47S] VOID(banner path wrapped by Opt_AcknowledgedWarnings) WINDOW w4 CONTROL ?#15098 :: adds=0 removes=0 | buffer now=9042 min=8562 max=9242 mean=8995 | zero-samples=0/481 | refills=19 totalling 3880 | not-working samples=0 (of which reason='Consumption' 0)
[mod] [C47S] VOID(banner path wrapped by Opt_AcknowledgedWarnings) WINDOW w4 CONTROL ?#15099 :: adds=0 removes=0 | buffer now=9019 min=8559 max=9319 mean=9001 | zero-samples=0/481 | refills=17 totalling 3840 | not-working samples=0 (of which reason='Consumption' 0)
[C47S] VOID(banner path wrapped by Opt_AcknowledgedWarnings) WINDOW w4 CONTROL ?#15099 :: adds=0 removes=0 | buffer now=9019 min=8559 max=9319 mean=9001 | zero-samples=0/481 | refills=17 totalling 3840 | not-working samples=0 (of which reason='Consumption' 0)
[mod] [C47S] VOID(banner path wrapped by Opt_AcknowledgedWarnings) WINDOW w4 CONTROL ?#15547 :: adds=0 removes=0 | buffer now=9156 min=8636 max=9196 mean=9094 | zero-samples=0/481 | refills=4 totalling 1120 | not-working samples=0 (of which reason='Consumption' 0)
[C47S] VOID(banner path wrapped by Opt_AcknowledgedWarnings) WINDOW w4 CONTROL ?#15547 :: adds=0 removes=0 | buffer now=9156 min=8636 max=9196 mean=9094 | zero-samples=0/481 | refills=4 totalling 1120 | not-working samples=0 (of which reason='Consumption' 0)
[mod] [C47S] VOID(banner path wrapped by Opt_AcknowledgedWarnings) WINDOW w4 CONTROL ?#15549 :: adds=0 removes=0 | buffer now=9179 min=8639 max=9259 mean=9116 | zero-samples=0/481 | refills=4 totalling 1120 | not-working samples=0 (of which reason='Consumption' 0)
[C47S] VOID(banner path wrapped by Opt_AcknowledgedWarnings) WINDOW w4 CONTROL ?#15549 :: adds=0 removes=0 | buffer now=9179 min=8639 max=9259 mean=9116 | zero-samples=0/481 | refills=4 totalling 1120 | not-working samples=0 (of which reason='Consumption' 0)
[mod] [C47S] VOID(banner path wrapped by Opt_AcknowledgedWarnings) WINDOW w4 CONTROL ?#15554 :: adds=0 removes=0 | buffer now=9123 min=8503 max=9263 mean=9049 | zero-samples=0/481 | refills=13 totalling 3920 | not-working samples=0 (of which reason='Consumption' 0)
[C47S] VOID(banner path wrapped by Opt_AcknowledgedWarnings) WINDOW w4 CONTROL ?#15554 :: adds=0 removes=0 | buffer now=9123 min=8503 max=9263 mean=9049 | zero-samples=0/481 | refills=13 totalling 3920 | not-working samples=0 (of which reason='Consumption' 0)
[mod] [C47S] VOID(banner path wrapped by Opt_AcknowledgedWarnings) WINDOW w4 CONTROL ?#15556 :: adds=0 removes=0 | buffer now=9130 min=8510 max=9270 mean=9093 | zero-samples=0/481 | refills=12 totalling 3920 | not-working samples=0 (of which reason='Consumption' 0)
[C47S] VOID(banner path wrapped by Opt_AcknowledgedWarnings) WINDOW w4 CONTROL ?#15556 :: adds=0 removes=0 | buffer now=9130 min=8510 max=9270 mean=9093 | zero-samples=0/481 | refills=12 totalling 3920 | not-working samples=0 (of which reason='Consumption' 0)
[mod] [C47S] VOID(banner path wrapped by Opt_AcknowledgedWarnings) WINDOW w4 CONTROL ?#15563 :: adds=0 removes=0 | buffer now=9102 min=8522 max=9262 mean=9080 | zero-samples=0/481 | refills=12 totalling 3920 | not-working samples=0 (of which reason='Consumption' 0)
[C47S] VOID(banner path wrapped by Opt_AcknowledgedWarnings) WINDOW w4 CONTROL ?#15563 :: adds=0 removes=0 | buffer now=9102 min=8522 max=9262 mean=9080 | zero-samples=0/481 | refills=12 totalling 3920 | not-working samples=0 (of which reason='Consumption' 0)
[mod] [C47S] VOID(banner path wrapped by Opt_AcknowledgedWarnings) WINDOW w4 CONTROL ?#15565 :: adds=0 removes=0 | buffer now=9164 min=8524 max=9264 mean=9102 | zero-samples=0/481 | refills=12 totalling 3920 | not-working samples=0 (of which reason='Consumption' 0)
[C47S] VOID(banner path wrapped by Opt_AcknowledgedWarnings) WINDOW w4 CONTROL ?#15565 :: adds=0 removes=0 | buffer now=9164 min=8524 max=9264 mean=9102 | zero-samples=0/481 | refills=12 totalling 3920 | not-working samples=0 (of which reason='Consumption' 0)
[mod] [C47S] VOID(banner path wrapped by Opt_AcknowledgedWarnings) WINDOW w4 CONTROL ?#15810 :: adds=0 removes=0 | buffer now=8752 min=8557 max=9312 mean=8859 | zero-samples=0/481 | refills=26 totalling 3556 | not-working samples=0 (of which reason='Consumption' 0)
[C47S] VOID(banner path wrapped by Opt_AcknowledgedWarnings) WINDOW w4 CONTROL ?#15810 :: adds=0 removes=0 | buffer now=8752 min=8557 max=9312 mean=8859 | zero-samples=0/481 | refills=26 totalling 3556 | not-working samples=0 (of which reason='Consumption' 0)
[mod] [C47S] VOID(banner path wrapped by Opt_AcknowledgedWarnings) WINDOW w4 CONTROL ?#15817 :: adds=0 removes=0 | buffer now=9155 min=8568 max=9318 mean=9137 | zero-samples=0/481 | refills=28 totalling 4025 | not-working samples=0 (of which reason='Consumption' 0)
[C47S] VOID(banner path wrapped by Opt_AcknowledgedWarnings) WINDOW w4 CONTROL ?#15817 :: adds=0 removes=0 | buffer now=9155 min=8568 max=9318 mean=9137 | zero-samples=0/481 | refills=28 totalling 4025 | not-working samples=0 (of which reason='Consumption' 0)
[mod] [C47S] VOID(banner path wrapped by Opt_AcknowledgedWarnings) WINDOW w4 CONTROL ?#16008 :: adds=0 removes=0 | buffer now=8648 min=8544 max=9316 mean=8792 | zero-samples=0/481 | refills=28 totalling 3592 | not-working samples=0 (of which reason='Consumption' 0)
[C47S] VOID(banner path wrapped by Opt_AcknowledgedWarnings) WINDOW w4 CONTROL ?#16008 :: adds=0 removes=0 | buffer now=8648 min=8544 max=9316 mean=8792 | zero-samples=0/481 | refills=28 totalling 3592 | not-working samples=0 (of which reason='Consumption' 0)
[mod] [C47S] VOID(banner path wrapped by Opt_AcknowledgedWarnings) WINDOW w4 CONTROL ?#16011 :: adds=0 removes=0 | buffer now=8745 min=8505 max=9245 mean=8836 | zero-samples=0/481 | refills=11 totalling 3640 | not-working samples=0 (of which reason='Consumption' 0)
[C47S] VOID(banner path wrapped by Opt_AcknowledgedWarnings) WINDOW w4 CONTROL ?#16011 :: adds=0 removes=0 | buffer now=8745 min=8505 max=9245 mean=8836 | zero-samples=0/481 | refills=11 totalling 3640 | not-working samples=0 (of which reason='Consumption' 0)
[mod] [C47S] VOID(banner path wrapped by Opt_AcknowledgedWarnings) WINDOW w4 CONTROL ?#16076 :: adds=0 removes=0 | buffer now=9059 min=8479 max=9279 mean=9009 | zero-samples=0/481 | refills=14 totalling 3920 | not-working samples=0 (of which reason='Consumption' 0)
[C47S] VOID(banner path wrapped by Opt_AcknowledgedWarnings) WINDOW w4 CONTROL ?#16076 :: adds=0 removes=0 | buffer now=9059 min=8479 max=9279 mean=9009 | zero-samples=0/481 | refills=14 totalling 3920 | not-working samples=0 (of which reason='Consumption' 0)
[mod] [C47S] VOID(banner path wrapped by Opt_AcknowledgedWarnings) WINDOW w4 CONTROL ?#16077 :: adds=0 removes=0 | buffer now=9172 min=8532 max=9272 mean=9092 | zero-samples=0/481 | refills=14 totalling 3920 | not-working samples=0 (of which reason='Consumption' 0)
[C47S] VOID(banner path wrapped by Opt_AcknowledgedWarnings) WINDOW w4 CONTROL ?#16077 :: adds=0 removes=0 | buffer now=9172 min=8532 max=9272 mean=9092 | zero-samples=0/481 | refills=14 totalling 3920 | not-working samples=0 (of which reason='Consumption' 0)
[mod] [C47S] VOID(banner path wrapped by Opt_AcknowledgedWarnings) WINDOW w4 CONTROL ?#16155 :: adds=0 removes=0 | buffer now=9258 min=8518 max=9258 mean=9165 | zero-samples=0/481 | refills=10 totalling 4200 | not-working samples=0 (of which reason='Consumption' 0)
[C47S] VOID(banner path wrapped by Opt_AcknowledgedWarnings) WINDOW w4 CONTROL ?#16155 :: adds=0 removes=0 | buffer now=9258 min=8518 max=9258 mean=9165 | zero-samples=0/481 | refills=10 totalling 4200 | not-working samples=0 (of which reason='Consumption' 0)
[mod] [C47S] VOID(banner path wrapped by Opt_AcknowledgedWarnings) WINDOW w4 CONTROL ?#16192 :: adds=0 removes=0 | buffer now=9105 min=8865 max=9275 mean=9100 | zero-samples=0/481 | refills=4 totalling 1120 | not-working samples=0 (of which reason='Consumption' 0)
[C47S] VOID(banner path wrapped by Opt_AcknowledgedWarnings) WINDOW w4 CONTROL ?#16192 :: adds=0 removes=0 | buffer now=9105 min=8865 max=9275 mean=9100 | zero-samples=0/481 | refills=4 totalling 1120 | not-working samples=0 (of which reason='Consumption' 0)
[mod] [C47S] VOID(banner path wrapped by Opt_AcknowledgedWarnings) WINDOW w4 TOTALS :: adds(all objects on 'NotWorkingBuildings')=7 removes=7 | adds on objects this leg does NOT track=5 | voice-eligible SHIPPED model (text-keyed, RealTime, colony-wide)=2 | voice-eligible under the entry's ASSUMED per-object model=1
[C47S] VOID(banner path wrapped by Opt_AcknowledgedWarnings) WINDOW w4 TOTALS :: adds(all objects on 'NotWorkingBuildings')=7 removes=7 | adds on objects this leg does NOT track=5 | voice-eligible SHIPPED model (text-keyed, RealTime, colony-wide)=2 | voice-eligible under the entry's ASSUMED per-object model=1
[mod] [C47S] CLOCK w4 :: GameTime()=276300009 (383.75 sols since game start) | UIColony.day=385 hour=0 | speed=5x | RealTime()=274343
[C47S] CLOCK w4 :: GameTime()=276300009 (383.75 sols since game start) | UIColony.day=385 hour=0 | speed=5x | RealTime()=274343
[mod] [C47S] VOICETABLE w4 :: VoicesCooldown has 1 key(s) [769547039933] | VoiceQueue length=0 — ⭐ the keys are voiced-TEXT ids, not object handles (Voice.lua:355-358), so one key covers every not-working building in the colony at once
[C47S] VOICETABLE w4 :: VoicesCooldown has 1 key(s) [769547039933] | VoiceQueue length=0 — ⭐ the keys are voiced-TEXT ids, not object handles (Voice.lua:355-358), so one key covers every not-working building in the colony at once
						Lua 0:05:46:365
[mod] [C47S] VOID(banner path wrapped by Opt_AcknowledgedWarnings) WINDOW w5 SUBJECT ?#15779 :: adds=2 removes=2 | buffer now=3470 min=550 max=4225 mean=3297 | zero-samples=0/601 | refills=60 totalling 27585 | not-working samples=1 (of which reason='Consumption' 1)
[C47S] VOID(banner path wrapped by Opt_AcknowledgedWarnings) WINDOW w5 SUBJECT ?#15779 :: adds=2 removes=2 | buffer now=3470 min=550 max=4225 mean=3297 | zero-samples=0/601 | refills=60 totalling 27585 | not-working samples=1 (of which reason='Consumption' 1)
[mod] [C47S] VOID(banner path wrapped by Opt_AcknowledgedWarnings) WINDOW w5 SUBJECT ?#15974 :: adds=0 removes=0 | buffer now=3421 min=1661 max=4720 mean=3384 | zero-samples=0/601 | refills=51 totalling 20601 | not-working samples=0 (of which reason='Consumption' 0)
[C47S] VOID(banner path wrapped by Opt_AcknowledgedWarnings) WINDOW w5 SUBJECT ?#15974 :: adds=0 removes=0 | buffer now=3421 min=1661 max=4720 mean=3384 | zero-samples=0/601 | refills=51 totalling 20601 | not-working samples=0 (of which reason='Consumption' 0)
[mod] [C47S] VOID(banner path wrapped by Opt_AcknowledgedWarnings) WINDOW w5 CONTROL ?#2793 :: adds=0 removes=0 | buffer now=9273 min=8913 max=9273 mean=9229 | zero-samples=0/601 | refills=3 totalling 840 | not-working samples=0 (of which reason='Consumption' 0)
[C47S] VOID(banner path wrapped by Opt_AcknowledgedWarnings) WINDOW w5 CONTROL ?#2793 :: adds=0 removes=0 | buffer now=9273 min=8913 max=9273 mean=9229 | zero-samples=0/601 | refills=3 totalling 840 | not-working samples=0 (of which reason='Consumption' 0)
[mod] [C47S] VOID(banner path wrapped by Opt_AcknowledgedWarnings) WINDOW w5 CONTROL ?#3790 :: adds=0 removes=0 | buffer now=9113 min=8933 max=9233 mean=9129 | zero-samples=0/601 | refills=2 totalling 560 | not-working samples=0 (of which reason='Consumption' 0)
[C47S] VOID(banner path wrapped by Opt_AcknowledgedWarnings) WINDOW w5 CONTROL ?#3790 :: adds=0 removes=0 | buffer now=9113 min=8933 max=9233 mean=9129 | zero-samples=0/601 | refills=2 totalling 560 | not-working samples=0 (of which reason='Consumption' 0)
[mod] [C47S] VOID(banner path wrapped by Opt_AcknowledgedWarnings) WINDOW w5 CONTROL ?#4089 :: adds=0 removes=0 | buffer now=9276 min=8916 max=9276 mean=9222 | zero-samples=0/601 | refills=3 totalling 840 | not-working samples=0 (of which reason='Consumption' 0)
[C47S] VOID(banner path wrapped by Opt_AcknowledgedWarnings) WINDOW w5 CONTROL ?#4089 :: adds=0 removes=0 | buffer now=9276 min=8916 max=9276 mean=9222 | zero-samples=0/601 | refills=3 totalling 840 | not-working samples=0 (of which reason='Consumption' 0)
[mod] [C47S] VOID(banner path wrapped by Opt_AcknowledgedWarnings) WINDOW w5 CONTROL ?#6324 :: adds=0 removes=0 | buffer now=9400 min=8960 max=10000 mean=9459 | zero-samples=0/601 | refills=1 totalling 1040 | not-working samples=0 (of which reason='Consumption' 0)
[C47S] VOID(banner path wrapped by Opt_AcknowledgedWarnings) WINDOW w5 CONTROL ?#6324 :: adds=0 removes=0 | buffer now=9400 min=8960 max=10000 mean=9459 | zero-samples=0/601 | refills=1 totalling 1040 | not-working samples=0 (of which reason='Consumption' 0)
[mod] [C47S] VOID(banner path wrapped by Opt_AcknowledgedWarnings) WINDOW w5 CONTROL ?#6325 :: adds=0 removes=0 | buffer now=9000 min=8520 max=10000 mean=9090 | zero-samples=0/601 | refills=7 totalling 3500 | not-working samples=0 (of which reason='Consumption' 0)
[C47S] VOID(banner path wrapped by Opt_AcknowledgedWarnings) WINDOW w5 CONTROL ?#6325 :: adds=0 removes=0 | buffer now=9000 min=8520 max=10000 mean=9090 | zero-samples=0/601 | refills=7 totalling 3500 | not-working samples=0 (of which reason='Consumption' 0)
[mod] [C47S] VOID(banner path wrapped by Opt_AcknowledgedWarnings) WINDOW w5 CONTROL ?#6620 :: adds=0 removes=0 | buffer now=9221 min=8937 max=9271 mean=9184 | zero-samples=0/601 | refills=27 totalling 694 | not-working samples=0 (of which reason='Consumption' 0)
[C47S] VOID(banner path wrapped by Opt_AcknowledgedWarnings) WINDOW w5 CONTROL ?#6620 :: adds=0 removes=0 | buffer now=9221 min=8937 max=9271 mean=9184 | zero-samples=0/601 | refills=27 totalling 694 | not-working samples=0 (of which reason='Consumption' 0)
[mod] [C47S] VOID(banner path wrapped by Opt_AcknowledgedWarnings) WINDOW w5 CONTROL ?#6622 :: adds=0 removes=0 | buffer now=9110 min=8944 max=9274 mean=9114 | zero-samples=0/601 | refills=27 totalling 696 | not-working samples=0 (of which reason='Consumption' 0)
[C47S] VOID(banner path wrapped by Opt_AcknowledgedWarnings) WINDOW w5 CONTROL ?#6622 :: adds=0 removes=0 | buffer now=9110 min=8944 max=9274 mean=9114 | zero-samples=0/601 | refills=27 totalling 696 | not-working samples=0 (of which reason='Consumption' 0)
[mod] [C47S] VOID(banner path wrapped by Opt_AcknowledgedWarnings) WINDOW w5 CONTROL ?#6836 :: adds=0 removes=0 | buffer now=8943 min=8875 max=9219 mean=8980 | zero-samples=0/601 | refills=30 totalling 998 | not-working samples=0 (of which reason='Consumption' 0)
[C47S] VOID(banner path wrapped by Opt_AcknowledgedWarnings) WINDOW w5 CONTROL ?#6836 :: adds=0 removes=0 | buffer now=8943 min=8875 max=9219 mean=8980 | zero-samples=0/601 | refills=30 totalling 998 | not-working samples=0 (of which reason='Consumption' 0)
[mod] [C47S] VOID(banner path wrapped by Opt_AcknowledgedWarnings) WINDOW w5 CONTROL ?#6958 :: adds=0 removes=0 | buffer now=9225 min=8937 max=9273 mean=9198 | zero-samples=0/601 | refills=28 totalling 706 | not-working samples=0 (of which reason='Consumption' 0)
[C47S] VOID(banner path wrapped by Opt_AcknowledgedWarnings) WINDOW w5 CONTROL ?#6958 :: adds=0 removes=0 | buffer now=9225 min=8937 max=9273 mean=9198 | zero-samples=0/601 | refills=28 totalling 706 | not-working samples=0 (of which reason='Consumption' 0)
[mod] [C47S] VOID(banner path wrapped by Opt_AcknowledgedWarnings) WINDOW w5 CONTROL ?#7004 :: adds=0 removes=0 | buffer now=8905 min=8905 max=9225 mean=8959 | zero-samples=0/601 | refills=2 totalling 560 | not-working samples=0 (of which reason='Consumption' 0)
[C47S] VOID(banner path wrapped by Opt_AcknowledgedWarnings) WINDOW w5 CONTROL ?#7004 :: adds=0 removes=0 | buffer now=8905 min=8905 max=9225 mean=8959 | zero-samples=0/601 | refills=2 totalling 560 | not-working samples=0 (of which reason='Consumption' 0)
[mod] [C47S] VOID(banner path wrapped by Opt_AcknowledgedWarnings) WINDOW w5 CONTROL ?#7016 :: adds=0 removes=0 | buffer now=9060 min=8930 max=9550 mean=9110 | zero-samples=0/601 | refills=2 totalling 560 | not-working samples=0 (of which reason='Consumption' 0)
[C47S] VOID(banner path wrapped by Opt_AcknowledgedWarnings) WINDOW w5 CONTROL ?#7016 :: adds=0 removes=0 | buffer now=9060 min=8930 max=9550 mean=9110 | zero-samples=0/601 | refills=2 totalling 560 | not-working samples=0 (of which reason='Consumption' 0)
[mod] [C47S] VOID(banner path wrapped by Opt_AcknowledgedWarnings) WINDOW w5 CONTROL ?#14623 :: adds=0 removes=0 | buffer now=9042 min=8482 max=9242 mean=9023 | zero-samples=0/601 | refills=11 totalling 3920 | not-working samples=0 (of which reason='Consumption' 0)
[C47S] VOID(banner path wrapped by Opt_AcknowledgedWarnings) WINDOW w5 CONTROL ?#14623 :: adds=0 removes=0 | buffer now=9042 min=8482 max=9242 mean=9023 | zero-samples=0/601 | refills=11 totalling 3920 | not-working samples=0 (of which reason='Consumption' 0)
[mod] [C47S] VOID(banner path wrapped by Opt_AcknowledgedWarnings) WINDOW w5 CONTROL ?#14625 :: adds=0 removes=0 | buffer now=9243 min=8503 max=9243 mean=9163 | zero-samples=0/601 | refills=14 totalling 4200 | not-working samples=0 (of which reason='Consumption' 0)
[C47S] VOID(banner path wrapped by Opt_AcknowledgedWarnings) WINDOW w5 CONTROL ?#14625 :: adds=0 removes=0 | buffer now=9243 min=8503 max=9243 mean=9163 | zero-samples=0/601 | refills=14 totalling 4200 | not-working samples=0 (of which reason='Consumption' 0)
[mod] [C47S] VOID(banner path wrapped by Opt_AcknowledgedWarnings) WINDOW w5 CONTROL ?#14627 :: adds=0 removes=0 | buffer now=9210 min=8510 max=9250 mean=9128 | zero-samples=0/601 | refills=14 totalling 4200 | not-working samples=0 (of which reason='Consumption' 0)
[C47S] VOID(banner path wrapped by Opt_AcknowledgedWarnings) WINDOW w5 CONTROL ?#14627 :: adds=0 removes=0 | buffer now=9210 min=8510 max=9250 mean=9128 | zero-samples=0/601 | refills=14 totalling 4200 | not-working samples=0 (of which reason='Consumption' 0)
[mod] [C47S] VOID(banner path wrapped by Opt_AcknowledgedWarnings) WINDOW w5 CONTROL ?#14628 :: adds=0 removes=0 | buffer now=9116 min=8536 max=9276 mean=9103 | zero-samples=0/601 | refills=9 totalling 3360 | not-working samples=0 (of which reason='Consumption' 0)
[C47S] VOID(banner path wrapped by Opt_AcknowledgedWarnings) WINDOW w5 CONTROL ?#14628 :: adds=0 removes=0 | buffer now=9116 min=8536 max=9276 mean=9103 | zero-samples=0/601 | refills=9 totalling 3360 | not-working samples=0 (of which reason='Consumption' 0)
[mod] [C47S] VOID(banner path wrapped by Opt_AcknowledgedWarnings) WINDOW w5 CONTROL ?#14629 :: adds=0 removes=0 | buffer now=9097 min=8517 max=9257 mean=9062 | zero-samples=0/601 | refills=11 totalling 3920 | not-working samples=0 (of which reason='Consumption' 0)
[C47S] VOID(banner path wrapped by Opt_AcknowledgedWarnings) WINDOW w5 CONTROL ?#14629 :: adds=0 removes=0 | buffer now=9097 min=8517 max=9257 mean=9062 | zero-samples=0/601 | refills=11 totalling 3920 | not-working samples=0 (of which reason='Consumption' 0)
[mod] [C47S] VOID(banner path wrapped by Opt_AcknowledgedWarnings) WINDOW w5 CONTROL ?#15043 :: adds=0 removes=0 | buffer now=9057 min=8537 max=9237 mean=9040 | zero-samples=0/601 | refills=17 totalling 3880 | not-working samples=0 (of which reason='Consumption' 0)
[C47S] VOID(banner path wrapped by Opt_AcknowledgedWarnings) WINDOW w5 CONTROL ?#15043 :: adds=0 removes=0 | buffer now=9057 min=8537 max=9237 mean=9040 | zero-samples=0/601 | refills=17 totalling 3880 | not-working samples=0 (of which reason='Consumption' 0)
[mod] [C47S] VOID(banner path wrapped by Opt_AcknowledgedWarnings) WINDOW w5 CONTROL ?#15047 :: adds=0 removes=0 | buffer now=9095 min=8595 max=9295 mean=9044 | zero-samples=0/601 | refills=19 totalling 3920 | not-working samples=0 (of which reason='Consumption' 0)
[C47S] VOID(banner path wrapped by Opt_AcknowledgedWarnings) WINDOW w5 CONTROL ?#15047 :: adds=0 removes=0 | buffer now=9095 min=8595 max=9295 mean=9044 | zero-samples=0/601 | refills=19 totalling 3920 | not-working samples=0 (of which reason='Consumption' 0)
[mod] [C47S] VOID(banner path wrapped by Opt_AcknowledgedWarnings) WINDOW w5 CONTROL ?#15050 :: adds=0 removes=0 | buffer now=9320 min=8920 max=9320 mean=9262 | zero-samples=0/601 | refills=11 totalling 1400 | not-working samples=0 (of which reason='Consumption' 0)
[C47S] VOID(banner path wrapped by Opt_AcknowledgedWarnings) WINDOW w5 CONTROL ?#15050 :: adds=0 removes=0 | buffer now=9320 min=8920 max=9320 mean=9262 | zero-samples=0/601 | refills=11 totalling 1400 | not-working samples=0 (of which reason='Consumption' 0)
						Lua 0:05:46:366
[mod] [C47S] VOID(banner path wrapped by Opt_AcknowledgedWarnings) WINDOW w5 CONTROL ?#15052 :: adds=0 removes=0 | buffer now=9016 min=8556 max=9256 mean=9010 | zero-samples=0/601 | refills=17 totalling 3840 | not-working samples=0 (of which reason='Consumption' 0)
[C47S] VOID(banner path wrapped by Opt_AcknowledgedWarnings) WINDOW w5 CONTROL ?#15052 :: adds=0 removes=0 | buffer now=9016 min=8556 max=9256 mean=9010 | zero-samples=0/601 | refills=17 totalling 3840 | not-working samples=0 (of which reason='Consumption' 0)
[mod] [C47S] VOID(banner path wrapped by Opt_AcknowledgedWarnings) WINDOW w5 CONTROL ?#15098 :: adds=0 removes=0 | buffer now=9042 min=8562 max=9242 mean=9004 | zero-samples=0/601 | refills=19 totalling 3880 | not-working samples=0 (of which reason='Consumption' 0)
[C47S] VOID(banner path wrapped by Opt_AcknowledgedWarnings) WINDOW w5 CONTROL ?#15098 :: adds=0 removes=0 | buffer now=9042 min=8562 max=9242 mean=9004 | zero-samples=0/601 | refills=19 totalling 3880 | not-working samples=0 (of which reason='Consumption' 0)
[mod] [C47S] VOID(banner path wrapped by Opt_AcknowledgedWarnings) WINDOW w5 CONTROL ?#15099 :: adds=0 removes=0 | buffer now=9019 min=8559 max=9319 mean=9004 | zero-samples=0/601 | refills=17 totalling 3840 | not-working samples=0 (of which reason='Consumption' 0)
[C47S] VOID(banner path wrapped by Opt_AcknowledgedWarnings) WINDOW w5 CONTROL ?#15099 :: adds=0 removes=0 | buffer now=9019 min=8559 max=9319 mean=9004 | zero-samples=0/601 | refills=17 totalling 3840 | not-working samples=0 (of which reason='Consumption' 0)
[mod] [C47S] VOID(banner path wrapped by Opt_AcknowledgedWarnings) WINDOW w5 CONTROL ?#15547 :: adds=0 removes=0 | buffer now=9156 min=8636 max=9196 mean=9106 | zero-samples=0/601 | refills=4 totalling 1120 | not-working samples=0 (of which reason='Consumption' 0)
[C47S] VOID(banner path wrapped by Opt_AcknowledgedWarnings) WINDOW w5 CONTROL ?#15547 :: adds=0 removes=0 | buffer now=9156 min=8636 max=9196 mean=9106 | zero-samples=0/601 | refills=4 totalling 1120 | not-working samples=0 (of which reason='Consumption' 0)
[mod] [C47S] VOID(banner path wrapped by Opt_AcknowledgedWarnings) WINDOW w5 CONTROL ?#15549 :: adds=0 removes=0 | buffer now=9179 min=8639 max=9259 mean=9128 | zero-samples=0/601 | refills=4 totalling 1120 | not-working samples=0 (of which reason='Consumption' 0)
[C47S] VOID(banner path wrapped by Opt_AcknowledgedWarnings) WINDOW w5 CONTROL ?#15549 :: adds=0 removes=0 | buffer now=9179 min=8639 max=9259 mean=9128 | zero-samples=0/601 | refills=4 totalling 1120 | not-working samples=0 (of which reason='Consumption' 0)
[mod] [C47S] VOID(banner path wrapped by Opt_AcknowledgedWarnings) WINDOW w5 CONTROL ?#15554 :: adds=0 removes=0 | buffer now=9123 min=8503 max=9263 mean=9064 | zero-samples=0/601 | refills=13 totalling 3920 | not-working samples=0 (of which reason='Consumption' 0)
[C47S] VOID(banner path wrapped by Opt_AcknowledgedWarnings) WINDOW w5 CONTROL ?#15554 :: adds=0 removes=0 | buffer now=9123 min=8503 max=9263 mean=9064 | zero-samples=0/601 | refills=13 totalling 3920 | not-working samples=0 (of which reason='Consumption' 0)
[mod] [C47S] VOID(banner path wrapped by Opt_AcknowledgedWarnings) WINDOW w5 CONTROL ?#15556 :: adds=0 removes=0 | buffer now=9130 min=8510 max=9270 mean=9100 | zero-samples=0/601 | refills=12 totalling 3920 | not-working samples=0 (of which reason='Consumption' 0)
[C47S] VOID(banner path wrapped by Opt_AcknowledgedWarnings) WINDOW w5 CONTROL ?#15556 :: adds=0 removes=0 | buffer now=9130 min=8510 max=9270 mean=9100 | zero-samples=0/601 | refills=12 totalling 3920 | not-working samples=0 (of which reason='Consumption' 0)
[mod] [C47S] VOID(banner path wrapped by Opt_AcknowledgedWarnings) WINDOW w5 CONTROL ?#15563 :: adds=0 removes=0 | buffer now=9102 min=8522 max=9262 mean=9084 | zero-samples=0/601 | refills=12 totalling 3920 | not-working samples=0 (of which reason='Consumption' 0)
[C47S] VOID(banner path wrapped by Opt_AcknowledgedWarnings) WINDOW w5 CONTROL ?#15563 :: adds=0 removes=0 | buffer now=9102 min=8522 max=9262 mean=9084 | zero-samples=0/601 | refills=12 totalling 3920 | not-working samples=0 (of which reason='Consumption' 0)
[mod] [C47S] VOID(banner path wrapped by Opt_AcknowledgedWarnings) WINDOW w5 CONTROL ?#15565 :: adds=0 removes=0 | buffer now=9164 min=8524 max=9264 mean=9114 | zero-samples=0/601 | refills=12 totalling 3920 | not-working samples=0 (of which reason='Consumption' 0)
[C47S] VOID(banner path wrapped by Opt_AcknowledgedWarnings) WINDOW w5 CONTROL ?#15565 :: adds=0 removes=0 | buffer now=9164 min=8524 max=9264 mean=9114 | zero-samples=0/601 | refills=12 totalling 3920 | not-working samples=0 (of which reason='Consumption' 0)
[mod] [C47S] VOID(banner path wrapped by Opt_AcknowledgedWarnings) WINDOW w5 CONTROL ?#15810 :: adds=0 removes=0 | buffer now=8752 min=8557 max=9312 mean=8838 | zero-samples=0/601 | refills=26 totalling 3556 | not-working samples=0 (of which reason='Consumption' 0)
[C47S] VOID(banner path wrapped by Opt_AcknowledgedWarnings) WINDOW w5 CONTROL ?#15810 :: adds=0 removes=0 | buffer now=8752 min=8557 max=9312 mean=8838 | zero-samples=0/601 | refills=26 totalling 3556 | not-working samples=0 (of which reason='Consumption' 0)
[mod] [C47S] VOID(banner path wrapped by Opt_AcknowledgedWarnings) WINDOW w5 CONTROL ?#15817 :: adds=0 removes=0 | buffer now=9155 min=8568 max=9318 mean=9141 | zero-samples=0/601 | refills=28 totalling 4025 | not-working samples=0 (of which reason='Consumption' 0)
[C47S] VOID(banner path wrapped by Opt_AcknowledgedWarnings) WINDOW w5 CONTROL ?#15817 :: adds=0 removes=0 | buffer now=9155 min=8568 max=9318 mean=9141 | zero-samples=0/601 | refills=28 totalling 4025 | not-working samples=0 (of which reason='Consumption' 0)
[mod] [C47S] VOID(banner path wrapped by Opt_AcknowledgedWarnings) WINDOW w5 CONTROL ?#16008 :: adds=0 removes=0 | buffer now=8648 min=8544 max=9316 mean=8763 | zero-samples=0/601 | refills=28 totalling 3592 | not-working samples=0 (of which reason='Consumption' 0)
[C47S] VOID(banner path wrapped by Opt_AcknowledgedWarnings) WINDOW w5 CONTROL ?#16008 :: adds=0 removes=0 | buffer now=8648 min=8544 max=9316 mean=8763 | zero-samples=0/601 | refills=28 totalling 3592 | not-working samples=0 (of which reason='Consumption' 0)
[mod] [C47S] VOID(banner path wrapped by Opt_AcknowledgedWarnings) WINDOW w5 CONTROL ?#16011 :: adds=0 removes=0 | buffer now=8745 min=8505 max=9245 mean=8818 | zero-samples=0/601 | refills=11 totalling 3640 | not-working samples=0 (of which reason='Consumption' 0)
[C47S] VOID(banner path wrapped by Opt_AcknowledgedWarnings) WINDOW w5 CONTROL ?#16011 :: adds=0 removes=0 | buffer now=8745 min=8505 max=9245 mean=8818 | zero-samples=0/601 | refills=11 totalling 3640 | not-working samples=0 (of which reason='Consumption' 0)
[mod] [C47S] VOID(banner path wrapped by Opt_AcknowledgedWarnings) WINDOW w5 CONTROL ?#16076 :: adds=0 removes=0 | buffer now=9059 min=8479 max=9279 mean=9019 | zero-samples=0/601 | refills=14 totalling 3920 | not-working samples=0 (of which reason='Consumption' 0)
[C47S] VOID(banner path wrapped by Opt_AcknowledgedWarnings) WINDOW w5 CONTROL ?#16076 :: adds=0 removes=0 | buffer now=9059 min=8479 max=9279 mean=9019 | zero-samples=0/601 | refills=14 totalling 3920 | not-working samples=0 (of which reason='Consumption' 0)
[mod] [C47S] VOID(banner path wrapped by Opt_AcknowledgedWarnings) WINDOW w5 CONTROL ?#16077 :: adds=0 removes=0 | buffer now=9172 min=8532 max=9272 mean=9108 | zero-samples=0/601 | refills=14 totalling 3920 | not-working samples=0 (of which reason='Consumption' 0)
[C47S] VOID(banner path wrapped by Opt_AcknowledgedWarnings) WINDOW w5 CONTROL ?#16077 :: adds=0 removes=0 | buffer now=9172 min=8532 max=9272 mean=9108 | zero-samples=0/601 | refills=14 totalling 3920 | not-working samples=0 (of which reason='Consumption' 0)
[mod] [C47S] VOID(banner path wrapped by Opt_AcknowledgedWarnings) WINDOW w5 CONTROL ?#16155 :: adds=0 removes=0 | buffer now=9258 min=8518 max=9258 mean=9183 | zero-samples=0/601 | refills=10 totalling 4200 | not-working samples=0 (of which reason='Consumption' 0)
[C47S] VOID(banner path wrapped by Opt_AcknowledgedWarnings) WINDOW w5 CONTROL ?#16155 :: adds=0 removes=0 | buffer now=9258 min=8518 max=9258 mean=9183 | zero-samples=0/601 | refills=10 totalling 4200 | not-working samples=0 (of which reason='Consumption' 0)
[mod] [C47S] VOID(banner path wrapped by Opt_AcknowledgedWarnings) WINDOW w5 CONTROL ?#16192 :: adds=0 removes=0 | buffer now=9105 min=8865 max=9275 mean=9101 | zero-samples=0/601 | refills=4 totalling 1120 | not-working samples=0 (of which reason='Consumption' 0)
[C47S] VOID(banner path wrapped by Opt_AcknowledgedWarnings) WINDOW w5 CONTROL ?#16192 :: adds=0 removes=0 | buffer now=9105 min=8865 max=9275 mean=9101 | zero-samples=0/601 | refills=4 totalling 1120 | not-working samples=0 (of which reason='Consumption' 0)
[mod] [C47S] VOID(banner path wrapped by Opt_AcknowledgedWarnings) WINDOW w5 TOTALS :: adds(all objects on 'NotWorkingBuildings')=7 removes=7 | adds on objects this leg does NOT track=5 | voice-eligible SHIPPED model (text-keyed, RealTime, colony-wide)=2 | voice-eligible under the entry's ASSUMED per-object model=1
[C47S] VOID(banner path wrapped by Opt_AcknowledgedWarnings) WINDOW w5 TOTALS :: adds(all objects on 'NotWorkingBuildings')=7 removes=7 | adds on objects this leg does NOT track=5 | voice-eligible SHIPPED model (text-keyed, RealTime, colony-wide)=2 | voice-eligible under the entry's ASSUMED per-object model=1
[mod] [C47S] CLOCK w5 :: GameTime()=276300009 (383.75 sols since game start) | UIColony.day=385 hour=0 | speed=5x | RealTime()=334343
[C47S] CLOCK w5 :: GameTime()=276300009 (383.75 sols since game start) | UIColony.day=385 hour=0 | speed=5x | RealTime()=334343
[mod] [C47S] VOICETABLE w5 :: VoicesCooldown has 1 key(s) [769547039933] | VoiceQueue length=0 — ⭐ the keys are voiced-TEXT ids, not object handles (Voice.lua:355-358), so one key covers every not-working building in the colony at once
[C47S] VOICETABLE w5 :: VoicesCooldown has 1 key(s) [769547039933] | VoiceQueue length=0 — ⭐ the keys are voiced-TEXT ids, not object handles (Voice.lua:355-358), so one key covers every not-working building in the colony at once
						Lua 0:06:46:366
[mod] [C47S] VOID(banner path wrapped by Opt_AcknowledgedWarnings) WINDOW w6 SUBJECT ?#15779 :: adds=2 removes=2 | buffer now=3470 min=550 max=4225 mean=3326 | zero-samples=0/721 | refills=60 totalling 27585 | not-working samples=1 (of which reason='Consumption' 1)
[C47S] VOID(banner path wrapped by Opt_AcknowledgedWarnings) WINDOW w6 SUBJECT ?#15779 :: adds=2 removes=2 | buffer now=3470 min=550 max=4225 mean=3326 | zero-samples=0/721 | refills=60 totalling 27585 | not-working samples=1 (of which reason='Consumption' 1)
[mod] [C47S] VOID(banner path wrapped by Opt_AcknowledgedWarnings) WINDOW w6 SUBJECT ?#15974 :: adds=0 removes=0 | buffer now=3421 min=1661 max=4720 mean=3390 | zero-samples=0/721 | refills=51 totalling 20601 | not-working samples=0 (of which reason='Consumption' 0)
[C47S] VOID(banner path wrapped by Opt_AcknowledgedWarnings) WINDOW w6 SUBJECT ?#15974 :: adds=0 removes=0 | buffer now=3421 min=1661 max=4720 mean=3390 | zero-samples=0/721 | refills=51 totalling 20601 | not-working samples=0 (of which reason='Consumption' 0)
[mod] [C47S] VOID(banner path wrapped by Opt_AcknowledgedWarnings) WINDOW w6 CONTROL ?#2793 :: adds=0 removes=0 | buffer now=9273 min=8913 max=9273 mean=9237 | zero-samples=0/721 | refills=3 totalling 840 | not-working samples=0 (of which reason='Consumption' 0)
[C47S] VOID(banner path wrapped by Opt_AcknowledgedWarnings) WINDOW w6 CONTROL ?#2793 :: adds=0 removes=0 | buffer now=9273 min=8913 max=9273 mean=9237 | zero-samples=0/721 | refills=3 totalling 840 | not-working samples=0 (of which reason='Consumption' 0)
[mod] [C47S] VOID(banner path wrapped by Opt_AcknowledgedWarnings) WINDOW w6 CONTROL ?#3790 :: adds=0 removes=0 | buffer now=9113 min=8933 max=9233 mean=9127 | zero-samples=0/721 | refills=2 totalling 560 | not-working samples=0 (of which reason='Consumption' 0)
[C47S] VOID(banner path wrapped by Opt_AcknowledgedWarnings) WINDOW w6 CONTROL ?#3790 :: adds=0 removes=0 | buffer now=9113 min=8933 max=9233 mean=9127 | zero-samples=0/721 | refills=2 totalling 560 | not-working samples=0 (of which reason='Consumption' 0)
[mod] [C47S] VOID(banner path wrapped by Opt_AcknowledgedWarnings) WINDOW w6 CONTROL ?#4089 :: adds=0 removes=0 | buffer now=9276 min=8916 max=9276 mean=9231 | zero-samples=0/721 | refills=3 totalling 840 | not-working samples=0 (of which reason='Consumption' 0)
[C47S] VOID(banner path wrapped by Opt_AcknowledgedWarnings) WINDOW w6 CONTROL ?#4089 :: adds=0 removes=0 | buffer now=9276 min=8916 max=9276 mean=9231 | zero-samples=0/721 | refills=3 totalling 840 | not-working samples=0 (of which reason='Consumption' 0)
[mod] [C47S] VOID(banner path wrapped by Opt_AcknowledgedWarnings) WINDOW w6 CONTROL ?#6324 :: adds=0 removes=0 | buffer now=9400 min=8960 max=10000 mean=9449 | zero-samples=0/721 | refills=1 totalling 1040 | not-working samples=0 (of which reason='Consumption' 0)
[C47S] VOID(banner path wrapped by Opt_AcknowledgedWarnings) WINDOW w6 CONTROL ?#6324 :: adds=0 removes=0 | buffer now=9400 min=8960 max=10000 mean=9449 | zero-samples=0/721 | refills=1 totalling 1040 | not-working samples=0 (of which reason='Consumption' 0)
[mod] [C47S] VOID(banner path wrapped by Opt_AcknowledgedWarnings) WINDOW w6 CONTROL ?#6325 :: adds=0 removes=0 | buffer now=9000 min=8520 max=10000 mean=9075 | zero-samples=0/721 | refills=7 totalling 3500 | not-working samples=0 (of which reason='Consumption' 0)
[C47S] VOID(banner path wrapped by Opt_AcknowledgedWarnings) WINDOW w6 CONTROL ?#6325 :: adds=0 removes=0 | buffer now=9000 min=8520 max=10000 mean=9075 | zero-samples=0/721 | refills=7 totalling 3500 | not-working samples=0 (of which reason='Consumption' 0)
[mod] [C47S] VOID(banner path wrapped by Opt_AcknowledgedWarnings) WINDOW w6 CONTROL ?#6620 :: adds=0 removes=0 | buffer now=9221 min=8937 max=9271 mean=9190 | zero-samples=0/721 | refills=27 totalling 694 | not-working samples=0 (of which reason='Consumption' 0)
[C47S] VOID(banner path wrapped by Opt_AcknowledgedWarnings) WINDOW w6 CONTROL ?#6620 :: adds=0 removes=0 | buffer now=9221 min=8937 max=9271 mean=9190 | zero-samples=0/721 | refills=27 totalling 694 | not-working samples=0 (of which reason='Consumption' 0)
[mod] [C47S] VOID(banner path wrapped by Opt_AcknowledgedWarnings) WINDOW w6 CONTROL ?#6622 :: adds=0 removes=0 | buffer now=9110 min=8944 max=9274 mean=9113 | zero-samples=0/721 | refills=27 totalling 696 | not-working samples=0 (of which reason='Consumption' 0)
[C47S] VOID(banner path wrapped by Opt_AcknowledgedWarnings) WINDOW w6 CONTROL ?#6622 :: adds=0 removes=0 | buffer now=9110 min=8944 max=9274 mean=9113 | zero-samples=0/721 | refills=27 totalling 696 | not-working samples=0 (of which reason='Consumption' 0)
[mod] [C47S] VOID(banner path wrapped by Opt_AcknowledgedWarnings) WINDOW w6 CONTROL ?#6836 :: adds=0 removes=0 | buffer now=8943 min=8875 max=9219 mean=8973 | zero-samples=0/721 | refills=30 totalling 998 | not-working samples=0 (of which reason='Consumption' 0)
[C47S] VOID(banner path wrapped by Opt_AcknowledgedWarnings) WINDOW w6 CONTROL ?#6836 :: adds=0 removes=0 | buffer now=8943 min=8875 max=9219 mean=8973 | zero-samples=0/721 | refills=30 totalling 998 | not-working samples=0 (of which reason='Consumption' 0)
[mod] [C47S] VOID(banner path wrapped by Opt_AcknowledgedWarnings) WINDOW w6 CONTROL ?#6958 :: adds=0 removes=0 | buffer now=9225 min=8937 max=9273 mean=9202 | zero-samples=0/721 | refills=28 totalling 706 | not-working samples=0 (of which reason='Consumption' 0)
[C47S] VOID(banner path wrapped by Opt_AcknowledgedWarnings) WINDOW w6 CONTROL ?#6958 :: adds=0 removes=0 | buffer now=9225 min=8937 max=9273 mean=9202 | zero-samples=0/721 | refills=28 totalling 706 | not-working samples=0 (of which reason='Consumption' 0)
[mod] [C47S] VOID(banner path wrapped by Opt_AcknowledgedWarnings) WINDOW w6 CONTROL ?#7004 :: adds=0 removes=0 | buffer now=8905 min=8905 max=9225 mean=8950 | zero-samples=0/721 | refills=2 totalling 560 | not-working samples=0 (of which reason='Consumption' 0)
[C47S] VOID(banner path wrapped by Opt_AcknowledgedWarnings) WINDOW w6 CONTROL ?#7004 :: adds=0 removes=0 | buffer now=8905 min=8905 max=9225 mean=8950 | zero-samples=0/721 | refills=2 totalling 560 | not-working samples=0 (of which reason='Consumption' 0)
[mod] [C47S] VOID(banner path wrapped by Opt_AcknowledgedWarnings) WINDOW w6 CONTROL ?#7016 :: adds=0 removes=0 | buffer now=9060 min=8930 max=9550 mean=9101 | zero-samples=0/721 | refills=2 totalling 560 | not-working samples=0 (of which reason='Consumption' 0)
[C47S] VOID(banner path wrapped by Opt_AcknowledgedWarnings) WINDOW w6 CONTROL ?#7016 :: adds=0 removes=0 | buffer now=9060 min=8930 max=9550 mean=9101 | zero-samples=0/721 | refills=2 totalling 560 | not-working samples=0 (of which reason='Consumption' 0)
[mod] [C47S] VOID(banner path wrapped by Opt_AcknowledgedWarnings) WINDOW w6 CONTROL ?#14623 :: adds=0 removes=0 | buffer now=9042 min=8482 max=9242 mean=9026 | zero-samples=0/721 | refills=11 totalling 3920 | not-working samples=0 (of which reason='Consumption' 0)
[C47S] VOID(banner path wrapped by Opt_AcknowledgedWarnings) WINDOW w6 CONTROL ?#14623 :: adds=0 removes=0 | buffer now=9042 min=8482 max=9242 mean=9026 | zero-samples=0/721 | refills=11 totalling 3920 | not-working samples=0 (of which reason='Consumption' 0)
[mod] [C47S] VOID(banner path wrapped by Opt_AcknowledgedWarnings) WINDOW w6 CONTROL ?#14625 :: adds=0 removes=0 | buffer now=9243 min=8503 max=9243 mean=9176 | zero-samples=0/721 | refills=14 totalling 4200 | not-working samples=0 (of which reason='Consumption' 0)
[C47S] VOID(banner path wrapped by Opt_AcknowledgedWarnings) WINDOW w6 CONTROL ?#14625 :: adds=0 removes=0 | buffer now=9243 min=8503 max=9243 mean=9176 | zero-samples=0/721 | refills=14 totalling 4200 | not-working samples=0 (of which reason='Consumption' 0)
[mod] [C47S] VOID(banner path wrapped by Opt_AcknowledgedWarnings) WINDOW w6 CONTROL ?#14627 :: adds=0 removes=0 | buffer now=9210 min=8510 max=9250 mean=9142 | zero-samples=0/721 | refills=14 totalling 4200 | not-working samples=0 (of which reason='Consumption' 0)
[C47S] VOID(banner path wrapped by Opt_AcknowledgedWarnings) WINDOW w6 CONTROL ?#14627 :: adds=0 removes=0 | buffer now=9210 min=8510 max=9250 mean=9142 | zero-samples=0/721 | refills=14 totalling 4200 | not-working samples=0 (of which reason='Consumption' 0)
[mod] [C47S] VOID(banner path wrapped by Opt_AcknowledgedWarnings) WINDOW w6 CONTROL ?#14628 :: adds=0 removes=0 | buffer now=9116 min=8536 max=9276 mean=9105 | zero-samples=0/721 | refills=9 totalling 3360 | not-working samples=0 (of which reason='Consumption' 0)
[C47S] VOID(banner path wrapped by Opt_AcknowledgedWarnings) WINDOW w6 CONTROL ?#14628 :: adds=0 removes=0 | buffer now=9116 min=8536 max=9276 mean=9105 | zero-samples=0/721 | refills=9 totalling 3360 | not-working samples=0 (of which reason='Consumption' 0)
[mod] [C47S] VOID(banner path wrapped by Opt_AcknowledgedWarnings) WINDOW w6 CONTROL ?#14629 :: adds=0 removes=0 | buffer now=9097 min=8517 max=9257 mean=9068 | zero-samples=0/721 | refills=11 totalling 3920 | not-working samples=0 (of which reason='Consumption' 0)
[C47S] VOID(banner path wrapped by Opt_AcknowledgedWarnings) WINDOW w6 CONTROL ?#14629 :: adds=0 removes=0 | buffer now=9097 min=8517 max=9257 mean=9068 | zero-samples=0/721 | refills=11 totalling 3920 | not-working samples=0 (of which reason='Consumption' 0)
[mod] [C47S] VOID(banner path wrapped by Opt_AcknowledgedWarnings) WINDOW w6 CONTROL ?#15043 :: adds=0 removes=0 | buffer now=9057 min=8537 max=9237 mean=9043 | zero-samples=0/721 | refills=17 totalling 3880 | not-working samples=0 (of which reason='Consumption' 0)
[C47S] VOID(banner path wrapped by Opt_AcknowledgedWarnings) WINDOW w6 CONTROL ?#15043 :: adds=0 removes=0 | buffer now=9057 min=8537 max=9237 mean=9043 | zero-samples=0/721 | refills=17 totalling 3880 | not-working samples=0 (of which reason='Consumption' 0)
[mod] [C47S] VOID(banner path wrapped by Opt_AcknowledgedWarnings) WINDOW w6 CONTROL ?#15047 :: adds=0 removes=0 | buffer now=9095 min=8595 max=9295 mean=9052 | zero-samples=0/721 | refills=19 totalling 3920 | not-working samples=0 (of which reason='Consumption' 0)
[C47S] VOID(banner path wrapped by Opt_AcknowledgedWarnings) WINDOW w6 CONTROL ?#15047 :: adds=0 removes=0 | buffer now=9095 min=8595 max=9295 mean=9052 | zero-samples=0/721 | refills=19 totalling 3920 | not-working samples=0 (of which reason='Consumption' 0)
[mod] [C47S] VOID(banner path wrapped by Opt_AcknowledgedWarnings) WINDOW w6 CONTROL ?#15050 :: adds=0 removes=0 | buffer now=9320 min=8920 max=9320 mean=9271 | zero-samples=0/721 | refills=11 totalling 1400 | not-working samples=0 (of which reason='Consumption' 0)
[C47S] VOID(banner path wrapped by Opt_AcknowledgedWarnings) WINDOW w6 CONTROL ?#15050 :: adds=0 removes=0 | buffer now=9320 min=8920 max=9320 mean=9271 | zero-samples=0/721 | refills=11 totalling 1400 | not-working samples=0 (of which reason='Consumption' 0)
[mod] [C47S] VOID(banner path wrapped by Opt_AcknowledgedWarnings) WINDOW w6 CONTROL ?#15052 :: adds=0 removes=0 | buffer now=9016 min=8556 max=9256 mean=9011 | zero-samples=0/721 | refills=17 totalling 3840 | not-working samples=0 (of which reason='Consumption' 0)
[C47S] VOID(banner path wrapped by Opt_AcknowledgedWarnings) WINDOW w6 CONTROL ?#15052 :: adds=0 removes=0 | buffer now=9016 min=8556 max=9256 mean=9011 | zero-samples=0/721 | refills=17 totalling 3840 | not-working samples=0 (of which reason='Consumption' 0)
[mod] [C47S] VOID(banner path wrapped by Opt_AcknowledgedWarnings) WINDOW w6 CONTROL ?#15098 :: adds=0 removes=0 | buffer now=9042 min=8562 max=9242 mean=9010 | zero-samples=0/721 | refills=19 totalling 3880 | not-working samples=0 (of which reason='Consumption' 0)
[C47S] VOID(banner path wrapped by Opt_AcknowledgedWarnings) WINDOW w6 CONTROL ?#15098 :: adds=0 removes=0 | buffer now=9042 min=8562 max=9242 mean=9010 | zero-samples=0/721 | refills=19 totalling 3880 | not-working samples=0 (of which reason='Consumption' 0)
[mod] [C47S] VOID(banner path wrapped by Opt_AcknowledgedWarnings) WINDOW w6 CONTROL ?#15099 :: adds=0 removes=0 | buffer now=9019 min=8559 max=9319 mean=9007 | zero-samples=0/721 | refills=17 totalling 3840 | not-working samples=0 (of which reason='Consumption' 0)
[C47S] VOID(banner path wrapped by Opt_AcknowledgedWarnings) WINDOW w6 CONTROL ?#15099 :: adds=0 removes=0 | buffer now=9019 min=8559 max=9319 mean=9007 | zero-samples=0/721 | refills=17 totalling 3840 | not-working samples=0 (of which reason='Consumption' 0)
[mod] [C47S] VOID(banner path wrapped by Opt_AcknowledgedWarnings) WINDOW w6 CONTROL ?#15547 :: adds=0 removes=0 | buffer now=9156 min=8636 max=9196 mean=9114 | zero-samples=0/721 | refills=4 totalling 1120 | not-working samples=0 (of which reason='Consumption' 0)
[C47S] VOID(banner path wrapped by Opt_AcknowledgedWarnings) WINDOW w6 CONTROL ?#15547 :: adds=0 removes=0 | buffer now=9156 min=8636 max=9196 mean=9114 | zero-samples=0/721 | refills=4 totalling 1120 | not-working samples=0 (of which reason='Consumption' 0)
[mod] [C47S] VOID(banner path wrapped by Opt_AcknowledgedWarnings) WINDOW w6 CONTROL ?#15549 :: adds=0 removes=0 | buffer now=9179 min=8639 max=9259 mean=9137 | zero-samples=0/721 | refills=4 totalling 1120 | not-working samples=0 (of which reason='Consumption' 0)
[C47S] VOID(banner path wrapped by Opt_AcknowledgedWarnings) WINDOW w6 CONTROL ?#15549 :: adds=0 removes=0 | buffer now=9179 min=8639 max=9259 mean=9137 | zero-samples=0/721 | refills=4 totalling 1120 | not-working samples=0 (of which reason='Consumption' 0)
[mod] [C47S] VOID(banner path wrapped by Opt_AcknowledgedWarnings) WINDOW w6 CONTROL ?#15554 :: adds=0 removes=0 | buffer now=9123 min=8503 max=9263 mean=9074 | zero-samples=0/721 | refills=13 totalling 3920 | not-working samples=0 (of which reason='Consumption' 0)
[C47S] VOID(banner path wrapped by Opt_AcknowledgedWarnings) WINDOW w6 CONTROL ?#15554 :: adds=0 removes=0 | buffer now=9123 min=8503 max=9263 mean=9074 | zero-samples=0/721 | refills=13 totalling 3920 | not-working samples=0 (of which reason='Consumption' 0)
[mod] [C47S] VOID(banner path wrapped by Opt_AcknowledgedWarnings) WINDOW w6 CONTROL ?#15556 :: adds=0 removes=0 | buffer now=9130 min=8510 max=9270 mean=9105 | zero-samples=0/721 | refills=12 totalling 3920 | not-working samples=0 (of which reason='Consumption' 0)
[C47S] VOID(banner path wrapped by Opt_AcknowledgedWarnings) WINDOW w6 CONTROL ?#15556 :: adds=0 removes=0 | buffer now=9130 min=8510 max=9270 mean=9105 | zero-samples=0/721 | refills=12 totalling 3920 | not-working samples=0 (of which reason='Consumption' 0)
[mod] [C47S] VOID(banner path wrapped by Opt_AcknowledgedWarnings) WINDOW w6 CONTROL ?#15563 :: adds=0 removes=0 | buffer now=9102 min=8522 max=9262 mean=9087 | zero-samples=0/721 | refills=12 totalling 3920 | not-working samples=0 (of which reason='Consumption' 0)
[C47S] VOID(banner path wrapped by Opt_AcknowledgedWarnings) WINDOW w6 CONTROL ?#15563 :: adds=0 removes=0 | buffer now=9102 min=8522 max=9262 mean=9087 | zero-samples=0/721 | refills=12 totalling 3920 | not-working samples=0 (of which reason='Consumption' 0)
[mod] [C47S] VOID(banner path wrapped by Opt_AcknowledgedWarnings) WINDOW w6 CONTROL ?#15565 :: adds=0 removes=0 | buffer now=9164 min=8524 max=9264 mean=9123 | zero-samples=0/721 | refills=12 totalling 3920 | not-working samples=0 (of which reason='Consumption' 0)
[C47S] VOID(banner path wrapped by Opt_AcknowledgedWarnings) WINDOW w6 CONTROL ?#15565 :: adds=0 removes=0 | buffer now=9164 min=8524 max=9264 mean=9123 | zero-samples=0/721 | refills=12 totalling 3920 | not-working samples=0 (of which reason='Consumption' 0)
[mod] [C47S] VOID(banner path wrapped by Opt_AcknowledgedWarnings) WINDOW w6 CONTROL ?#15810 :: adds=0 removes=0 | buffer now=8752 min=8557 max=9312 mean=8823 | zero-samples=0/721 | refills=26 totalling 3556 | not-working samples=0 (of which reason='Consumption' 0)
[C47S] VOID(banner path wrapped by Opt_AcknowledgedWarnings) WINDOW w6 CONTROL ?#15810 :: adds=0 removes=0 | buffer now=8752 min=8557 max=9312 mean=8823 | zero-samples=0/721 | refills=26 totalling 3556 | not-working samples=0 (of which reason='Consumption' 0)
[mod] [C47S] VOID(banner path wrapped by Opt_AcknowledgedWarnings) WINDOW w6 CONTROL ?#15817 :: adds=0 removes=0 | buffer now=9155 min=8568 max=9318 mean=9143 | zero-samples=0/721 | refills=28 totalling 4025 | not-working samples=0 (of which reason='Consumption' 0)
[C47S] VOID(banner path wrapped by Opt_AcknowledgedWarnings) WINDOW w6 CONTROL ?#15817 :: adds=0 removes=0 | buffer now=9155 min=8568 max=9318 mean=9143 | zero-samples=0/721 | refills=28 totalling 4025 | not-working samples=0 (of which reason='Consumption' 0)
[mod] [C47S] VOID(banner path wrapped by Opt_AcknowledgedWarnings) WINDOW w6 CONTROL ?#16008 :: adds=0 removes=0 | buffer now=8648 min=8544 max=9316 mean=8744 | zero-samples=0/721 | refills=28 totalling 3592 | not-working samples=0 (of which reason='Consumption' 0)
[C47S] VOID(banner path wrapped by Opt_AcknowledgedWarnings) WINDOW w6 CONTROL ?#16008 :: adds=0 removes=0 | buffer now=8648 min=8544 max=9316 mean=8744 | zero-samples=0/721 | refills=28 totalling 3592 | not-working samples=0 (of which reason='Consumption' 0)
[mod] [C47S] VOID(banner path wrapped by Opt_AcknowledgedWarnings) WINDOW w6 CONTROL ?#16011 :: adds=0 removes=0 | buffer now=8745 min=8505 max=9245 mean=8806 | zero-samples=0/721 | refills=11 totalling 3640 | not-working samples=0 (of which reason='Consumption' 0)
[C47S] VOID(banner path wrapped by Opt_AcknowledgedWarnings) WINDOW w6 CONTROL ?#16011 :: adds=0 removes=0 | buffer now=8745 min=8505 max=9245 mean=8806 | zero-samples=0/721 | refills=11 totalling 3640 | not-working samples=0 (of which reason='Consumption' 0)
[mod] [C47S] VOID(banner path wrapped by Opt_AcknowledgedWarnings) WINDOW w6 CONTROL ?#16076 :: adds=0 removes=0 | buffer now=9059 min=8479 max=9279 mean=9025 | zero-samples=0/721 | refills=14 totalling 3920 | not-working samples=0 (of which reason='Consumption' 0)
[C47S] VOID(banner path wrapped by Opt_AcknowledgedWarnings) WINDOW w6 CONTROL ?#16076 :: adds=0 removes=0 | buffer now=9059 min=8479 max=9279 mean=9025 | zero-samples=0/721 | refills=14 totalling 3920 | not-working samples=0 (of which reason='Consumption' 0)
[mod] [C47S] VOID(banner path wrapped by Opt_AcknowledgedWarnings) WINDOW w6 CONTROL ?#16077 :: adds=0 removes=0 | buffer now=9172 min=8532 max=9272 mean=9118 | zero-samples=0/721 | refills=14 totalling 3920 | not-working samples=0 (of which reason='Consumption' 0)
[C47S] VOID(banner path wrapped by Opt_AcknowledgedWarnings) WINDOW w6 CONTROL ?#16077 :: adds=0 removes=0 | buffer now=9172 min=8532 max=9272 mean=9118 | zero-samples=0/721 | refills=14 totalling 3920 | not-working samples=0 (of which reason='Consumption' 0)
[mod] [C47S] VOID(banner path wrapped by Opt_AcknowledgedWarnings) WINDOW w6 CONTROL ?#16155 :: adds=0 removes=0 | buffer now=9258 min=8518 max=9258 mean=9196 | zero-samples=0/721 | refills=10 totalling 4200 | not-working samples=0 (of which reason='Consumption' 0)
[C47S] VOID(banner path wrapped by Opt_AcknowledgedWarnings) WINDOW w6 CONTROL ?#16155 :: adds=0 removes=0 | buffer now=9258 min=8518 max=9258 mean=9196 | zero-samples=0/721 | refills=10 totalling 4200 | not-working samples=0 (of which reason='Consumption' 0)
[mod] [C47S] VOID(banner path wrapped by Opt_AcknowledgedWarnings) WINDOW w6 CONTROL ?#16192 :: adds=0 removes=0 | buffer now=9105 min=8865 max=9275 mean=9102 | zero-samples=0/721 | refills=4 totalling 1120 | not-working samples=0 (of which reason='Consumption' 0)
[C47S] VOID(banner path wrapped by Opt_AcknowledgedWarnings) WINDOW w6 CONTROL ?#16192 :: adds=0 removes=0 | buffer now=9105 min=8865 max=9275 mean=9102 | zero-samples=0/721 | refills=4 totalling 1120 | not-working samples=0 (of which reason='Consumption' 0)
[mod] [C47S] VOID(banner path wrapped by Opt_AcknowledgedWarnings) WINDOW w6 TOTALS :: adds(all objects on 'NotWorkingBuildings')=7 removes=7 | adds on objects this leg does NOT track=5 | voice-eligible SHIPPED model (text-keyed, RealTime, colony-wide)=2 | voice-eligible under the entry's ASSUMED per-object model=1
[C47S] VOID(banner path wrapped by Opt_AcknowledgedWarnings) WINDOW w6 TOTALS :: adds(all objects on 'NotWorkingBuildings')=7 removes=7 | adds on objects this leg does NOT track=5 | voice-eligible SHIPPED model (text-keyed, RealTime, colony-wide)=2 | voice-eligible under the entry's ASSUMED per-object model=1
[mod] [C47S] CLOCK w6 :: GameTime()=276300009 (383.75 sols since game start) | UIColony.day=385 hour=0 | speed=5x | RealTime()=394343
[C47S] CLOCK w6 :: GameTime()=276300009 (383.75 sols since game start) | UIColony.day=385 hour=0 | speed=5x | RealTime()=394343
[mod] [C47S] VOICETABLE w6 :: VoicesCooldown has 1 key(s) [769547039933] | VoiceQueue length=0 — ⭐ the keys are voiced-TEXT ids, not object handles (Voice.lua:355-358), so one key covers every not-working building in the colony at once
[C47S] VOICETABLE w6 :: VoicesCooldown has 1 key(s) [769547039933] | VoiceQueue length=0 — ⭐ the keys are voiced-TEXT ids, not object handles (Voice.lua:355-358), so one key covers every not-working building in the colony at once
						Lua 0:07:46:365
[mod] [C47S] VOID(banner path wrapped by Opt_AcknowledgedWarnings) WINDOW w7 SUBJECT ?#15779 :: adds=2 removes=2 | buffer now=3470 min=550 max=4225 mean=3346 | zero-samples=0/841 | refills=60 totalling 27585 | not-working samples=1 (of which reason='Consumption' 1)
						Lua 0:07:46:366
[C47S] VOID(banner path wrapped by Opt_AcknowledgedWarnings) WINDOW w7 SUBJECT ?#15779 :: adds=2 removes=2 | buffer now=3470 min=550 max=4225 mean=3346 | zero-samples=0/841 | refills=60 totalling 27585 | not-working samples=1 (of which reason='Consumption' 1)
[mod] [C47S] VOID(banner path wrapped by Opt_AcknowledgedWarnings) WINDOW w7 SUBJECT ?#15974 :: adds=0 removes=0 | buffer now=3421 min=1661 max=4720 mean=3394 | zero-samples=0/841 | refills=51 totalling 20601 | not-working samples=0 (of which reason='Consumption' 0)
[C47S] VOID(banner path wrapped by Opt_AcknowledgedWarnings) WINDOW w7 SUBJECT ?#15974 :: adds=0 removes=0 | buffer now=3421 min=1661 max=4720 mean=3394 | zero-samples=0/841 | refills=51 totalling 20601 | not-working samples=0 (of which reason='Consumption' 0)
[mod] [C47S] VOID(banner path wrapped by Opt_AcknowledgedWarnings) WINDOW w7 CONTROL ?#2793 :: adds=0 removes=0 | buffer now=9273 min=8913 max=9273 mean=9242 | zero-samples=0/841 | refills=3 totalling 840 | not-working samples=0 (of which reason='Consumption' 0)
[C47S] VOID(banner path wrapped by Opt_AcknowledgedWarnings) WINDOW w7 CONTROL ?#2793 :: adds=0 removes=0 | buffer now=9273 min=8913 max=9273 mean=9242 | zero-samples=0/841 | refills=3 totalling 840 | not-working samples=0 (of which reason='Consumption' 0)
[mod] [C47S] VOID(banner path wrapped by Opt_AcknowledgedWarnings) WINDOW w7 CONTROL ?#3790 :: adds=0 removes=0 | buffer now=9113 min=8933 max=9233 mean=9125 | zero-samples=0/841 | refills=2 totalling 560 | not-working samples=0 (of which reason='Consumption' 0)
[C47S] VOID(banner path wrapped by Opt_AcknowledgedWarnings) WINDOW w7 CONTROL ?#3790 :: adds=0 removes=0 | buffer now=9113 min=8933 max=9233 mean=9125 | zero-samples=0/841 | refills=2 totalling 560 | not-working samples=0 (of which reason='Consumption' 0)
[mod] [C47S] VOID(banner path wrapped by Opt_AcknowledgedWarnings) WINDOW w7 CONTROL ?#4089 :: adds=0 removes=0 | buffer now=9276 min=8916 max=9276 mean=9237 | zero-samples=0/841 | refills=3 totalling 840 | not-working samples=0 (of which reason='Consumption' 0)
[C47S] VOID(banner path wrapped by Opt_AcknowledgedWarnings) WINDOW w7 CONTROL ?#4089 :: adds=0 removes=0 | buffer now=9276 min=8916 max=9276 mean=9237 | zero-samples=0/841 | refills=3 totalling 840 | not-working samples=0 (of which reason='Consumption' 0)
[mod] [C47S] VOID(banner path wrapped by Opt_AcknowledgedWarnings) WINDOW w7 CONTROL ?#6324 :: adds=0 removes=0 | buffer now=9400 min=8960 max=10000 mean=9442 | zero-samples=0/841 | refills=1 totalling 1040 | not-working samples=0 (of which reason='Consumption' 0)
[C47S] VOID(banner path wrapped by Opt_AcknowledgedWarnings) WINDOW w7 CONTROL ?#6324 :: adds=0 removes=0 | buffer now=9400 min=8960 max=10000 mean=9442 | zero-samples=0/841 | refills=1 totalling 1040 | not-working samples=0 (of which reason='Consumption' 0)
[mod] [C47S] VOID(banner path wrapped by Opt_AcknowledgedWarnings) WINDOW w7 CONTROL ?#6325 :: adds=0 removes=0 | buffer now=9000 min=8520 max=10000 mean=9064 | zero-samples=0/841 | refills=7 totalling 3500 | not-working samples=0 (of which reason='Consumption' 0)
[C47S] VOID(banner path wrapped by Opt_AcknowledgedWarnings) WINDOW w7 CONTROL ?#6325 :: adds=0 removes=0 | buffer now=9000 min=8520 max=10000 mean=9064 | zero-samples=0/841 | refills=7 totalling 3500 | not-working samples=0 (of which reason='Consumption' 0)
[mod] [C47S] VOID(banner path wrapped by Opt_AcknowledgedWarnings) WINDOW w7 CONTROL ?#6620 :: adds=0 removes=0 | buffer now=9221 min=8937 max=9271 mean=9194 | zero-samples=0/841 | refills=27 totalling 694 | not-working samples=0 (of which reason='Consumption' 0)
[C47S] VOID(banner path wrapped by Opt_AcknowledgedWarnings) WINDOW w7 CONTROL ?#6620 :: adds=0 removes=0 | buffer now=9221 min=8937 max=9271 mean=9194 | zero-samples=0/841 | refills=27 totalling 694 | not-working samples=0 (of which reason='Consumption' 0)
[mod] [C47S] VOID(banner path wrapped by Opt_AcknowledgedWarnings) WINDOW w7 CONTROL ?#6622 :: adds=0 removes=0 | buffer now=9110 min=8944 max=9274 mean=9113 | zero-samples=0/841 | refills=27 totalling 696 | not-working samples=0 (of which reason='Consumption' 0)
[C47S] VOID(banner path wrapped by Opt_AcknowledgedWarnings) WINDOW w7 CONTROL ?#6622 :: adds=0 removes=0 | buffer now=9110 min=8944 max=9274 mean=9113 | zero-samples=0/841 | refills=27 totalling 696 | not-working samples=0 (of which reason='Consumption' 0)
[mod] [C47S] VOID(banner path wrapped by Opt_AcknowledgedWarnings) WINDOW w7 CONTROL ?#6836 :: adds=0 removes=0 | buffer now=8943 min=8875 max=9219 mean=8969 | zero-samples=0/841 | refills=30 totalling 998 | not-working samples=0 (of which reason='Consumption' 0)
[C47S] VOID(banner path wrapped by Opt_AcknowledgedWarnings) WINDOW w7 CONTROL ?#6836 :: adds=0 removes=0 | buffer now=8943 min=8875 max=9219 mean=8969 | zero-samples=0/841 | refills=30 totalling 998 | not-working samples=0 (of which reason='Consumption' 0)
[mod] [C47S] VOID(banner path wrapped by Opt_AcknowledgedWarnings) WINDOW w7 CONTROL ?#6958 :: adds=0 removes=0 | buffer now=9225 min=8937 max=9273 mean=9205 | zero-samples=0/841 | refills=28 totalling 706 | not-working samples=0 (of which reason='Consumption' 0)
[C47S] VOID(banner path wrapped by Opt_AcknowledgedWarnings) WINDOW w7 CONTROL ?#6958 :: adds=0 removes=0 | buffer now=9225 min=8937 max=9273 mean=9205 | zero-samples=0/841 | refills=28 totalling 706 | not-working samples=0 (of which reason='Consumption' 0)
[mod] [C47S] VOID(banner path wrapped by Opt_AcknowledgedWarnings) WINDOW w7 CONTROL ?#7004 :: adds=0 removes=0 | buffer now=8905 min=8905 max=9225 mean=8944 | zero-samples=0/841 | refills=2 totalling 560 | not-working samples=0 (of which reason='Consumption' 0)
[C47S] VOID(banner path wrapped by Opt_AcknowledgedWarnings) WINDOW w7 CONTROL ?#7004 :: adds=0 removes=0 | buffer now=8905 min=8905 max=9225 mean=8944 | zero-samples=0/841 | refills=2 totalling 560 | not-working samples=0 (of which reason='Consumption' 0)
[mod] [C47S] VOID(banner path wrapped by Opt_AcknowledgedWarnings) WINDOW w7 CONTROL ?#7016 :: adds=0 removes=0 | buffer now=9060 min=8930 max=9550 mean=9095 | zero-samples=0/841 | refills=2 totalling 560 | not-working samples=0 (of which reason='Consumption' 0)
[C47S] VOID(banner path wrapped by Opt_AcknowledgedWarnings) WINDOW w7 CONTROL ?#7016 :: adds=0 removes=0 | buffer now=9060 min=8930 max=9550 mean=9095 | zero-samples=0/841 | refills=2 totalling 560 | not-working samples=0 (of which reason='Consumption' 0)
[mod] [C47S] VOID(banner path wrapped by Opt_AcknowledgedWarnings) WINDOW w7 CONTROL ?#14623 :: adds=0 removes=0 | buffer now=9042 min=8482 max=9242 mean=9028 | zero-samples=0/841 | refills=11 totalling 3920 | not-working samples=0 (of which reason='Consumption' 0)
[C47S] VOID(banner path wrapped by Opt_AcknowledgedWarnings) WINDOW w7 CONTROL ?#14623 :: adds=0 removes=0 | buffer now=9042 min=8482 max=9242 mean=9028 | zero-samples=0/841 | refills=11 totalling 3920 | not-working samples=0 (of which reason='Consumption' 0)
[mod] [C47S] VOID(banner path wrapped by Opt_AcknowledgedWarnings) WINDOW w7 CONTROL ?#14625 :: adds=0 removes=0 | buffer now=9243 min=8503 max=9243 mean=9186 | zero-samples=0/841 | refills=14 totalling 4200 | not-working samples=0 (of which reason='Consumption' 0)
[C47S] VOID(banner path wrapped by Opt_AcknowledgedWarnings) WINDOW w7 CONTROL ?#14625 :: adds=0 removes=0 | buffer now=9243 min=8503 max=9243 mean=9186 | zero-samples=0/841 | refills=14 totalling 4200 | not-working samples=0 (of which reason='Consumption' 0)
[mod] [C47S] VOID(banner path wrapped by Opt_AcknowledgedWarnings) WINDOW w7 CONTROL ?#14627 :: adds=0 removes=0 | buffer now=9210 min=8510 max=9250 mean=9151 | zero-samples=0/841 | refills=14 totalling 4200 | not-working samples=0 (of which reason='Consumption' 0)
[C47S] VOID(banner path wrapped by Opt_AcknowledgedWarnings) WINDOW w7 CONTROL ?#14627 :: adds=0 removes=0 | buffer now=9210 min=8510 max=9250 mean=9151 | zero-samples=0/841 | refills=14 totalling 4200 | not-working samples=0 (of which reason='Consumption' 0)
[mod] [C47S] VOID(banner path wrapped by Opt_AcknowledgedWarnings) WINDOW w7 CONTROL ?#14628 :: adds=0 removes=0 | buffer now=9116 min=8536 max=9276 mean=9107 | zero-samples=0/841 | refills=9 totalling 3360 | not-working samples=0 (of which reason='Consumption' 0)
[C47S] VOID(banner path wrapped by Opt_AcknowledgedWarnings) WINDOW w7 CONTROL ?#14628 :: adds=0 removes=0 | buffer now=9116 min=8536 max=9276 mean=9107 | zero-samples=0/841 | refills=9 totalling 3360 | not-working samples=0 (of which reason='Consumption' 0)
[mod] [C47S] VOID(banner path wrapped by Opt_AcknowledgedWarnings) WINDOW w7 CONTROL ?#14629 :: adds=0 removes=0 | buffer now=9097 min=8517 max=9257 mean=9072 | zero-samples=0/841 | refills=11 totalling 3920 | not-working samples=0 (of which reason='Consumption' 0)
[C47S] VOID(banner path wrapped by Opt_AcknowledgedWarnings) WINDOW w7 CONTROL ?#14629 :: adds=0 removes=0 | buffer now=9097 min=8517 max=9257 mean=9072 | zero-samples=0/841 | refills=11 totalling 3920 | not-working samples=0 (of which reason='Consumption' 0)
[mod] [C47S] VOID(banner path wrapped by Opt_AcknowledgedWarnings) WINDOW w7 CONTROL ?#15043 :: adds=0 removes=0 | buffer now=9057 min=8537 max=9237 mean=9045 | zero-samples=0/841 | refills=17 totalling 3880 | not-working samples=0 (of which reason='Consumption' 0)
[C47S] VOID(banner path wrapped by Opt_AcknowledgedWarnings) WINDOW w7 CONTROL ?#15043 :: adds=0 removes=0 | buffer now=9057 min=8537 max=9237 mean=9045 | zero-samples=0/841 | refills=17 totalling 3880 | not-working samples=0 (of which reason='Consumption' 0)
[mod] [C47S] VOID(banner path wrapped by Opt_AcknowledgedWarnings) WINDOW w7 CONTROL ?#15047 :: adds=0 removes=0 | buffer now=9095 min=8595 max=9295 mean=9058 | zero-samples=0/841 | refills=19 totalling 3920 | not-working samples=0 (of which reason='Consumption' 0)
[C47S] VOID(banner path wrapped by Opt_AcknowledgedWarnings) WINDOW w7 CONTROL ?#15047 :: adds=0 removes=0 | buffer now=9095 min=8595 max=9295 mean=9058 | zero-samples=0/841 | refills=19 totalling 3920 | not-working samples=0 (of which reason='Consumption' 0)
[mod] [C47S] VOID(banner path wrapped by Opt_AcknowledgedWarnings) WINDOW w7 CONTROL ?#15050 :: adds=0 removes=0 | buffer now=9320 min=8920 max=9320 mean=9278 | zero-samples=0/841 | refills=11 totalling 1400 | not-working samples=0 (of which reason='Consumption' 0)
[C47S] VOID(banner path wrapped by Opt_AcknowledgedWarnings) WINDOW w7 CONTROL ?#15050 :: adds=0 removes=0 | buffer now=9320 min=8920 max=9320 mean=9278 | zero-samples=0/841 | refills=11 totalling 1400 | not-working samples=0 (of which reason='Consumption' 0)
[mod] [C47S] VOID(banner path wrapped by Opt_AcknowledgedWarnings) WINDOW w7 CONTROL ?#15052 :: adds=0 removes=0 | buffer now=9016 min=8556 max=9256 mean=9012 | zero-samples=0/841 | refills=17 totalling 3840 | not-working samples=0 (of which reason='Consumption' 0)
[C47S] VOID(banner path wrapped by Opt_AcknowledgedWarnings) WINDOW w7 CONTROL ?#15052 :: adds=0 removes=0 | buffer now=9016 min=8556 max=9256 mean=9012 | zero-samples=0/841 | refills=17 totalling 3840 | not-working samples=0 (of which reason='Consumption' 0)
[mod] [C47S] VOID(banner path wrapped by Opt_AcknowledgedWarnings) WINDOW w7 CONTROL ?#15098 :: adds=0 removes=0 | buffer now=9042 min=8562 max=9242 mean=9015 | zero-samples=0/841 | refills=19 totalling 3880 | not-working samples=0 (of which reason='Consumption' 0)
[C47S] VOID(banner path wrapped by Opt_AcknowledgedWarnings) WINDOW w7 CONTROL ?#15098 :: adds=0 removes=0 | buffer now=9042 min=8562 max=9242 mean=9015 | zero-samples=0/841 | refills=19 totalling 3880 | not-working samples=0 (of which reason='Consumption' 0)
[mod] [C47S] VOID(banner path wrapped by Opt_AcknowledgedWarnings) WINDOW w7 CONTROL ?#15099 :: adds=0 removes=0 | buffer now=9019 min=8559 max=9319 mean=9008 | zero-samples=0/841 | refills=17 totalling 3840 | not-working samples=0 (of which reason='Consumption' 0)
[C47S] VOID(banner path wrapped by Opt_AcknowledgedWarnings) WINDOW w7 CONTROL ?#15099 :: adds=0 removes=0 | buffer now=9019 min=8559 max=9319 mean=9008 | zero-samples=0/841 | refills=17 totalling 3840 | not-working samples=0 (of which reason='Consumption' 0)
[mod] [C47S] VOID(banner path wrapped by Opt_AcknowledgedWarnings) WINDOW w7 CONTROL ?#15547 :: adds=0 removes=0 | buffer now=9156 min=8636 max=9196 mean=9120 | zero-samples=0/841 | refills=4 totalling 1120 | not-working samples=0 (of which reason='Consumption' 0)
[C47S] VOID(banner path wrapped by Opt_AcknowledgedWarnings) WINDOW w7 CONTROL ?#15547 :: adds=0 removes=0 | buffer now=9156 min=8636 max=9196 mean=9120 | zero-samples=0/841 | refills=4 totalling 1120 | not-working samples=0 (of which reason='Consumption' 0)
[mod] [C47S] VOID(banner path wrapped by Opt_AcknowledgedWarnings) WINDOW w7 CONTROL ?#15549 :: adds=0 removes=0 | buffer now=9179 min=8639 max=9259 mean=9142 | zero-samples=0/841 | refills=4 totalling 1120 | not-working samples=0 (of which reason='Consumption' 0)
[C47S] VOID(banner path wrapped by Opt_AcknowledgedWarnings) WINDOW w7 CONTROL ?#15549 :: adds=0 removes=0 | buffer now=9179 min=8639 max=9259 mean=9142 | zero-samples=0/841 | refills=4 totalling 1120 | not-working samples=0 (of which reason='Consumption' 0)
[mod] [C47S] VOID(banner path wrapped by Opt_AcknowledgedWarnings) WINDOW w7 CONTROL ?#15554 :: adds=0 removes=0 | buffer now=9123 min=8503 max=9263 mean=9081 | zero-samples=0/841 | refills=13 totalling 3920 | not-working samples=0 (of which reason='Consumption' 0)
[C47S] VOID(banner path wrapped by Opt_AcknowledgedWarnings) WINDOW w7 CONTROL ?#15554 :: adds=0 removes=0 | buffer now=9123 min=8503 max=9263 mean=9081 | zero-samples=0/841 | refills=13 totalling 3920 | not-working samples=0 (of which reason='Consumption' 0)
[mod] [C47S] VOID(banner path wrapped by Opt_AcknowledgedWarnings) WINDOW w7 CONTROL ?#15556 :: adds=0 removes=0 | buffer now=9130 min=8510 max=9270 mean=9109 | zero-samples=0/841 | refills=12 totalling 3920 | not-working samples=0 (of which reason='Consumption' 0)
[C47S] VOID(banner path wrapped by Opt_AcknowledgedWarnings) WINDOW w7 CONTROL ?#15556 :: adds=0 removes=0 | buffer now=9130 min=8510 max=9270 mean=9109 | zero-samples=0/841 | refills=12 totalling 3920 | not-working samples=0 (of which reason='Consumption' 0)
[mod] [C47S] VOID(banner path wrapped by Opt_AcknowledgedWarnings) WINDOW w7 CONTROL ?#15563 :: adds=0 removes=0 | buffer now=9102 min=8522 max=9262 mean=9089 | zero-samples=0/841 | refills=12 totalling 3920 | not-working samples=0 (of which reason='Consumption' 0)
[C47S] VOID(banner path wrapped by Opt_AcknowledgedWarnings) WINDOW w7 CONTROL ?#15563 :: adds=0 removes=0 | buffer now=9102 min=8522 max=9262 mean=9089 | zero-samples=0/841 | refills=12 totalling 3920 | not-working samples=0 (of which reason='Consumption' 0)
[mod] [C47S] VOID(banner path wrapped by Opt_AcknowledgedWarnings) WINDOW w7 CONTROL ?#15565 :: adds=0 removes=0 | buffer now=9164 min=8524 max=9264 mean=9128 | zero-samples=0/841 | refills=12 totalling 3920 | not-working samples=0 (of which reason='Consumption' 0)
[C47S] VOID(banner path wrapped by Opt_AcknowledgedWarnings) WINDOW w7 CONTROL ?#15565 :: adds=0 removes=0 | buffer now=9164 min=8524 max=9264 mean=9128 | zero-samples=0/841 | refills=12 totalling 3920 | not-working samples=0 (of which reason='Consumption' 0)
[mod] [C47S] VOID(banner path wrapped by Opt_AcknowledgedWarnings) WINDOW w7 CONTROL ?#15810 :: adds=0 removes=0 | buffer now=8752 min=8557 max=9312 mean=8813 | zero-samples=0/841 | refills=26 totalling 3556 | not-working samples=0 (of which reason='Consumption' 0)
[C47S] VOID(banner path wrapped by Opt_AcknowledgedWarnings) WINDOW w7 CONTROL ?#15810 :: adds=0 removes=0 | buffer now=8752 min=8557 max=9312 mean=8813 | zero-samples=0/841 | refills=26 totalling 3556 | not-working samples=0 (of which reason='Consumption' 0)
[mod] [C47S] VOID(banner path wrapped by Opt_AcknowledgedWarnings) WINDOW w7 CONTROL ?#15817 :: adds=0 removes=0 | buffer now=9155 min=8568 max=9318 mean=9145 | zero-samples=0/841 | refills=28 totalling 4025 | not-working samples=0 (of which reason='Consumption' 0)
[C47S] VOID(banner path wrapped by Opt_AcknowledgedWarnings) WINDOW w7 CONTROL ?#15817 :: adds=0 removes=0 | buffer now=9155 min=8568 max=9318 mean=9145 | zero-samples=0/841 | refills=28 totalling 4025 | not-working samples=0 (of which reason='Consumption' 0)
[mod] [C47S] VOID(banner path wrapped by Opt_AcknowledgedWarnings) WINDOW w7 CONTROL ?#16008 :: adds=0 removes=0 | buffer now=8648 min=8544 max=9316 mean=8730 | zero-samples=0/841 | refills=28 totalling 3592 | not-working samples=0 (of which reason='Consumption' 0)
[C47S] VOID(banner path wrapped by Opt_AcknowledgedWarnings) WINDOW w7 CONTROL ?#16008 :: adds=0 removes=0 | buffer now=8648 min=8544 max=9316 mean=8730 | zero-samples=0/841 | refills=28 totalling 3592 | not-working samples=0 (of which reason='Consumption' 0)
[mod] [C47S] VOID(banner path wrapped by Opt_AcknowledgedWarnings) WINDOW w7 CONTROL ?#16011 :: adds=0 removes=0 | buffer now=8745 min=8505 max=9245 mean=8797 | zero-samples=0/841 | refills=11 totalling 3640 | not-working samples=0 (of which reason='Consumption' 0)
[C47S] VOID(banner path wrapped by Opt_AcknowledgedWarnings) WINDOW w7 CONTROL ?#16011 :: adds=0 removes=0 | buffer now=8745 min=8505 max=9245 mean=8797 | zero-samples=0/841 | refills=11 totalling 3640 | not-working samples=0 (of which reason='Consumption' 0)
[mod] [C47S] VOID(banner path wrapped by Opt_AcknowledgedWarnings) WINDOW w7 CONTROL ?#16076 :: adds=0 removes=0 | buffer now=9059 min=8479 max=9279 mean=9030 | zero-samples=0/841 | refills=14 totalling 3920 | not-working samples=0 (of which reason='Consumption' 0)
[C47S] VOID(banner path wrapped by Opt_AcknowledgedWarnings) WINDOW w7 CONTROL ?#16076 :: adds=0 removes=0 | buffer now=9059 min=8479 max=9279 mean=9030 | zero-samples=0/841 | refills=14 totalling 3920 | not-working samples=0 (of which reason='Consumption' 0)
[mod] [C47S] VOID(banner path wrapped by Opt_AcknowledgedWarnings) WINDOW w7 CONTROL ?#16077 :: adds=0 removes=0 | buffer now=9172 min=8532 max=9272 mean=9126 | zero-samples=0/841 | refills=14 totalling 3920 | not-working samples=0 (of which reason='Consumption' 0)
[C47S] VOID(banner path wrapped by Opt_AcknowledgedWarnings) WINDOW w7 CONTROL ?#16077 :: adds=0 removes=0 | buffer now=9172 min=8532 max=9272 mean=9126 | zero-samples=0/841 | refills=14 totalling 3920 | not-working samples=0 (of which reason='Consumption' 0)
[mod] [C47S] VOID(banner path wrapped by Opt_AcknowledgedWarnings) WINDOW w7 CONTROL ?#16155 :: adds=0 removes=0 | buffer now=9258 min=8518 max=9258 mean=9205 | zero-samples=0/841 | refills=10 totalling 4200 | not-working samples=0 (of which reason='Consumption' 0)
[C47S] VOID(banner path wrapped by Opt_AcknowledgedWarnings) WINDOW w7 CONTROL ?#16155 :: adds=0 removes=0 | buffer now=9258 min=8518 max=9258 mean=9205 | zero-samples=0/841 | refills=10 totalling 4200 | not-working samples=0 (of which reason='Consumption' 0)
[mod] [C47S] VOID(banner path wrapped by Opt_AcknowledgedWarnings) WINDOW w7 CONTROL ?#16192 :: adds=0 removes=0 | buffer now=9105 min=8865 max=9275 mean=9102 | zero-samples=0/841 | refills=4 totalling 1120 | not-working samples=0 (of which reason='Consumption' 0)
[C47S] VOID(banner path wrapped by Opt_AcknowledgedWarnings) WINDOW w7 CONTROL ?#16192 :: adds=0 removes=0 | buffer now=9105 min=8865 max=9275 mean=9102 | zero-samples=0/841 | refills=4 totalling 1120 | not-working samples=0 (of which reason='Consumption' 0)
[mod] [C47S] VOID(banner path wrapped by Opt_AcknowledgedWarnings) WINDOW w7 TOTALS :: adds(all objects on 'NotWorkingBuildings')=7 removes=7 | adds on objects this leg does NOT track=5 | voice-eligible SHIPPED model (text-keyed, RealTime, colony-wide)=2 | voice-eligible under the entry's ASSUMED per-object model=1
[C47S] VOID(banner path wrapped by Opt_AcknowledgedWarnings) WINDOW w7 TOTALS :: adds(all objects on 'NotWorkingBuildings')=7 removes=7 | adds on objects this leg does NOT track=5 | voice-eligible SHIPPED model (text-keyed, RealTime, colony-wide)=2 | voice-eligible under the entry's ASSUMED per-object model=1
[mod] [C47S] CLOCK w7 :: GameTime()=276300009 (383.75 sols since game start) | UIColony.day=385 hour=0 | speed=5x | RealTime()=454343
[C47S] CLOCK w7 :: GameTime()=276300009 (383.75 sols since game start) | UIColony.day=385 hour=0 | speed=5x | RealTime()=454343
[mod] [C47S] VOICETABLE w7 :: VoicesCooldown has 1 key(s) [769547039933] | VoiceQueue length=0 — ⭐ the keys are voiced-TEXT ids, not object handles (Voice.lua:355-358), so one key covers every not-working building in the colony at once
[C47S] VOICETABLE w7 :: VoicesCooldown has 1 key(s) [769547039933] | VoiceQueue length=0 — ⭐ the keys are voiced-TEXT ids, not object handles (Voice.lua:355-358), so one key covers every not-working building in the colony at once
						Lua 0:08:46:365
[mod] [C47S] VOID(banner path wrapped by Opt_AcknowledgedWarnings) WINDOW w8 SUBJECT ?#15779 :: adds=2 removes=2 | buffer now=3470 min=550 max=4225 mean=3362 | zero-samples=0/961 | refills=60 totalling 27585 | not-working samples=1 (of which reason='Consumption' 1)
[C47S] VOID(banner path wrapped by Opt_AcknowledgedWarnings) WINDOW w8 SUBJECT ?#15779 :: adds=2 removes=2 | buffer now=3470 min=550 max=4225 mean=3362 | zero-samples=0/961 | refills=60 totalling 27585 | not-working samples=1 (of which reason='Consumption' 1)
[mod] [C47S] VOID(banner path wrapped by Opt_AcknowledgedWarnings) WINDOW w8 SUBJECT ?#15974 :: adds=0 removes=0 | buffer now=3421 min=1661 max=4720 mean=3397 | zero-samples=0/961 | refills=51 totalling 20601 | not-working samples=0 (of which reason='Consumption' 0)
[C47S] VOID(banner path wrapped by Opt_AcknowledgedWarnings) WINDOW w8 SUBJECT ?#15974 :: adds=0 removes=0 | buffer now=3421 min=1661 max=4720 mean=3397 | zero-samples=0/961 | refills=51 totalling 20601 | not-working samples=0 (of which reason='Consumption' 0)
[mod] [C47S] VOID(banner path wrapped by Opt_AcknowledgedWarnings) WINDOW w8 CONTROL ?#2793 :: adds=0 removes=0 | buffer now=9273 min=8913 max=9273 mean=9246 | zero-samples=0/961 | refills=3 totalling 840 | not-working samples=0 (of which reason='Consumption' 0)
[C47S] VOID(banner path wrapped by Opt_AcknowledgedWarnings) WINDOW w8 CONTROL ?#2793 :: adds=0 removes=0 | buffer now=9273 min=8913 max=9273 mean=9246 | zero-samples=0/961 | refills=3 totalling 840 | not-working samples=0 (of which reason='Consumption' 0)
[mod] [C47S] VOID(banner path wrapped by Opt_AcknowledgedWarnings) WINDOW w8 CONTROL ?#3790 :: adds=0 removes=0 | buffer now=9113 min=8933 max=9233 mean=9123 | zero-samples=0/961 | refills=2 totalling 560 | not-working samples=0 (of which reason='Consumption' 0)
[C47S] VOID(banner path wrapped by Opt_AcknowledgedWarnings) WINDOW w8 CONTROL ?#3790 :: adds=0 removes=0 | buffer now=9113 min=8933 max=9233 mean=9123 | zero-samples=0/961 | refills=2 totalling 560 | not-working samples=0 (of which reason='Consumption' 0)
[mod] [C47S] VOID(banner path wrapped by Opt_AcknowledgedWarnings) WINDOW w8 CONTROL ?#4089 :: adds=0 removes=0 | buffer now=9276 min=8916 max=9276 mean=9242 | zero-samples=0/961 | refills=3 totalling 840 | not-working samples=0 (of which reason='Consumption' 0)
						Lua 0:08:46:366
[C47S] VOID(banner path wrapped by Opt_AcknowledgedWarnings) WINDOW w8 CONTROL ?#4089 :: adds=0 removes=0 | buffer now=9276 min=8916 max=9276 mean=9242 | zero-samples=0/961 | refills=3 totalling 840 | not-working samples=0 (of which reason='Consumption' 0)
[mod] [C47S] VOID(banner path wrapped by Opt_AcknowledgedWarnings) WINDOW w8 CONTROL ?#6324 :: adds=0 removes=0 | buffer now=9400 min=8960 max=10000 mean=9437 | zero-samples=0/961 | refills=1 totalling 1040 | not-working samples=0 (of which reason='Consumption' 0)
[C47S] VOID(banner path wrapped by Opt_AcknowledgedWarnings) WINDOW w8 CONTROL ?#6324 :: adds=0 removes=0 | buffer now=9400 min=8960 max=10000 mean=9437 | zero-samples=0/961 | refills=1 totalling 1040 | not-working samples=0 (of which reason='Consumption' 0)
[mod] [C47S] VOID(banner path wrapped by Opt_AcknowledgedWarnings) WINDOW w8 CONTROL ?#6325 :: adds=0 removes=0 | buffer now=9000 min=8520 max=10000 mean=9056 | zero-samples=0/961 | refills=7 totalling 3500 | not-working samples=0 (of which reason='Consumption' 0)
[C47S] VOID(banner path wrapped by Opt_AcknowledgedWarnings) WINDOW w8 CONTROL ?#6325 :: adds=0 removes=0 | buffer now=9000 min=8520 max=10000 mean=9056 | zero-samples=0/961 | refills=7 totalling 3500 | not-working samples=0 (of which reason='Consumption' 0)
[mod] [C47S] VOID(banner path wrapped by Opt_AcknowledgedWarnings) WINDOW w8 CONTROL ?#6620 :: adds=0 removes=0 | buffer now=9221 min=8937 max=9271 mean=9197 | zero-samples=0/961 | refills=27 totalling 694 | not-working samples=0 (of which reason='Consumption' 0)
[C47S] VOID(banner path wrapped by Opt_AcknowledgedWarnings) WINDOW w8 CONTROL ?#6620 :: adds=0 removes=0 | buffer now=9221 min=8937 max=9271 mean=9197 | zero-samples=0/961 | refills=27 totalling 694 | not-working samples=0 (of which reason='Consumption' 0)
[mod] [C47S] VOID(banner path wrapped by Opt_AcknowledgedWarnings) WINDOW w8 CONTROL ?#6622 :: adds=0 removes=0 | buffer now=9110 min=8944 max=9274 mean=9112 | zero-samples=0/961 | refills=27 totalling 696 | not-working samples=0 (of which reason='Consumption' 0)
[C47S] VOID(banner path wrapped by Opt_AcknowledgedWarnings) WINDOW w8 CONTROL ?#6622 :: adds=0 removes=0 | buffer now=9110 min=8944 max=9274 mean=9112 | zero-samples=0/961 | refills=27 totalling 696 | not-working samples=0 (of which reason='Consumption' 0)
[mod] [C47S] VOID(banner path wrapped by Opt_AcknowledgedWarnings) WINDOW w8 CONTROL ?#6836 :: adds=0 removes=0 | buffer now=8943 min=8875 max=9219 mean=8966 | zero-samples=0/961 | refills=30 totalling 998 | not-working samples=0 (of which reason='Consumption' 0)
[C47S] VOID(banner path wrapped by Opt_AcknowledgedWarnings) WINDOW w8 CONTROL ?#6836 :: adds=0 removes=0 | buffer now=8943 min=8875 max=9219 mean=8966 | zero-samples=0/961 | refills=30 totalling 998 | not-working samples=0 (of which reason='Consumption' 0)
[mod] [C47S] VOID(banner path wrapped by Opt_AcknowledgedWarnings) WINDOW w8 CONTROL ?#6958 :: adds=0 removes=0 | buffer now=9225 min=8937 max=9273 mean=9208 | zero-samples=0/961 | refills=28 totalling 706 | not-working samples=0 (of which reason='Consumption' 0)
[C47S] VOID(banner path wrapped by Opt_AcknowledgedWarnings) WINDOW w8 CONTROL ?#6958 :: adds=0 removes=0 | buffer now=9225 min=8937 max=9273 mean=9208 | zero-samples=0/961 | refills=28 totalling 706 | not-working samples=0 (of which reason='Consumption' 0)
[mod] [C47S] VOID(banner path wrapped by Opt_AcknowledgedWarnings) WINDOW w8 CONTROL ?#7004 :: adds=0 removes=0 | buffer now=8905 min=8905 max=9225 mean=8939 | zero-samples=0/961 | refills=2 totalling 560 | not-working samples=0 (of which reason='Consumption' 0)
[C47S] VOID(banner path wrapped by Opt_AcknowledgedWarnings) WINDOW w8 CONTROL ?#7004 :: adds=0 removes=0 | buffer now=8905 min=8905 max=9225 mean=8939 | zero-samples=0/961 | refills=2 totalling 560 | not-working samples=0 (of which reason='Consumption' 0)
[mod] [C47S] VOID(banner path wrapped by Opt_AcknowledgedWarnings) WINDOW w8 CONTROL ?#7016 :: adds=0 removes=0 | buffer now=9060 min=8930 max=9550 mean=9091 | zero-samples=0/961 | refills=2 totalling 560 | not-working samples=0 (of which reason='Consumption' 0)
[C47S] VOID(banner path wrapped by Opt_AcknowledgedWarnings) WINDOW w8 CONTROL ?#7016 :: adds=0 removes=0 | buffer now=9060 min=8930 max=9550 mean=9091 | zero-samples=0/961 | refills=2 totalling 560 | not-working samples=0 (of which reason='Consumption' 0)
[mod] [C47S] VOID(banner path wrapped by Opt_AcknowledgedWarnings) WINDOW w8 CONTROL ?#14623 :: adds=0 removes=0 | buffer now=9042 min=8482 max=9242 mean=9030 | zero-samples=0/961 | refills=11 totalling 3920 | not-working samples=0 (of which reason='Consumption' 0)
[C47S] VOID(banner path wrapped by Opt_AcknowledgedWarnings) WINDOW w8 CONTROL ?#14623 :: adds=0 removes=0 | buffer now=9042 min=8482 max=9242 mean=9030 | zero-samples=0/961 | refills=11 totalling 3920 | not-working samples=0 (of which reason='Consumption' 0)
[mod] [C47S] VOID(banner path wrapped by Opt_AcknowledgedWarnings) WINDOW w8 CONTROL ?#14625 :: adds=0 removes=0 | buffer now=9243 min=8503 max=9243 mean=9193 | zero-samples=0/961 | refills=14 totalling 4200 | not-working samples=0 (of which reason='Consumption' 0)
[C47S] VOID(banner path wrapped by Opt_AcknowledgedWarnings) WINDOW w8 CONTROL ?#14625 :: adds=0 removes=0 | buffer now=9243 min=8503 max=9243 mean=9193 | zero-samples=0/961 | refills=14 totalling 4200 | not-working samples=0 (of which reason='Consumption' 0)
[mod] [C47S] VOID(banner path wrapped by Opt_AcknowledgedWarnings) WINDOW w8 CONTROL ?#14627 :: adds=0 removes=0 | buffer now=9210 min=8510 max=9250 mean=9159 | zero-samples=0/961 | refills=14 totalling 4200 | not-working samples=0 (of which reason='Consumption' 0)
[C47S] VOID(banner path wrapped by Opt_AcknowledgedWarnings) WINDOW w8 CONTROL ?#14627 :: adds=0 removes=0 | buffer now=9210 min=8510 max=9250 mean=9159 | zero-samples=0/961 | refills=14 totalling 4200 | not-working samples=0 (of which reason='Consumption' 0)
[mod] [C47S] VOID(banner path wrapped by Opt_AcknowledgedWarnings) WINDOW w8 CONTROL ?#14628 :: adds=0 removes=0 | buffer now=9116 min=8536 max=9276 mean=9108 | zero-samples=0/961 | refills=9 totalling 3360 | not-working samples=0 (of which reason='Consumption' 0)
[C47S] VOID(banner path wrapped by Opt_AcknowledgedWarnings) WINDOW w8 CONTROL ?#14628 :: adds=0 removes=0 | buffer now=9116 min=8536 max=9276 mean=9108 | zero-samples=0/961 | refills=9 totalling 3360 | not-working samples=0 (of which reason='Consumption' 0)
[mod] [C47S] VOID(banner path wrapped by Opt_AcknowledgedWarnings) WINDOW w8 CONTROL ?#14629 :: adds=0 removes=0 | buffer now=9097 min=8517 max=9257 mean=9075 | zero-samples=0/961 | refills=11 totalling 3920 | not-working samples=0 (of which reason='Consumption' 0)
[C47S] VOID(banner path wrapped by Opt_AcknowledgedWarnings) WINDOW w8 CONTROL ?#14629 :: adds=0 removes=0 | buffer now=9097 min=8517 max=9257 mean=9075 | zero-samples=0/961 | refills=11 totalling 3920 | not-working samples=0 (of which reason='Consumption' 0)
[mod] [C47S] VOID(banner path wrapped by Opt_AcknowledgedWarnings) WINDOW w8 CONTROL ?#15043 :: adds=0 removes=0 | buffer now=9057 min=8537 max=9237 mean=9046 | zero-samples=0/961 | refills=17 totalling 3880 | not-working samples=0 (of which reason='Consumption' 0)
[C47S] VOID(banner path wrapped by Opt_AcknowledgedWarnings) WINDOW w8 CONTROL ?#15043 :: adds=0 removes=0 | buffer now=9057 min=8537 max=9237 mean=9046 | zero-samples=0/961 | refills=17 totalling 3880 | not-working samples=0 (of which reason='Consumption' 0)
[mod] [C47S] VOID(banner path wrapped by Opt_AcknowledgedWarnings) WINDOW w8 CONTROL ?#15047 :: adds=0 removes=0 | buffer now=9095 min=8595 max=9295 mean=9063 | zero-samples=0/961 | refills=19 totalling 3920 | not-working samples=0 (of which reason='Consumption' 0)
[C47S] VOID(banner path wrapped by Opt_AcknowledgedWarnings) WINDOW w8 CONTROL ?#15047 :: adds=0 removes=0 | buffer now=9095 min=8595 max=9295 mean=9063 | zero-samples=0/961 | refills=19 totalling 3920 | not-working samples=0 (of which reason='Consumption' 0)
[mod] [C47S] VOID(banner path wrapped by Opt_AcknowledgedWarnings) WINDOW w8 CONTROL ?#15050 :: adds=0 removes=0 | buffer now=9320 min=8920 max=9320 mean=9283 | zero-samples=0/961 | refills=11 totalling 1400 | not-working samples=0 (of which reason='Consumption' 0)
[C47S] VOID(banner path wrapped by Opt_AcknowledgedWarnings) WINDOW w8 CONTROL ?#15050 :: adds=0 removes=0 | buffer now=9320 min=8920 max=9320 mean=9283 | zero-samples=0/961 | refills=11 totalling 1400 | not-working samples=0 (of which reason='Consumption' 0)
[mod] [C47S] VOID(banner path wrapped by Opt_AcknowledgedWarnings) WINDOW w8 CONTROL ?#15052 :: adds=0 removes=0 | buffer now=9016 min=8556 max=9256 mean=9012 | zero-samples=0/961 | refills=17 totalling 3840 | not-working samples=0 (of which reason='Consumption' 0)
[C47S] VOID(banner path wrapped by Opt_AcknowledgedWarnings) WINDOW w8 CONTROL ?#15052 :: adds=0 removes=0 | buffer now=9016 min=8556 max=9256 mean=9012 | zero-samples=0/961 | refills=17 totalling 3840 | not-working samples=0 (of which reason='Consumption' 0)
[mod] [C47S] VOID(banner path wrapped by Opt_AcknowledgedWarnings) WINDOW w8 CONTROL ?#15098 :: adds=0 removes=0 | buffer now=9042 min=8562 max=9242 mean=9018 | zero-samples=0/961 | refills=19 totalling 3880 | not-working samples=0 (of which reason='Consumption' 0)
[C47S] VOID(banner path wrapped by Opt_AcknowledgedWarnings) WINDOW w8 CONTROL ?#15098 :: adds=0 removes=0 | buffer now=9042 min=8562 max=9242 mean=9018 | zero-samples=0/961 | refills=19 totalling 3880 | not-working samples=0 (of which reason='Consumption' 0)
[mod] [C47S] VOID(banner path wrapped by Opt_AcknowledgedWarnings) WINDOW w8 CONTROL ?#15099 :: adds=0 removes=0 | buffer now=9019 min=8559 max=9319 mean=9010 | zero-samples=0/961 | refills=17 totalling 3840 | not-working samples=0 (of which reason='Consumption' 0)
[C47S] VOID(banner path wrapped by Opt_AcknowledgedWarnings) WINDOW w8 CONTROL ?#15099 :: adds=0 removes=0 | buffer now=9019 min=8559 max=9319 mean=9010 | zero-samples=0/961 | refills=17 totalling 3840 | not-working samples=0 (of which reason='Consumption' 0)
[mod] [C47S] VOID(banner path wrapped by Opt_AcknowledgedWarnings) WINDOW w8 CONTROL ?#15547 :: adds=0 removes=0 | buffer now=9156 min=8636 max=9196 mean=9125 | zero-samples=0/961 | refills=4 totalling 1120 | not-working samples=0 (of which reason='Consumption' 0)
[C47S] VOID(banner path wrapped by Opt_AcknowledgedWarnings) WINDOW w8 CONTROL ?#15547 :: adds=0 removes=0 | buffer now=9156 min=8636 max=9196 mean=9125 | zero-samples=0/961 | refills=4 totalling 1120 | not-working samples=0 (of which reason='Consumption' 0)
[mod] [C47S] VOID(banner path wrapped by Opt_AcknowledgedWarnings) WINDOW w8 CONTROL ?#15549 :: adds=0 removes=0 | buffer now=9179 min=8639 max=9259 mean=9147 | zero-samples=0/961 | refills=4 totalling 1120 | not-working samples=0 (of which reason='Consumption' 0)
[C47S] VOID(banner path wrapped by Opt_AcknowledgedWarnings) WINDOW w8 CONTROL ?#15549 :: adds=0 removes=0 | buffer now=9179 min=8639 max=9259 mean=9147 | zero-samples=0/961 | refills=4 totalling 1120 | not-working samples=0 (of which reason='Consumption' 0)
[mod] [C47S] VOID(banner path wrapped by Opt_AcknowledgedWarnings) WINDOW w8 CONTROL ?#15554 :: adds=0 removes=0 | buffer now=9123 min=8503 max=9263 mean=9086 | zero-samples=0/961 | refills=13 totalling 3920 | not-working samples=0 (of which reason='Consumption' 0)
[C47S] VOID(banner path wrapped by Opt_AcknowledgedWarnings) WINDOW w8 CONTROL ?#15554 :: adds=0 removes=0 | buffer now=9123 min=8503 max=9263 mean=9086 | zero-samples=0/961 | refills=13 totalling 3920 | not-working samples=0 (of which reason='Consumption' 0)
[mod] [C47S] VOID(banner path wrapped by Opt_AcknowledgedWarnings) WINDOW w8 CONTROL ?#15556 :: adds=0 removes=0 | buffer now=9130 min=8510 max=9270 mean=9111 | zero-samples=0/961 | refills=12 totalling 3920 | not-working samples=0 (of which reason='Consumption' 0)
[C47S] VOID(banner path wrapped by Opt_AcknowledgedWarnings) WINDOW w8 CONTROL ?#15556 :: adds=0 removes=0 | buffer now=9130 min=8510 max=9270 mean=9111 | zero-samples=0/961 | refills=12 totalling 3920 | not-working samples=0 (of which reason='Consumption' 0)
[mod] [C47S] VOID(banner path wrapped by Opt_AcknowledgedWarnings) WINDOW w8 CONTROL ?#15563 :: adds=0 removes=0 | buffer now=9102 min=8522 max=9262 mean=9091 | zero-samples=0/961 | refills=12 totalling 3920 | not-working samples=0 (of which reason='Consumption' 0)
[C47S] VOID(banner path wrapped by Opt_AcknowledgedWarnings) WINDOW w8 CONTROL ?#15563 :: adds=0 removes=0 | buffer now=9102 min=8522 max=9262 mean=9091 | zero-samples=0/961 | refills=12 totalling 3920 | not-working samples=0 (of which reason='Consumption' 0)
[mod] [C47S] VOID(banner path wrapped by Opt_AcknowledgedWarnings) WINDOW w8 CONTROL ?#15565 :: adds=0 removes=0 | buffer now=9164 min=8524 max=9264 mean=9133 | zero-samples=0/961 | refills=12 totalling 3920 | not-working samples=0 (of which reason='Consumption' 0)
[C47S] VOID(banner path wrapped by Opt_AcknowledgedWarnings) WINDOW w8 CONTROL ?#15565 :: adds=0 removes=0 | buffer now=9164 min=8524 max=9264 mean=9133 | zero-samples=0/961 | refills=12 totalling 3920 | not-working samples=0 (of which reason='Consumption' 0)
[mod] [C47S] VOID(banner path wrapped by Opt_AcknowledgedWarnings) WINDOW w8 CONTROL ?#15810 :: adds=0 removes=0 | buffer now=8752 min=8557 max=9312 mean=8805 | zero-samples=0/961 | refills=26 totalling 3556 | not-working samples=0 (of which reason='Consumption' 0)
[C47S] VOID(banner path wrapped by Opt_AcknowledgedWarnings) WINDOW w8 CONTROL ?#15810 :: adds=0 removes=0 | buffer now=8752 min=8557 max=9312 mean=8805 | zero-samples=0/961 | refills=26 totalling 3556 | not-working samples=0 (of which reason='Consumption' 0)
[mod] [C47S] VOID(banner path wrapped by Opt_AcknowledgedWarnings) WINDOW w8 CONTROL ?#15817 :: adds=0 removes=0 | buffer now=9155 min=8568 max=9318 mean=9146 | zero-samples=0/961 | refills=28 totalling 4025 | not-working samples=0 (of which reason='Consumption' 0)
[C47S] VOID(banner path wrapped by Opt_AcknowledgedWarnings) WINDOW w8 CONTROL ?#15817 :: adds=0 removes=0 | buffer now=9155 min=8568 max=9318 mean=9146 | zero-samples=0/961 | refills=28 totalling 4025 | not-working samples=0 (of which reason='Consumption' 0)
[mod] [C47S] VOID(banner path wrapped by Opt_AcknowledgedWarnings) WINDOW w8 CONTROL ?#16008 :: adds=0 removes=0 | buffer now=8648 min=8544 max=9316 mean=8720 | zero-samples=0/961 | refills=28 totalling 3592 | not-working samples=0 (of which reason='Consumption' 0)
[C47S] VOID(banner path wrapped by Opt_AcknowledgedWarnings) WINDOW w8 CONTROL ?#16008 :: adds=0 removes=0 | buffer now=8648 min=8544 max=9316 mean=8720 | zero-samples=0/961 | refills=28 totalling 3592 | not-working samples=0 (of which reason='Consumption' 0)
[mod] [C47S] VOID(banner path wrapped by Opt_AcknowledgedWarnings) WINDOW w8 CONTROL ?#16011 :: adds=0 removes=0 | buffer now=8745 min=8505 max=9245 mean=8790 | zero-samples=0/961 | refills=11 totalling 3640 | not-working samples=0 (of which reason='Consumption' 0)
[C47S] VOID(banner path wrapped by Opt_AcknowledgedWarnings) WINDOW w8 CONTROL ?#16011 :: adds=0 removes=0 | buffer now=8745 min=8505 max=9245 mean=8790 | zero-samples=0/961 | refills=11 totalling 3640 | not-working samples=0 (of which reason='Consumption' 0)
[mod] [C47S] VOID(banner path wrapped by Opt_AcknowledgedWarnings) WINDOW w8 CONTROL ?#16076 :: adds=0 removes=0 | buffer now=9059 min=8479 max=9279 mean=9034 | zero-samples=0/961 | refills=14 totalling 3920 | not-working samples=0 (of which reason='Consumption' 0)
[C47S] VOID(banner path wrapped by Opt_AcknowledgedWarnings) WINDOW w8 CONTROL ?#16076 :: adds=0 removes=0 | buffer now=9059 min=8479 max=9279 mean=9034 | zero-samples=0/961 | refills=14 totalling 3920 | not-working samples=0 (of which reason='Consumption' 0)
[mod] [C47S] VOID(banner path wrapped by Opt_AcknowledgedWarnings) WINDOW w8 CONTROL ?#16077 :: adds=0 removes=0 | buffer now=9172 min=8532 max=9272 mean=9132 | zero-samples=0/961 | refills=14 totalling 3920 | not-working samples=0 (of which reason='Consumption' 0)
[C47S] VOID(banner path wrapped by Opt_AcknowledgedWarnings) WINDOW w8 CONTROL ?#16077 :: adds=0 removes=0 | buffer now=9172 min=8532 max=9272 mean=9132 | zero-samples=0/961 | refills=14 totalling 3920 | not-working samples=0 (of which reason='Consumption' 0)
[mod] [C47S] VOID(banner path wrapped by Opt_AcknowledgedWarnings) WINDOW w8 CONTROL ?#16155 :: adds=0 removes=0 | buffer now=9258 min=8518 max=9258 mean=9211 | zero-samples=0/961 | refills=10 totalling 4200 | not-working samples=0 (of which reason='Consumption' 0)
[C47S] VOID(banner path wrapped by Opt_AcknowledgedWarnings) WINDOW w8 CONTROL ?#16155 :: adds=0 removes=0 | buffer now=9258 min=8518 max=9258 mean=9211 | zero-samples=0/961 | refills=10 totalling 4200 | not-working samples=0 (of which reason='Consumption' 0)
[mod] [C47S] VOID(banner path wrapped by Opt_AcknowledgedWarnings) WINDOW w8 CONTROL ?#16192 :: adds=0 removes=0 | buffer now=9105 min=8865 max=9275 mean=9102 | zero-samples=0/961 | refills=4 totalling 1120 | not-working samples=0 (of which reason='Consumption' 0)
[C47S] VOID(banner path wrapped by Opt_AcknowledgedWarnings) WINDOW w8 CONTROL ?#16192 :: adds=0 removes=0 | buffer now=9105 min=8865 max=9275 mean=9102 | zero-samples=0/961 | refills=4 totalling 1120 | not-working samples=0 (of which reason='Consumption' 0)
[mod] [C47S] VOID(banner path wrapped by Opt_AcknowledgedWarnings) WINDOW w8 TOTALS :: adds(all objects on 'NotWorkingBuildings')=7 removes=7 | adds on objects this leg does NOT track=5 | voice-eligible SHIPPED model (text-keyed, RealTime, colony-wide)=2 | voice-eligible under the entry's ASSUMED per-object model=1
[C47S] VOID(banner path wrapped by Opt_AcknowledgedWarnings) WINDOW w8 TOTALS :: adds(all objects on 'NotWorkingBuildings')=7 removes=7 | adds on objects this leg does NOT track=5 | voice-eligible SHIPPED model (text-keyed, RealTime, colony-wide)=2 | voice-eligible under the entry's ASSUMED per-object model=1
[mod] [C47S] CLOCK w8 :: GameTime()=276300009 (383.75 sols since game start) | UIColony.day=385 hour=0 | speed=5x | RealTime()=514343
[C47S] CLOCK w8 :: GameTime()=276300009 (383.75 sols since game start) | UIColony.day=385 hour=0 | speed=5x | RealTime()=514343
[mod] [C47S] VOICETABLE w8 :: VoicesCooldown has 1 key(s) [769547039933] | VoiceQueue length=0 — ⭐ the keys are voiced-TEXT ids, not object handles (Voice.lua:355-358), so one key covers every not-working building in the colony at once
[C47S] VOICETABLE w8 :: VoicesCooldown has 1 key(s) [769547039933] | VoiceQueue length=0 — ⭐ the keys are voiced-TEXT ids, not object handles (Voice.lua:355-358), so one key covers every not-working building in the colony at once
						Lua 0:09:46:365
[mod] [C47S] VOID(banner path wrapped by Opt_AcknowledgedWarnings) WINDOW w9 SUBJECT ?#15779 :: adds=2 removes=2 | buffer now=3470 min=550 max=4225 mean=3374 | zero-samples=0/1081 | refills=60 totalling 27585 | not-working samples=1 (of which reason='Consumption' 1)
[C47S] VOID(banner path wrapped by Opt_AcknowledgedWarnings) WINDOW w9 SUBJECT ?#15779 :: adds=2 removes=2 | buffer now=3470 min=550 max=4225 mean=3374 | zero-samples=0/1081 | refills=60 totalling 27585 | not-working samples=1 (of which reason='Consumption' 1)
[mod] [C47S] VOID(banner path wrapped by Opt_AcknowledgedWarnings) WINDOW w9 SUBJECT ?#15974 :: adds=0 removes=0 | buffer now=3421 min=1661 max=4720 mean=3400 | zero-samples=0/1081 | refills=51 totalling 20601 | not-working samples=0 (of which reason='Consumption' 0)
[C47S] VOID(banner path wrapped by Opt_AcknowledgedWarnings) WINDOW w9 SUBJECT ?#15974 :: adds=0 removes=0 | buffer now=3421 min=1661 max=4720 mean=3400 | zero-samples=0/1081 | refills=51 totalling 20601 | not-working samples=0 (of which reason='Consumption' 0)
[mod] [C47S] VOID(banner path wrapped by Opt_AcknowledgedWarnings) WINDOW w9 CONTROL ?#2793 :: adds=0 removes=0 | buffer now=9273 min=8913 max=9273 mean=9249 | zero-samples=0/1081 | refills=3 totalling 840 | not-working samples=0 (of which reason='Consumption' 0)
[C47S] VOID(banner path wrapped by Opt_AcknowledgedWarnings) WINDOW w9 CONTROL ?#2793 :: adds=0 removes=0 | buffer now=9273 min=8913 max=9273 mean=9249 | zero-samples=0/1081 | refills=3 totalling 840 | not-working samples=0 (of which reason='Consumption' 0)
[mod] [C47S] VOID(banner path wrapped by Opt_AcknowledgedWarnings) WINDOW w9 CONTROL ?#3790 :: adds=0 removes=0 | buffer now=9113 min=8933 max=9233 mean=9122 | zero-samples=0/1081 | refills=2 totalling 560 | not-working samples=0 (of which reason='Consumption' 0)
[C47S] VOID(banner path wrapped by Opt_AcknowledgedWarnings) WINDOW w9 CONTROL ?#3790 :: adds=0 removes=0 | buffer now=9113 min=8933 max=9233 mean=9122 | zero-samples=0/1081 | refills=2 totalling 560 | not-working samples=0 (of which reason='Consumption' 0)
[mod] [C47S] VOID(banner path wrapped by Opt_AcknowledgedWarnings) WINDOW w9 CONTROL ?#4089 :: adds=0 removes=0 | buffer now=9276 min=8916 max=9276 mean=9246 | zero-samples=0/1081 | refills=3 totalling 840 | not-working samples=0 (of which reason='Consumption' 0)
[C47S] VOID(banner path wrapped by Opt_AcknowledgedWarnings) WINDOW w9 CONTROL ?#4089 :: adds=0 removes=0 | buffer now=9276 min=8916 max=9276 mean=9246 | zero-samples=0/1081 | refills=3 totalling 840 | not-working samples=0 (of which reason='Consumption' 0)
[mod] [C47S] VOID(banner path wrapped by Opt_AcknowledgedWarnings) WINDOW w9 CONTROL ?#6324 :: adds=0 removes=0 | buffer now=9400 min=8960 max=10000 mean=9433 | zero-samples=0/1081 | refills=1 totalling 1040 | not-working samples=0 (of which reason='Consumption' 0)
[C47S] VOID(banner path wrapped by Opt_AcknowledgedWarnings) WINDOW w9 CONTROL ?#6324 :: adds=0 removes=0 | buffer now=9400 min=8960 max=10000 mean=9433 | zero-samples=0/1081 | refills=1 totalling 1040 | not-working samples=0 (of which reason='Consumption' 0)
[mod] [C47S] VOID(banner path wrapped by Opt_AcknowledgedWarnings) WINDOW w9 CONTROL ?#6325 :: adds=0 removes=0 | buffer now=9000 min=8520 max=10000 mean=9050 | zero-samples=0/1081 | refills=7 totalling 3500 | not-working samples=0 (of which reason='Consumption' 0)
[C47S] VOID(banner path wrapped by Opt_AcknowledgedWarnings) WINDOW w9 CONTROL ?#6325 :: adds=0 removes=0 | buffer now=9000 min=8520 max=10000 mean=9050 | zero-samples=0/1081 | refills=7 totalling 3500 | not-working samples=0 (of which reason='Consumption' 0)
[mod] [C47S] VOID(banner path wrapped by Opt_AcknowledgedWarnings) WINDOW w9 CONTROL ?#6620 :: adds=0 removes=0 | buffer now=9221 min=8937 max=9271 mean=9200 | zero-samples=0/1081 | refills=27 totalling 694 | not-working samples=0 (of which reason='Consumption' 0)
[C47S] VOID(banner path wrapped by Opt_AcknowledgedWarnings) WINDOW w9 CONTROL ?#6620 :: adds=0 removes=0 | buffer now=9221 min=8937 max=9271 mean=9200 | zero-samples=0/1081 | refills=27 totalling 694 | not-working samples=0 (of which reason='Consumption' 0)
[mod] [C47S] VOID(banner path wrapped by Opt_AcknowledgedWarnings) WINDOW w9 CONTROL ?#6622 :: adds=0 removes=0 | buffer now=9110 min=8944 max=9274 mean=9112 | zero-samples=0/1081 | refills=27 totalling 696 | not-working samples=0 (of which reason='Consumption' 0)
[C47S] VOID(banner path wrapped by Opt_AcknowledgedWarnings) WINDOW w9 CONTROL ?#6622 :: adds=0 removes=0 | buffer now=9110 min=8944 max=9274 mean=9112 | zero-samples=0/1081 | refills=27 totalling 696 | not-working samples=0 (of which reason='Consumption' 0)
[mod] [C47S] VOID(banner path wrapped by Opt_AcknowledgedWarnings) WINDOW w9 CONTROL ?#6836 :: adds=0 removes=0 | buffer now=8943 min=8875 max=9219 mean=8963 | zero-samples=0/1081 | refills=30 totalling 998 | not-working samples=0 (of which reason='Consumption' 0)
[C47S] VOID(banner path wrapped by Opt_AcknowledgedWarnings) WINDOW w9 CONTROL ?#6836 :: adds=0 removes=0 | buffer now=8943 min=8875 max=9219 mean=8963 | zero-samples=0/1081 | refills=30 totalling 998 | not-working samples=0 (of which reason='Consumption' 0)
[mod] [C47S] VOID(banner path wrapped by Opt_AcknowledgedWarnings) WINDOW w9 CONTROL ?#6958 :: adds=0 removes=0 | buffer now=9225 min=8937 max=9273 mean=9210 | zero-samples=0/1081 | refills=28 totalling 706 | not-working samples=0 (of which reason='Consumption' 0)
[C47S] VOID(banner path wrapped by Opt_AcknowledgedWarnings) WINDOW w9 CONTROL ?#6958 :: adds=0 removes=0 | buffer now=9225 min=8937 max=9273 mean=9210 | zero-samples=0/1081 | refills=28 totalling 706 | not-working samples=0 (of which reason='Consumption' 0)
[mod] [C47S] VOID(banner path wrapped by Opt_AcknowledgedWarnings) WINDOW w9 CONTROL ?#7004 :: adds=0 removes=0 | buffer now=8905 min=8905 max=9225 mean=8935 | zero-samples=0/1081 | refills=2 totalling 560 | not-working samples=0 (of which reason='Consumption' 0)
[C47S] VOID(banner path wrapped by Opt_AcknowledgedWarnings) WINDOW w9 CONTROL ?#7004 :: adds=0 removes=0 | buffer now=8905 min=8905 max=9225 mean=8935 | zero-samples=0/1081 | refills=2 totalling 560 | not-working samples=0 (of which reason='Consumption' 0)
[mod] [C47S] VOID(banner path wrapped by Opt_AcknowledgedWarnings) WINDOW w9 CONTROL ?#7016 :: adds=0 removes=0 | buffer now=9060 min=8930 max=9550 mean=9087 | zero-samples=0/1081 | refills=2 totalling 560 | not-working samples=0 (of which reason='Consumption' 0)
[C47S] VOID(banner path wrapped by Opt_AcknowledgedWarnings) WINDOW w9 CONTROL ?#7016 :: adds=0 removes=0 | buffer now=9060 min=8930 max=9550 mean=9087 | zero-samples=0/1081 | refills=2 totalling 560 | not-working samples=0 (of which reason='Consumption' 0)
[mod] [C47S] VOID(banner path wrapped by Opt_AcknowledgedWarnings) WINDOW w9 CONTROL ?#14623 :: adds=0 removes=0 | buffer now=9042 min=8482 max=9242 mean=9031 | zero-samples=0/1081 | refills=11 totalling 3920 | not-working samples=0 (of which reason='Consumption' 0)
[C47S] VOID(banner path wrapped by Opt_AcknowledgedWarnings) WINDOW w9 CONTROL ?#14623 :: adds=0 removes=0 | buffer now=9042 min=8482 max=9242 mean=9031 | zero-samples=0/1081 | refills=11 totalling 3920 | not-working samples=0 (of which reason='Consumption' 0)
[mod] [C47S] VOID(banner path wrapped by Opt_AcknowledgedWarnings) WINDOW w9 CONTROL ?#14625 :: adds=0 removes=0 | buffer now=9243 min=8503 max=9243 mean=9198 | zero-samples=0/1081 | refills=14 totalling 4200 | not-working samples=0 (of which reason='Consumption' 0)
[C47S] VOID(banner path wrapped by Opt_AcknowledgedWarnings) WINDOW w9 CONTROL ?#14625 :: adds=0 removes=0 | buffer now=9243 min=8503 max=9243 mean=9198 | zero-samples=0/1081 | refills=14 totalling 4200 | not-working samples=0 (of which reason='Consumption' 0)
[mod] [C47S] VOID(banner path wrapped by Opt_AcknowledgedWarnings) WINDOW w9 CONTROL ?#14627 :: adds=0 removes=0 | buffer now=9210 min=8510 max=9250 mean=9164 | zero-samples=0/1081 | refills=14 totalling 4200 | not-working samples=0 (of which reason='Consumption' 0)
[C47S] VOID(banner path wrapped by Opt_AcknowledgedWarnings) WINDOW w9 CONTROL ?#14627 :: adds=0 removes=0 | buffer now=9210 min=8510 max=9250 mean=9164 | zero-samples=0/1081 | refills=14 totalling 4200 | not-working samples=0 (of which reason='Consumption' 0)
						Lua 0:09:46:366
[mod] [C47S] VOID(banner path wrapped by Opt_AcknowledgedWarnings) WINDOW w9 CONTROL ?#14628 :: adds=0 removes=0 | buffer now=9116 min=8536 max=9276 mean=9109 | zero-samples=0/1081 | refills=9 totalling 3360 | not-working samples=0 (of which reason='Consumption' 0)
[C47S] VOID(banner path wrapped by Opt_AcknowledgedWarnings) WINDOW w9 CONTROL ?#14628 :: adds=0 removes=0 | buffer now=9116 min=8536 max=9276 mean=9109 | zero-samples=0/1081 | refills=9 totalling 3360 | not-working samples=0 (of which reason='Consumption' 0)
[mod] [C47S] VOID(banner path wrapped by Opt_AcknowledgedWarnings) WINDOW w9 CONTROL ?#14629 :: adds=0 removes=0 | buffer now=9097 min=8517 max=9257 mean=9077 | zero-samples=0/1081 | refills=11 totalling 3920 | not-working samples=0 (of which reason='Consumption' 0)
[C47S] VOID(banner path wrapped by Opt_AcknowledgedWarnings) WINDOW w9 CONTROL ?#14629 :: adds=0 removes=0 | buffer now=9097 min=8517 max=9257 mean=9077 | zero-samples=0/1081 | refills=11 totalling 3920 | not-working samples=0 (of which reason='Consumption' 0)
[mod] [C47S] VOID(banner path wrapped by Opt_AcknowledgedWarnings) WINDOW w9 CONTROL ?#15043 :: adds=0 removes=0 | buffer now=9057 min=8537 max=9237 mean=9047 | zero-samples=0/1081 | refills=17 totalling 3880 | not-working samples=0 (of which reason='Consumption' 0)
[C47S] VOID(banner path wrapped by Opt_AcknowledgedWarnings) WINDOW w9 CONTROL ?#15043 :: adds=0 removes=0 | buffer now=9057 min=8537 max=9237 mean=9047 | zero-samples=0/1081 | refills=17 totalling 3880 | not-working samples=0 (of which reason='Consumption' 0)
[mod] [C47S] VOID(banner path wrapped by Opt_AcknowledgedWarnings) WINDOW w9 CONTROL ?#15047 :: adds=0 removes=0 | buffer now=9095 min=8595 max=9295 mean=9066 | zero-samples=0/1081 | refills=19 totalling 3920 | not-working samples=0 (of which reason='Consumption' 0)
[C47S] VOID(banner path wrapped by Opt_AcknowledgedWarnings) WINDOW w9 CONTROL ?#15047 :: adds=0 removes=0 | buffer now=9095 min=8595 max=9295 mean=9066 | zero-samples=0/1081 | refills=19 totalling 3920 | not-working samples=0 (of which reason='Consumption' 0)
[mod] [C47S] VOID(banner path wrapped by Opt_AcknowledgedWarnings) WINDOW w9 CONTROL ?#15050 :: adds=0 removes=0 | buffer now=9320 min=8920 max=9320 mean=9287 | zero-samples=0/1081 | refills=11 totalling 1400 | not-working samples=0 (of which reason='Consumption' 0)
[C47S] VOID(banner path wrapped by Opt_AcknowledgedWarnings) WINDOW w9 CONTROL ?#15050 :: adds=0 removes=0 | buffer now=9320 min=8920 max=9320 mean=9287 | zero-samples=0/1081 | refills=11 totalling 1400 | not-working samples=0 (of which reason='Consumption' 0)
[mod] [C47S] VOID(banner path wrapped by Opt_AcknowledgedWarnings) WINDOW w9 CONTROL ?#15052 :: adds=0 removes=0 | buffer now=9016 min=8556 max=9256 mean=9013 | zero-samples=0/1081 | refills=17 totalling 3840 | not-working samples=0 (of which reason='Consumption' 0)
[C47S] VOID(banner path wrapped by Opt_AcknowledgedWarnings) WINDOW w9 CONTROL ?#15052 :: adds=0 removes=0 | buffer now=9016 min=8556 max=9256 mean=9013 | zero-samples=0/1081 | refills=17 totalling 3840 | not-working samples=0 (of which reason='Consumption' 0)
[mod] [C47S] VOID(banner path wrapped by Opt_AcknowledgedWarnings) WINDOW w9 CONTROL ?#15098 :: adds=0 removes=0 | buffer now=9042 min=8562 max=9242 mean=9021 | zero-samples=0/1081 | refills=19 totalling 3880 | not-working samples=0 (of which reason='Consumption' 0)
[C47S] VOID(banner path wrapped by Opt_AcknowledgedWarnings) WINDOW w9 CONTROL ?#15098 :: adds=0 removes=0 | buffer now=9042 min=8562 max=9242 mean=9021 | zero-samples=0/1081 | refills=19 totalling 3880 | not-working samples=0 (of which reason='Consumption' 0)
[mod] [C47S] VOID(banner path wrapped by Opt_AcknowledgedWarnings) WINDOW w9 CONTROL ?#15099 :: adds=0 removes=0 | buffer now=9019 min=8559 max=9319 mean=9011 | zero-samples=0/1081 | refills=17 totalling 3840 | not-working samples=0 (of which reason='Consumption' 0)
[C47S] VOID(banner path wrapped by Opt_AcknowledgedWarnings) WINDOW w9 CONTROL ?#15099 :: adds=0 removes=0 | buffer now=9019 min=8559 max=9319 mean=9011 | zero-samples=0/1081 | refills=17 totalling 3840 | not-working samples=0 (of which reason='Consumption' 0)
[mod] [C47S] VOID(banner path wrapped by Opt_AcknowledgedWarnings) WINDOW w9 CONTROL ?#15547 :: adds=0 removes=0 | buffer now=9156 min=8636 max=9196 mean=9128 | zero-samples=0/1081 | refills=4 totalling 1120 | not-working samples=0 (of which reason='Consumption' 0)
[C47S] VOID(banner path wrapped by Opt_AcknowledgedWarnings) WINDOW w9 CONTROL ?#15547 :: adds=0 removes=0 | buffer now=9156 min=8636 max=9196 mean=9128 | zero-samples=0/1081 | refills=4 totalling 1120 | not-working samples=0 (of which reason='Consumption' 0)
[mod] [C47S] VOID(banner path wrapped by Opt_AcknowledgedWarnings) WINDOW w9 CONTROL ?#15549 :: adds=0 removes=0 | buffer now=9179 min=8639 max=9259 mean=9150 | zero-samples=0/1081 | refills=4 totalling 1120 | not-working samples=0 (of which reason='Consumption' 0)
[C47S] VOID(banner path wrapped by Opt_AcknowledgedWarnings) WINDOW w9 CONTROL ?#15549 :: adds=0 removes=0 | buffer now=9179 min=8639 max=9259 mean=9150 | zero-samples=0/1081 | refills=4 totalling 1120 | not-working samples=0 (of which reason='Consumption' 0)
[mod] [C47S] VOID(banner path wrapped by Opt_AcknowledgedWarnings) WINDOW w9 CONTROL ?#15554 :: adds=0 removes=0 | buffer now=9123 min=8503 max=9263 mean=9090 | zero-samples=0/1081 | refills=13 totalling 3920 | not-working samples=0 (of which reason='Consumption' 0)
[C47S] VOID(banner path wrapped by Opt_AcknowledgedWarnings) WINDOW w9 CONTROL ?#15554 :: adds=0 removes=0 | buffer now=9123 min=8503 max=9263 mean=9090 | zero-samples=0/1081 | refills=13 totalling 3920 | not-working samples=0 (of which reason='Consumption' 0)
[mod] [C47S] VOID(banner path wrapped by Opt_AcknowledgedWarnings) WINDOW w9 CONTROL ?#15556 :: adds=0 removes=0 | buffer now=9130 min=8510 max=9270 mean=9113 | zero-samples=0/1081 | refills=12 totalling 3920 | not-working samples=0 (of which reason='Consumption' 0)
[C47S] VOID(banner path wrapped by Opt_AcknowledgedWarnings) WINDOW w9 CONTROL ?#15556 :: adds=0 removes=0 | buffer now=9130 min=8510 max=9270 mean=9113 | zero-samples=0/1081 | refills=12 totalling 3920 | not-working samples=0 (of which reason='Consumption' 0)
[mod] [C47S] VOID(banner path wrapped by Opt_AcknowledgedWarnings) WINDOW w9 CONTROL ?#15563 :: adds=0 removes=0 | buffer now=9102 min=8522 max=9262 mean=9092 | zero-samples=0/1081 | refills=12 totalling 3920 | not-working samples=0 (of which reason='Consumption' 0)
[C47S] VOID(banner path wrapped by Opt_AcknowledgedWarnings) WINDOW w9 CONTROL ?#15563 :: adds=0 removes=0 | buffer now=9102 min=8522 max=9262 mean=9092 | zero-samples=0/1081 | refills=12 totalling 3920 | not-working samples=0 (of which reason='Consumption' 0)
[mod] [C47S] VOID(banner path wrapped by Opt_AcknowledgedWarnings) WINDOW w9 CONTROL ?#15565 :: adds=0 removes=0 | buffer now=9164 min=8524 max=9264 mean=9136 | zero-samples=0/1081 | refills=12 totalling 3920 | not-working samples=0 (of which reason='Consumption' 0)
[C47S] VOID(banner path wrapped by Opt_AcknowledgedWarnings) WINDOW w9 CONTROL ?#15565 :: adds=0 removes=0 | buffer now=9164 min=8524 max=9264 mean=9136 | zero-samples=0/1081 | refills=12 totalling 3920 | not-working samples=0 (of which reason='Consumption' 0)
[mod] [C47S] VOID(banner path wrapped by Opt_AcknowledgedWarnings) WINDOW w9 CONTROL ?#15810 :: adds=0 removes=0 | buffer now=8752 min=8557 max=9312 mean=8799 | zero-samples=0/1081 | refills=26 totalling 3556 | not-working samples=0 (of which reason='Consumption' 0)
[C47S] VOID(banner path wrapped by Opt_AcknowledgedWarnings) WINDOW w9 CONTROL ?#15810 :: adds=0 removes=0 | buffer now=8752 min=8557 max=9312 mean=8799 | zero-samples=0/1081 | refills=26 totalling 3556 | not-working samples=0 (of which reason='Consumption' 0)
[mod] [C47S] VOID(banner path wrapped by Opt_AcknowledgedWarnings) WINDOW w9 CONTROL ?#15817 :: adds=0 removes=0 | buffer now=9155 min=8568 max=9318 mean=9147 | zero-samples=0/1081 | refills=28 totalling 4025 | not-working samples=0 (of which reason='Consumption' 0)
[C47S] VOID(banner path wrapped by Opt_AcknowledgedWarnings) WINDOW w9 CONTROL ?#15817 :: adds=0 removes=0 | buffer now=9155 min=8568 max=9318 mean=9147 | zero-samples=0/1081 | refills=28 totalling 4025 | not-working samples=0 (of which reason='Consumption' 0)
[mod] [C47S] VOID(banner path wrapped by Opt_AcknowledgedWarnings) WINDOW w9 CONTROL ?#16008 :: adds=0 removes=0 | buffer now=8648 min=8544 max=9316 mean=8712 | zero-samples=0/1081 | refills=28 totalling 3592 | not-working samples=0 (of which reason='Consumption' 0)
[C47S] VOID(banner path wrapped by Opt_AcknowledgedWarnings) WINDOW w9 CONTROL ?#16008 :: adds=0 removes=0 | buffer now=8648 min=8544 max=9316 mean=8712 | zero-samples=0/1081 | refills=28 totalling 3592 | not-working samples=0 (of which reason='Consumption' 0)
[mod] [C47S] VOID(banner path wrapped by Opt_AcknowledgedWarnings) WINDOW w9 CONTROL ?#16011 :: adds=0 removes=0 | buffer now=8745 min=8505 max=9245 mean=8785 | zero-samples=0/1081 | refills=11 totalling 3640 | not-working samples=0 (of which reason='Consumption' 0)
[C47S] VOID(banner path wrapped by Opt_AcknowledgedWarnings) WINDOW w9 CONTROL ?#16011 :: adds=0 removes=0 | buffer now=8745 min=8505 max=9245 mean=8785 | zero-samples=0/1081 | refills=11 totalling 3640 | not-working samples=0 (of which reason='Consumption' 0)
[mod] [C47S] VOID(banner path wrapped by Opt_AcknowledgedWarnings) WINDOW w9 CONTROL ?#16076 :: adds=0 removes=0 | buffer now=9059 min=8479 max=9279 mean=9036 | zero-samples=0/1081 | refills=14 totalling 3920 | not-working samples=0 (of which reason='Consumption' 0)
[C47S] VOID(banner path wrapped by Opt_AcknowledgedWarnings) WINDOW w9 CONTROL ?#16076 :: adds=0 removes=0 | buffer now=9059 min=8479 max=9279 mean=9036 | zero-samples=0/1081 | refills=14 totalling 3920 | not-working samples=0 (of which reason='Consumption' 0)
[mod] [C47S] VOID(banner path wrapped by Opt_AcknowledgedWarnings) WINDOW w9 CONTROL ?#16077 :: adds=0 removes=0 | buffer now=9172 min=8532 max=9272 mean=9136 | zero-samples=0/1081 | refills=14 totalling 3920 | not-working samples=0 (of which reason='Consumption' 0)
[C47S] VOID(banner path wrapped by Opt_AcknowledgedWarnings) WINDOW w9 CONTROL ?#16077 :: adds=0 removes=0 | buffer now=9172 min=8532 max=9272 mean=9136 | zero-samples=0/1081 | refills=14 totalling 3920 | not-working samples=0 (of which reason='Consumption' 0)
[mod] [C47S] VOID(banner path wrapped by Opt_AcknowledgedWarnings) WINDOW w9 CONTROL ?#16155 :: adds=0 removes=0 | buffer now=9258 min=8518 max=9258 mean=9216 | zero-samples=0/1081 | refills=10 totalling 4200 | not-working samples=0 (of which reason='Consumption' 0)
[C47S] VOID(banner path wrapped by Opt_AcknowledgedWarnings) WINDOW w9 CONTROL ?#16155 :: adds=0 removes=0 | buffer now=9258 min=8518 max=9258 mean=9216 | zero-samples=0/1081 | refills=10 totalling 4200 | not-working samples=0 (of which reason='Consumption' 0)
[mod] [C47S] VOID(banner path wrapped by Opt_AcknowledgedWarnings) WINDOW w9 CONTROL ?#16192 :: adds=0 removes=0 | buffer now=9105 min=8865 max=9275 mean=9103 | zero-samples=0/1081 | refills=4 totalling 1120 | not-working samples=0 (of which reason='Consumption' 0)
[C47S] VOID(banner path wrapped by Opt_AcknowledgedWarnings) WINDOW w9 CONTROL ?#16192 :: adds=0 removes=0 | buffer now=9105 min=8865 max=9275 mean=9103 | zero-samples=0/1081 | refills=4 totalling 1120 | not-working samples=0 (of which reason='Consumption' 0)
[mod] [C47S] VOID(banner path wrapped by Opt_AcknowledgedWarnings) WINDOW w9 TOTALS :: adds(all objects on 'NotWorkingBuildings')=7 removes=7 | adds on objects this leg does NOT track=5 | voice-eligible SHIPPED model (text-keyed, RealTime, colony-wide)=2 | voice-eligible under the entry's ASSUMED per-object model=1
[C47S] VOID(banner path wrapped by Opt_AcknowledgedWarnings) WINDOW w9 TOTALS :: adds(all objects on 'NotWorkingBuildings')=7 removes=7 | adds on objects this leg does NOT track=5 | voice-eligible SHIPPED model (text-keyed, RealTime, colony-wide)=2 | voice-eligible under the entry's ASSUMED per-object model=1
[mod] [C47S] CLOCK w9 :: GameTime()=276300009 (383.75 sols since game start) | UIColony.day=385 hour=0 | speed=5x | RealTime()=574343
[C47S] CLOCK w9 :: GameTime()=276300009 (383.75 sols since game start) | UIColony.day=385 hour=0 | speed=5x | RealTime()=574343
[mod] [C47S] VOICETABLE w9 :: VoicesCooldown has 1 key(s) [769547039933] | VoiceQueue length=0 — ⭐ the keys are voiced-TEXT ids, not object handles (Voice.lua:355-358), so one key covers every not-working building in the colony at once
[C47S] VOICETABLE w9 :: VoicesCooldown has 1 key(s) [769547039933] | VoiceQueue length=0 — ⭐ the keys are voiced-TEXT ids, not object handles (Voice.lua:355-358), so one key covers every not-working building in the colony at once
						Lua 0:10:46:367
[mod] [C47S] VOID(banner path wrapped by Opt_AcknowledgedWarnings) WINDOW w10 SUBJECT ?#15779 :: adds=2 removes=2 | buffer now=3470 min=550 max=4225 mean=3383 | zero-samples=0/1201 | refills=60 totalling 27585 | not-working samples=1 (of which reason='Consumption' 1)
[C47S] VOID(banner path wrapped by Opt_AcknowledgedWarnings) WINDOW w10 SUBJECT ?#15779 :: adds=2 removes=2 | buffer now=3470 min=550 max=4225 mean=3383 | zero-samples=0/1201 | refills=60 totalling 27585 | not-working samples=1 (of which reason='Consumption' 1)
[mod] [C47S] VOID(banner path wrapped by Opt_AcknowledgedWarnings) WINDOW w10 SUBJECT ?#15974 :: adds=0 removes=0 | buffer now=3421 min=1661 max=4720 mean=3402 | zero-samples=0/1201 | refills=51 totalling 20601 | not-working samples=0 (of which reason='Consumption' 0)
[C47S] VOID(banner path wrapped by Opt_AcknowledgedWarnings) WINDOW w10 SUBJECT ?#15974 :: adds=0 removes=0 | buffer now=3421 min=1661 max=4720 mean=3402 | zero-samples=0/1201 | refills=51 totalling 20601 | not-working samples=0 (of which reason='Consumption' 0)
[mod] [C47S] VOID(banner path wrapped by Opt_AcknowledgedWarnings) WINDOW w10 CONTROL ?#2793 :: adds=0 removes=0 | buffer now=9273 min=8913 max=9273 mean=9251 | zero-samples=0/1201 | refills=3 totalling 840 | not-working samples=0 (of which reason='Consumption' 0)
[C47S] VOID(banner path wrapped by Opt_AcknowledgedWarnings) WINDOW w10 CONTROL ?#2793 :: adds=0 removes=0 | buffer now=9273 min=8913 max=9273 mean=9251 | zero-samples=0/1201 | refills=3 totalling 840 | not-working samples=0 (of which reason='Consumption' 0)
[mod] [C47S] VOID(banner path wrapped by Opt_AcknowledgedWarnings) WINDOW w10 CONTROL ?#3790 :: adds=0 removes=0 | buffer now=9113 min=8933 max=9233 mean=9121 | zero-samples=0/1201 | refills=2 totalling 560 | not-working samples=0 (of which reason='Consumption' 0)
[C47S] VOID(banner path wrapped by Opt_AcknowledgedWarnings) WINDOW w10 CONTROL ?#3790 :: adds=0 removes=0 | buffer now=9113 min=8933 max=9233 mean=9121 | zero-samples=0/1201 | refills=2 totalling 560 | not-working samples=0 (of which reason='Consumption' 0)
[mod] [C47S] VOID(banner path wrapped by Opt_AcknowledgedWarnings) WINDOW w10 CONTROL ?#4089 :: adds=0 removes=0 | buffer now=9276 min=8916 max=9276 mean=9249 | zero-samples=0/1201 | refills=3 totalling 840 | not-working samples=0 (of which reason='Consumption' 0)
[C47S] VOID(banner path wrapped by Opt_AcknowledgedWarnings) WINDOW w10 CONTROL ?#4089 :: adds=0 removes=0 | buffer now=9276 min=8916 max=9276 mean=9249 | zero-samples=0/1201 | refills=3 totalling 840 | not-working samples=0 (of which reason='Consumption' 0)
[mod] [C47S] VOID(banner path wrapped by Opt_AcknowledgedWarnings) WINDOW w10 CONTROL ?#6324 :: adds=0 removes=0 | buffer now=9400 min=8960 max=10000 mean=9429 | zero-samples=0/1201 | refills=1 totalling 1040 | not-working samples=0 (of which reason='Consumption' 0)
[C47S] VOID(banner path wrapped by Opt_AcknowledgedWarnings) WINDOW w10 CONTROL ?#6324 :: adds=0 removes=0 | buffer now=9400 min=8960 max=10000 mean=9429 | zero-samples=0/1201 | refills=1 totalling 1040 | not-working samples=0 (of which reason='Consumption' 0)
[mod] [C47S] VOID(banner path wrapped by Opt_AcknowledgedWarnings) WINDOW w10 CONTROL ?#6325 :: adds=0 removes=0 | buffer now=9000 min=8520 max=10000 mean=9045 | zero-samples=0/1201 | refills=7 totalling 3500 | not-working samples=0 (of which reason='Consumption' 0)
[C47S] VOID(banner path wrapped by Opt_AcknowledgedWarnings) WINDOW w10 CONTROL ?#6325 :: adds=0 removes=0 | buffer now=9000 min=8520 max=10000 mean=9045 | zero-samples=0/1201 | refills=7 totalling 3500 | not-working samples=0 (of which reason='Consumption' 0)
[mod] [C47S] VOID(banner path wrapped by Opt_AcknowledgedWarnings) WINDOW w10 CONTROL ?#6620 :: adds=0 removes=0 | buffer now=9221 min=8937 max=9271 mean=9202 | zero-samples=0/1201 | refills=27 totalling 694 | not-working samples=0 (of which reason='Consumption' 0)
[C47S] VOID(banner path wrapped by Opt_AcknowledgedWarnings) WINDOW w10 CONTROL ?#6620 :: adds=0 removes=0 | buffer now=9221 min=8937 max=9271 mean=9202 | zero-samples=0/1201 | refills=27 totalling 694 | not-working samples=0 (of which reason='Consumption' 0)
[mod] [C47S] VOID(banner path wrapped by Opt_AcknowledgedWarnings) WINDOW w10 CONTROL ?#6622 :: adds=0 removes=0 | buffer now=9110 min=8944 max=9274 mean=9112 | zero-samples=0/1201 | refills=27 totalling 696 | not-working samples=0 (of which reason='Consumption' 0)
[C47S] VOID(banner path wrapped by Opt_AcknowledgedWarnings) WINDOW w10 CONTROL ?#6622 :: adds=0 removes=0 | buffer now=9110 min=8944 max=9274 mean=9112 | zero-samples=0/1201 | refills=27 totalling 696 | not-working samples=0 (of which reason='Consumption' 0)
[mod] [C47S] VOID(banner path wrapped by Opt_AcknowledgedWarnings) WINDOW w10 CONTROL ?#6836 :: adds=0 removes=0 | buffer now=8943 min=8875 max=9219 mean=8961 | zero-samples=0/1201 | refills=30 totalling 998 | not-working samples=0 (of which reason='Consumption' 0)
[C47S] VOID(banner path wrapped by Opt_AcknowledgedWarnings) WINDOW w10 CONTROL ?#6836 :: adds=0 removes=0 | buffer now=8943 min=8875 max=9219 mean=8961 | zero-samples=0/1201 | refills=30 totalling 998 | not-working samples=0 (of which reason='Consumption' 0)
[mod] [C47S] VOID(banner path wrapped by Opt_AcknowledgedWarnings) WINDOW w10 CONTROL ?#6958 :: adds=0 removes=0 | buffer now=9225 min=8937 max=9273 mean=9211 | zero-samples=0/1201 | refills=28 totalling 706 | not-working samples=0 (of which reason='Consumption' 0)
[C47S] VOID(banner path wrapped by Opt_AcknowledgedWarnings) WINDOW w10 CONTROL ?#6958 :: adds=0 removes=0 | buffer now=9225 min=8937 max=9273 mean=9211 | zero-samples=0/1201 | refills=28 totalling 706 | not-working samples=0 (of which reason='Consumption' 0)
[mod] [C47S] VOID(banner path wrapped by Opt_AcknowledgedWarnings) WINDOW w10 CONTROL ?#7004 :: adds=0 removes=0 | buffer now=8905 min=8905 max=9225 mean=8932 | zero-samples=0/1201 | refills=2 totalling 560 | not-working samples=0 (of which reason='Consumption' 0)
[C47S] VOID(banner path wrapped by Opt_AcknowledgedWarnings) WINDOW w10 CONTROL ?#7004 :: adds=0 removes=0 | buffer now=8905 min=8905 max=9225 mean=8932 | zero-samples=0/1201 | refills=2 totalling 560 | not-working samples=0 (of which reason='Consumption' 0)
[mod] [C47S] VOID(banner path wrapped by Opt_AcknowledgedWarnings) WINDOW w10 CONTROL ?#7016 :: adds=0 removes=0 | buffer now=9060 min=8930 max=9550 mean=9085 | zero-samples=0/1201 | refills=2 totalling 560 | not-working samples=0 (of which reason='Consumption' 0)
[C47S] VOID(banner path wrapped by Opt_AcknowledgedWarnings) WINDOW w10 CONTROL ?#7016 :: adds=0 removes=0 | buffer now=9060 min=8930 max=9550 mean=9085 | zero-samples=0/1201 | refills=2 totalling 560 | not-working samples=0 (of which reason='Consumption' 0)
[mod] [C47S] VOID(banner path wrapped by Opt_AcknowledgedWarnings) WINDOW w10 CONTROL ?#14623 :: adds=0 removes=0 | buffer now=9042 min=8482 max=9242 mean=9032 | zero-samples=0/1201 | refills=11 totalling 3920 | not-working samples=0 (of which reason='Consumption' 0)
[C47S] VOID(banner path wrapped by Opt_AcknowledgedWarnings) WINDOW w10 CONTROL ?#14623 :: adds=0 removes=0 | buffer now=9042 min=8482 max=9242 mean=9032 | zero-samples=0/1201 | refills=11 totalling 3920 | not-working samples=0 (of which reason='Consumption' 0)
[mod] [C47S] VOID(banner path wrapped by Opt_AcknowledgedWarnings) WINDOW w10 CONTROL ?#14625 :: adds=0 removes=0 | buffer now=9243 min=8503 max=9243 mean=9203 | zero-samples=0/1201 | refills=14 totalling 4200 | not-working samples=0 (of which reason='Consumption' 0)
[C47S] VOID(banner path wrapped by Opt_AcknowledgedWarnings) WINDOW w10 CONTROL ?#14625 :: adds=0 removes=0 | buffer now=9243 min=8503 max=9243 mean=9203 | zero-samples=0/1201 | refills=14 totalling 4200 | not-working samples=0 (of which reason='Consumption' 0)
[mod] [C47S] VOID(banner path wrapped by Opt_AcknowledgedWarnings) WINDOW w10 CONTROL ?#14627 :: adds=0 removes=0 | buffer now=9210 min=8510 max=9250 mean=9169 | zero-samples=0/1201 | refills=14 totalling 4200 | not-working samples=0 (of which reason='Consumption' 0)
[C47S] VOID(banner path wrapped by Opt_AcknowledgedWarnings) WINDOW w10 CONTROL ?#14627 :: adds=0 removes=0 | buffer now=9210 min=8510 max=9250 mean=9169 | zero-samples=0/1201 | refills=14 totalling 4200 | not-working samples=0 (of which reason='Consumption' 0)
[mod] [C47S] VOID(banner path wrapped by Opt_AcknowledgedWarnings) WINDOW w10 CONTROL ?#14628 :: adds=0 removes=0 | buffer now=9116 min=8536 max=9276 mean=9109 | zero-samples=0/1201 | refills=9 totalling 3360 | not-working samples=0 (of which reason='Consumption' 0)
[C47S] VOID(banner path wrapped by Opt_AcknowledgedWarnings) WINDOW w10 CONTROL ?#14628 :: adds=0 removes=0 | buffer now=9116 min=8536 max=9276 mean=9109 | zero-samples=0/1201 | refills=9 totalling 3360 | not-working samples=0 (of which reason='Consumption' 0)
[mod] [C47S] VOID(banner path wrapped by Opt_AcknowledgedWarnings) WINDOW w10 CONTROL ?#14629 :: adds=0 removes=0 | buffer now=9097 min=8517 max=9257 mean=9079 | zero-samples=0/1201 | refills=11 totalling 3920 | not-working samples=0 (of which reason='Consumption' 0)
[C47S] VOID(banner path wrapped by Opt_AcknowledgedWarnings) WINDOW w10 CONTROL ?#14629 :: adds=0 removes=0 | buffer now=9097 min=8517 max=9257 mean=9079 | zero-samples=0/1201 | refills=11 totalling 3920 | not-working samples=0 (of which reason='Consumption' 0)
[mod] [C47S] VOID(banner path wrapped by Opt_AcknowledgedWarnings) WINDOW w10 CONTROL ?#15043 :: adds=0 removes=0 | buffer now=9057 min=8537 max=9237 mean=9048 | zero-samples=0/1201 | refills=17 totalling 3880 | not-working samples=0 (of which reason='Consumption' 0)
[C47S] VOID(banner path wrapped by Opt_AcknowledgedWarnings) WINDOW w10 CONTROL ?#15043 :: adds=0 removes=0 | buffer now=9057 min=8537 max=9237 mean=9048 | zero-samples=0/1201 | refills=17 totalling 3880 | not-working samples=0 (of which reason='Consumption' 0)
[mod] [C47S] VOID(banner path wrapped by Opt_AcknowledgedWarnings) WINDOW w10 CONTROL ?#15047 :: adds=0 removes=0 | buffer now=9095 min=8595 max=9295 mean=9069 | zero-samples=0/1201 | refills=19 totalling 3920 | not-working samples=0 (of which reason='Consumption' 0)
[C47S] VOID(banner path wrapped by Opt_AcknowledgedWarnings) WINDOW w10 CONTROL ?#15047 :: adds=0 removes=0 | buffer now=9095 min=8595 max=9295 mean=9069 | zero-samples=0/1201 | refills=19 totalling 3920 | not-working samples=0 (of which reason='Consumption' 0)
[mod] [C47S] VOID(banner path wrapped by Opt_AcknowledgedWarnings) WINDOW w10 CONTROL ?#15050 :: adds=0 removes=0 | buffer now=9320 min=8920 max=9320 mean=9291 | zero-samples=0/1201 | refills=11 totalling 1400 | not-working samples=0 (of which reason='Consumption' 0)
[C47S] VOID(banner path wrapped by Opt_AcknowledgedWarnings) WINDOW w10 CONTROL ?#15050 :: adds=0 removes=0 | buffer now=9320 min=8920 max=9320 mean=9291 | zero-samples=0/1201 | refills=11 totalling 1400 | not-working samples=0 (of which reason='Consumption' 0)
[mod] [C47S] VOID(banner path wrapped by Opt_AcknowledgedWarnings) WINDOW w10 CONTROL ?#15052 :: adds=0 removes=0 | buffer now=9016 min=8556 max=9256 mean=9013 | zero-samples=0/1201 | refills=17 totalling 3840 | not-working samples=0 (of which reason='Consumption' 0)
[C47S] VOID(banner path wrapped by Opt_AcknowledgedWarnings) WINDOW w10 CONTROL ?#15052 :: adds=0 removes=0 | buffer now=9016 min=8556 max=9256 mean=9013 | zero-samples=0/1201 | refills=17 totalling 3840 | not-working samples=0 (of which reason='Consumption' 0)
[mod] [C47S] VOID(banner path wrapped by Opt_AcknowledgedWarnings) WINDOW w10 CONTROL ?#15098 :: adds=0 removes=0 | buffer now=9042 min=8562 max=9242 mean=9023 | zero-samples=0/1201 | refills=19 totalling 3880 | not-working samples=0 (of which reason='Consumption' 0)
[C47S] VOID(banner path wrapped by Opt_AcknowledgedWarnings) WINDOW w10 CONTROL ?#15098 :: adds=0 removes=0 | buffer now=9042 min=8562 max=9242 mean=9023 | zero-samples=0/1201 | refills=19 totalling 3880 | not-working samples=0 (of which reason='Consumption' 0)
[mod] [C47S] VOID(banner path wrapped by Opt_AcknowledgedWarnings) WINDOW w10 CONTROL ?#15099 :: adds=0 removes=0 | buffer now=9019 min=8559 max=9319 mean=9011 | zero-samples=0/1201 | refills=17 totalling 3840 | not-working samples=0 (of which reason='Consumption' 0)
[C47S] VOID(banner path wrapped by Opt_AcknowledgedWarnings) WINDOW w10 CONTROL ?#15099 :: adds=0 removes=0 | buffer now=9019 min=8559 max=9319 mean=9011 | zero-samples=0/1201 | refills=17 totalling 3840 | not-working samples=0 (of which reason='Consumption' 0)
[mod] [C47S] VOID(banner path wrapped by Opt_AcknowledgedWarnings) WINDOW w10 CONTROL ?#15547 :: adds=0 removes=0 | buffer now=9156 min=8636 max=9196 mean=9131 | zero-samples=0/1201 | refills=4 totalling 1120 | not-working samples=0 (of which reason='Consumption' 0)
[C47S] VOID(banner path wrapped by Opt_AcknowledgedWarnings) WINDOW w10 CONTROL ?#15547 :: adds=0 removes=0 | buffer now=9156 min=8636 max=9196 mean=9131 | zero-samples=0/1201 | refills=4 totalling 1120 | not-working samples=0 (of which reason='Consumption' 0)
[mod] [C47S] VOID(banner path wrapped by Opt_AcknowledgedWarnings) WINDOW w10 CONTROL ?#15549 :: adds=0 removes=0 | buffer now=9179 min=8639 max=9259 mean=9153 | zero-samples=0/1201 | refills=4 totalling 1120 | not-working samples=0 (of which reason='Consumption' 0)
[C47S] VOID(banner path wrapped by Opt_AcknowledgedWarnings) WINDOW w10 CONTROL ?#15549 :: adds=0 removes=0 | buffer now=9179 min=8639 max=9259 mean=9153 | zero-samples=0/1201 | refills=4 totalling 1120 | not-working samples=0 (of which reason='Consumption' 0)
[mod] [C47S] VOID(banner path wrapped by Opt_AcknowledgedWarnings) WINDOW w10 CONTROL ?#15554 :: adds=0 removes=0 | buffer now=9123 min=8503 max=9263 mean=9093 | zero-samples=0/1201 | refills=13 totalling 3920 | not-working samples=0 (of which reason='Consumption' 0)
[C47S] VOID(banner path wrapped by Opt_AcknowledgedWarnings) WINDOW w10 CONTROL ?#15554 :: adds=0 removes=0 | buffer now=9123 min=8503 max=9263 mean=9093 | zero-samples=0/1201 | refills=13 totalling 3920 | not-working samples=0 (of which reason='Consumption' 0)
[mod] [C47S] VOID(banner path wrapped by Opt_AcknowledgedWarnings) WINDOW w10 CONTROL ?#15556 :: adds=0 removes=0 | buffer now=9130 min=8510 max=9270 mean=9115 | zero-samples=0/1201 | refills=12 totalling 3920 | not-working samples=0 (of which reason='Consumption' 0)
[C47S] VOID(banner path wrapped by Opt_AcknowledgedWarnings) WINDOW w10 CONTROL ?#15556 :: adds=0 removes=0 | buffer now=9130 min=8510 max=9270 mean=9115 | zero-samples=0/1201 | refills=12 totalling 3920 | not-working samples=0 (of which reason='Consumption' 0)
[mod] [C47S] VOID(banner path wrapped by Opt_AcknowledgedWarnings) WINDOW w10 CONTROL ?#15563 :: adds=0 removes=0 | buffer now=9102 min=8522 max=9262 mean=9093 | zero-samples=0/1201 | refills=12 totalling 3920 | not-working samples=0 (of which reason='Consumption' 0)
[C47S] VOID(banner path wrapped by Opt_AcknowledgedWarnings) WINDOW w10 CONTROL ?#15563 :: adds=0 removes=0 | buffer now=9102 min=8522 max=9262 mean=9093 | zero-samples=0/1201 | refills=12 totalling 3920 | not-working samples=0 (of which reason='Consumption' 0)
[mod] [C47S] VOID(banner path wrapped by Opt_AcknowledgedWarnings) WINDOW w10 CONTROL ?#15565 :: adds=0 removes=0 | buffer now=9164 min=8524 max=9264 mean=9139 | zero-samples=0/1201 | refills=12 totalling 3920 | not-working samples=0 (of which reason='Consumption' 0)
[C47S] VOID(banner path wrapped by Opt_AcknowledgedWarnings) WINDOW w10 CONTROL ?#15565 :: adds=0 removes=0 | buffer now=9164 min=8524 max=9264 mean=9139 | zero-samples=0/1201 | refills=12 totalling 3920 | not-working samples=0 (of which reason='Consumption' 0)
[mod] [C47S] VOID(banner path wrapped by Opt_AcknowledgedWarnings) WINDOW w10 CONTROL ?#15810 :: adds=0 removes=0 | buffer now=8752 min=8557 max=9312 mean=8795 | zero-samples=0/1201 | refills=26 totalling 3556 | not-working samples=0 (of which reason='Consumption' 0)
[C47S] VOID(banner path wrapped by Opt_AcknowledgedWarnings) WINDOW w10 CONTROL ?#15810 :: adds=0 removes=0 | buffer now=8752 min=8557 max=9312 mean=8795 | zero-samples=0/1201 | refills=26 totalling 3556 | not-working samples=0 (of which reason='Consumption' 0)
[mod] [C47S] VOID(banner path wrapped by Opt_AcknowledgedWarnings) WINDOW w10 CONTROL ?#15817 :: adds=0 removes=0 | buffer now=9155 min=8568 max=9318 mean=9148 | zero-samples=0/1201 | refills=28 totalling 4025 | not-working samples=0 (of which reason='Consumption' 0)
[C47S] VOID(banner path wrapped by Opt_AcknowledgedWarnings) WINDOW w10 CONTROL ?#15817 :: adds=0 removes=0 | buffer now=9155 min=8568 max=9318 mean=9148 | zero-samples=0/1201 | refills=28 totalling 4025 | not-working samples=0 (of which reason='Consumption' 0)
[mod] [C47S] VOID(banner path wrapped by Opt_AcknowledgedWarnings) WINDOW w10 CONTROL ?#16008 :: adds=0 removes=0 | buffer now=8648 min=8544 max=9316 mean=8705 | zero-samples=0/1201 | refills=28 totalling 3592 | not-working samples=0 (of which reason='Consumption' 0)
[C47S] VOID(banner path wrapped by Opt_AcknowledgedWarnings) WINDOW w10 CONTROL ?#16008 :: adds=0 removes=0 | buffer now=8648 min=8544 max=9316 mean=8705 | zero-samples=0/1201 | refills=28 totalling 3592 | not-working samples=0 (of which reason='Consumption' 0)
[mod] [C47S] VOID(banner path wrapped by Opt_AcknowledgedWarnings) WINDOW w10 CONTROL ?#16011 :: adds=0 removes=0 | buffer now=8745 min=8505 max=9245 mean=8781 | zero-samples=0/1201 | refills=11 totalling 3640 | not-working samples=0 (of which reason='Consumption' 0)
[C47S] VOID(banner path wrapped by Opt_AcknowledgedWarnings) WINDOW w10 CONTROL ?#16011 :: adds=0 removes=0 | buffer now=8745 min=8505 max=9245 mean=8781 | zero-samples=0/1201 | refills=11 totalling 3640 | not-working samples=0 (of which reason='Consumption' 0)
[mod] [C47S] VOID(banner path wrapped by Opt_AcknowledgedWarnings) WINDOW w10 CONTROL ?#16076 :: adds=0 removes=0 | buffer now=9059 min=8479 max=9279 mean=9039 | zero-samples=0/1201 | refills=14 totalling 3920 | not-working samples=0 (of which reason='Consumption' 0)
[C47S] VOID(banner path wrapped by Opt_AcknowledgedWarnings) WINDOW w10 CONTROL ?#16076 :: adds=0 removes=0 | buffer now=9059 min=8479 max=9279 mean=9039 | zero-samples=0/1201 | refills=14 totalling 3920 | not-working samples=0 (of which reason='Consumption' 0)
[mod] [C47S] VOID(banner path wrapped by Opt_AcknowledgedWarnings) WINDOW w10 CONTROL ?#16077 :: adds=0 removes=0 | buffer now=9172 min=8532 max=9272 mean=9140 | zero-samples=0/1201 | refills=14 totalling 3920 | not-working samples=0 (of which reason='Consumption' 0)
[C47S] VOID(banner path wrapped by Opt_AcknowledgedWarnings) WINDOW w10 CONTROL ?#16077 :: adds=0 removes=0 | buffer now=9172 min=8532 max=9272 mean=9140 | zero-samples=0/1201 | refills=14 totalling 3920 | not-working samples=0 (of which reason='Consumption' 0)
[mod] [C47S] VOID(banner path wrapped by Opt_AcknowledgedWarnings) WINDOW w10 CONTROL ?#16155 :: adds=0 removes=0 | buffer now=9258 min=8518 max=9258 mean=9220 | zero-samples=0/1201 | refills=10 totalling 4200 | not-working samples=0 (of which reason='Consumption' 0)
[C47S] VOID(banner path wrapped by Opt_AcknowledgedWarnings) WINDOW w10 CONTROL ?#16155 :: adds=0 removes=0 | buffer now=9258 min=8518 max=9258 mean=9220 | zero-samples=0/1201 | refills=10 totalling 4200 | not-working samples=0 (of which reason='Consumption' 0)
[mod] [C47S] VOID(banner path wrapped by Opt_AcknowledgedWarnings) WINDOW w10 CONTROL ?#16192 :: adds=0 removes=0 | buffer now=9105 min=8865 max=9275 mean=9103 | zero-samples=0/1201 | refills=4 totalling 1120 | not-working samples=0 (of which reason='Consumption' 0)
[C47S] VOID(banner path wrapped by Opt_AcknowledgedWarnings) WINDOW w10 CONTROL ?#16192 :: adds=0 removes=0 | buffer now=9105 min=8865 max=9275 mean=9103 | zero-samples=0/1201 | refills=4 totalling 1120 | not-working samples=0 (of which reason='Consumption' 0)
[mod] [C47S] VOID(banner path wrapped by Opt_AcknowledgedWarnings) WINDOW w10 TOTALS :: adds(all objects on 'NotWorkingBuildings')=7 removes=7 | adds on objects this leg does NOT track=5 | voice-eligible SHIPPED model (text-keyed, RealTime, colony-wide)=2 | voice-eligible under the entry's ASSUMED per-object model=1
[C47S] VOID(banner path wrapped by Opt_AcknowledgedWarnings) WINDOW w10 TOTALS :: adds(all objects on 'NotWorkingBuildings')=7 removes=7 | adds on objects this leg does NOT track=5 | voice-eligible SHIPPED model (text-keyed, RealTime, colony-wide)=2 | voice-eligible under the entry's ASSUMED per-object model=1
[mod] [C47S] CLOCK w10 :: GameTime()=276300009 (383.75 sols since game start) | UIColony.day=385 hour=0 | speed=5x | RealTime()=634343
[C47S] CLOCK w10 :: GameTime()=276300009 (383.75 sols since game start) | UIColony.day=385 hour=0 | speed=5x | RealTime()=634343
[mod] [C47S] VOICETABLE w10 :: VoicesCooldown has 1 key(s) [769547039933] | VoiceQueue length=0 — ⭐ the keys are voiced-TEXT ids, not object handles (Voice.lua:355-358), so one key covers every not-working building in the colony at once
[C47S] VOICETABLE w10 :: VoicesCooldown has 1 key(s) [769547039933] | VoiceQueue length=0 — ⭐ the keys are voiced-TEXT ids, not object handles (Voice.lua:355-358), so one key covers every not-working building in the colony at once
						Lua 0:11:46:365
[mod] [C47S] VOID(banner path wrapped by Opt_AcknowledgedWarnings) WINDOW w11 SUBJECT ?#15779 :: adds=2 removes=2 | buffer now=3470 min=550 max=4225 mean=3391 | zero-samples=0/1321 | refills=60 totalling 27585 | not-working samples=1 (of which reason='Consumption' 1)
[C47S] VOID(banner path wrapped by Opt_AcknowledgedWarnings) WINDOW w11 SUBJECT ?#15779 :: adds=2 removes=2 | buffer now=3470 min=550 max=4225 mean=3391 | zero-samples=0/1321 | refills=60 totalling 27585 | not-working samples=1 (of which reason='Consumption' 1)
[mod] [C47S] VOID(banner path wrapped by Opt_AcknowledgedWarnings) WINDOW w11 SUBJECT ?#15974 :: adds=0 removes=0 | buffer now=3421 min=1661 max=4720 mean=3404 | zero-samples=0/1321 | refills=51 totalling 20601 | not-working samples=0 (of which reason='Consumption' 0)
[C47S] VOID(banner path wrapped by Opt_AcknowledgedWarnings) WINDOW w11 SUBJECT ?#15974 :: adds=0 removes=0 | buffer now=3421 min=1661 max=4720 mean=3404 | zero-samples=0/1321 | refills=51 totalling 20601 | not-working samples=0 (of which reason='Consumption' 0)
[mod] [C47S] VOID(banner path wrapped by Opt_AcknowledgedWarnings) WINDOW w11 CONTROL ?#2793 :: adds=0 removes=0 | buffer now=9273 min=8913 max=9273 mean=9253 | zero-samples=0/1321 | refills=3 totalling 840 | not-working samples=0 (of which reason='Consumption' 0)
[C47S] VOID(banner path wrapped by Opt_AcknowledgedWarnings) WINDOW w11 CONTROL ?#2793 :: adds=0 removes=0 | buffer now=9273 min=8913 max=9273 mean=9253 | zero-samples=0/1321 | refills=3 totalling 840 | not-working samples=0 (of which reason='Consumption' 0)
[mod] [C47S] VOID(banner path wrapped by Opt_AcknowledgedWarnings) WINDOW w11 CONTROL ?#3790 :: adds=0 removes=0 | buffer now=9113 min=8933 max=9233 mean=9120 | zero-samples=0/1321 | refills=2 totalling 560 | not-working samples=0 (of which reason='Consumption' 0)
[C47S] VOID(banner path wrapped by Opt_AcknowledgedWarnings) WINDOW w11 CONTROL ?#3790 :: adds=0 removes=0 | buffer now=9113 min=8933 max=9233 mean=9120 | zero-samples=0/1321 | refills=2 totalling 560 | not-working samples=0 (of which reason='Consumption' 0)
[mod] [C47S] VOID(banner path wrapped by Opt_AcknowledgedWarnings) WINDOW w11 CONTROL ?#4089 :: adds=0 removes=0 | buffer now=9276 min=8916 max=9276 mean=9251 | zero-samples=0/1321 | refills=3 totalling 840 | not-working samples=0 (of which reason='Consumption' 0)
[C47S] VOID(banner path wrapped by Opt_AcknowledgedWarnings) WINDOW w11 CONTROL ?#4089 :: adds=0 removes=0 | buffer now=9276 min=8916 max=9276 mean=9251 | zero-samples=0/1321 | refills=3 totalling 840 | not-working samples=0 (of which reason='Consumption' 0)
[mod] [C47S] VOID(banner path wrapped by Opt_AcknowledgedWarnings) WINDOW w11 CONTROL ?#6324 :: adds=0 removes=0 | buffer now=9400 min=8960 max=10000 mean=9427 | zero-samples=0/1321 | refills=1 totalling 1040 | not-working samples=0 (of which reason='Consumption' 0)
[C47S] VOID(banner path wrapped by Opt_AcknowledgedWarnings) WINDOW w11 CONTROL ?#6324 :: adds=0 removes=0 | buffer now=9400 min=8960 max=10000 mean=9427 | zero-samples=0/1321 | refills=1 totalling 1040 | not-working samples=0 (of which reason='Consumption' 0)
[mod] [C47S] VOID(banner path wrapped by Opt_AcknowledgedWarnings) WINDOW w11 CONTROL ?#6325 :: adds=0 removes=0 | buffer now=9000 min=8520 max=10000 mean=9041 | zero-samples=0/1321 | refills=7 totalling 3500 | not-working samples=0 (of which reason='Consumption' 0)
[C47S] VOID(banner path wrapped by Opt_AcknowledgedWarnings) WINDOW w11 CONTROL ?#6325 :: adds=0 removes=0 | buffer now=9000 min=8520 max=10000 mean=9041 | zero-samples=0/1321 | refills=7 totalling 3500 | not-working samples=0 (of which reason='Consumption' 0)
[mod] [C47S] VOID(banner path wrapped by Opt_AcknowledgedWarnings) WINDOW w11 CONTROL ?#6620 :: adds=0 removes=0 | buffer now=9221 min=8937 max=9271 mean=9204 | zero-samples=0/1321 | refills=27 totalling 694 | not-working samples=0 (of which reason='Consumption' 0)
[C47S] VOID(banner path wrapped by Opt_AcknowledgedWarnings) WINDOW w11 CONTROL ?#6620 :: adds=0 removes=0 | buffer now=9221 min=8937 max=9271 mean=9204 | zero-samples=0/1321 | refills=27 totalling 694 | not-working samples=0 (of which reason='Consumption' 0)
[mod] [C47S] VOID(banner path wrapped by Opt_AcknowledgedWarnings) WINDOW w11 CONTROL ?#6622 :: adds=0 removes=0 | buffer now=9110 min=8944 max=9274 mean=9112 | zero-samples=0/1321 | refills=27 totalling 696 | not-working samples=0 (of which reason='Consumption' 0)
[C47S] VOID(banner path wrapped by Opt_AcknowledgedWarnings) WINDOW w11 CONTROL ?#6622 :: adds=0 removes=0 | buffer now=9110 min=8944 max=9274 mean=9112 | zero-samples=0/1321 | refills=27 totalling 696 | not-working samples=0 (of which reason='Consumption' 0)
[mod] [C47S] VOID(banner path wrapped by Opt_AcknowledgedWarnings) WINDOW w11 CONTROL ?#6836 :: adds=0 removes=0 | buffer now=8943 min=8875 max=9219 mean=8959 | zero-samples=0/1321 | refills=30 totalling 998 | not-working samples=0 (of which reason='Consumption' 0)
[C47S] VOID(banner path wrapped by Opt_AcknowledgedWarnings) WINDOW w11 CONTROL ?#6836 :: adds=0 removes=0 | buffer now=8943 min=8875 max=9219 mean=8959 | zero-samples=0/1321 | refills=30 totalling 998 | not-working samples=0 (of which reason='Consumption' 0)
[mod] [C47S] VOID(banner path wrapped by Opt_AcknowledgedWarnings) WINDOW w11 CONTROL ?#6958 :: adds=0 removes=0 | buffer now=9225 min=8937 max=9273 mean=9212 | zero-samples=0/1321 | refills=28 totalling 706 | not-working samples=0 (of which reason='Consumption' 0)
[C47S] VOID(banner path wrapped by Opt_AcknowledgedWarnings) WINDOW w11 CONTROL ?#6958 :: adds=0 removes=0 | buffer now=9225 min=8937 max=9273 mean=9212 | zero-samples=0/1321 | refills=28 totalling 706 | not-working samples=0 (of which reason='Consumption' 0)
[mod] [C47S] VOID(banner path wrapped by Opt_AcknowledgedWarnings) WINDOW w11 CONTROL ?#7004 :: adds=0 removes=0 | buffer now=8905 min=8905 max=9225 mean=8929 | zero-samples=0/1321 | refills=2 totalling 560 | not-working samples=0 (of which reason='Consumption' 0)
[C47S] VOID(banner path wrapped by Opt_AcknowledgedWarnings) WINDOW w11 CONTROL ?#7004 :: adds=0 removes=0 | buffer now=8905 min=8905 max=9225 mean=8929 | zero-samples=0/1321 | refills=2 totalling 560 | not-working samples=0 (of which reason='Consumption' 0)
[mod] [C47S] VOID(banner path wrapped by Opt_AcknowledgedWarnings) WINDOW w11 CONTROL ?#7016 :: adds=0 removes=0 | buffer now=9060 min=8930 max=9550 mean=9082 | zero-samples=0/1321 | refills=2 totalling 560 | not-working samples=0 (of which reason='Consumption' 0)
[C47S] VOID(banner path wrapped by Opt_AcknowledgedWarnings) WINDOW w11 CONTROL ?#7016 :: adds=0 removes=0 | buffer now=9060 min=8930 max=9550 mean=9082 | zero-samples=0/1321 | refills=2 totalling 560 | not-working samples=0 (of which reason='Consumption' 0)
[mod] [C47S] VOID(banner path wrapped by Opt_AcknowledgedWarnings) WINDOW w11 CONTROL ?#14623 :: adds=0 removes=0 | buffer now=9042 min=8482 max=9242 mean=9033 | zero-samples=0/1321 | refills=11 totalling 3920 | not-working samples=0 (of which reason='Consumption' 0)
[C47S] VOID(banner path wrapped by Opt_AcknowledgedWarnings) WINDOW w11 CONTROL ?#14623 :: adds=0 removes=0 | buffer now=9042 min=8482 max=9242 mean=9033 | zero-samples=0/1321 | refills=11 totalling 3920 | not-working samples=0 (of which reason='Consumption' 0)
[mod] [C47S] VOID(banner path wrapped by Opt_AcknowledgedWarnings) WINDOW w11 CONTROL ?#14625 :: adds=0 removes=0 | buffer now=9243 min=8503 max=9243 mean=9206 | zero-samples=0/1321 | refills=14 totalling 4200 | not-working samples=0 (of which reason='Consumption' 0)
[C47S] VOID(banner path wrapped by Opt_AcknowledgedWarnings) WINDOW w11 CONTROL ?#14625 :: adds=0 removes=0 | buffer now=9243 min=8503 max=9243 mean=9206 | zero-samples=0/1321 | refills=14 totalling 4200 | not-working samples=0 (of which reason='Consumption' 0)
[mod] [C47S] VOID(banner path wrapped by Opt_AcknowledgedWarnings) WINDOW w11 CONTROL ?#14627 :: adds=0 removes=0 | buffer now=9210 min=8510 max=9250 mean=9173 | zero-samples=0/1321 | refills=14 totalling 4200 | not-working samples=0 (of which reason='Consumption' 0)
[C47S] VOID(banner path wrapped by Opt_AcknowledgedWarnings) WINDOW w11 CONTROL ?#14627 :: adds=0 removes=0 | buffer now=9210 min=8510 max=9250 mean=9173 | zero-samples=0/1321 | refills=14 totalling 4200 | not-working samples=0 (of which reason='Consumption' 0)
[mod] [C47S] VOID(banner path wrapped by Opt_AcknowledgedWarnings) WINDOW w11 CONTROL ?#14628 :: adds=0 removes=0 | buffer now=9116 min=8536 max=9276 mean=9110 | zero-samples=0/1321 | refills=9 totalling 3360 | not-working samples=0 (of which reason='Consumption' 0)
[C47S] VOID(banner path wrapped by Opt_AcknowledgedWarnings) WINDOW w11 CONTROL ?#14628 :: adds=0 removes=0 | buffer now=9116 min=8536 max=9276 mean=9110 | zero-samples=0/1321 | refills=9 totalling 3360 | not-working samples=0 (of which reason='Consumption' 0)
[mod] [C47S] VOID(banner path wrapped by Opt_AcknowledgedWarnings) WINDOW w11 CONTROL ?#14629 :: adds=0 removes=0 | buffer now=9097 min=8517 max=9257 mean=9081 | zero-samples=0/1321 | refills=11 totalling 3920 | not-working samples=0 (of which reason='Consumption' 0)
[C47S] VOID(banner path wrapped by Opt_AcknowledgedWarnings) WINDOW w11 CONTROL ?#14629 :: adds=0 removes=0 | buffer now=9097 min=8517 max=9257 mean=9081 | zero-samples=0/1321 | refills=11 totalling 3920 | not-working samples=0 (of which reason='Consumption' 0)
[mod] [C47S] VOID(banner path wrapped by Opt_AcknowledgedWarnings) WINDOW w11 CONTROL ?#15043 :: adds=0 removes=0 | buffer now=9057 min=8537 max=9237 mean=9049 | zero-samples=0/1321 | refills=17 totalling 3880 | not-working samples=0 (of which reason='Consumption' 0)
[C47S] VOID(banner path wrapped by Opt_AcknowledgedWarnings) WINDOW w11 CONTROL ?#15043 :: adds=0 removes=0 | buffer now=9057 min=8537 max=9237 mean=9049 | zero-samples=0/1321 | refills=17 totalling 3880 | not-working samples=0 (of which reason='Consumption' 0)
[mod] [C47S] VOID(banner path wrapped by Opt_AcknowledgedWarnings) WINDOW w11 CONTROL ?#15047 :: adds=0 removes=0 | buffer now=9095 min=8595 max=9295 mean=9072 | zero-samples=0/1321 | refills=19 totalling 3920 | not-working samples=0 (of which reason='Consumption' 0)
[C47S] VOID(banner path wrapped by Opt_AcknowledgedWarnings) WINDOW w11 CONTROL ?#15047 :: adds=0 removes=0 | buffer now=9095 min=8595 max=9295 mean=9072 | zero-samples=0/1321 | refills=19 totalling 3920 | not-working samples=0 (of which reason='Consumption' 0)
[mod] [C47S] VOID(banner path wrapped by Opt_AcknowledgedWarnings) WINDOW w11 CONTROL ?#15050 :: adds=0 removes=0 | buffer now=9320 min=8920 max=9320 mean=9293 | zero-samples=0/1321 | refills=11 totalling 1400 | not-working samples=0 (of which reason='Consumption' 0)
[C47S] VOID(banner path wrapped by Opt_AcknowledgedWarnings) WINDOW w11 CONTROL ?#15050 :: adds=0 removes=0 | buffer now=9320 min=8920 max=9320 mean=9293 | zero-samples=0/1321 | refills=11 totalling 1400 | not-working samples=0 (of which reason='Consumption' 0)
[mod] [C47S] VOID(banner path wrapped by Opt_AcknowledgedWarnings) WINDOW w11 CONTROL ?#15052 :: adds=0 removes=0 | buffer now=9016 min=8556 max=9256 mean=9013 | zero-samples=0/1321 | refills=17 totalling 3840 | not-working samples=0 (of which reason='Consumption' 0)
[C47S] VOID(banner path wrapped by Opt_AcknowledgedWarnings) WINDOW w11 CONTROL ?#15052 :: adds=0 removes=0 | buffer now=9016 min=8556 max=9256 mean=9013 | zero-samples=0/1321 | refills=17 totalling 3840 | not-working samples=0 (of which reason='Consumption' 0)
						Lua 0:11:46:366
[mod] [C47S] VOID(banner path wrapped by Opt_AcknowledgedWarnings) WINDOW w11 CONTROL ?#15098 :: adds=0 removes=0 | buffer now=9042 min=8562 max=9242 mean=9024 | zero-samples=0/1321 | refills=19 totalling 3880 | not-working samples=0 (of which reason='Consumption' 0)
[C47S] VOID(banner path wrapped by Opt_AcknowledgedWarnings) WINDOW w11 CONTROL ?#15098 :: adds=0 removes=0 | buffer now=9042 min=8562 max=9242 mean=9024 | zero-samples=0/1321 | refills=19 totalling 3880 | not-working samples=0 (of which reason='Consumption' 0)
[mod] [C47S] VOID(banner path wrapped by Opt_AcknowledgedWarnings) WINDOW w11 CONTROL ?#15099 :: adds=0 removes=0 | buffer now=9019 min=8559 max=9319 mean=9012 | zero-samples=0/1321 | refills=17 totalling 3840 | not-working samples=0 (of which reason='Consumption' 0)
[C47S] VOID(banner path wrapped by Opt_AcknowledgedWarnings) WINDOW w11 CONTROL ?#15099 :: adds=0 removes=0 | buffer now=9019 min=8559 max=9319 mean=9012 | zero-samples=0/1321 | refills=17 totalling 3840 | not-working samples=0 (of which reason='Consumption' 0)
[mod] [C47S] VOID(banner path wrapped by Opt_AcknowledgedWarnings) WINDOW w11 CONTROL ?#15547 :: adds=0 removes=0 | buffer now=9156 min=8636 max=9196 mean=9133 | zero-samples=0/1321 | refills=4 totalling 1120 | not-working samples=0 (of which reason='Consumption' 0)
[C47S] VOID(banner path wrapped by Opt_AcknowledgedWarnings) WINDOW w11 CONTROL ?#15547 :: adds=0 removes=0 | buffer now=9156 min=8636 max=9196 mean=9133 | zero-samples=0/1321 | refills=4 totalling 1120 | not-working samples=0 (of which reason='Consumption' 0)
[mod] [C47S] VOID(banner path wrapped by Opt_AcknowledgedWarnings) WINDOW w11 CONTROL ?#15549 :: adds=0 removes=0 | buffer now=9179 min=8639 max=9259 mean=9156 | zero-samples=0/1321 | refills=4 totalling 1120 | not-working samples=0 (of which reason='Consumption' 0)
[C47S] VOID(banner path wrapped by Opt_AcknowledgedWarnings) WINDOW w11 CONTROL ?#15549 :: adds=0 removes=0 | buffer now=9179 min=8639 max=9259 mean=9156 | zero-samples=0/1321 | refills=4 totalling 1120 | not-working samples=0 (of which reason='Consumption' 0)
[mod] [C47S] VOID(banner path wrapped by Opt_AcknowledgedWarnings) WINDOW w11 CONTROL ?#15554 :: adds=0 removes=0 | buffer now=9123 min=8503 max=9263 mean=9096 | zero-samples=0/1321 | refills=13 totalling 3920 | not-working samples=0 (of which reason='Consumption' 0)
[C47S] VOID(banner path wrapped by Opt_AcknowledgedWarnings) WINDOW w11 CONTROL ?#15554 :: adds=0 removes=0 | buffer now=9123 min=8503 max=9263 mean=9096 | zero-samples=0/1321 | refills=13 totalling 3920 | not-working samples=0 (of which reason='Consumption' 0)
[mod] [C47S] VOID(banner path wrapped by Opt_AcknowledgedWarnings) WINDOW w11 CONTROL ?#15556 :: adds=0 removes=0 | buffer now=9130 min=8510 max=9270 mean=9116 | zero-samples=0/1321 | refills=12 totalling 3920 | not-working samples=0 (of which reason='Consumption' 0)
[C47S] VOID(banner path wrapped by Opt_AcknowledgedWarnings) WINDOW w11 CONTROL ?#15556 :: adds=0 removes=0 | buffer now=9130 min=8510 max=9270 mean=9116 | zero-samples=0/1321 | refills=12 totalling 3920 | not-working samples=0 (of which reason='Consumption' 0)
[mod] [C47S] VOID(banner path wrapped by Opt_AcknowledgedWarnings) WINDOW w11 CONTROL ?#15563 :: adds=0 removes=0 | buffer now=9102 min=8522 max=9262 mean=9094 | zero-samples=0/1321 | refills=12 totalling 3920 | not-working samples=0 (of which reason='Consumption' 0)
[C47S] VOID(banner path wrapped by Opt_AcknowledgedWarnings) WINDOW w11 CONTROL ?#15563 :: adds=0 removes=0 | buffer now=9102 min=8522 max=9262 mean=9094 | zero-samples=0/1321 | refills=12 totalling 3920 | not-working samples=0 (of which reason='Consumption' 0)
[mod] [C47S] VOID(banner path wrapped by Opt_AcknowledgedWarnings) WINDOW w11 CONTROL ?#15565 :: adds=0 removes=0 | buffer now=9164 min=8524 max=9264 mean=9141 | zero-samples=0/1321 | refills=12 totalling 3920 | not-working samples=0 (of which reason='Consumption' 0)
[C47S] VOID(banner path wrapped by Opt_AcknowledgedWarnings) WINDOW w11 CONTROL ?#15565 :: adds=0 removes=0 | buffer now=9164 min=8524 max=9264 mean=9141 | zero-samples=0/1321 | refills=12 totalling 3920 | not-working samples=0 (of which reason='Consumption' 0)
[mod] [C47S] VOID(banner path wrapped by Opt_AcknowledgedWarnings) WINDOW w11 CONTROL ?#15810 :: adds=0 removes=0 | buffer now=8752 min=8557 max=9312 mean=8791 | zero-samples=0/1321 | refills=26 totalling 3556 | not-working samples=0 (of which reason='Consumption' 0)
[C47S] VOID(banner path wrapped by Opt_AcknowledgedWarnings) WINDOW w11 CONTROL ?#15810 :: adds=0 removes=0 | buffer now=8752 min=8557 max=9312 mean=8791 | zero-samples=0/1321 | refills=26 totalling 3556 | not-working samples=0 (of which reason='Consumption' 0)
[mod] [C47S] VOID(banner path wrapped by Opt_AcknowledgedWarnings) WINDOW w11 CONTROL ?#15817 :: adds=0 removes=0 | buffer now=9155 min=8568 max=9318 mean=9148 | zero-samples=0/1321 | refills=28 totalling 4025 | not-working samples=0 (of which reason='Consumption' 0)
[C47S] VOID(banner path wrapped by Opt_AcknowledgedWarnings) WINDOW w11 CONTROL ?#15817 :: adds=0 removes=0 | buffer now=9155 min=8568 max=9318 mean=9148 | zero-samples=0/1321 | refills=28 totalling 4025 | not-working samples=0 (of which reason='Consumption' 0)
[mod] [C47S] VOID(banner path wrapped by Opt_AcknowledgedWarnings) WINDOW w11 CONTROL ?#16008 :: adds=0 removes=0 | buffer now=8648 min=8544 max=9316 mean=8700 | zero-samples=0/1321 | refills=28 totalling 3592 | not-working samples=0 (of which reason='Consumption' 0)
[C47S] VOID(banner path wrapped by Opt_AcknowledgedWarnings) WINDOW w11 CONTROL ?#16008 :: adds=0 removes=0 | buffer now=8648 min=8544 max=9316 mean=8700 | zero-samples=0/1321 | refills=28 totalling 3592 | not-working samples=0 (of which reason='Consumption' 0)
[mod] [C47S] VOID(banner path wrapped by Opt_AcknowledgedWarnings) WINDOW w11 CONTROL ?#16011 :: adds=0 removes=0 | buffer now=8745 min=8505 max=9245 mean=8778 | zero-samples=0/1321 | refills=11 totalling 3640 | not-working samples=0 (of which reason='Consumption' 0)
[C47S] VOID(banner path wrapped by Opt_AcknowledgedWarnings) WINDOW w11 CONTROL ?#16011 :: adds=0 removes=0 | buffer now=8745 min=8505 max=9245 mean=8778 | zero-samples=0/1321 | refills=11 totalling 3640 | not-working samples=0 (of which reason='Consumption' 0)
[mod] [C47S] VOID(banner path wrapped by Opt_AcknowledgedWarnings) WINDOW w11 CONTROL ?#16076 :: adds=0 removes=0 | buffer now=9059 min=8479 max=9279 mean=9040 | zero-samples=0/1321 | refills=14 totalling 3920 | not-working samples=0 (of which reason='Consumption' 0)
[C47S] VOID(banner path wrapped by Opt_AcknowledgedWarnings) WINDOW w11 CONTROL ?#16076 :: adds=0 removes=0 | buffer now=9059 min=8479 max=9279 mean=9040 | zero-samples=0/1321 | refills=14 totalling 3920 | not-working samples=0 (of which reason='Consumption' 0)
[mod] [C47S] VOID(banner path wrapped by Opt_AcknowledgedWarnings) WINDOW w11 CONTROL ?#16077 :: adds=0 removes=0 | buffer now=9172 min=8532 max=9272 mean=9142 | zero-samples=0/1321 | refills=14 totalling 3920 | not-working samples=0 (of which reason='Consumption' 0)
[C47S] VOID(banner path wrapped by Opt_AcknowledgedWarnings) WINDOW w11 CONTROL ?#16077 :: adds=0 removes=0 | buffer now=9172 min=8532 max=9272 mean=9142 | zero-samples=0/1321 | refills=14 totalling 3920 | not-working samples=0 (of which reason='Consumption' 0)
[mod] [C47S] VOID(banner path wrapped by Opt_AcknowledgedWarnings) WINDOW w11 CONTROL ?#16155 :: adds=0 removes=0 | buffer now=9258 min=8518 max=9258 mean=9224 | zero-samples=0/1321 | refills=10 totalling 4200 | not-working samples=0 (of which reason='Consumption' 0)
[C47S] VOID(banner path wrapped by Opt_AcknowledgedWarnings) WINDOW w11 CONTROL ?#16155 :: adds=0 removes=0 | buffer now=9258 min=8518 max=9258 mean=9224 | zero-samples=0/1321 | refills=10 totalling 4200 | not-working samples=0 (of which reason='Consumption' 0)
[mod] [C47S] VOID(banner path wrapped by Opt_AcknowledgedWarnings) WINDOW w11 CONTROL ?#16192 :: adds=0 removes=0 | buffer now=9105 min=8865 max=9275 mean=9103 | zero-samples=0/1321 | refills=4 totalling 1120 | not-working samples=0 (of which reason='Consumption' 0)
[C47S] VOID(banner path wrapped by Opt_AcknowledgedWarnings) WINDOW w11 CONTROL ?#16192 :: adds=0 removes=0 | buffer now=9105 min=8865 max=9275 mean=9103 | zero-samples=0/1321 | refills=4 totalling 1120 | not-working samples=0 (of which reason='Consumption' 0)
[mod] [C47S] VOID(banner path wrapped by Opt_AcknowledgedWarnings) WINDOW w11 TOTALS :: adds(all objects on 'NotWorkingBuildings')=7 removes=7 | adds on objects this leg does NOT track=5 | voice-eligible SHIPPED model (text-keyed, RealTime, colony-wide)=2 | voice-eligible under the entry's ASSUMED per-object model=1
[C47S] VOID(banner path wrapped by Opt_AcknowledgedWarnings) WINDOW w11 TOTALS :: adds(all objects on 'NotWorkingBuildings')=7 removes=7 | adds on objects this leg does NOT track=5 | voice-eligible SHIPPED model (text-keyed, RealTime, colony-wide)=2 | voice-eligible under the entry's ASSUMED per-object model=1
[mod] [C47S] CLOCK w11 :: GameTime()=276300009 (383.75 sols since game start) | UIColony.day=385 hour=0 | speed=5x | RealTime()=694343
[C47S] CLOCK w11 :: GameTime()=276300009 (383.75 sols since game start) | UIColony.day=385 hour=0 | speed=5x | RealTime()=694343
[mod] [C47S] VOICETABLE w11 :: VoicesCooldown has 1 key(s) [769547039933] | VoiceQueue length=0 — ⭐ the keys are voiced-TEXT ids, not object handles (Voice.lua:355-358), so one key covers every not-working building in the colony at once
[C47S] VOICETABLE w11 :: VoicesCooldown has 1 key(s) [769547039933] | VoiceQueue length=0 — ⭐ the keys are voiced-TEXT ids, not object handles (Voice.lua:355-358), so one key covers every not-working building in the colony at once
						Lua 0:12:46:368
[mod] [C47S] VOID(banner path wrapped by Opt_AcknowledgedWarnings) WINDOW w12 SUBJECT ?#15779 :: adds=2 removes=2 | buffer now=3470 min=550 max=4225 mean=3397 | zero-samples=0/1441 | refills=60 totalling 27585 | not-working samples=1 (of which reason='Consumption' 1)
[C47S] VOID(banner path wrapped by Opt_AcknowledgedWarnings) WINDOW w12 SUBJECT ?#15779 :: adds=2 removes=2 | buffer now=3470 min=550 max=4225 mean=3397 | zero-samples=0/1441 | refills=60 totalling 27585 | not-working samples=1 (of which reason='Consumption' 1)
[mod] [C47S] VOID(banner path wrapped by Opt_AcknowledgedWarnings) WINDOW w12 SUBJECT ?#15974 :: adds=0 removes=0 | buffer now=3421 min=1661 max=4720 mean=3405 | zero-samples=0/1441 | refills=51 totalling 20601 | not-working samples=0 (of which reason='Consumption' 0)
[C47S] VOID(banner path wrapped by Opt_AcknowledgedWarnings) WINDOW w12 SUBJECT ?#15974 :: adds=0 removes=0 | buffer now=3421 min=1661 max=4720 mean=3405 | zero-samples=0/1441 | refills=51 totalling 20601 | not-working samples=0 (of which reason='Consumption' 0)
[mod] [C47S] VOID(banner path wrapped by Opt_AcknowledgedWarnings) WINDOW w12 CONTROL ?#2793 :: adds=0 removes=0 | buffer now=9273 min=8913 max=9273 mean=9255 | zero-samples=0/1441 | refills=3 totalling 840 | not-working samples=0 (of which reason='Consumption' 0)
[C47S] VOID(banner path wrapped by Opt_AcknowledgedWarnings) WINDOW w12 CONTROL ?#2793 :: adds=0 removes=0 | buffer now=9273 min=8913 max=9273 mean=9255 | zero-samples=0/1441 | refills=3 totalling 840 | not-working samples=0 (of which reason='Consumption' 0)
[mod] [C47S] VOID(banner path wrapped by Opt_AcknowledgedWarnings) WINDOW w12 CONTROL ?#3790 :: adds=0 removes=0 | buffer now=9113 min=8933 max=9233 mean=9120 | zero-samples=0/1441 | refills=2 totalling 560 | not-working samples=0 (of which reason='Consumption' 0)
[C47S] VOID(banner path wrapped by Opt_AcknowledgedWarnings) WINDOW w12 CONTROL ?#3790 :: adds=0 removes=0 | buffer now=9113 min=8933 max=9233 mean=9120 | zero-samples=0/1441 | refills=2 totalling 560 | not-working samples=0 (of which reason='Consumption' 0)
[mod] [C47S] VOID(banner path wrapped by Opt_AcknowledgedWarnings) WINDOW w12 CONTROL ?#4089 :: adds=0 removes=0 | buffer now=9276 min=8916 max=9276 mean=9253 | zero-samples=0/1441 | refills=3 totalling 840 | not-working samples=0 (of which reason='Consumption' 0)
[C47S] VOID(banner path wrapped by Opt_AcknowledgedWarnings) WINDOW w12 CONTROL ?#4089 :: adds=0 removes=0 | buffer now=9276 min=8916 max=9276 mean=9253 | zero-samples=0/1441 | refills=3 totalling 840 | not-working samples=0 (of which reason='Consumption' 0)
[mod] [C47S] VOID(banner path wrapped by Opt_AcknowledgedWarnings) WINDOW w12 CONTROL ?#6324 :: adds=0 removes=0 | buffer now=9400 min=8960 max=10000 mean=9424 | zero-samples=0/1441 | refills=1 totalling 1040 | not-working samples=0 (of which reason='Consumption' 0)
[C47S] VOID(banner path wrapped by Opt_AcknowledgedWarnings) WINDOW w12 CONTROL ?#6324 :: adds=0 removes=0 | buffer now=9400 min=8960 max=10000 mean=9424 | zero-samples=0/1441 | refills=1 totalling 1040 | not-working samples=0 (of which reason='Consumption' 0)
[mod] [C47S] VOID(banner path wrapped by Opt_AcknowledgedWarnings) WINDOW w12 CONTROL ?#6325 :: adds=0 removes=0 | buffer now=9000 min=8520 max=10000 mean=9037 | zero-samples=0/1441 | refills=7 totalling 3500 | not-working samples=0 (of which reason='Consumption' 0)
[C47S] VOID(banner path wrapped by Opt_AcknowledgedWarnings) WINDOW w12 CONTROL ?#6325 :: adds=0 removes=0 | buffer now=9000 min=8520 max=10000 mean=9037 | zero-samples=0/1441 | refills=7 totalling 3500 | not-working samples=0 (of which reason='Consumption' 0)
[mod] [C47S] VOID(banner path wrapped by Opt_AcknowledgedWarnings) WINDOW w12 CONTROL ?#6620 :: adds=0 removes=0 | buffer now=9221 min=8937 max=9271 mean=9205 | zero-samples=0/1441 | refills=27 totalling 694 | not-working samples=0 (of which reason='Consumption' 0)
[C47S] VOID(banner path wrapped by Opt_AcknowledgedWarnings) WINDOW w12 CONTROL ?#6620 :: adds=0 removes=0 | buffer now=9221 min=8937 max=9271 mean=9205 | zero-samples=0/1441 | refills=27 totalling 694 | not-working samples=0 (of which reason='Consumption' 0)
[mod] [C47S] VOID(banner path wrapped by Opt_AcknowledgedWarnings) WINDOW w12 CONTROL ?#6622 :: adds=0 removes=0 | buffer now=9110 min=8944 max=9274 mean=9111 | zero-samples=0/1441 | refills=27 totalling 696 | not-working samples=0 (of which reason='Consumption' 0)
[C47S] VOID(banner path wrapped by Opt_AcknowledgedWarnings) WINDOW w12 CONTROL ?#6622 :: adds=0 removes=0 | buffer now=9110 min=8944 max=9274 mean=9111 | zero-samples=0/1441 | refills=27 totalling 696 | not-working samples=0 (of which reason='Consumption' 0)
[mod] [C47S] VOID(banner path wrapped by Opt_AcknowledgedWarnings) WINDOW w12 CONTROL ?#6836 :: adds=0 removes=0 | buffer now=8943 min=8875 max=9219 mean=8958 | zero-samples=0/1441 | refills=30 totalling 998 | not-working samples=0 (of which reason='Consumption' 0)
[C47S] VOID(banner path wrapped by Opt_AcknowledgedWarnings) WINDOW w12 CONTROL ?#6836 :: adds=0 removes=0 | buffer now=8943 min=8875 max=9219 mean=8958 | zero-samples=0/1441 | refills=30 totalling 998 | not-working samples=0 (of which reason='Consumption' 0)
[mod] [C47S] VOID(banner path wrapped by Opt_AcknowledgedWarnings) WINDOW w12 CONTROL ?#6958 :: adds=0 removes=0 | buffer now=9225 min=8937 max=9273 mean=9213 | zero-samples=0/1441 | refills=28 totalling 706 | not-working samples=0 (of which reason='Consumption' 0)
[C47S] VOID(banner path wrapped by Opt_AcknowledgedWarnings) WINDOW w12 CONTROL ?#6958 :: adds=0 removes=0 | buffer now=9225 min=8937 max=9273 mean=9213 | zero-samples=0/1441 | refills=28 totalling 706 | not-working samples=0 (of which reason='Consumption' 0)
[mod] [C47S] VOID(banner path wrapped by Opt_AcknowledgedWarnings) WINDOW w12 CONTROL ?#7004 :: adds=0 removes=0 | buffer now=8905 min=8905 max=9225 mean=8927 | zero-samples=0/1441 | refills=2 totalling 560 | not-working samples=0 (of which reason='Consumption' 0)
[C47S] VOID(banner path wrapped by Opt_AcknowledgedWarnings) WINDOW w12 CONTROL ?#7004 :: adds=0 removes=0 | buffer now=8905 min=8905 max=9225 mean=8927 | zero-samples=0/1441 | refills=2 totalling 560 | not-working samples=0 (of which reason='Consumption' 0)
[mod] [C47S] VOID(banner path wrapped by Opt_AcknowledgedWarnings) WINDOW w12 CONTROL ?#7016 :: adds=0 removes=0 | buffer now=9060 min=8930 max=9550 mean=9080 | zero-samples=0/1441 | refills=2 totalling 560 | not-working samples=0 (of which reason='Consumption' 0)
[C47S] VOID(banner path wrapped by Opt_AcknowledgedWarnings) WINDOW w12 CONTROL ?#7016 :: adds=0 removes=0 | buffer now=9060 min=8930 max=9550 mean=9080 | zero-samples=0/1441 | refills=2 totalling 560 | not-working samples=0 (of which reason='Consumption' 0)
[mod] [C47S] VOID(banner path wrapped by Opt_AcknowledgedWarnings) WINDOW w12 CONTROL ?#14623 :: adds=0 removes=0 | buffer now=9042 min=8482 max=9242 mean=9034 | zero-samples=0/1441 | refills=11 totalling 3920 | not-working samples=0 (of which reason='Consumption' 0)
[C47S] VOID(banner path wrapped by Opt_AcknowledgedWarnings) WINDOW w12 CONTROL ?#14623 :: adds=0 removes=0 | buffer now=9042 min=8482 max=9242 mean=9034 | zero-samples=0/1441 | refills=11 totalling 3920 | not-working samples=0 (of which reason='Consumption' 0)
[mod] [C47S] VOID(banner path wrapped by Opt_AcknowledgedWarnings) WINDOW w12 CONTROL ?#14625 :: adds=0 removes=0 | buffer now=9243 min=8503 max=9243 mean=9209 | zero-samples=0/1441 | refills=14 totalling 4200 | not-working samples=0 (of which reason='Consumption' 0)
[C47S] VOID(banner path wrapped by Opt_AcknowledgedWarnings) WINDOW w12 CONTROL ?#14625 :: adds=0 removes=0 | buffer now=9243 min=8503 max=9243 mean=9209 | zero-samples=0/1441 | refills=14 totalling 4200 | not-working samples=0 (of which reason='Consumption' 0)
[mod] [C47S] VOID(banner path wrapped by Opt_AcknowledgedWarnings) WINDOW w12 CONTROL ?#14627 :: adds=0 removes=0 | buffer now=9210 min=8510 max=9250 mean=9176 | zero-samples=0/1441 | refills=14 totalling 4200 | not-working samples=0 (of which reason='Consumption' 0)
[C47S] VOID(banner path wrapped by Opt_AcknowledgedWarnings) WINDOW w12 CONTROL ?#14627 :: adds=0 removes=0 | buffer now=9210 min=8510 max=9250 mean=9176 | zero-samples=0/1441 | refills=14 totalling 4200 | not-working samples=0 (of which reason='Consumption' 0)
[mod] [C47S] VOID(banner path wrapped by Opt_AcknowledgedWarnings) WINDOW w12 CONTROL ?#14628 :: adds=0 removes=0 | buffer now=9116 min=8536 max=9276 mean=9110 | zero-samples=0/1441 | refills=9 totalling 3360 | not-working samples=0 (of which reason='Consumption' 0)
[C47S] VOID(banner path wrapped by Opt_AcknowledgedWarnings) WINDOW w12 CONTROL ?#14628 :: adds=0 removes=0 | buffer now=9116 min=8536 max=9276 mean=9110 | zero-samples=0/1441 | refills=9 totalling 3360 | not-working samples=0 (of which reason='Consumption' 0)
[mod] [C47S] VOID(banner path wrapped by Opt_AcknowledgedWarnings) WINDOW w12 CONTROL ?#14629 :: adds=0 removes=0 | buffer now=9097 min=8517 max=9257 mean=9082 | zero-samples=0/1441 | refills=11 totalling 3920 | not-working samples=0 (of which reason='Consumption' 0)
[C47S] VOID(banner path wrapped by Opt_AcknowledgedWarnings) WINDOW w12 CONTROL ?#14629 :: adds=0 removes=0 | buffer now=9097 min=8517 max=9257 mean=9082 | zero-samples=0/1441 | refills=11 totalling 3920 | not-working samples=0 (of which reason='Consumption' 0)
[mod] [C47S] VOID(banner path wrapped by Opt_AcknowledgedWarnings) WINDOW w12 CONTROL ?#15043 :: adds=0 removes=0 | buffer now=9057 min=8537 max=9237 mean=9050 | zero-samples=0/1441 | refills=17 totalling 3880 | not-working samples=0 (of which reason='Consumption' 0)
[C47S] VOID(banner path wrapped by Opt_AcknowledgedWarnings) WINDOW w12 CONTROL ?#15043 :: adds=0 removes=0 | buffer now=9057 min=8537 max=9237 mean=9050 | zero-samples=0/1441 | refills=17 totalling 3880 | not-working samples=0 (of which reason='Consumption' 0)
[mod] [C47S] VOID(banner path wrapped by Opt_AcknowledgedWarnings) WINDOW w12 CONTROL ?#15047 :: adds=0 removes=0 | buffer now=9095 min=8595 max=9295 mean=9073 | zero-samples=0/1441 | refills=19 totalling 3920 | not-working samples=0 (of which reason='Consumption' 0)
[C47S] VOID(banner path wrapped by Opt_AcknowledgedWarnings) WINDOW w12 CONTROL ?#15047 :: adds=0 removes=0 | buffer now=9095 min=8595 max=9295 mean=9073 | zero-samples=0/1441 | refills=19 totalling 3920 | not-working samples=0 (of which reason='Consumption' 0)
[mod] [C47S] VOID(banner path wrapped by Opt_AcknowledgedWarnings) WINDOW w12 CONTROL ?#15050 :: adds=0 removes=0 | buffer now=9320 min=8920 max=9320 mean=9295 | zero-samples=0/1441 | refills=11 totalling 1400 | not-working samples=0 (of which reason='Consumption' 0)
[C47S] VOID(banner path wrapped by Opt_AcknowledgedWarnings) WINDOW w12 CONTROL ?#15050 :: adds=0 removes=0 | buffer now=9320 min=8920 max=9320 mean=9295 | zero-samples=0/1441 | refills=11 totalling 1400 | not-working samples=0 (of which reason='Consumption' 0)
[mod] [C47S] VOID(banner path wrapped by Opt_AcknowledgedWarnings) WINDOW w12 CONTROL ?#15052 :: adds=0 removes=0 | buffer now=9016 min=8556 max=9256 mean=9013 | zero-samples=0/1441 | refills=17 totalling 3840 | not-working samples=0 (of which reason='Consumption' 0)
[C47S] VOID(banner path wrapped by Opt_AcknowledgedWarnings) WINDOW w12 CONTROL ?#15052 :: adds=0 removes=0 | buffer now=9016 min=8556 max=9256 mean=9013 | zero-samples=0/1441 | refills=17 totalling 3840 | not-working samples=0 (of which reason='Consumption' 0)
[mod] [C47S] VOID(banner path wrapped by Opt_AcknowledgedWarnings) WINDOW w12 CONTROL ?#15098 :: adds=0 removes=0 | buffer now=9042 min=8562 max=9242 mean=9026 | zero-samples=0/1441 | refills=19 totalling 3880 | not-working samples=0 (of which reason='Consumption' 0)
[C47S] VOID(banner path wrapped by Opt_AcknowledgedWarnings) WINDOW w12 CONTROL ?#15098 :: adds=0 removes=0 | buffer now=9042 min=8562 max=9242 mean=9026 | zero-samples=0/1441 | refills=19 totalling 3880 | not-working samples=0 (of which reason='Consumption' 0)
[mod] [C47S] VOID(banner path wrapped by Opt_AcknowledgedWarnings) WINDOW w12 CONTROL ?#15099 :: adds=0 removes=0 | buffer now=9019 min=8559 max=9319 mean=9013 | zero-samples=0/1441 | refills=17 totalling 3840 | not-working samples=0 (of which reason='Consumption' 0)
[C47S] VOID(banner path wrapped by Opt_AcknowledgedWarnings) WINDOW w12 CONTROL ?#15099 :: adds=0 removes=0 | buffer now=9019 min=8559 max=9319 mean=9013 | zero-samples=0/1441 | refills=17 totalling 3840 | not-working samples=0 (of which reason='Consumption' 0)
[mod] [C47S] VOID(banner path wrapped by Opt_AcknowledgedWarnings) WINDOW w12 CONTROL ?#15547 :: adds=0 removes=0 | buffer now=9156 min=8636 max=9196 mean=9135 | zero-samples=0/1441 | refills=4 totalling 1120 | not-working samples=0 (of which reason='Consumption' 0)
[C47S] VOID(banner path wrapped by Opt_AcknowledgedWarnings) WINDOW w12 CONTROL ?#15547 :: adds=0 removes=0 | buffer now=9156 min=8636 max=9196 mean=9135 | zero-samples=0/1441 | refills=4 totalling 1120 | not-working samples=0 (of which reason='Consumption' 0)
[mod] [C47S] VOID(banner path wrapped by Opt_AcknowledgedWarnings) WINDOW w12 CONTROL ?#15549 :: adds=0 removes=0 | buffer now=9179 min=8639 max=9259 mean=9157 | zero-samples=0/1441 | refills=4 totalling 1120 | not-working samples=0 (of which reason='Consumption' 0)
[C47S] VOID(banner path wrapped by Opt_AcknowledgedWarnings) WINDOW w12 CONTROL ?#15549 :: adds=0 removes=0 | buffer now=9179 min=8639 max=9259 mean=9157 | zero-samples=0/1441 | refills=4 totalling 1120 | not-working samples=0 (of which reason='Consumption' 0)
[mod] [C47S] VOID(banner path wrapped by Opt_AcknowledgedWarnings) WINDOW w12 CONTROL ?#15554 :: adds=0 removes=0 | buffer now=9123 min=8503 max=9263 mean=9098 | zero-samples=0/1441 | refills=13 totalling 3920 | not-working samples=0 (of which reason='Consumption' 0)
[C47S] VOID(banner path wrapped by Opt_AcknowledgedWarnings) WINDOW w12 CONTROL ?#15554 :: adds=0 removes=0 | buffer now=9123 min=8503 max=9263 mean=9098 | zero-samples=0/1441 | refills=13 totalling 3920 | not-working samples=0 (of which reason='Consumption' 0)
[mod] [C47S] VOID(banner path wrapped by Opt_AcknowledgedWarnings) WINDOW w12 CONTROL ?#15556 :: adds=0 removes=0 | buffer now=9130 min=8510 max=9270 mean=9117 | zero-samples=0/1441 | refills=12 totalling 3920 | not-working samples=0 (of which reason='Consumption' 0)
[C47S] VOID(banner path wrapped by Opt_AcknowledgedWarnings) WINDOW w12 CONTROL ?#15556 :: adds=0 removes=0 | buffer now=9130 min=8510 max=9270 mean=9117 | zero-samples=0/1441 | refills=12 totalling 3920 | not-working samples=0 (of which reason='Consumption' 0)
[mod] [C47S] VOID(banner path wrapped by Opt_AcknowledgedWarnings) WINDOW w12 CONTROL ?#15563 :: adds=0 removes=0 | buffer now=9102 min=8522 max=9262 mean=9094 | zero-samples=0/1441 | refills=12 totalling 3920 | not-working samples=0 (of which reason='Consumption' 0)
[C47S] VOID(banner path wrapped by Opt_AcknowledgedWarnings) WINDOW w12 CONTROL ?#15563 :: adds=0 removes=0 | buffer now=9102 min=8522 max=9262 mean=9094 | zero-samples=0/1441 | refills=12 totalling 3920 | not-working samples=0 (of which reason='Consumption' 0)
[mod] [C47S] VOID(banner path wrapped by Opt_AcknowledgedWarnings) WINDOW w12 CONTROL ?#15565 :: adds=0 removes=0 | buffer now=9164 min=8524 max=9264 mean=9143 | zero-samples=0/1441 | refills=12 totalling 3920 | not-working samples=0 (of which reason='Consumption' 0)
[C47S] VOID(banner path wrapped by Opt_AcknowledgedWarnings) WINDOW w12 CONTROL ?#15565 :: adds=0 removes=0 | buffer now=9164 min=8524 max=9264 mean=9143 | zero-samples=0/1441 | refills=12 totalling 3920 | not-working samples=0 (of which reason='Consumption' 0)
[mod] [C47S] VOID(banner path wrapped by Opt_AcknowledgedWarnings) WINDOW w12 CONTROL ?#15810 :: adds=0 removes=0 | buffer now=8752 min=8557 max=9312 mean=8787 | zero-samples=0/1441 | refills=26 totalling 3556 | not-working samples=0 (of which reason='Consumption' 0)
[C47S] VOID(banner path wrapped by Opt_AcknowledgedWarnings) WINDOW w12 CONTROL ?#15810 :: adds=0 removes=0 | buffer now=8752 min=8557 max=9312 mean=8787 | zero-samples=0/1441 | refills=26 totalling 3556 | not-working samples=0 (of which reason='Consumption' 0)
[mod] [C47S] VOID(banner path wrapped by Opt_AcknowledgedWarnings) WINDOW w12 CONTROL ?#15817 :: adds=0 removes=0 | buffer now=9155 min=8568 max=9318 mean=9149 | zero-samples=0/1441 | refills=28 totalling 4025 | not-working samples=0 (of which reason='Consumption' 0)
[C47S] VOID(banner path wrapped by Opt_AcknowledgedWarnings) WINDOW w12 CONTROL ?#15817 :: adds=0 removes=0 | buffer now=9155 min=8568 max=9318 mean=9149 | zero-samples=0/1441 | refills=28 totalling 4025 | not-working samples=0 (of which reason='Consumption' 0)
[mod] [C47S] VOID(banner path wrapped by Opt_AcknowledgedWarnings) WINDOW w12 CONTROL ?#16008 :: adds=0 removes=0 | buffer now=8648 min=8544 max=9316 mean=8696 | zero-samples=0/1441 | refills=28 totalling 3592 | not-working samples=0 (of which reason='Consumption' 0)
[C47S] VOID(banner path wrapped by Opt_AcknowledgedWarnings) WINDOW w12 CONTROL ?#16008 :: adds=0 removes=0 | buffer now=8648 min=8544 max=9316 mean=8696 | zero-samples=0/1441 | refills=28 totalling 3592 | not-working samples=0 (of which reason='Consumption' 0)
						Lua 0:12:46:369
[mod] [C47S] VOID(banner path wrapped by Opt_AcknowledgedWarnings) WINDOW w12 CONTROL ?#16011 :: adds=0 removes=0 | buffer now=8745 min=8505 max=9245 mean=8775 | zero-samples=0/1441 | refills=11 totalling 3640 | not-working samples=0 (of which reason='Consumption' 0)
[C47S] VOID(banner path wrapped by Opt_AcknowledgedWarnings) WINDOW w12 CONTROL ?#16011 :: adds=0 removes=0 | buffer now=8745 min=8505 max=9245 mean=8775 | zero-samples=0/1441 | refills=11 totalling 3640 | not-working samples=0 (of which reason='Consumption' 0)
[mod] [C47S] VOID(banner path wrapped by Opt_AcknowledgedWarnings) WINDOW w12 CONTROL ?#16076 :: adds=0 removes=0 | buffer now=9059 min=8479 max=9279 mean=9042 | zero-samples=0/1441 | refills=14 totalling 3920 | not-working samples=0 (of which reason='Consumption' 0)
[C47S] VOID(banner path wrapped by Opt_AcknowledgedWarnings) WINDOW w12 CONTROL ?#16076 :: adds=0 removes=0 | buffer now=9059 min=8479 max=9279 mean=9042 | zero-samples=0/1441 | refills=14 totalling 3920 | not-working samples=0 (of which reason='Consumption' 0)
[mod] [C47S] VOID(banner path wrapped by Opt_AcknowledgedWarnings) WINDOW w12 CONTROL ?#16077 :: adds=0 removes=0 | buffer now=9172 min=8532 max=9272 mean=9145 | zero-samples=0/1441 | refills=14 totalling 3920 | not-working samples=0 (of which reason='Consumption' 0)
[C47S] VOID(banner path wrapped by Opt_AcknowledgedWarnings) WINDOW w12 CONTROL ?#16077 :: adds=0 removes=0 | buffer now=9172 min=8532 max=9272 mean=9145 | zero-samples=0/1441 | refills=14 totalling 3920 | not-working samples=0 (of which reason='Consumption' 0)
[mod] [C47S] VOID(banner path wrapped by Opt_AcknowledgedWarnings) WINDOW w12 CONTROL ?#16155 :: adds=0 removes=0 | buffer now=9258 min=8518 max=9258 mean=9227 | zero-samples=0/1441 | refills=10 totalling 4200 | not-working samples=0 (of which reason='Consumption' 0)
[C47S] VOID(banner path wrapped by Opt_AcknowledgedWarnings) WINDOW w12 CONTROL ?#16155 :: adds=0 removes=0 | buffer now=9258 min=8518 max=9258 mean=9227 | zero-samples=0/1441 | refills=10 totalling 4200 | not-working samples=0 (of which reason='Consumption' 0)
[mod] [C47S] VOID(banner path wrapped by Opt_AcknowledgedWarnings) WINDOW w12 CONTROL ?#16192 :: adds=0 removes=0 | buffer now=9105 min=8865 max=9275 mean=9103 | zero-samples=0/1441 | refills=4 totalling 1120 | not-working samples=0 (of which reason='Consumption' 0)
[C47S] VOID(banner path wrapped by Opt_AcknowledgedWarnings) WINDOW w12 CONTROL ?#16192 :: adds=0 removes=0 | buffer now=9105 min=8865 max=9275 mean=9103 | zero-samples=0/1441 | refills=4 totalling 1120 | not-working samples=0 (of which reason='Consumption' 0)
[mod] [C47S] VOID(banner path wrapped by Opt_AcknowledgedWarnings) WINDOW w12 TOTALS :: adds(all objects on 'NotWorkingBuildings')=7 removes=7 | adds on objects this leg does NOT track=5 | voice-eligible SHIPPED model (text-keyed, RealTime, colony-wide)=2 | voice-eligible under the entry's ASSUMED per-object model=1
[C47S] VOID(banner path wrapped by Opt_AcknowledgedWarnings) WINDOW w12 TOTALS :: adds(all objects on 'NotWorkingBuildings')=7 removes=7 | adds on objects this leg does NOT track=5 | voice-eligible SHIPPED model (text-keyed, RealTime, colony-wide)=2 | voice-eligible under the entry's ASSUMED per-object model=1
[mod] [C47S] CLOCK w12 :: GameTime()=276300009 (383.75 sols since game start) | UIColony.day=385 hour=0 | speed=5x | RealTime()=754343
[C47S] CLOCK w12 :: GameTime()=276300009 (383.75 sols since game start) | UIColony.day=385 hour=0 | speed=5x | RealTime()=754343
[mod] [C47S] VOICETABLE w12 :: VoicesCooldown has 1 key(s) [769547039933] | VoiceQueue length=0 — ⭐ the keys are voiced-TEXT ids, not object handles (Voice.lua:355-358), so one key covers every not-working building in the colony at once
[C47S] VOICETABLE w12 :: VoicesCooldown has 1 key(s) [769547039933] | VoiceQueue length=0 — ⭐ the keys are voiced-TEXT ids, not object handles (Voice.lua:355-358), so one key covers every not-working building in the colony at once
						Lua 0:13:46:366
[mod] [C47S] VOID(banner path wrapped by Opt_AcknowledgedWarnings) WINDOW w13 SUBJECT ?#15779 :: adds=2 removes=2 | buffer now=3470 min=550 max=4225 mean=3403 | zero-samples=0/1561 | refills=60 totalling 27585 | not-working samples=1 (of which reason='Consumption' 1)
[C47S] VOID(banner path wrapped by Opt_AcknowledgedWarnings) WINDOW w13 SUBJECT ?#15779 :: adds=2 removes=2 | buffer now=3470 min=550 max=4225 mean=3403 | zero-samples=0/1561 | refills=60 totalling 27585 | not-working samples=1 (of which reason='Consumption' 1)
[mod] [C47S] VOID(banner path wrapped by Opt_AcknowledgedWarnings) WINDOW w13 SUBJECT ?#15974 :: adds=0 removes=0 | buffer now=3421 min=1661 max=4720 mean=3406 | zero-samples=0/1561 | refills=51 totalling 20601 | not-working samples=0 (of which reason='Consumption' 0)
[C47S] VOID(banner path wrapped by Opt_AcknowledgedWarnings) WINDOW w13 SUBJECT ?#15974 :: adds=0 removes=0 | buffer now=3421 min=1661 max=4720 mean=3406 | zero-samples=0/1561 | refills=51 totalling 20601 | not-working samples=0 (of which reason='Consumption' 0)
[mod] [C47S] VOID(banner path wrapped by Opt_AcknowledgedWarnings) WINDOW w13 CONTROL ?#2793 :: adds=0 removes=0 | buffer now=9273 min=8913 max=9273 mean=9256 | zero-samples=0/1561 | refills=3 totalling 840 | not-working samples=0 (of which reason='Consumption' 0)
[C47S] VOID(banner path wrapped by Opt_AcknowledgedWarnings) WINDOW w13 CONTROL ?#2793 :: adds=0 removes=0 | buffer now=9273 min=8913 max=9273 mean=9256 | zero-samples=0/1561 | refills=3 totalling 840 | not-working samples=0 (of which reason='Consumption' 0)
[mod] [C47S] VOID(banner path wrapped by Opt_AcknowledgedWarnings) WINDOW w13 CONTROL ?#3790 :: adds=0 removes=0 | buffer now=9113 min=8933 max=9233 mean=9119 | zero-samples=0/1561 | refills=2 totalling 560 | not-working samples=0 (of which reason='Consumption' 0)
[C47S] VOID(banner path wrapped by Opt_AcknowledgedWarnings) WINDOW w13 CONTROL ?#3790 :: adds=0 removes=0 | buffer now=9113 min=8933 max=9233 mean=9119 | zero-samples=0/1561 | refills=2 totalling 560 | not-working samples=0 (of which reason='Consumption' 0)
[mod] [C47S] VOID(banner path wrapped by Opt_AcknowledgedWarnings) WINDOW w13 CONTROL ?#4089 :: adds=0 removes=0 | buffer now=9276 min=8916 max=9276 mean=9255 | zero-samples=0/1561 | refills=3 totalling 840 | not-working samples=0 (of which reason='Consumption' 0)
[C47S] VOID(banner path wrapped by Opt_AcknowledgedWarnings) WINDOW w13 CONTROL ?#4089 :: adds=0 removes=0 | buffer now=9276 min=8916 max=9276 mean=9255 | zero-samples=0/1561 | refills=3 totalling 840 | not-working samples=0 (of which reason='Consumption' 0)
[mod] [C47S] VOID(banner path wrapped by Opt_AcknowledgedWarnings) WINDOW w13 CONTROL ?#6324 :: adds=0 removes=0 | buffer now=9400 min=8960 max=10000 mean=9422 | zero-samples=0/1561 | refills=1 totalling 1040 | not-working samples=0 (of which reason='Consumption' 0)
[C47S] VOID(banner path wrapped by Opt_AcknowledgedWarnings) WINDOW w13 CONTROL ?#6324 :: adds=0 removes=0 | buffer now=9400 min=8960 max=10000 mean=9422 | zero-samples=0/1561 | refills=1 totalling 1040 | not-working samples=0 (of which reason='Consumption' 0)
[mod] [C47S] VOID(banner path wrapped by Opt_AcknowledgedWarnings) WINDOW w13 CONTROL ?#6325 :: adds=0 removes=0 | buffer now=9000 min=8520 max=10000 mean=9034 | zero-samples=0/1561 | refills=7 totalling 3500 | not-working samples=0 (of which reason='Consumption' 0)
[C47S] VOID(banner path wrapped by Opt_AcknowledgedWarnings) WINDOW w13 CONTROL ?#6325 :: adds=0 removes=0 | buffer now=9000 min=8520 max=10000 mean=9034 | zero-samples=0/1561 | refills=7 totalling 3500 | not-working samples=0 (of which reason='Consumption' 0)
[mod] [C47S] VOID(banner path wrapped by Opt_AcknowledgedWarnings) WINDOW w13 CONTROL ?#6620 :: adds=0 removes=0 | buffer now=9221 min=8937 max=9271 mean=9206 | zero-samples=0/1561 | refills=27 totalling 694 | not-working samples=0 (of which reason='Consumption' 0)
[C47S] VOID(banner path wrapped by Opt_AcknowledgedWarnings) WINDOW w13 CONTROL ?#6620 :: adds=0 removes=0 | buffer now=9221 min=8937 max=9271 mean=9206 | zero-samples=0/1561 | refills=27 totalling 694 | not-working samples=0 (of which reason='Consumption' 0)
[mod] [C47S] VOID(banner path wrapped by Opt_AcknowledgedWarnings) WINDOW w13 CONTROL ?#6622 :: adds=0 removes=0 | buffer now=9110 min=8944 max=9274 mean=9111 | zero-samples=0/1561 | refills=27 totalling 696 | not-working samples=0 (of which reason='Consumption' 0)
[C47S] VOID(banner path wrapped by Opt_AcknowledgedWarnings) WINDOW w13 CONTROL ?#6622 :: adds=0 removes=0 | buffer now=9110 min=8944 max=9274 mean=9111 | zero-samples=0/1561 | refills=27 totalling 696 | not-working samples=0 (of which reason='Consumption' 0)
[mod] [C47S] VOID(banner path wrapped by Opt_AcknowledgedWarnings) WINDOW w13 CONTROL ?#6836 :: adds=0 removes=0 | buffer now=8943 min=8875 max=9219 mean=8957 | zero-samples=0/1561 | refills=30 totalling 998 | not-working samples=0 (of which reason='Consumption' 0)
[C47S] VOID(banner path wrapped by Opt_AcknowledgedWarnings) WINDOW w13 CONTROL ?#6836 :: adds=0 removes=0 | buffer now=8943 min=8875 max=9219 mean=8957 | zero-samples=0/1561 | refills=30 totalling 998 | not-working samples=0 (of which reason='Consumption' 0)
[mod] [C47S] VOID(banner path wrapped by Opt_AcknowledgedWarnings) WINDOW w13 CONTROL ?#6958 :: adds=0 removes=0 | buffer now=9225 min=8937 max=9273 mean=9214 | zero-samples=0/1561 | refills=28 totalling 706 | not-working samples=0 (of which reason='Consumption' 0)
[C47S] VOID(banner path wrapped by Opt_AcknowledgedWarnings) WINDOW w13 CONTROL ?#6958 :: adds=0 removes=0 | buffer now=9225 min=8937 max=9273 mean=9214 | zero-samples=0/1561 | refills=28 totalling 706 | not-working samples=0 (of which reason='Consumption' 0)
[mod] [C47S] VOID(banner path wrapped by Opt_AcknowledgedWarnings) WINDOW w13 CONTROL ?#7004 :: adds=0 removes=0 | buffer now=8905 min=8905 max=9225 mean=8926 | zero-samples=0/1561 | refills=2 totalling 560 | not-working samples=0 (of which reason='Consumption' 0)
[C47S] VOID(banner path wrapped by Opt_AcknowledgedWarnings) WINDOW w13 CONTROL ?#7004 :: adds=0 removes=0 | buffer now=8905 min=8905 max=9225 mean=8926 | zero-samples=0/1561 | refills=2 totalling 560 | not-working samples=0 (of which reason='Consumption' 0)
[mod] [C47S] VOID(banner path wrapped by Opt_AcknowledgedWarnings) WINDOW w13 CONTROL ?#7016 :: adds=0 removes=0 | buffer now=9060 min=8930 max=9550 mean=9079 | zero-samples=0/1561 | refills=2 totalling 560 | not-working samples=0 (of which reason='Consumption' 0)
[C47S] VOID(banner path wrapped by Opt_AcknowledgedWarnings) WINDOW w13 CONTROL ?#7016 :: adds=0 removes=0 | buffer now=9060 min=8930 max=9550 mean=9079 | zero-samples=0/1561 | refills=2 totalling 560 | not-working samples=0 (of which reason='Consumption' 0)
[mod] [C47S] VOID(banner path wrapped by Opt_AcknowledgedWarnings) WINDOW w13 CONTROL ?#14623 :: adds=0 removes=0 | buffer now=9042 min=8482 max=9242 mean=9034 | zero-samples=0/1561 | refills=11 totalling 3920 | not-working samples=0 (of which reason='Consumption' 0)
[C47S] VOID(banner path wrapped by Opt_AcknowledgedWarnings) WINDOW w13 CONTROL ?#14623 :: adds=0 removes=0 | buffer now=9042 min=8482 max=9242 mean=9034 | zero-samples=0/1561 | refills=11 totalling 3920 | not-working samples=0 (of which reason='Consumption' 0)
[mod] [C47S] VOID(banner path wrapped by Opt_AcknowledgedWarnings) WINDOW w13 CONTROL ?#14625 :: adds=0 removes=0 | buffer now=9243 min=8503 max=9243 mean=9212 | zero-samples=0/1561 | refills=14 totalling 4200 | not-working samples=0 (of which reason='Consumption' 0)
[C47S] VOID(banner path wrapped by Opt_AcknowledgedWarnings) WINDOW w13 CONTROL ?#14625 :: adds=0 removes=0 | buffer now=9243 min=8503 max=9243 mean=9212 | zero-samples=0/1561 | refills=14 totalling 4200 | not-working samples=0 (of which reason='Consumption' 0)
[mod] [C47S] VOID(banner path wrapped by Opt_AcknowledgedWarnings) WINDOW w13 CONTROL ?#14627 :: adds=0 removes=0 | buffer now=9210 min=8510 max=9250 mean=9178 | zero-samples=0/1561 | refills=14 totalling 4200 | not-working samples=0 (of which reason='Consumption' 0)
[C47S] VOID(banner path wrapped by Opt_AcknowledgedWarnings) WINDOW w13 CONTROL ?#14627 :: adds=0 removes=0 | buffer now=9210 min=8510 max=9250 mean=9178 | zero-samples=0/1561 | refills=14 totalling 4200 | not-working samples=0 (of which reason='Consumption' 0)
[mod] [C47S] VOID(banner path wrapped by Opt_AcknowledgedWarnings) WINDOW w13 CONTROL ?#14628 :: adds=0 removes=0 | buffer now=9116 min=8536 max=9276 mean=9111 | zero-samples=0/1561 | refills=9 totalling 3360 | not-working samples=0 (of which reason='Consumption' 0)
[C47S] VOID(banner path wrapped by Opt_AcknowledgedWarnings) WINDOW w13 CONTROL ?#14628 :: adds=0 removes=0 | buffer now=9116 min=8536 max=9276 mean=9111 | zero-samples=0/1561 | refills=9 totalling 3360 | not-working samples=0 (of which reason='Consumption' 0)
[mod] [C47S] VOID(banner path wrapped by Opt_AcknowledgedWarnings) WINDOW w13 CONTROL ?#14629 :: adds=0 removes=0 | buffer now=9097 min=8517 max=9257 mean=9083 | zero-samples=0/1561 | refills=11 totalling 3920 | not-working samples=0 (of which reason='Consumption' 0)
[C47S] VOID(banner path wrapped by Opt_AcknowledgedWarnings) WINDOW w13 CONTROL ?#14629 :: adds=0 removes=0 | buffer now=9097 min=8517 max=9257 mean=9083 | zero-samples=0/1561 | refills=11 totalling 3920 | not-working samples=0 (of which reason='Consumption' 0)
[mod] [C47S] VOID(banner path wrapped by Opt_AcknowledgedWarnings) WINDOW w13 CONTROL ?#15043 :: adds=0 removes=0 | buffer now=9057 min=8537 max=9237 mean=9050 | zero-samples=0/1561 | refills=17 totalling 3880 | not-working samples=0 (of which reason='Consumption' 0)
[C47S] VOID(banner path wrapped by Opt_AcknowledgedWarnings) WINDOW w13 CONTROL ?#15043 :: adds=0 removes=0 | buffer now=9057 min=8537 max=9237 mean=9050 | zero-samples=0/1561 | refills=17 totalling 3880 | not-working samples=0 (of which reason='Consumption' 0)
[mod] [C47S] VOID(banner path wrapped by Opt_AcknowledgedWarnings) WINDOW w13 CONTROL ?#15047 :: adds=0 removes=0 | buffer now=9095 min=8595 max=9295 mean=9075 | zero-samples=0/1561 | refills=19 totalling 3920 | not-working samples=0 (of which reason='Consumption' 0)
[C47S] VOID(banner path wrapped by Opt_AcknowledgedWarnings) WINDOW w13 CONTROL ?#15047 :: adds=0 removes=0 | buffer now=9095 min=8595 max=9295 mean=9075 | zero-samples=0/1561 | refills=19 totalling 3920 | not-working samples=0 (of which reason='Consumption' 0)
						Lua 0:13:46:367
[mod] [C47S] VOID(banner path wrapped by Opt_AcknowledgedWarnings) WINDOW w13 CONTROL ?#15050 :: adds=0 removes=0 | buffer now=9320 min=8920 max=9320 mean=9297 | zero-samples=0/1561 | refills=11 totalling 1400 | not-working samples=0 (of which reason='Consumption' 0)
[C47S] VOID(banner path wrapped by Opt_AcknowledgedWarnings) WINDOW w13 CONTROL ?#15050 :: adds=0 removes=0 | buffer now=9320 min=8920 max=9320 mean=9297 | zero-samples=0/1561 | refills=11 totalling 1400 | not-working samples=0 (of which reason='Consumption' 0)
[mod] [C47S] VOID(banner path wrapped by Opt_AcknowledgedWarnings) WINDOW w13 CONTROL ?#15052 :: adds=0 removes=0 | buffer now=9016 min=8556 max=9256 mean=9013 | zero-samples=0/1561 | refills=17 totalling 3840 | not-working samples=0 (of which reason='Consumption' 0)
[C47S] VOID(banner path wrapped by Opt_AcknowledgedWarnings) WINDOW w13 CONTROL ?#15052 :: adds=0 removes=0 | buffer now=9016 min=8556 max=9256 mean=9013 | zero-samples=0/1561 | refills=17 totalling 3840 | not-working samples=0 (of which reason='Consumption' 0)
[mod] [C47S] VOID(banner path wrapped by Opt_AcknowledgedWarnings) WINDOW w13 CONTROL ?#15098 :: adds=0 removes=0 | buffer now=9042 min=8562 max=9242 mean=9027 | zero-samples=0/1561 | refills=19 totalling 3880 | not-working samples=0 (of which reason='Consumption' 0)
[C47S] VOID(banner path wrapped by Opt_AcknowledgedWarnings) WINDOW w13 CONTROL ?#15098 :: adds=0 removes=0 | buffer now=9042 min=8562 max=9242 mean=9027 | zero-samples=0/1561 | refills=19 totalling 3880 | not-working samples=0 (of which reason='Consumption' 0)
[mod] [C47S] VOID(banner path wrapped by Opt_AcknowledgedWarnings) WINDOW w13 CONTROL ?#15099 :: adds=0 removes=0 | buffer now=9019 min=8559 max=9319 mean=9013 | zero-samples=0/1561 | refills=17 totalling 3840 | not-working samples=0 (of which reason='Consumption' 0)
[C47S] VOID(banner path wrapped by Opt_AcknowledgedWarnings) WINDOW w13 CONTROL ?#15099 :: adds=0 removes=0 | buffer now=9019 min=8559 max=9319 mean=9013 | zero-samples=0/1561 | refills=17 totalling 3840 | not-working samples=0 (of which reason='Consumption' 0)
[mod] [C47S] VOID(banner path wrapped by Opt_AcknowledgedWarnings) WINDOW w13 CONTROL ?#15547 :: adds=0 removes=0 | buffer now=9156 min=8636 max=9196 mean=9137 | zero-samples=0/1561 | refills=4 totalling 1120 | not-working samples=0 (of which reason='Consumption' 0)
[C47S] VOID(banner path wrapped by Opt_AcknowledgedWarnings) WINDOW w13 CONTROL ?#15547 :: adds=0 removes=0 | buffer now=9156 min=8636 max=9196 mean=9137 | zero-samples=0/1561 | refills=4 totalling 1120 | not-working samples=0 (of which reason='Consumption' 0)
[mod] [C47S] VOID(banner path wrapped by Opt_AcknowledgedWarnings) WINDOW w13 CONTROL ?#15549 :: adds=0 removes=0 | buffer now=9179 min=8639 max=9259 mean=9159 | zero-samples=0/1561 | refills=4 totalling 1120 | not-working samples=0 (of which reason='Consumption' 0)
[C47S] VOID(banner path wrapped by Opt_AcknowledgedWarnings) WINDOW w13 CONTROL ?#15549 :: adds=0 removes=0 | buffer now=9179 min=8639 max=9259 mean=9159 | zero-samples=0/1561 | refills=4 totalling 1120 | not-working samples=0 (of which reason='Consumption' 0)
[mod] [C47S] VOID(banner path wrapped by Opt_AcknowledgedWarnings) WINDOW w13 CONTROL ?#15554 :: adds=0 removes=0 | buffer now=9123 min=8503 max=9263 mean=9100 | zero-samples=0/1561 | refills=13 totalling 3920 | not-working samples=0 (of which reason='Consumption' 0)
[C47S] VOID(banner path wrapped by Opt_AcknowledgedWarnings) WINDOW w13 CONTROL ?#15554 :: adds=0 removes=0 | buffer now=9123 min=8503 max=9263 mean=9100 | zero-samples=0/1561 | refills=13 totalling 3920 | not-working samples=0 (of which reason='Consumption' 0)
[mod] [C47S] VOID(banner path wrapped by Opt_AcknowledgedWarnings) WINDOW w13 CONTROL ?#15556 :: adds=0 removes=0 | buffer now=9130 min=8510 max=9270 mean=9118 | zero-samples=0/1561 | refills=12 totalling 3920 | not-working samples=0 (of which reason='Consumption' 0)
[C47S] VOID(banner path wrapped by Opt_AcknowledgedWarnings) WINDOW w13 CONTROL ?#15556 :: adds=0 removes=0 | buffer now=9130 min=8510 max=9270 mean=9118 | zero-samples=0/1561 | refills=12 totalling 3920 | not-working samples=0 (of which reason='Consumption' 0)
[mod] [C47S] VOID(banner path wrapped by Opt_AcknowledgedWarnings) WINDOW w13 CONTROL ?#15563 :: adds=0 removes=0 | buffer now=9102 min=8522 max=9262 mean=9095 | zero-samples=0/1561 | refills=12 totalling 3920 | not-working samples=0 (of which reason='Consumption' 0)
[C47S] VOID(banner path wrapped by Opt_AcknowledgedWarnings) WINDOW w13 CONTROL ?#15563 :: adds=0 removes=0 | buffer now=9102 min=8522 max=9262 mean=9095 | zero-samples=0/1561 | refills=12 totalling 3920 | not-working samples=0 (of which reason='Consumption' 0)
[mod] [C47S] VOID(banner path wrapped by Opt_AcknowledgedWarnings) WINDOW w13 CONTROL ?#15565 :: adds=0 removes=0 | buffer now=9164 min=8524 max=9264 mean=9145 | zero-samples=0/1561 | refills=12 totalling 3920 | not-working samples=0 (of which reason='Consumption' 0)
[C47S] VOID(banner path wrapped by Opt_AcknowledgedWarnings) WINDOW w13 CONTROL ?#15565 :: adds=0 removes=0 | buffer now=9164 min=8524 max=9264 mean=9145 | zero-samples=0/1561 | refills=12 totalling 3920 | not-working samples=0 (of which reason='Consumption' 0)
[mod] [C47S] VOID(banner path wrapped by Opt_AcknowledgedWarnings) WINDOW w13 CONTROL ?#15810 :: adds=0 removes=0 | buffer now=8752 min=8557 max=9312 mean=8785 | zero-samples=0/1561 | refills=26 totalling 3556 | not-working samples=0 (of which reason='Consumption' 0)
[C47S] VOID(banner path wrapped by Opt_AcknowledgedWarnings) WINDOW w13 CONTROL ?#15810 :: adds=0 removes=0 | buffer now=8752 min=8557 max=9312 mean=8785 | zero-samples=0/1561 | refills=26 totalling 3556 | not-working samples=0 (of which reason='Consumption' 0)
[mod] [C47S] VOID(banner path wrapped by Opt_AcknowledgedWarnings) WINDOW w13 CONTROL ?#15817 :: adds=0 removes=0 | buffer now=9155 min=8568 max=9318 mean=9149 | zero-samples=0/1561 | refills=28 totalling 4025 | not-working samples=0 (of which reason='Consumption' 0)
[C47S] VOID(banner path wrapped by Opt_AcknowledgedWarnings) WINDOW w13 CONTROL ?#15817 :: adds=0 removes=0 | buffer now=9155 min=8568 max=9318 mean=9149 | zero-samples=0/1561 | refills=28 totalling 4025 | not-working samples=0 (of which reason='Consumption' 0)
[mod] [C47S] VOID(banner path wrapped by Opt_AcknowledgedWarnings) WINDOW w13 CONTROL ?#16008 :: adds=0 removes=0 | buffer now=8648 min=8544 max=9316 mean=8692 | zero-samples=0/1561 | refills=28 totalling 3592 | not-working samples=0 (of which reason='Consumption' 0)
[C47S] VOID(banner path wrapped by Opt_AcknowledgedWarnings) WINDOW w13 CONTROL ?#16008 :: adds=0 removes=0 | buffer now=8648 min=8544 max=9316 mean=8692 | zero-samples=0/1561 | refills=28 totalling 3592 | not-working samples=0 (of which reason='Consumption' 0)
[mod] [C47S] VOID(banner path wrapped by Opt_AcknowledgedWarnings) WINDOW w13 CONTROL ?#16011 :: adds=0 removes=0 | buffer now=8745 min=8505 max=9245 mean=8773 | zero-samples=0/1561 | refills=11 totalling 3640 | not-working samples=0 (of which reason='Consumption' 0)
[C47S] VOID(banner path wrapped by Opt_AcknowledgedWarnings) WINDOW w13 CONTROL ?#16011 :: adds=0 removes=0 | buffer now=8745 min=8505 max=9245 mean=8773 | zero-samples=0/1561 | refills=11 totalling 3640 | not-working samples=0 (of which reason='Consumption' 0)
[mod] [C47S] VOID(banner path wrapped by Opt_AcknowledgedWarnings) WINDOW w13 CONTROL ?#16076 :: adds=0 removes=0 | buffer now=9059 min=8479 max=9279 mean=9043 | zero-samples=0/1561 | refills=14 totalling 3920 | not-working samples=0 (of which reason='Consumption' 0)
[C47S] VOID(banner path wrapped by Opt_AcknowledgedWarnings) WINDOW w13 CONTROL ?#16076 :: adds=0 removes=0 | buffer now=9059 min=8479 max=9279 mean=9043 | zero-samples=0/1561 | refills=14 totalling 3920 | not-working samples=0 (of which reason='Consumption' 0)
[mod] [C47S] VOID(banner path wrapped by Opt_AcknowledgedWarnings) WINDOW w13 CONTROL ?#16077 :: adds=0 removes=0 | buffer now=9172 min=8532 max=9272 mean=9147 | zero-samples=0/1561 | refills=14 totalling 3920 | not-working samples=0 (of which reason='Consumption' 0)
[C47S] VOID(banner path wrapped by Opt_AcknowledgedWarnings) WINDOW w13 CONTROL ?#16077 :: adds=0 removes=0 | buffer now=9172 min=8532 max=9272 mean=9147 | zero-samples=0/1561 | refills=14 totalling 3920 | not-working samples=0 (of which reason='Consumption' 0)
[mod] [C47S] VOID(banner path wrapped by Opt_AcknowledgedWarnings) WINDOW w13 CONTROL ?#16155 :: adds=0 removes=0 | buffer now=9258 min=8518 max=9258 mean=9229 | zero-samples=0/1561 | refills=10 totalling 4200 | not-working samples=0 (of which reason='Consumption' 0)
[C47S] VOID(banner path wrapped by Opt_AcknowledgedWarnings) WINDOW w13 CONTROL ?#16155 :: adds=0 removes=0 | buffer now=9258 min=8518 max=9258 mean=9229 | zero-samples=0/1561 | refills=10 totalling 4200 | not-working samples=0 (of which reason='Consumption' 0)
[mod] [C47S] VOID(banner path wrapped by Opt_AcknowledgedWarnings) WINDOW w13 CONTROL ?#16192 :: adds=0 removes=0 | buffer now=9105 min=8865 max=9275 mean=9103 | zero-samples=0/1561 | refills=4 totalling 1120 | not-working samples=0 (of which reason='Consumption' 0)
[C47S] VOID(banner path wrapped by Opt_AcknowledgedWarnings) WINDOW w13 CONTROL ?#16192 :: adds=0 removes=0 | buffer now=9105 min=8865 max=9275 mean=9103 | zero-samples=0/1561 | refills=4 totalling 1120 | not-working samples=0 (of which reason='Consumption' 0)
[mod] [C47S] VOID(banner path wrapped by Opt_AcknowledgedWarnings) WINDOW w13 TOTALS :: adds(all objects on 'NotWorkingBuildings')=7 removes=7 | adds on objects this leg does NOT track=5 | voice-eligible SHIPPED model (text-keyed, RealTime, colony-wide)=2 | voice-eligible under the entry's ASSUMED per-object model=1
[C47S] VOID(banner path wrapped by Opt_AcknowledgedWarnings) WINDOW w13 TOTALS :: adds(all objects on 'NotWorkingBuildings')=7 removes=7 | adds on objects this leg does NOT track=5 | voice-eligible SHIPPED model (text-keyed, RealTime, colony-wide)=2 | voice-eligible under the entry's ASSUMED per-object model=1
[mod] [C47S] CLOCK w13 :: GameTime()=276300009 (383.75 sols since game start) | UIColony.day=385 hour=0 | speed=5x | RealTime()=814343
[C47S] CLOCK w13 :: GameTime()=276300009 (383.75 sols since game start) | UIColony.day=385 hour=0 | speed=5x | RealTime()=814343
[mod] [C47S] VOICETABLE w13 :: VoicesCooldown has 1 key(s) [769547039933] | VoiceQueue length=0 — ⭐ the keys are voiced-TEXT ids, not object handles (Voice.lua:355-358), so one key covers every not-working building in the colony at once
[C47S] VOICETABLE w13 :: VoicesCooldown has 1 key(s) [769547039933] | VoiceQueue length=0 — ⭐ the keys are voiced-TEXT ids, not object handles (Voice.lua:355-358), so one key covers every not-working building in the colony at once
						Lua 0:14:46:366
[mod] [C47S] VOID(banner path wrapped by Opt_AcknowledgedWarnings) WINDOW w14 SUBJECT ?#15779 :: adds=2 removes=2 | buffer now=3470 min=550 max=4225 mean=3408 | zero-samples=0/1681 | refills=60 totalling 27585 | not-working samples=1 (of which reason='Consumption' 1)
[C47S] VOID(banner path wrapped by Opt_AcknowledgedWarnings) WINDOW w14 SUBJECT ?#15779 :: adds=2 removes=2 | buffer now=3470 min=550 max=4225 mean=3408 | zero-samples=0/1681 | refills=60 totalling 27585 | not-working samples=1 (of which reason='Consumption' 1)
[mod] [C47S] VOID(banner path wrapped by Opt_AcknowledgedWarnings) WINDOW w14 SUBJECT ?#15974 :: adds=0 removes=0 | buffer now=3421 min=1661 max=4720 mean=3407 | zero-samples=0/1681 | refills=51 totalling 20601 | not-working samples=0 (of which reason='Consumption' 0)
[C47S] VOID(banner path wrapped by Opt_AcknowledgedWarnings) WINDOW w14 SUBJECT ?#15974 :: adds=0 removes=0 | buffer now=3421 min=1661 max=4720 mean=3407 | zero-samples=0/1681 | refills=51 totalling 20601 | not-working samples=0 (of which reason='Consumption' 0)
[mod] [C47S] VOID(banner path wrapped by Opt_AcknowledgedWarnings) WINDOW w14 CONTROL ?#2793 :: adds=0 removes=0 | buffer now=9273 min=8913 max=9273 mean=9257 | zero-samples=0/1681 | refills=3 totalling 840 | not-working samples=0 (of which reason='Consumption' 0)
[C47S] VOID(banner path wrapped by Opt_AcknowledgedWarnings) WINDOW w14 CONTROL ?#2793 :: adds=0 removes=0 | buffer now=9273 min=8913 max=9273 mean=9257 | zero-samples=0/1681 | refills=3 totalling 840 | not-working samples=0 (of which reason='Consumption' 0)
[mod] [C47S] VOID(banner path wrapped by Opt_AcknowledgedWarnings) WINDOW w14 CONTROL ?#3790 :: adds=0 removes=0 | buffer now=9113 min=8933 max=9233 mean=9119 | zero-samples=0/1681 | refills=2 totalling 560 | not-working samples=0 (of which reason='Consumption' 0)
[C47S] VOID(banner path wrapped by Opt_AcknowledgedWarnings) WINDOW w14 CONTROL ?#3790 :: adds=0 removes=0 | buffer now=9113 min=8933 max=9233 mean=9119 | zero-samples=0/1681 | refills=2 totalling 560 | not-working samples=0 (of which reason='Consumption' 0)
[mod] [C47S] VOID(banner path wrapped by Opt_AcknowledgedWarnings) WINDOW w14 CONTROL ?#4089 :: adds=0 removes=0 | buffer now=9276 min=8916 max=9276 mean=9256 | zero-samples=0/1681 | refills=3 totalling 840 | not-working samples=0 (of which reason='Consumption' 0)
[C47S] VOID(banner path wrapped by Opt_AcknowledgedWarnings) WINDOW w14 CONTROL ?#4089 :: adds=0 removes=0 | buffer now=9276 min=8916 max=9276 mean=9256 | zero-samples=0/1681 | refills=3 totalling 840 | not-working samples=0 (of which reason='Consumption' 0)
[mod] [C47S] VOID(banner path wrapped by Opt_AcknowledgedWarnings) WINDOW w14 CONTROL ?#6324 :: adds=0 removes=0 | buffer now=9400 min=8960 max=10000 mean=9421 | zero-samples=0/1681 | refills=1 totalling 1040 | not-working samples=0 (of which reason='Consumption' 0)
[C47S] VOID(banner path wrapped by Opt_AcknowledgedWarnings) WINDOW w14 CONTROL ?#6324 :: adds=0 removes=0 | buffer now=9400 min=8960 max=10000 mean=9421 | zero-samples=0/1681 | refills=1 totalling 1040 | not-working samples=0 (of which reason='Consumption' 0)
[mod] [C47S] VOID(banner path wrapped by Opt_AcknowledgedWarnings) WINDOW w14 CONTROL ?#6325 :: adds=0 removes=0 | buffer now=9000 min=8520 max=10000 mean=9032 | zero-samples=0/1681 | refills=7 totalling 3500 | not-working samples=0 (of which reason='Consumption' 0)
[C47S] VOID(banner path wrapped by Opt_AcknowledgedWarnings) WINDOW w14 CONTROL ?#6325 :: adds=0 removes=0 | buffer now=9000 min=8520 max=10000 mean=9032 | zero-samples=0/1681 | refills=7 totalling 3500 | not-working samples=0 (of which reason='Consumption' 0)
[mod] [C47S] VOID(banner path wrapped by Opt_AcknowledgedWarnings) WINDOW w14 CONTROL ?#6620 :: adds=0 removes=0 | buffer now=9221 min=8937 max=9271 mean=9207 | zero-samples=0/1681 | refills=27 totalling 694 | not-working samples=0 (of which reason='Consumption' 0)
[C47S] VOID(banner path wrapped by Opt_AcknowledgedWarnings) WINDOW w14 CONTROL ?#6620 :: adds=0 removes=0 | buffer now=9221 min=8937 max=9271 mean=9207 | zero-samples=0/1681 | refills=27 totalling 694 | not-working samples=0 (of which reason='Consumption' 0)
[mod] [C47S] VOID(banner path wrapped by Opt_AcknowledgedWarnings) WINDOW w14 CONTROL ?#6622 :: adds=0 removes=0 | buffer now=9110 min=8944 max=9274 mean=9111 | zero-samples=0/1681 | refills=27 totalling 696 | not-working samples=0 (of which reason='Consumption' 0)
[C47S] VOID(banner path wrapped by Opt_AcknowledgedWarnings) WINDOW w14 CONTROL ?#6622 :: adds=0 removes=0 | buffer now=9110 min=8944 max=9274 mean=9111 | zero-samples=0/1681 | refills=27 totalling 696 | not-working samples=0 (of which reason='Consumption' 0)
[mod] [C47S] VOID(banner path wrapped by Opt_AcknowledgedWarnings) WINDOW w14 CONTROL ?#6836 :: adds=0 removes=0 | buffer now=8943 min=8875 max=9219 mean=8956 | zero-samples=0/1681 | refills=30 totalling 998 | not-working samples=0 (of which reason='Consumption' 0)
[C47S] VOID(banner path wrapped by Opt_AcknowledgedWarnings) WINDOW w14 CONTROL ?#6836 :: adds=0 removes=0 | buffer now=8943 min=8875 max=9219 mean=8956 | zero-samples=0/1681 | refills=30 totalling 998 | not-working samples=0 (of which reason='Consumption' 0)
[mod] [C47S] VOID(banner path wrapped by Opt_AcknowledgedWarnings) WINDOW w14 CONTROL ?#6958 :: adds=0 removes=0 | buffer now=9225 min=8937 max=9273 mean=9215 | zero-samples=0/1681 | refills=28 totalling 706 | not-working samples=0 (of which reason='Consumption' 0)
[C47S] VOID(banner path wrapped by Opt_AcknowledgedWarnings) WINDOW w14 CONTROL ?#6958 :: adds=0 removes=0 | buffer now=9225 min=8937 max=9273 mean=9215 | zero-samples=0/1681 | refills=28 totalling 706 | not-working samples=0 (of which reason='Consumption' 0)
[mod] [C47S] VOID(banner path wrapped by Opt_AcknowledgedWarnings) WINDOW w14 CONTROL ?#7004 :: adds=0 removes=0 | buffer now=8905 min=8905 max=9225 mean=8924 | zero-samples=0/1681 | refills=2 totalling 560 | not-working samples=0 (of which reason='Consumption' 0)
[C47S] VOID(banner path wrapped by Opt_AcknowledgedWarnings) WINDOW w14 CONTROL ?#7004 :: adds=0 removes=0 | buffer now=8905 min=8905 max=9225 mean=8924 | zero-samples=0/1681 | refills=2 totalling 560 | not-working samples=0 (of which reason='Consumption' 0)
[mod] [C47S] VOID(banner path wrapped by Opt_AcknowledgedWarnings) WINDOW w14 CONTROL ?#7016 :: adds=0 removes=0 | buffer now=9060 min=8930 max=9550 mean=9077 | zero-samples=0/1681 | refills=2 totalling 560 | not-working samples=0 (of which reason='Consumption' 0)
[C47S] VOID(banner path wrapped by Opt_AcknowledgedWarnings) WINDOW w14 CONTROL ?#7016 :: adds=0 removes=0 | buffer now=9060 min=8930 max=9550 mean=9077 | zero-samples=0/1681 | refills=2 totalling 560 | not-working samples=0 (of which reason='Consumption' 0)
[mod] [C47S] VOID(banner path wrapped by Opt_AcknowledgedWarnings) WINDOW w14 CONTROL ?#14623 :: adds=0 removes=0 | buffer now=9042 min=8482 max=9242 mean=9035 | zero-samples=0/1681 | refills=11 totalling 3920 | not-working samples=0 (of which reason='Consumption' 0)
[C47S] VOID(banner path wrapped by Opt_AcknowledgedWarnings) WINDOW w14 CONTROL ?#14623 :: adds=0 removes=0 | buffer now=9042 min=8482 max=9242 mean=9035 | zero-samples=0/1681 | refills=11 totalling 3920 | not-working samples=0 (of which reason='Consumption' 0)
[mod] [C47S] VOID(banner path wrapped by Opt_AcknowledgedWarnings) WINDOW w14 CONTROL ?#14625 :: adds=0 removes=0 | buffer now=9243 min=8503 max=9243 mean=9214 | zero-samples=0/1681 | refills=14 totalling 4200 | not-working samples=0 (of which reason='Consumption' 0)
[C47S] VOID(banner path wrapped by Opt_AcknowledgedWarnings) WINDOW w14 CONTROL ?#14625 :: adds=0 removes=0 | buffer now=9243 min=8503 max=9243 mean=9214 | zero-samples=0/1681 | refills=14 totalling 4200 | not-working samples=0 (of which reason='Consumption' 0)
[mod] [C47S] VOID(banner path wrapped by Opt_AcknowledgedWarnings) WINDOW w14 CONTROL ?#14627 :: adds=0 removes=0 | buffer now=9210 min=8510 max=9250 mean=9180 | zero-samples=0/1681 | refills=14 totalling 4200 | not-working samples=0 (of which reason='Consumption' 0)
[C47S] VOID(banner path wrapped by Opt_AcknowledgedWarnings) WINDOW w14 CONTROL ?#14627 :: adds=0 removes=0 | buffer now=9210 min=8510 max=9250 mean=9180 | zero-samples=0/1681 | refills=14 totalling 4200 | not-working samples=0 (of which reason='Consumption' 0)
[mod] [C47S] VOID(banner path wrapped by Opt_AcknowledgedWarnings) WINDOW w14 CONTROL ?#14628 :: adds=0 removes=0 | buffer now=9116 min=8536 max=9276 mean=9111 | zero-samples=0/1681 | refills=9 totalling 3360 | not-working samples=0 (of which reason='Consumption' 0)
[C47S] VOID(banner path wrapped by Opt_AcknowledgedWarnings) WINDOW w14 CONTROL ?#14628 :: adds=0 removes=0 | buffer now=9116 min=8536 max=9276 mean=9111 | zero-samples=0/1681 | refills=9 totalling 3360 | not-working samples=0 (of which reason='Consumption' 0)
[mod] [C47S] VOID(banner path wrapped by Opt_AcknowledgedWarnings) WINDOW w14 CONTROL ?#14629 :: adds=0 removes=0 | buffer now=9097 min=8517 max=9257 mean=9084 | zero-samples=0/1681 | refills=11 totalling 3920 | not-working samples=0 (of which reason='Consumption' 0)
[C47S] VOID(banner path wrapped by Opt_AcknowledgedWarnings) WINDOW w14 CONTROL ?#14629 :: adds=0 removes=0 | buffer now=9097 min=8517 max=9257 mean=9084 | zero-samples=0/1681 | refills=11 totalling 3920 | not-working samples=0 (of which reason='Consumption' 0)
[mod] [C47S] VOID(banner path wrapped by Opt_AcknowledgedWarnings) WINDOW w14 CONTROL ?#15043 :: adds=0 removes=0 | buffer now=9057 min=8537 max=9237 mean=9051 | zero-samples=0/1681 | refills=17 totalling 3880 | not-working samples=0 (of which reason='Consumption' 0)
[C47S] VOID(banner path wrapped by Opt_AcknowledgedWarnings) WINDOW w14 CONTROL ?#15043 :: adds=0 removes=0 | buffer now=9057 min=8537 max=9237 mean=9051 | zero-samples=0/1681 | refills=17 totalling 3880 | not-working samples=0 (of which reason='Consumption' 0)
[mod] [C47S] VOID(banner path wrapped by Opt_AcknowledgedWarnings) WINDOW w14 CONTROL ?#15047 :: adds=0 removes=0 | buffer now=9095 min=8595 max=9295 mean=9076 | zero-samples=0/1681 | refills=19 totalling 3920 | not-working samples=0 (of which reason='Consumption' 0)
[C47S] VOID(banner path wrapped by Opt_AcknowledgedWarnings) WINDOW w14 CONTROL ?#15047 :: adds=0 removes=0 | buffer now=9095 min=8595 max=9295 mean=9076 | zero-samples=0/1681 | refills=19 totalling 3920 | not-working samples=0 (of which reason='Consumption' 0)
[mod] [C47S] VOID(banner path wrapped by Opt_AcknowledgedWarnings) WINDOW w14 CONTROL ?#15050 :: adds=0 removes=0 | buffer now=9320 min=8920 max=9320 mean=9299 | zero-samples=0/1681 | refills=11 totalling 1400 | not-working samples=0 (of which reason='Consumption' 0)
[C47S] VOID(banner path wrapped by Opt_AcknowledgedWarnings) WINDOW w14 CONTROL ?#15050 :: adds=0 removes=0 | buffer now=9320 min=8920 max=9320 mean=9299 | zero-samples=0/1681 | refills=11 totalling 1400 | not-working samples=0 (of which reason='Consumption' 0)
[mod] [C47S] VOID(banner path wrapped by Opt_AcknowledgedWarnings) WINDOW w14 CONTROL ?#15052 :: adds=0 removes=0 | buffer now=9016 min=8556 max=9256 mean=9014 | zero-samples=0/1681 | refills=17 totalling 3840 | not-working samples=0 (of which reason='Consumption' 0)
[C47S] VOID(banner path wrapped by Opt_AcknowledgedWarnings) WINDOW w14 CONTROL ?#15052 :: adds=0 removes=0 | buffer now=9016 min=8556 max=9256 mean=9014 | zero-samples=0/1681 | refills=17 totalling 3840 | not-working samples=0 (of which reason='Consumption' 0)
[mod] [C47S] VOID(banner path wrapped by Opt_AcknowledgedWarnings) WINDOW w14 CONTROL ?#15098 :: adds=0 removes=0 | buffer now=9042 min=8562 max=9242 mean=9028 | zero-samples=0/1681 | refills=19 totalling 3880 | not-working samples=0 (of which reason='Consumption' 0)
[C47S] VOID(banner path wrapped by Opt_AcknowledgedWarnings) WINDOW w14 CONTROL ?#15098 :: adds=0 removes=0 | buffer now=9042 min=8562 max=9242 mean=9028 | zero-samples=0/1681 | refills=19 totalling 3880 | not-working samples=0 (of which reason='Consumption' 0)
[mod] [C47S] VOID(banner path wrapped by Opt_AcknowledgedWarnings) WINDOW w14 CONTROL ?#15099 :: adds=0 removes=0 | buffer now=9019 min=8559 max=9319 mean=9013 | zero-samples=0/1681 | refills=17 totalling 3840 | not-working samples=0 (of which reason='Consumption' 0)
[C47S] VOID(banner path wrapped by Opt_AcknowledgedWarnings) WINDOW w14 CONTROL ?#15099 :: adds=0 removes=0 | buffer now=9019 min=8559 max=9319 mean=9013 | zero-samples=0/1681 | refills=17 totalling 3840 | not-working samples=0 (of which reason='Consumption' 0)
[mod] [C47S] VOID(banner path wrapped by Opt_AcknowledgedWarnings) WINDOW w14 CONTROL ?#15547 :: adds=0 removes=0 | buffer now=9156 min=8636 max=9196 mean=9138 | zero-samples=0/1681 | refills=4 totalling 1120 | not-working samples=0 (of which reason='Consumption' 0)
[C47S] VOID(banner path wrapped by Opt_AcknowledgedWarnings) WINDOW w14 CONTROL ?#15547 :: adds=0 removes=0 | buffer now=9156 min=8636 max=9196 mean=9138 | zero-samples=0/1681 | refills=4 totalling 1120 | not-working samples=0 (of which reason='Consumption' 0)
						Lua 0:14:46:367
[mod] [C47S] VOID(banner path wrapped by Opt_AcknowledgedWarnings) WINDOW w14 CONTROL ?#15549 :: adds=0 removes=0 | buffer now=9179 min=8639 max=9259 mean=9160 | zero-samples=0/1681 | refills=4 totalling 1120 | not-working samples=0 (of which reason='Consumption' 0)
[C47S] VOID(banner path wrapped by Opt_AcknowledgedWarnings) WINDOW w14 CONTROL ?#15549 :: adds=0 removes=0 | buffer now=9179 min=8639 max=9259 mean=9160 | zero-samples=0/1681 | refills=4 totalling 1120 | not-working samples=0 (of which reason='Consumption' 0)
[mod] [C47S] VOID(banner path wrapped by Opt_AcknowledgedWarnings) WINDOW w14 CONTROL ?#15554 :: adds=0 removes=0 | buffer now=9123 min=8503 max=9263 mean=9102 | zero-samples=0/1681 | refills=13 totalling 3920 | not-working samples=0 (of which reason='Consumption' 0)
[C47S] VOID(banner path wrapped by Opt_AcknowledgedWarnings) WINDOW w14 CONTROL ?#15554 :: adds=0 removes=0 | buffer now=9123 min=8503 max=9263 mean=9102 | zero-samples=0/1681 | refills=13 totalling 3920 | not-working samples=0 (of which reason='Consumption' 0)
[mod] [C47S] VOID(banner path wrapped by Opt_AcknowledgedWarnings) WINDOW w14 CONTROL ?#15556 :: adds=0 removes=0 | buffer now=9130 min=8510 max=9270 mean=9119 | zero-samples=0/1681 | refills=12 totalling 3920 | not-working samples=0 (of which reason='Consumption' 0)
[C47S] VOID(banner path wrapped by Opt_AcknowledgedWarnings) WINDOW w14 CONTROL ?#15556 :: adds=0 removes=0 | buffer now=9130 min=8510 max=9270 mean=9119 | zero-samples=0/1681 | refills=12 totalling 3920 | not-working samples=0 (of which reason='Consumption' 0)
[mod] [C47S] VOID(banner path wrapped by Opt_AcknowledgedWarnings) WINDOW w14 CONTROL ?#15563 :: adds=0 removes=0 | buffer now=9102 min=8522 max=9262 mean=9095 | zero-samples=0/1681 | refills=12 totalling 3920 | not-working samples=0 (of which reason='Consumption' 0)
[C47S] VOID(banner path wrapped by Opt_AcknowledgedWarnings) WINDOW w14 CONTROL ?#15563 :: adds=0 removes=0 | buffer now=9102 min=8522 max=9262 mean=9095 | zero-samples=0/1681 | refills=12 totalling 3920 | not-working samples=0 (of which reason='Consumption' 0)
[mod] [C47S] VOID(banner path wrapped by Opt_AcknowledgedWarnings) WINDOW w14 CONTROL ?#15565 :: adds=0 removes=0 | buffer now=9164 min=8524 max=9264 mean=9146 | zero-samples=0/1681 | refills=12 totalling 3920 | not-working samples=0 (of which reason='Consumption' 0)
[C47S] VOID(banner path wrapped by Opt_AcknowledgedWarnings) WINDOW w14 CONTROL ?#15565 :: adds=0 removes=0 | buffer now=9164 min=8524 max=9264 mean=9146 | zero-samples=0/1681 | refills=12 totalling 3920 | not-working samples=0 (of which reason='Consumption' 0)
[mod] [C47S] VOID(banner path wrapped by Opt_AcknowledgedWarnings) WINDOW w14 CONTROL ?#15810 :: adds=0 removes=0 | buffer now=8752 min=8557 max=9312 mean=8782 | zero-samples=0/1681 | refills=26 totalling 3556 | not-working samples=0 (of which reason='Consumption' 0)
[C47S] VOID(banner path wrapped by Opt_AcknowledgedWarnings) WINDOW w14 CONTROL ?#15810 :: adds=0 removes=0 | buffer now=8752 min=8557 max=9312 mean=8782 | zero-samples=0/1681 | refills=26 totalling 3556 | not-working samples=0 (of which reason='Consumption' 0)
[mod] [C47S] VOID(banner path wrapped by Opt_AcknowledgedWarnings) WINDOW w14 CONTROL ?#15817 :: adds=0 removes=0 | buffer now=9155 min=8568 max=9318 mean=9150 | zero-samples=0/1681 | refills=28 totalling 4025 | not-working samples=0 (of which reason='Consumption' 0)
[C47S] VOID(banner path wrapped by Opt_AcknowledgedWarnings) WINDOW w14 CONTROL ?#15817 :: adds=0 removes=0 | buffer now=9155 min=8568 max=9318 mean=9150 | zero-samples=0/1681 | refills=28 totalling 4025 | not-working samples=0 (of which reason='Consumption' 0)
[mod] [C47S] VOID(banner path wrapped by Opt_AcknowledgedWarnings) WINDOW w14 CONTROL ?#16008 :: adds=0 removes=0 | buffer now=8648 min=8544 max=9316 mean=8689 | zero-samples=0/1681 | refills=28 totalling 3592 | not-working samples=0 (of which reason='Consumption' 0)
[C47S] VOID(banner path wrapped by Opt_AcknowledgedWarnings) WINDOW w14 CONTROL ?#16008 :: adds=0 removes=0 | buffer now=8648 min=8544 max=9316 mean=8689 | zero-samples=0/1681 | refills=28 totalling 3592 | not-working samples=0 (of which reason='Consumption' 0)
[mod] [C47S] VOID(banner path wrapped by Opt_AcknowledgedWarnings) WINDOW w14 CONTROL ?#16011 :: adds=0 removes=0 | buffer now=8745 min=8505 max=9245 mean=8771 | zero-samples=0/1681 | refills=11 totalling 3640 | not-working samples=0 (of which reason='Consumption' 0)
[C47S] VOID(banner path wrapped by Opt_AcknowledgedWarnings) WINDOW w14 CONTROL ?#16011 :: adds=0 removes=0 | buffer now=8745 min=8505 max=9245 mean=8771 | zero-samples=0/1681 | refills=11 totalling 3640 | not-working samples=0 (of which reason='Consumption' 0)
[mod] [C47S] VOID(banner path wrapped by Opt_AcknowledgedWarnings) WINDOW w14 CONTROL ?#16076 :: adds=0 removes=0 | buffer now=9059 min=8479 max=9279 mean=9044 | zero-samples=0/1681 | refills=14 totalling 3920 | not-working samples=0 (of which reason='Consumption' 0)
[C47S] VOID(banner path wrapped by Opt_AcknowledgedWarnings) WINDOW w14 CONTROL ?#16076 :: adds=0 removes=0 | buffer now=9059 min=8479 max=9279 mean=9044 | zero-samples=0/1681 | refills=14 totalling 3920 | not-working samples=0 (of which reason='Consumption' 0)
[mod] [C47S] VOID(banner path wrapped by Opt_AcknowledgedWarnings) WINDOW w14 CONTROL ?#16077 :: adds=0 removes=0 | buffer now=9172 min=8532 max=9272 mean=9149 | zero-samples=0/1681 | refills=14 totalling 3920 | not-working samples=0 (of which reason='Consumption' 0)
[C47S] VOID(banner path wrapped by Opt_AcknowledgedWarnings) WINDOW w14 CONTROL ?#16077 :: adds=0 removes=0 | buffer now=9172 min=8532 max=9272 mean=9149 | zero-samples=0/1681 | refills=14 totalling 3920 | not-working samples=0 (of which reason='Consumption' 0)
[mod] [C47S] VOID(banner path wrapped by Opt_AcknowledgedWarnings) WINDOW w14 CONTROL ?#16155 :: adds=0 removes=0 | buffer now=9258 min=8518 max=9258 mean=9231 | zero-samples=0/1681 | refills=10 totalling 4200 | not-working samples=0 (of which reason='Consumption' 0)
[C47S] VOID(banner path wrapped by Opt_AcknowledgedWarnings) WINDOW w14 CONTROL ?#16155 :: adds=0 removes=0 | buffer now=9258 min=8518 max=9258 mean=9231 | zero-samples=0/1681 | refills=10 totalling 4200 | not-working samples=0 (of which reason='Consumption' 0)
[mod] [C47S] VOID(banner path wrapped by Opt_AcknowledgedWarnings) WINDOW w14 CONTROL ?#16192 :: adds=0 removes=0 | buffer now=9105 min=8865 max=9275 mean=9103 | zero-samples=0/1681 | refills=4 totalling 1120 | not-working samples=0 (of which reason='Consumption' 0)
[C47S] VOID(banner path wrapped by Opt_AcknowledgedWarnings) WINDOW w14 CONTROL ?#16192 :: adds=0 removes=0 | buffer now=9105 min=8865 max=9275 mean=9103 | zero-samples=0/1681 | refills=4 totalling 1120 | not-working samples=0 (of which reason='Consumption' 0)
[mod] [C47S] VOID(banner path wrapped by Opt_AcknowledgedWarnings) WINDOW w14 TOTALS :: adds(all objects on 'NotWorkingBuildings')=7 removes=7 | adds on objects this leg does NOT track=5 | voice-eligible SHIPPED model (text-keyed, RealTime, colony-wide)=2 | voice-eligible under the entry's ASSUMED per-object model=1
[C47S] VOID(banner path wrapped by Opt_AcknowledgedWarnings) WINDOW w14 TOTALS :: adds(all objects on 'NotWorkingBuildings')=7 removes=7 | adds on objects this leg does NOT track=5 | voice-eligible SHIPPED model (text-keyed, RealTime, colony-wide)=2 | voice-eligible under the entry's ASSUMED per-object model=1
[mod] [C47S] CLOCK w14 :: GameTime()=276300009 (383.75 sols since game start) | UIColony.day=385 hour=0 | speed=5x | RealTime()=874343
[C47S] CLOCK w14 :: GameTime()=276300009 (383.75 sols since game start) | UIColony.day=385 hour=0 | speed=5x | RealTime()=874343
[mod] [C47S] VOICETABLE w14 :: VoicesCooldown has 1 key(s) [769547039933] | VoiceQueue length=0 — ⭐ the keys are voiced-TEXT ids, not object handles (Voice.lua:355-358), so one key covers every not-working building in the colony at once
[C47S] VOICETABLE w14 :: VoicesCooldown has 1 key(s) [769547039933] | VoiceQueue length=0 — ⭐ the keys are voiced-TEXT ids, not object handles (Voice.lua:355-358), so one key covers every not-working building in the colony at once
						Lua 0:15:46:365
[mod] [C47S] VOID(banner path wrapped by Opt_AcknowledgedWarnings) WINDOW w15 SUBJECT ?#15779 :: adds=2 removes=2 | buffer now=3470 min=550 max=4225 mean=3412 | zero-samples=0/1801 | refills=60 totalling 27585 | not-working samples=1 (of which reason='Consumption' 1)
[C47S] VOID(banner path wrapped by Opt_AcknowledgedWarnings) WINDOW w15 SUBJECT ?#15779 :: adds=2 removes=2 | buffer now=3470 min=550 max=4225 mean=3412 | zero-samples=0/1801 | refills=60 totalling 27585 | not-working samples=1 (of which reason='Consumption' 1)
[mod] [C47S] VOID(banner path wrapped by Opt_AcknowledgedWarnings) WINDOW w15 SUBJECT ?#15974 :: adds=0 removes=0 | buffer now=3421 min=1661 max=4720 mean=3408 | zero-samples=0/1801 | refills=51 totalling 20601 | not-working samples=0 (of which reason='Consumption' 0)
[C47S] VOID(banner path wrapped by Opt_AcknowledgedWarnings) WINDOW w15 SUBJECT ?#15974 :: adds=0 removes=0 | buffer now=3421 min=1661 max=4720 mean=3408 | zero-samples=0/1801 | refills=51 totalling 20601 | not-working samples=0 (of which reason='Consumption' 0)
[mod] [C47S] VOID(banner path wrapped by Opt_AcknowledgedWarnings) WINDOW w15 CONTROL ?#2793 :: adds=0 removes=0 | buffer now=9273 min=8913 max=9273 mean=9258 | zero-samples=0/1801 | refills=3 totalling 840 | not-working samples=0 (of which reason='Consumption' 0)
[C47S] VOID(banner path wrapped by Opt_AcknowledgedWarnings) WINDOW w15 CONTROL ?#2793 :: adds=0 removes=0 | buffer now=9273 min=8913 max=9273 mean=9258 | zero-samples=0/1801 | refills=3 totalling 840 | not-working samples=0 (of which reason='Consumption' 0)
[mod] [C47S] VOID(banner path wrapped by Opt_AcknowledgedWarnings) WINDOW w15 CONTROL ?#3790 :: adds=0 removes=0 | buffer now=9113 min=8933 max=9233 mean=9118 | zero-samples=0/1801 | refills=2 totalling 560 | not-working samples=0 (of which reason='Consumption' 0)
[C47S] VOID(banner path wrapped by Opt_AcknowledgedWarnings) WINDOW w15 CONTROL ?#3790 :: adds=0 removes=0 | buffer now=9113 min=8933 max=9233 mean=9118 | zero-samples=0/1801 | refills=2 totalling 560 | not-working samples=0 (of which reason='Consumption' 0)
[mod] [C47S] VOID(banner path wrapped by Opt_AcknowledgedWarnings) WINDOW w15 CONTROL ?#4089 :: adds=0 removes=0 | buffer now=9276 min=8916 max=9276 mean=9258 | zero-samples=0/1801 | refills=3 totalling 840 | not-working samples=0 (of which reason='Consumption' 0)
[C47S] VOID(banner path wrapped by Opt_AcknowledgedWarnings) WINDOW w15 CONTROL ?#4089 :: adds=0 removes=0 | buffer now=9276 min=8916 max=9276 mean=9258 | zero-samples=0/1801 | refills=3 totalling 840 | not-working samples=0 (of which reason='Consumption' 0)
[mod] [C47S] VOID(banner path wrapped by Opt_AcknowledgedWarnings) WINDOW w15 CONTROL ?#6324 :: adds=0 removes=0 | buffer now=9400 min=8960 max=10000 mean=9419 | zero-samples=0/1801 | refills=1 totalling 1040 | not-working samples=0 (of which reason='Consumption' 0)
[C47S] VOID(banner path wrapped by Opt_AcknowledgedWarnings) WINDOW w15 CONTROL ?#6324 :: adds=0 removes=0 | buffer now=9400 min=8960 max=10000 mean=9419 | zero-samples=0/1801 | refills=1 totalling 1040 | not-working samples=0 (of which reason='Consumption' 0)
[mod] [C47S] VOID(banner path wrapped by Opt_AcknowledgedWarnings) WINDOW w15 CONTROL ?#6325 :: adds=0 removes=0 | buffer now=9000 min=8520 max=10000 mean=9030 | zero-samples=0/1801 | refills=7 totalling 3500 | not-working samples=0 (of which reason='Consumption' 0)
[C47S] VOID(banner path wrapped by Opt_AcknowledgedWarnings) WINDOW w15 CONTROL ?#6325 :: adds=0 removes=0 | buffer now=9000 min=8520 max=10000 mean=9030 | zero-samples=0/1801 | refills=7 totalling 3500 | not-working samples=0 (of which reason='Consumption' 0)
[mod] [C47S] VOID(banner path wrapped by Opt_AcknowledgedWarnings) WINDOW w15 CONTROL ?#6620 :: adds=0 removes=0 | buffer now=9221 min=8937 max=9271 mean=9208 | zero-samples=0/1801 | refills=27 totalling 694 | not-working samples=0 (of which reason='Consumption' 0)
[C47S] VOID(banner path wrapped by Opt_AcknowledgedWarnings) WINDOW w15 CONTROL ?#6620 :: adds=0 removes=0 | buffer now=9221 min=8937 max=9271 mean=9208 | zero-samples=0/1801 | refills=27 totalling 694 | not-working samples=0 (of which reason='Consumption' 0)
[mod] [C47S] VOID(banner path wrapped by Opt_AcknowledgedWarnings) WINDOW w15 CONTROL ?#6622 :: adds=0 removes=0 | buffer now=9110 min=8944 max=9274 mean=9111 | zero-samples=0/1801 | refills=27 totalling 696 | not-working samples=0 (of which reason='Consumption' 0)
[C47S] VOID(banner path wrapped by Opt_AcknowledgedWarnings) WINDOW w15 CONTROL ?#6622 :: adds=0 removes=0 | buffer now=9110 min=8944 max=9274 mean=9111 | zero-samples=0/1801 | refills=27 totalling 696 | not-working samples=0 (of which reason='Consumption' 0)
[mod] [C47S] VOID(banner path wrapped by Opt_AcknowledgedWarnings) WINDOW w15 CONTROL ?#6836 :: adds=0 removes=0 | buffer now=8943 min=8875 max=9219 mean=8955 | zero-samples=0/1801 | refills=30 totalling 998 | not-working samples=0 (of which reason='Consumption' 0)
[C47S] VOID(banner path wrapped by Opt_AcknowledgedWarnings) WINDOW w15 CONTROL ?#6836 :: adds=0 removes=0 | buffer now=8943 min=8875 max=9219 mean=8955 | zero-samples=0/1801 | refills=30 totalling 998 | not-working samples=0 (of which reason='Consumption' 0)
[mod] [C47S] VOID(banner path wrapped by Opt_AcknowledgedWarnings) WINDOW w15 CONTROL ?#6958 :: adds=0 removes=0 | buffer now=9225 min=8937 max=9273 mean=9216 | zero-samples=0/1801 | refills=28 totalling 706 | not-working samples=0 (of which reason='Consumption' 0)
[C47S] VOID(banner path wrapped by Opt_AcknowledgedWarnings) WINDOW w15 CONTROL ?#6958 :: adds=0 removes=0 | buffer now=9225 min=8937 max=9273 mean=9216 | zero-samples=0/1801 | refills=28 totalling 706 | not-working samples=0 (of which reason='Consumption' 0)
[mod] [C47S] VOID(banner path wrapped by Opt_AcknowledgedWarnings) WINDOW w15 CONTROL ?#7004 :: adds=0 removes=0 | buffer now=8905 min=8905 max=9225 mean=8923 | zero-samples=0/1801 | refills=2 totalling 560 | not-working samples=0 (of which reason='Consumption' 0)
[C47S] VOID(banner path wrapped by Opt_AcknowledgedWarnings) WINDOW w15 CONTROL ?#7004 :: adds=0 removes=0 | buffer now=8905 min=8905 max=9225 mean=8923 | zero-samples=0/1801 | refills=2 totalling 560 | not-working samples=0 (of which reason='Consumption' 0)
[mod] [C47S] VOID(banner path wrapped by Opt_AcknowledgedWarnings) WINDOW w15 CONTROL ?#7016 :: adds=0 removes=0 | buffer now=9060 min=8930 max=9550 mean=9076 | zero-samples=0/1801 | refills=2 totalling 560 | not-working samples=0 (of which reason='Consumption' 0)
[C47S] VOID(banner path wrapped by Opt_AcknowledgedWarnings) WINDOW w15 CONTROL ?#7016 :: adds=0 removes=0 | buffer now=9060 min=8930 max=9550 mean=9076 | zero-samples=0/1801 | refills=2 totalling 560 | not-working samples=0 (of which reason='Consumption' 0)
[mod] [C47S] VOID(banner path wrapped by Opt_AcknowledgedWarnings) WINDOW w15 CONTROL ?#14623 :: adds=0 removes=0 | buffer now=9042 min=8482 max=9242 mean=9035 | zero-samples=0/1801 | refills=11 totalling 3920 | not-working samples=0 (of which reason='Consumption' 0)
[C47S] VOID(banner path wrapped by Opt_AcknowledgedWarnings) WINDOW w15 CONTROL ?#14623 :: adds=0 removes=0 | buffer now=9042 min=8482 max=9242 mean=9035 | zero-samples=0/1801 | refills=11 totalling 3920 | not-working samples=0 (of which reason='Consumption' 0)
[mod] [C47S] VOID(banner path wrapped by Opt_AcknowledgedWarnings) WINDOW w15 CONTROL ?#14625 :: adds=0 removes=0 | buffer now=9243 min=8503 max=9243 mean=9216 | zero-samples=0/1801 | refills=14 totalling 4200 | not-working samples=0 (of which reason='Consumption' 0)
[C47S] VOID(banner path wrapped by Opt_AcknowledgedWarnings) WINDOW w15 CONTROL ?#14625 :: adds=0 removes=0 | buffer now=9243 min=8503 max=9243 mean=9216 | zero-samples=0/1801 | refills=14 totalling 4200 | not-working samples=0 (of which reason='Consumption' 0)
[mod] [C47S] VOID(banner path wrapped by Opt_AcknowledgedWarnings) WINDOW w15 CONTROL ?#14627 :: adds=0 removes=0 | buffer now=9210 min=8510 max=9250 mean=9182 | zero-samples=0/1801 | refills=14 totalling 4200 | not-working samples=0 (of which reason='Consumption' 0)
[C47S] VOID(banner path wrapped by Opt_AcknowledgedWarnings) WINDOW w15 CONTROL ?#14627 :: adds=0 removes=0 | buffer now=9210 min=8510 max=9250 mean=9182 | zero-samples=0/1801 | refills=14 totalling 4200 | not-working samples=0 (of which reason='Consumption' 0)
[mod] [C47S] VOID(banner path wrapped by Opt_AcknowledgedWarnings) WINDOW w15 CONTROL ?#14628 :: adds=0 removes=0 | buffer now=9116 min=8536 max=9276 mean=9111 | zero-samples=0/1801 | refills=9 totalling 3360 | not-working samples=0 (of which reason='Consumption' 0)
[C47S] VOID(banner path wrapped by Opt_AcknowledgedWarnings) WINDOW w15 CONTROL ?#14628 :: adds=0 removes=0 | buffer now=9116 min=8536 max=9276 mean=9111 | zero-samples=0/1801 | refills=9 totalling 3360 | not-working samples=0 (of which reason='Consumption' 0)
[mod] [C47S] VOID(banner path wrapped by Opt_AcknowledgedWarnings) WINDOW w15 CONTROL ?#14629 :: adds=0 removes=0 | buffer now=9097 min=8517 max=9257 mean=9085 | zero-samples=0/1801 | refills=11 totalling 3920 | not-working samples=0 (of which reason='Consumption' 0)
[C47S] VOID(banner path wrapped by Opt_AcknowledgedWarnings) WINDOW w15 CONTROL ?#14629 :: adds=0 removes=0 | buffer now=9097 min=8517 max=9257 mean=9085 | zero-samples=0/1801 | refills=11 totalling 3920 | not-working samples=0 (of which reason='Consumption' 0)
[mod] [C47S] VOID(banner path wrapped by Opt_AcknowledgedWarnings) WINDOW w15 CONTROL ?#15043 :: adds=0 removes=0 | buffer now=9057 min=8537 max=9237 mean=9051 | zero-samples=0/1801 | refills=17 totalling 3880 | not-working samples=0 (of which reason='Consumption' 0)
[C47S] VOID(banner path wrapped by Opt_AcknowledgedWarnings) WINDOW w15 CONTROL ?#15043 :: adds=0 removes=0 | buffer now=9057 min=8537 max=9237 mean=9051 | zero-samples=0/1801 | refills=17 totalling 3880 | not-working samples=0 (of which reason='Consumption' 0)
[mod] [C47S] VOID(banner path wrapped by Opt_AcknowledgedWarnings) WINDOW w15 CONTROL ?#15047 :: adds=0 removes=0 | buffer now=9095 min=8595 max=9295 mean=9078 | zero-samples=0/1801 | refills=19 totalling 3920 | not-working samples=0 (of which reason='Consumption' 0)
[C47S] VOID(banner path wrapped by Opt_AcknowledgedWarnings) WINDOW w15 CONTROL ?#15047 :: adds=0 removes=0 | buffer now=9095 min=8595 max=9295 mean=9078 | zero-samples=0/1801 | refills=19 totalling 3920 | not-working samples=0 (of which reason='Consumption' 0)
[mod] [C47S] VOID(banner path wrapped by Opt_AcknowledgedWarnings) WINDOW w15 CONTROL ?#15050 :: adds=0 removes=0 | buffer now=9320 min=8920 max=9320 mean=9300 | zero-samples=0/1801 | refills=11 totalling 1400 | not-working samples=0 (of which reason='Consumption' 0)
[C47S] VOID(banner path wrapped by Opt_AcknowledgedWarnings) WINDOW w15 CONTROL ?#15050 :: adds=0 removes=0 | buffer now=9320 min=8920 max=9320 mean=9300 | zero-samples=0/1801 | refills=11 totalling 1400 | not-working samples=0 (of which reason='Consumption' 0)
[mod] [C47S] VOID(banner path wrapped by Opt_AcknowledgedWarnings) WINDOW w15 CONTROL ?#15052 :: adds=0 removes=0 | buffer now=9016 min=8556 max=9256 mean=9014 | zero-samples=0/1801 | refills=17 totalling 3840 | not-working samples=0 (of which reason='Consumption' 0)
[C47S] VOID(banner path wrapped by Opt_AcknowledgedWarnings) WINDOW w15 CONTROL ?#15052 :: adds=0 removes=0 | buffer now=9016 min=8556 max=9256 mean=9014 | zero-samples=0/1801 | refills=17 totalling 3840 | not-working samples=0 (of which reason='Consumption' 0)
[mod] [C47S] VOID(banner path wrapped by Opt_AcknowledgedWarnings) WINDOW w15 CONTROL ?#15098 :: adds=0 removes=0 | buffer now=9042 min=8562 max=9242 mean=9029 | zero-samples=0/1801 | refills=19 totalling 3880 | not-working samples=0 (of which reason='Consumption' 0)
[C47S] VOID(banner path wrapped by Opt_AcknowledgedWarnings) WINDOW w15 CONTROL ?#15098 :: adds=0 removes=0 | buffer now=9042 min=8562 max=9242 mean=9029 | zero-samples=0/1801 | refills=19 totalling 3880 | not-working samples=0 (of which reason='Consumption' 0)
[mod] [C47S] VOID(banner path wrapped by Opt_AcknowledgedWarnings) WINDOW w15 CONTROL ?#15099 :: adds=0 removes=0 | buffer now=9019 min=8559 max=9319 mean=9014 | zero-samples=0/1801 | refills=17 totalling 3840 | not-working samples=0 (of which reason='Consumption' 0)
[C47S] VOID(banner path wrapped by Opt_AcknowledgedWarnings) WINDOW w15 CONTROL ?#15099 :: adds=0 removes=0 | buffer now=9019 min=8559 max=9319 mean=9014 | zero-samples=0/1801 | refills=17 totalling 3840 | not-working samples=0 (of which reason='Consumption' 0)
[mod] [C47S] VOID(banner path wrapped by Opt_AcknowledgedWarnings) WINDOW w15 CONTROL ?#15547 :: adds=0 removes=0 | buffer now=9156 min=8636 max=9196 mean=9139 | zero-samples=0/1801 | refills=4 totalling 1120 | not-working samples=0 (of which reason='Consumption' 0)
[C47S] VOID(banner path wrapped by Opt_AcknowledgedWarnings) WINDOW w15 CONTROL ?#15547 :: adds=0 removes=0 | buffer now=9156 min=8636 max=9196 mean=9139 | zero-samples=0/1801 | refills=4 totalling 1120 | not-working samples=0 (of which reason='Consumption' 0)
[mod] [C47S] VOID(banner path wrapped by Opt_AcknowledgedWarnings) WINDOW w15 CONTROL ?#15549 :: adds=0 removes=0 | buffer now=9179 min=8639 max=9259 mean=9162 | zero-samples=0/1801 | refills=4 totalling 1120 | not-working samples=0 (of which reason='Consumption' 0)
[C47S] VOID(banner path wrapped by Opt_AcknowledgedWarnings) WINDOW w15 CONTROL ?#15549 :: adds=0 removes=0 | buffer now=9179 min=8639 max=9259 mean=9162 | zero-samples=0/1801 | refills=4 totalling 1120 | not-working samples=0 (of which reason='Consumption' 0)
[mod] [C47S] VOID(banner path wrapped by Opt_AcknowledgedWarnings) WINDOW w15 CONTROL ?#15554 :: adds=0 removes=0 | buffer now=9123 min=8503 max=9263 mean=9103 | zero-samples=0/1801 | refills=13 totalling 3920 | not-working samples=0 (of which reason='Consumption' 0)
[C47S] VOID(banner path wrapped by Opt_AcknowledgedWarnings) WINDOW w15 CONTROL ?#15554 :: adds=0 removes=0 | buffer now=9123 min=8503 max=9263 mean=9103 | zero-samples=0/1801 | refills=13 totalling 3920 | not-working samples=0 (of which reason='Consumption' 0)
[mod] [C47S] VOID(banner path wrapped by Opt_AcknowledgedWarnings) WINDOW w15 CONTROL ?#15556 :: adds=0 removes=0 | buffer now=9130 min=8510 max=9270 mean=9120 | zero-samples=0/1801 | refills=12 totalling 3920 | not-working samples=0 (of which reason='Consumption' 0)
[C47S] VOID(banner path wrapped by Opt_AcknowledgedWarnings) WINDOW w15 CONTROL ?#15556 :: adds=0 removes=0 | buffer now=9130 min=8510 max=9270 mean=9120 | zero-samples=0/1801 | refills=12 totalling 3920 | not-working samples=0 (of which reason='Consumption' 0)
[mod] [C47S] VOID(banner path wrapped by Opt_AcknowledgedWarnings) WINDOW w15 CONTROL ?#15563 :: adds=0 removes=0 | buffer now=9102 min=8522 max=9262 mean=9096 | zero-samples=0/1801 | refills=12 totalling 3920 | not-working samples=0 (of which reason='Consumption' 0)
[C47S] VOID(banner path wrapped by Opt_AcknowledgedWarnings) WINDOW w15 CONTROL ?#15563 :: adds=0 removes=0 | buffer now=9102 min=8522 max=9262 mean=9096 | zero-samples=0/1801 | refills=12 totalling 3920 | not-working samples=0 (of which reason='Consumption' 0)
[mod] [C47S] VOID(banner path wrapped by Opt_AcknowledgedWarnings) WINDOW w15 CONTROL ?#15565 :: adds=0 removes=0 | buffer now=9164 min=8524 max=9264 mean=9147 | zero-samples=0/1801 | refills=12 totalling 3920 | not-working samples=0 (of which reason='Consumption' 0)
[C47S] VOID(banner path wrapped by Opt_AcknowledgedWarnings) WINDOW w15 CONTROL ?#15565 :: adds=0 removes=0 | buffer now=9164 min=8524 max=9264 mean=9147 | zero-samples=0/1801 | refills=12 totalling 3920 | not-working samples=0 (of which reason='Consumption' 0)
[mod] [C47S] VOID(banner path wrapped by Opt_AcknowledgedWarnings) WINDOW w15 CONTROL ?#15810 :: adds=0 removes=0 | buffer now=8752 min=8557 max=9312 mean=8780 | zero-samples=0/1801 | refills=26 totalling 3556 | not-working samples=0 (of which reason='Consumption' 0)
[C47S] VOID(banner path wrapped by Opt_AcknowledgedWarnings) WINDOW w15 CONTROL ?#15810 :: adds=0 removes=0 | buffer now=8752 min=8557 max=9312 mean=8780 | zero-samples=0/1801 | refills=26 totalling 3556 | not-working samples=0 (of which reason='Consumption' 0)
[mod] [C47S] VOID(banner path wrapped by Opt_AcknowledgedWarnings) WINDOW w15 CONTROL ?#15817 :: adds=0 removes=0 | buffer now=9155 min=8568 max=9318 mean=9150 | zero-samples=0/1801 | refills=28 totalling 4025 | not-working samples=0 (of which reason='Consumption' 0)
[C47S] VOID(banner path wrapped by Opt_AcknowledgedWarnings) WINDOW w15 CONTROL ?#15817 :: adds=0 removes=0 | buffer now=9155 min=8568 max=9318 mean=9150 | zero-samples=0/1801 | refills=28 totalling 4025 | not-working samples=0 (of which reason='Consumption' 0)
[mod] [C47S] VOID(banner path wrapped by Opt_AcknowledgedWarnings) WINDOW w15 CONTROL ?#16008 :: adds=0 removes=0 | buffer now=8648 min=8544 max=9316 mean=8686 | zero-samples=0/1801 | refills=28 totalling 3592 | not-working samples=0 (of which reason='Consumption' 0)
[C47S] VOID(banner path wrapped by Opt_AcknowledgedWarnings) WINDOW w15 CONTROL ?#16008 :: adds=0 removes=0 | buffer now=8648 min=8544 max=9316 mean=8686 | zero-samples=0/1801 | refills=28 totalling 3592 | not-working samples=0 (of which reason='Consumption' 0)
[mod] [C47S] VOID(banner path wrapped by Opt_AcknowledgedWarnings) WINDOW w15 CONTROL ?#16011 :: adds=0 removes=0 | buffer now=8745 min=8505 max=9245 mean=8769 | zero-samples=0/1801 | refills=11 totalling 3640 | not-working samples=0 (of which reason='Consumption' 0)
[C47S] VOID(banner path wrapped by Opt_AcknowledgedWarnings) WINDOW w15 CONTROL ?#16011 :: adds=0 removes=0 | buffer now=8745 min=8505 max=9245 mean=8769 | zero-samples=0/1801 | refills=11 totalling 3640 | not-working samples=0 (of which reason='Consumption' 0)
[mod] [C47S] VOID(banner path wrapped by Opt_AcknowledgedWarnings) WINDOW w15 CONTROL ?#16076 :: adds=0 removes=0 | buffer now=9059 min=8479 max=9279 mean=9045 | zero-samples=0/1801 | refills=14 totalling 3920 | not-working samples=0 (of which reason='Consumption' 0)
[C47S] VOID(banner path wrapped by Opt_AcknowledgedWarnings) WINDOW w15 CONTROL ?#16076 :: adds=0 removes=0 | buffer now=9059 min=8479 max=9279 mean=9045 | zero-samples=0/1801 | refills=14 totalling 3920 | not-working samples=0 (of which reason='Consumption' 0)
[mod] [C47S] VOID(banner path wrapped by Opt_AcknowledgedWarnings) WINDOW w15 CONTROL ?#16077 :: adds=0 removes=0 | buffer now=9172 min=8532 max=9272 mean=9150 | zero-samples=0/1801 | refills=14 totalling 3920 | not-working samples=0 (of which reason='Consumption' 0)
[C47S] VOID(banner path wrapped by Opt_AcknowledgedWarnings) WINDOW w15 CONTROL ?#16077 :: adds=0 removes=0 | buffer now=9172 min=8532 max=9272 mean=9150 | zero-samples=0/1801 | refills=14 totalling 3920 | not-working samples=0 (of which reason='Consumption' 0)
[mod] [C47S] VOID(banner path wrapped by Opt_AcknowledgedWarnings) WINDOW w15 CONTROL ?#16155 :: adds=0 removes=0 | buffer now=9258 min=8518 max=9258 mean=9233 | zero-samples=0/1801 | refills=10 totalling 4200 | not-working samples=0 (of which reason='Consumption' 0)
[C47S] VOID(banner path wrapped by Opt_AcknowledgedWarnings) WINDOW w15 CONTROL ?#16155 :: adds=0 removes=0 | buffer now=9258 min=8518 max=9258 mean=9233 | zero-samples=0/1801 | refills=10 totalling 4200 | not-working samples=0 (of which reason='Consumption' 0)
[mod] [C47S] VOID(banner path wrapped by Opt_AcknowledgedWarnings) WINDOW w15 CONTROL ?#16192 :: adds=0 removes=0 | buffer now=9105 min=8865 max=9275 mean=9103 | zero-samples=0/1801 | refills=4 totalling 1120 | not-working samples=0 (of which reason='Consumption' 0)
[C47S] VOID(banner path wrapped by Opt_AcknowledgedWarnings) WINDOW w15 CONTROL ?#16192 :: adds=0 removes=0 | buffer now=9105 min=8865 max=9275 mean=9103 | zero-samples=0/1801 | refills=4 totalling 1120 | not-working samples=0 (of which reason='Consumption' 0)
[mod] [C47S] VOID(banner path wrapped by Opt_AcknowledgedWarnings) WINDOW w15 TOTALS :: adds(all objects on 'NotWorkingBuildings')=7 removes=7 | adds on objects this leg does NOT track=5 | voice-eligible SHIPPED model (text-keyed, RealTime, colony-wide)=2 | voice-eligible under the entry's ASSUMED per-object model=1
[C47S] VOID(banner path wrapped by Opt_AcknowledgedWarnings) WINDOW w15 TOTALS :: adds(all objects on 'NotWorkingBuildings')=7 removes=7 | adds on objects this leg does NOT track=5 | voice-eligible SHIPPED model (text-keyed, RealTime, colony-wide)=2 | voice-eligible under the entry's ASSUMED per-object model=1
[mod] [C47S] CLOCK w15 :: GameTime()=276300009 (383.75 sols since game start) | UIColony.day=385 hour=0 | speed=5x | RealTime()=934343
[C47S] CLOCK w15 :: GameTime()=276300009 (383.75 sols since game start) | UIColony.day=385 hour=0 | speed=5x | RealTime()=934343
						Lua 0:15:46:366
[mod] [C47S] VOICETABLE w15 :: VoicesCooldown has 1 key(s) [769547039933] | VoiceQueue length=0 — ⭐ the keys are voiced-TEXT ids, not object handles (Voice.lua:355-358), so one key covers every not-working building in the colony at once
[C47S] VOICETABLE w15 :: VoicesCooldown has 1 key(s) [769547039933] | VoiceQueue length=0 — ⭐ the keys are voiced-TEXT ids, not object handles (Voice.lua:355-358), so one key covers every not-working building in the colony at once
						Lua 0:16:46:366
[mod] [C47S] SAMPLE END ⚠️ REAL-TIME CAP HIT at GameTime=276300009 (383.75 sols) — the window is SHORTER than the 5 sols asked for. Report the game-time span actually covered, never the target.
[C47S] SAMPLE END ⚠️ REAL-TIME CAP HIT at GameTime=276300009 (383.75 sols) — the window is SHORTER than the 5 sols asked for. Report the game-time span actually covered, never the target.
						Lua 0:16:46:367
[mod] [C47S] VOICETABLE at window close :: VoicesCooldown has 1 key(s) [769547039933] | VoiceQueue length=0 — ⭐ the keys are voiced-TEXT ids, not object handles (Voice.lua:355-358), so one key covers every not-working building in the colony at once
[C47S] VOICETABLE at window close :: VoicesCooldown has 1 key(s) [769547039933] | VoiceQueue length=0 — ⭐ the keys are voiced-TEXT ids, not object handles (Voice.lua:355-358), so one key covers every not-working building in the colony at once
[mod] [C47S] TRY leg Sample (yielding) ok=true result=true
[C47S] TRY leg Sample (yielding) ok=true result=true
[mod] [C47S] REPORT SPAN :: game time 459065 ms = 0.63 sols | real time 960000 ms | samples taken=1921 | speed asked=5x, speed at close=5x
[C47S] REPORT SPAN :: game time 459065 ms = 0.63 sols | real time 960000 ms | samples taken=1921 | speed asked=5x, speed at close=5x
[mod] [C47S] VOID(banner path wrapped by Opt_AcknowledgedWarnings) REPORT SUBJECT ?#15779 :: adds=2 removes=2 over 0.63 sols | adds/sol=3 | flap pairs=2 | buffer min=550 max=4225 (raw sum=6562100 over n=1921 ⇒ mean 3415) of max_storage=nil | samples at ZERO=0 of 1921 (0%) | refills observed=60 totalling 27585 seeds (mean 459 per refill) | not-working samples=1, of which reason='Consumption'=1 | time held in the notification: total 3107 game ms over 2 closed pairs (mean 1553, max 1612) | voice-eligible SHIPPED=1, under the entry's assumed per-object model=1
[C47S] VOID(banner path wrapped by Opt_AcknowledgedWarnings) REPORT SUBJECT ?#15779 :: adds=2 removes=2 over 0.63 sols | adds/sol=3 | flap pairs=2 | buffer min=550 max=4225 (raw sum=6562100 over n=1921 ⇒ mean 3415) of max_storage=nil | samples at ZERO=0 of 1921 (0%) | refills observed=60 totalling 27585 seeds (mean 459 per refill) | not-working samples=1, of which reason='Consumption'=1 | time held in the notification: total 3107 game ms over 2 closed pairs (mean 1553, max 1612) | voice-eligible SHIPPED=1, under the entry's assumed per-object model=1
[mod] [C47S] VOID(banner path wrapped by Opt_AcknowledgedWarnings) REPORT SUBJECT ?#15779 :: not-working reason histogram over the window: Consumption=1
[C47S] VOID(banner path wrapped by Opt_AcknowledgedWarnings) REPORT SUBJECT ?#15779 :: not-working reason histogram over the window: Consumption=1
[mod] [C47S] VOID(banner path wrapped by Opt_AcknowledgedWarnings) REPORT SUBJECT ?#15974 :: adds=0 removes=0 over 0.63 sols | adds/sol=0 | flap pairs=0 | buffer min=1661 max=4720 (raw sum=6549530 over n=1921 ⇒ mean 3409) of max_storage=nil | samples at ZERO=0 of 1921 (0%) | refills observed=51 totalling 20601 seeds (mean 403 per refill) | not-working samples=0, of which reason='Consumption'=0 | time held in the notification: total 0 game ms over 0 closed pairs (mean n/a, max nil) | voice-eligible SHIPPED=0, under the entry's assumed per-object model=0
[C47S] VOID(banner path wrapped by Opt_AcknowledgedWarnings) REPORT SUBJECT ?#15974 :: adds=0 removes=0 over 0.63 sols | adds/sol=0 | flap pairs=0 | buffer min=1661 max=4720 (raw sum=6549530 over n=1921 ⇒ mean 3409) of max_storage=nil | samples at ZERO=0 of 1921 (0%) | refills observed=51 totalling 20601 seeds (mean 403 per refill) | not-working samples=0, of which reason='Consumption'=0 | time held in the notification: total 0 game ms over 0 closed pairs (mean n/a, max nil) | voice-eligible SHIPPED=0, under the entry's assumed per-object model=0
[mod] [C47S] VOID(banner path wrapped by Opt_AcknowledgedWarnings) REPORT SUBJECT ?#15974 :: not-working reason histogram over the window: (never sampled not-working)
[C47S] VOID(banner path wrapped by Opt_AcknowledgedWarnings) REPORT SUBJECT ?#15974 :: not-working reason histogram over the window: (never sampled not-working)
[mod] [C47S] VOID(banner path wrapped by Opt_AcknowledgedWarnings) REPORT CONTROL ?#2793 :: adds=0 removes=0 over 0.63 sols | adds/sol=0 | flap pairs=0 | buffer min=8913 max=9273 (raw sum=17787533 over n=1921 ⇒ mean 9259) of max_storage=nil | samples at ZERO=0 of 1921 (0%) | refills observed=3 totalling 840 seeds (mean 280 per refill) | not-working samples=0, of which reason='Consumption'=0 | time held in the notification: total 0 game ms over 0 closed pairs (mean n/a, max nil) | voice-eligible SHIPPED=0, under the entry's assumed per-object model=0
[C47S] VOID(banner path wrapped by Opt_AcknowledgedWarnings) REPORT CONTROL ?#2793 :: adds=0 removes=0 over 0.63 sols | adds/sol=0 | flap pairs=0 | buffer min=8913 max=9273 (raw sum=17787533 over n=1921 ⇒ mean 9259) of max_storage=nil | samples at ZERO=0 of 1921 (0%) | refills observed=3 totalling 840 seeds (mean 280 per refill) | not-working samples=0, of which reason='Consumption'=0 | time held in the notification: total 0 game ms over 0 closed pairs (mean n/a, max nil) | voice-eligible SHIPPED=0, under the entry's assumed per-object model=0
[mod] [C47S] VOID(banner path wrapped by Opt_AcknowledgedWarnings) REPORT CONTROL ?#2793 :: not-working reason histogram over the window: (never sampled not-working)
[C47S] VOID(banner path wrapped by Opt_AcknowledgedWarnings) REPORT CONTROL ?#2793 :: not-working reason histogram over the window: (never sampled not-working)
[mod] [C47S] VOID(banner path wrapped by Opt_AcknowledgedWarnings) REPORT CONTROL ?#3790 :: adds=0 removes=0 over 0.63 sols | adds/sol=0 | flap pairs=0 | buffer min=8933 max=9233 (raw sum=17516233 over n=1921 ⇒ mean 9118) of max_storage=nil | samples at ZERO=0 of 1921 (0%) | refills observed=2 totalling 560 seeds (mean 280 per refill) | not-working samples=0, of which reason='Consumption'=0 | time held in the notification: total 0 game ms over 0 closed pairs (mean n/a, max nil) | voice-eligible SHIPPED=0, under the entry's assumed per-object model=0
[C47S] VOID(banner path wrapped by Opt_AcknowledgedWarnings) REPORT CONTROL ?#3790 :: adds=0 removes=0 over 0.63 sols | adds/sol=0 | flap pairs=0 | buffer min=8933 max=9233 (raw sum=17516233 over n=1921 ⇒ mean 9118) of max_storage=nil | samples at ZERO=0 of 1921 (0%) | refills observed=2 totalling 560 seeds (mean 280 per refill) | not-working samples=0, of which reason='Consumption'=0 | time held in the notification: total 0 game ms over 0 closed pairs (mean n/a, max nil) | voice-eligible SHIPPED=0, under the entry's assumed per-object model=0
[mod] [C47S] VOID(banner path wrapped by Opt_AcknowledgedWarnings) REPORT CONTROL ?#3790 :: not-working reason histogram over the window: (never sampled not-working)
[C47S] VOID(banner path wrapped by Opt_AcknowledgedWarnings) REPORT CONTROL ?#3790 :: not-working reason histogram over the window: (never sampled not-working)
[mod] [C47S] VOID(banner path wrapped by Opt_AcknowledgedWarnings) REPORT CONTROL ?#4089 :: adds=0 removes=0 over 0.63 sols | adds/sol=0 | flap pairs=0 | buffer min=8916 max=9276 (raw sum=17787216 over n=1921 ⇒ mean 9259) of max_storage=nil | samples at ZERO=0 of 1921 (0%) | refills observed=3 totalling 840 seeds (mean 280 per refill) | not-working samples=0, of which reason='Consumption'=0 | time held in the notification: total 0 game ms over 0 closed pairs (mean n/a, max nil) | voice-eligible SHIPPED=0, under the entry's assumed per-object model=0
[C47S] VOID(banner path wrapped by Opt_AcknowledgedWarnings) REPORT CONTROL ?#4089 :: adds=0 removes=0 over 0.63 sols | adds/sol=0 | flap pairs=0 | buffer min=8916 max=9276 (raw sum=17787216 over n=1921 ⇒ mean 9259) of max_storage=nil | samples at ZERO=0 of 1921 (0%) | refills observed=3 totalling 840 seeds (mean 280 per refill) | not-working samples=0, of which reason='Consumption'=0 | time held in the notification: total 0 game ms over 0 closed pairs (mean n/a, max nil) | voice-eligible SHIPPED=0, under the entry's assumed per-object model=0
[mod] [C47S] VOID(banner path wrapped by Opt_AcknowledgedWarnings) REPORT CONTROL ?#4089 :: not-working reason histogram over the window: (never sampled not-working)
[C47S] VOID(banner path wrapped by Opt_AcknowledgedWarnings) REPORT CONTROL ?#4089 :: not-working reason histogram over the window: (never sampled not-working)
[mod] [C47S] VOID(banner path wrapped by Opt_AcknowledgedWarnings) REPORT CONTROL ?#6324 :: adds=0 removes=0 over 0.63 sols | adds/sol=0 | flap pairs=0 | buffer min=8960 max=10000 (raw sum=18093080 over n=1921 ⇒ mean 9418) of max_storage=nil | samples at ZERO=0 of 1921 (0%) | refills observed=1 totalling 1040 seeds (mean 1040 per refill) | not-working samples=0, of which reason='Consumption'=0 | time held in the notification: total 0 game ms over 0 closed pairs (mean n/a, max nil) | voice-eligible SHIPPED=0, under the entry's assumed per-object model=0
[C47S] VOID(banner path wrapped by Opt_AcknowledgedWarnings) REPORT CONTROL ?#6324 :: adds=0 removes=0 over 0.63 sols | adds/sol=0 | flap pairs=0 | buffer min=8960 max=10000 (raw sum=18093080 over n=1921 ⇒ mean 9418) of max_storage=nil | samples at ZERO=0 of 1921 (0%) | refills observed=1 totalling 1040 seeds (mean 1040 per refill) | not-working samples=0, of which reason='Consumption'=0 | time held in the notification: total 0 game ms over 0 closed pairs (mean n/a, max nil) | voice-eligible SHIPPED=0, under the entry's assumed per-object model=0
[mod] [C47S] VOID(banner path wrapped by Opt_AcknowledgedWarnings) REPORT CONTROL ?#6324 :: not-working reason histogram over the window: (never sampled not-working)
[C47S] VOID(banner path wrapped by Opt_AcknowledgedWarnings) REPORT CONTROL ?#6324 :: not-working reason histogram over the window: (never sampled not-working)
[mod] [C47S] VOID(banner path wrapped by Opt_AcknowledgedWarnings) REPORT CONTROL ?#6325 :: adds=0 removes=0 over 0.63 sols | adds/sol=0 | flap pairs=0 | buffer min=8520 max=10000 (raw sum=17343580 over n=1921 ⇒ mean 9028) of max_storage=nil | samples at ZERO=0 of 1921 (0%) | refills observed=7 totalling 3500 seeds (mean 500 per refill) | not-working samples=0, of which reason='Consumption'=0 | time held in the notification: total 0 game ms over 0 closed pairs (mean n/a, max nil) | voice-eligible SHIPPED=0, under the entry's assumed per-object model=0
[C47S] VOID(banner path wrapped by Opt_AcknowledgedWarnings) REPORT CONTROL ?#6325 :: adds=0 removes=0 over 0.63 sols | adds/sol=0 | flap pairs=0 | buffer min=8520 max=10000 (raw sum=17343580 over n=1921 ⇒ mean 9028) of max_storage=nil | samples at ZERO=0 of 1921 (0%) | refills observed=7 totalling 3500 seeds (mean 500 per refill) | not-working samples=0, of which reason='Consumption'=0 | time held in the notification: total 0 game ms over 0 closed pairs (mean n/a, max nil) | voice-eligible SHIPPED=0, under the entry's assumed per-object model=0
[mod] [C47S] VOID(banner path wrapped by Opt_AcknowledgedWarnings) REPORT CONTROL ?#6325 :: not-working reason histogram over the window: (never sampled not-working)
[C47S] VOID(banner path wrapped by Opt_AcknowledgedWarnings) REPORT CONTROL ?#6325 :: not-working reason histogram over the window: (never sampled not-working)
[mod] [C47S] VOID(banner path wrapped by Opt_AcknowledgedWarnings) REPORT CONTROL ?#6620 :: adds=0 removes=0 over 0.63 sols | adds/sol=0 | flap pairs=0 | buffer min=8937 max=9271 (raw sum=17691427 over n=1921 ⇒ mean 9209) of max_storage=nil | samples at ZERO=0 of 1921 (0%) | refills observed=27 totalling 694 seeds (mean 25 per refill) | not-working samples=0, of which reason='Consumption'=0 | time held in the notification: total 0 game ms over 0 closed pairs (mean n/a, max nil) | voice-eligible SHIPPED=0, under the entry's assumed per-object model=0
[C47S] VOID(banner path wrapped by Opt_AcknowledgedWarnings) REPORT CONTROL ?#6620 :: adds=0 removes=0 over 0.63 sols | adds/sol=0 | flap pairs=0 | buffer min=8937 max=9271 (raw sum=17691427 over n=1921 ⇒ mean 9209) of max_storage=nil | samples at ZERO=0 of 1921 (0%) | refills observed=27 totalling 694 seeds (mean 25 per refill) | not-working samples=0, of which reason='Consumption'=0 | time held in the notification: total 0 game ms over 0 closed pairs (mean n/a, max nil) | voice-eligible SHIPPED=0, under the entry's assumed per-object model=0
[mod] [C47S] VOID(banner path wrapped by Opt_AcknowledgedWarnings) REPORT CONTROL ?#6620 :: not-working reason histogram over the window: (never sampled not-working)
[C47S] VOID(banner path wrapped by Opt_AcknowledgedWarnings) REPORT CONTROL ?#6620 :: not-working reason histogram over the window: (never sampled not-working)
[mod] [C47S] VOID(banner path wrapped by Opt_AcknowledgedWarnings) REPORT CONTROL ?#6622 :: adds=0 removes=0 over 0.63 sols | adds/sol=0 | flap pairs=0 | buffer min=8944 max=9274 (raw sum=17503032 over n=1921 ⇒ mean 9111) of max_storage=nil | samples at ZERO=0 of 1921 (0%) | refills observed=27 totalling 696 seeds (mean 25 per refill) | not-working samples=0, of which reason='Consumption'=0 | time held in the notification: total 0 game ms over 0 closed pairs (mean n/a, max nil) | voice-eligible SHIPPED=0, under the entry's assumed per-object model=0
[C47S] VOID(banner path wrapped by Opt_AcknowledgedWarnings) REPORT CONTROL ?#6622 :: adds=0 removes=0 over 0.63 sols | adds/sol=0 | flap pairs=0 | buffer min=8944 max=9274 (raw sum=17503032 over n=1921 ⇒ mean 9111) of max_storage=nil | samples at ZERO=0 of 1921 (0%) | refills observed=27 totalling 696 seeds (mean 25 per refill) | not-working samples=0, of which reason='Consumption'=0 | time held in the notification: total 0 game ms over 0 closed pairs (mean n/a, max nil) | voice-eligible SHIPPED=0, under the entry's assumed per-object model=0
[mod] [C47S] VOID(banner path wrapped by Opt_AcknowledgedWarnings) REPORT CONTROL ?#6622 :: not-working reason histogram over the window: (never sampled not-working)
[C47S] VOID(banner path wrapped by Opt_AcknowledgedWarnings) REPORT CONTROL ?#6622 :: not-working reason histogram over the window: (never sampled not-working)
[mod] [C47S] VOID(banner path wrapped by Opt_AcknowledgedWarnings) REPORT CONTROL ?#6836 :: adds=0 removes=0 over 0.63 sols | adds/sol=0 | flap pairs=0 | buffer min=8875 max=9219 (raw sum=17201797 over n=1921 ⇒ mean 8954) of max_storage=nil | samples at ZERO=0 of 1921 (0%) | refills observed=30 totalling 998 seeds (mean 33 per refill) | not-working samples=0, of which reason='Consumption'=0 | time held in the notification: total 0 game ms over 0 closed pairs (mean n/a, max nil) | voice-eligible SHIPPED=0, under the entry's assumed per-object model=0
[C47S] VOID(banner path wrapped by Opt_AcknowledgedWarnings) REPORT CONTROL ?#6836 :: adds=0 removes=0 over 0.63 sols | adds/sol=0 | flap pairs=0 | buffer min=8875 max=9219 (raw sum=17201797 over n=1921 ⇒ mean 8954) of max_storage=nil | samples at ZERO=0 of 1921 (0%) | refills observed=30 totalling 998 seeds (mean 33 per refill) | not-working samples=0, of which reason='Consumption'=0 | time held in the notification: total 0 game ms over 0 closed pairs (mean n/a, max nil) | voice-eligible SHIPPED=0, under the entry's assumed per-object model=0
[mod] [C47S] VOID(banner path wrapped by Opt_AcknowledgedWarnings) REPORT CONTROL ?#6836 :: not-working reason histogram over the window: (never sampled not-working)
[C47S] VOID(banner path wrapped by Opt_AcknowledgedWarnings) REPORT CONTROL ?#6836 :: not-working reason histogram over the window: (never sampled not-working)
[mod] [C47S] VOID(banner path wrapped by Opt_AcknowledgedWarnings) REPORT CONTROL ?#6958 :: adds=0 removes=0 over 0.63 sols | adds/sol=0 | flap pairs=0 | buffer min=8937 max=9273 (raw sum=17705135 over n=1921 ⇒ mean 9216) of max_storage=nil | samples at ZERO=0 of 1921 (0%) | refills observed=28 totalling 706 seeds (mean 25 per refill) | not-working samples=0, of which reason='Consumption'=0 | time held in the notification: total 0 game ms over 0 closed pairs (mean n/a, max nil) | voice-eligible SHIPPED=0, under the entry's assumed per-object model=0
[C47S] VOID(banner path wrapped by Opt_AcknowledgedWarnings) REPORT CONTROL ?#6958 :: adds=0 removes=0 over 0.63 sols | adds/sol=0 | flap pairs=0 | buffer min=8937 max=9273 (raw sum=17705135 over n=1921 ⇒ mean 9216) of max_storage=nil | samples at ZERO=0 of 1921 (0%) | refills observed=28 totalling 706 seeds (mean 25 per refill) | not-working samples=0, of which reason='Consumption'=0 | time held in the notification: total 0 game ms over 0 closed pairs (mean n/a, max nil) | voice-eligible SHIPPED=0, under the entry's assumed per-object model=0
[mod] [C47S] VOID(banner path wrapped by Opt_AcknowledgedWarnings) REPORT CONTROL ?#6958 :: not-working reason histogram over the window: (never sampled not-working)
[C47S] VOID(banner path wrapped by Opt_AcknowledgedWarnings) REPORT CONTROL ?#6958 :: not-working reason histogram over the window: (never sampled not-working)
[mod] [C47S] VOID(banner path wrapped by Opt_AcknowledgedWarnings) REPORT CONTROL ?#7004 :: adds=0 removes=0 over 0.63 sols | adds/sol=0 | flap pairs=0 | buffer min=8905 max=9225 (raw sum=17139305 over n=1921 ⇒ mean 8922) of max_storage=nil | samples at ZERO=0 of 1921 (0%) | refills observed=2 totalling 560 seeds (mean 280 per refill) | not-working samples=0, of which reason='Consumption'=0 | time held in the notification: total 0 game ms over 0 closed pairs (mean n/a, max nil) | voice-eligible SHIPPED=0, under the entry's assumed per-object model=0
[C47S] VOID(banner path wrapped by Opt_AcknowledgedWarnings) REPORT CONTROL ?#7004 :: adds=0 removes=0 over 0.63 sols | adds/sol=0 | flap pairs=0 | buffer min=8905 max=9225 (raw sum=17139305 over n=1921 ⇒ mean 8922) of max_storage=nil | samples at ZERO=0 of 1921 (0%) | refills observed=2 totalling 560 seeds (mean 280 per refill) | not-working samples=0, of which reason='Consumption'=0 | time held in the notification: total 0 game ms over 0 closed pairs (mean n/a, max nil) | voice-eligible SHIPPED=0, under the entry's assumed per-object model=0
[mod] [C47S] VOID(banner path wrapped by Opt_AcknowledgedWarnings) REPORT CONTROL ?#7004 :: not-working reason histogram over the window: (never sampled not-working)
[C47S] VOID(banner path wrapped by Opt_AcknowledgedWarnings) REPORT CONTROL ?#7004 :: not-working reason histogram over the window: (never sampled not-working)
[mod] [C47S] VOID(banner path wrapped by Opt_AcknowledgedWarnings) REPORT CONTROL ?#7016 :: adds=0 removes=0 over 0.63 sols | adds/sol=0 | flap pairs=0 | buffer min=8930 max=9550 (raw sum=17434500 over n=1921 ⇒ mean 9075) of max_storage=nil | samples at ZERO=0 of 1921 (0%) | refills observed=2 totalling 560 seeds (mean 280 per refill) | not-working samples=0, of which reason='Consumption'=0 | time held in the notification: total 0 game ms over 0 closed pairs (mean n/a, max nil) | voice-eligible SHIPPED=0, under the entry's assumed per-object model=0
[C47S] VOID(banner path wrapped by Opt_AcknowledgedWarnings) REPORT CONTROL ?#7016 :: adds=0 removes=0 over 0.63 sols | adds/sol=0 | flap pairs=0 | buffer min=8930 max=9550 (raw sum=17434500 over n=1921 ⇒ mean 9075) of max_storage=nil | samples at ZERO=0 of 1921 (0%) | refills observed=2 totalling 560 seeds (mean 280 per refill) | not-working samples=0, of which reason='Consumption'=0 | time held in the notification: total 0 game ms over 0 closed pairs (mean n/a, max nil) | voice-eligible SHIPPED=0, under the entry's assumed per-object model=0
[mod] [C47S] VOID(banner path wrapped by Opt_AcknowledgedWarnings) REPORT CONTROL ?#7016 :: not-working reason histogram over the window: (never sampled not-working)
[C47S] VOID(banner path wrapped by Opt_AcknowledgedWarnings) REPORT CONTROL ?#7016 :: not-working reason histogram over the window: (never sampled not-working)
[mod] [C47S] VOID(banner path wrapped by Opt_AcknowledgedWarnings) REPORT CONTROL ?#14623 :: adds=0 removes=0 over 0.63 sols | adds/sol=0 | flap pairs=0 | buffer min=8482 max=9242 (raw sum=17358362 over n=1921 ⇒ mean 9036) of max_storage=nil | samples at ZERO=0 of 1921 (0%) | refills observed=11 totalling 3920 seeds (mean 356 per refill) | not-working samples=0, of which reason='Consumption'=0 | time held in the notification: total 0 game ms over 0 closed pairs (mean n/a, max nil) | voice-eligible SHIPPED=0, under the entry's assumed per-object model=0
[C47S] VOID(banner path wrapped by Opt_AcknowledgedWarnings) REPORT CONTROL ?#14623 :: adds=0 removes=0 over 0.63 sols | adds/sol=0 | flap pairs=0 | buffer min=8482 max=9242 (raw sum=17358362 over n=1921 ⇒ mean 9036) of max_storage=nil | samples at ZERO=0 of 1921 (0%) | refills observed=11 totalling 3920 seeds (mean 356 per refill) | not-working samples=0, of which reason='Consumption'=0 | time held in the notification: total 0 game ms over 0 closed pairs (mean n/a, max nil) | voice-eligible SHIPPED=0, under the entry's assumed per-object model=0
[mod] [C47S] VOID(banner path wrapped by Opt_AcknowledgedWarnings) REPORT CONTROL ?#14623 :: not-working reason histogram over the window: (never sampled not-working)
[C47S] VOID(banner path wrapped by Opt_AcknowledgedWarnings) REPORT CONTROL ?#14623 :: not-working reason histogram over the window: (never sampled not-working)
[mod] [C47S] VOID(banner path wrapped by Opt_AcknowledgedWarnings) REPORT CONTROL ?#14625 :: adds=0 removes=0 over 0.63 sols | adds/sol=0 | flap pairs=0 | buffer min=8503 max=9243 (raw sum=17707883 over n=1921 ⇒ mean 9218) of max_storage=nil | samples at ZERO=0 of 1921 (0%) | refills observed=14 totalling 4200 seeds (mean 300 per refill) | not-working samples=0, of which reason='Consumption'=0 | time held in the notification: total 0 game ms over 0 closed pairs (mean n/a, max nil) | voice-eligible SHIPPED=0, under the entry's assumed per-object model=0
[C47S] VOID(banner path wrapped by Opt_AcknowledgedWarnings) REPORT CONTROL ?#14625 :: adds=0 removes=0 over 0.63 sols | adds/sol=0 | flap pairs=0 | buffer min=8503 max=9243 (raw sum=17707883 over n=1921 ⇒ mean 9218) of max_storage=nil | samples at ZERO=0 of 1921 (0%) | refills observed=14 totalling 4200 seeds (mean 300 per refill) | not-working samples=0, of which reason='Consumption'=0 | time held in the notification: total 0 game ms over 0 closed pairs (mean n/a, max nil) | voice-eligible SHIPPED=0, under the entry's assumed per-object model=0
[mod] [C47S] VOID(banner path wrapped by Opt_AcknowledgedWarnings) REPORT CONTROL ?#14625 :: not-working reason histogram over the window: (never sampled not-working)
[C47S] VOID(banner path wrapped by Opt_AcknowledgedWarnings) REPORT CONTROL ?#14625 :: not-working reason histogram over the window: (never sampled not-working)
[mod] [C47S] VOID(banner path wrapped by Opt_AcknowledgedWarnings) REPORT CONTROL ?#14627 :: adds=0 removes=0 over 0.63 sols | adds/sol=0 | flap pairs=0 | buffer min=8510 max=9250 (raw sum=17643550 over n=1921 ⇒ mean 9184) of max_storage=nil | samples at ZERO=0 of 1921 (0%) | refills observed=14 totalling 4200 seeds (mean 300 per refill) | not-working samples=0, of which reason='Consumption'=0 | time held in the notification: total 0 game ms over 0 closed pairs (mean n/a, max nil) | voice-eligible SHIPPED=0, under the entry's assumed per-object model=0
[C47S] VOID(banner path wrapped by Opt_AcknowledgedWarnings) REPORT CONTROL ?#14627 :: adds=0 removes=0 over 0.63 sols | adds/sol=0 | flap pairs=0 | buffer min=8510 max=9250 (raw sum=17643550 over n=1921 ⇒ mean 9184) of max_storage=nil | samples at ZERO=0 of 1921 (0%) | refills observed=14 totalling 4200 seeds (mean 300 per refill) | not-working samples=0, of which reason='Consumption'=0 | time held in the notification: total 0 game ms over 0 closed pairs (mean n/a, max nil) | voice-eligible SHIPPED=0, under the entry's assumed per-object model=0
[mod] [C47S] VOID(banner path wrapped by Opt_AcknowledgedWarnings) REPORT CONTROL ?#14627 :: not-working reason histogram over the window: (never sampled not-working)
[C47S] VOID(banner path wrapped by Opt_AcknowledgedWarnings) REPORT CONTROL ?#14627 :: not-working reason histogram over the window: (never sampled not-working)
[mod] [C47S] VOID(banner path wrapped by Opt_AcknowledgedWarnings) REPORT CONTROL ?#14628 :: adds=0 removes=0 over 0.63 sols | adds/sol=0 | flap pairs=0 | buffer min=8536 max=9276 (raw sum=17504556 over n=1921 ⇒ mean 9112) of max_storage=nil | samples at ZERO=0 of 1921 (0%) | refills observed=9 totalling 3360 seeds (mean 373 per refill) | not-working samples=0, of which reason='Consumption'=0 | time held in the notification: total 0 game ms over 0 closed pairs (mean n/a, max nil) | voice-eligible SHIPPED=0, under the entry's assumed per-object model=0
[C47S] VOID(banner path wrapped by Opt_AcknowledgedWarnings) REPORT CONTROL ?#14628 :: adds=0 removes=0 over 0.63 sols | adds/sol=0 | flap pairs=0 | buffer min=8536 max=9276 (raw sum=17504556 over n=1921 ⇒ mean 9112) of max_storage=nil | samples at ZERO=0 of 1921 (0%) | refills observed=9 totalling 3360 seeds (mean 373 per refill) | not-working samples=0, of which reason='Consumption'=0 | time held in the notification: total 0 game ms over 0 closed pairs (mean n/a, max nil) | voice-eligible SHIPPED=0, under the entry's assumed per-object model=0
[mod] [C47S] VOID(banner path wrapped by Opt_AcknowledgedWarnings) REPORT CONTROL ?#14628 :: not-working reason histogram over the window: (never sampled not-working)
[C47S] VOID(banner path wrapped by Opt_AcknowledgedWarnings) REPORT CONTROL ?#14628 :: not-working reason histogram over the window: (never sampled not-working)
[mod] [C47S] VOID(banner path wrapped by Opt_AcknowledgedWarnings) REPORT CONTROL ?#14629 :: adds=0 removes=0 over 0.63 sols | adds/sol=0 | flap pairs=0 | buffer min=8517 max=9257 (raw sum=17454617 over n=1921 ⇒ mean 9086) of max_storage=nil | samples at ZERO=0 of 1921 (0%) | refills observed=11 totalling 3920 seeds (mean 356 per refill) | not-working samples=0, of which reason='Consumption'=0 | time held in the notification: total 0 game ms over 0 closed pairs (mean n/a, max nil) | voice-eligible SHIPPED=0, under the entry's assumed per-object model=0
[C47S] VOID(banner path wrapped by Opt_AcknowledgedWarnings) REPORT CONTROL ?#14629 :: adds=0 removes=0 over 0.63 sols | adds/sol=0 | flap pairs=0 | buffer min=8517 max=9257 (raw sum=17454617 over n=1921 ⇒ mean 9086) of max_storage=nil | samples at ZERO=0 of 1921 (0%) | refills observed=11 totalling 3920 seeds (mean 356 per refill) | not-working samples=0, of which reason='Consumption'=0 | time held in the notification: total 0 game ms over 0 closed pairs (mean n/a, max nil) | voice-eligible SHIPPED=0, under the entry's assumed per-object model=0
[mod] [C47S] VOID(banner path wrapped by Opt_AcknowledgedWarnings) REPORT CONTROL ?#14629 :: not-working reason histogram over the window: (never sampled not-working)
[C47S] VOID(banner path wrapped by Opt_AcknowledgedWarnings) REPORT CONTROL ?#14629 :: not-working reason histogram over the window: (never sampled not-working)
[mod] [C47S] VOID(banner path wrapped by Opt_AcknowledgedWarnings) REPORT CONTROL ?#15043 :: adds=0 removes=0 over 0.63 sols | adds/sol=0 | flap pairs=0 | buffer min=8537 max=9237 (raw sum=17388677 over n=1921 ⇒ mean 9051) of max_storage=nil | samples at ZERO=0 of 1921 (0%) | refills observed=17 totalling 3880 seeds (mean 228 per refill) | not-working samples=0, of which reason='Consumption'=0 | time held in the notification: total 0 game ms over 0 closed pairs (mean n/a, max nil) | voice-eligible SHIPPED=0, under the entry's assumed per-object model=0
[C47S] VOID(banner path wrapped by Opt_AcknowledgedWarnings) REPORT CONTROL ?#15043 :: adds=0 removes=0 over 0.63 sols | adds/sol=0 | flap pairs=0 | buffer min=8537 max=9237 (raw sum=17388677 over n=1921 ⇒ mean 9051) of max_storage=nil | samples at ZERO=0 of 1921 (0%) | refills observed=17 totalling 3880 seeds (mean 228 per refill) | not-working samples=0, of which reason='Consumption'=0 | time held in the notification: total 0 game ms over 0 closed pairs (mean n/a, max nil) | voice-eligible SHIPPED=0, under the entry's assumed per-object model=0
[mod] [C47S] VOID(banner path wrapped by Opt_AcknowledgedWarnings) REPORT CONTROL ?#15043 :: not-working reason histogram over the window: (never sampled not-working)
[C47S] VOID(banner path wrapped by Opt_AcknowledgedWarnings) REPORT CONTROL ?#15043 :: not-working reason histogram over the window: (never sampled not-working)
[mod] [C47S] VOID(banner path wrapped by Opt_AcknowledgedWarnings) REPORT CONTROL ?#15047 :: adds=0 removes=0 over 0.63 sols | adds/sol=0 | flap pairs=0 | buffer min=8595 max=9295 (raw sum=17441135 over n=1921 ⇒ mean 9079) of max_storage=nil | samples at ZERO=0 of 1921 (0%) | refills observed=19 totalling 3920 seeds (mean 206 per refill) | not-working samples=0, of which reason='Consumption'=0 | time held in the notification: total 0 game ms over 0 closed pairs (mean n/a, max nil) | voice-eligible SHIPPED=0, under the entry's assumed per-object model=0
[C47S] VOID(banner path wrapped by Opt_AcknowledgedWarnings) REPORT CONTROL ?#15047 :: adds=0 removes=0 over 0.63 sols | adds/sol=0 | flap pairs=0 | buffer min=8595 max=9295 (raw sum=17441135 over n=1921 ⇒ mean 9079) of max_storage=nil | samples at ZERO=0 of 1921 (0%) | refills observed=19 totalling 3920 seeds (mean 206 per refill) | not-working samples=0, of which reason='Consumption'=0 | time held in the notification: total 0 game ms over 0 closed pairs (mean n/a, max nil) | voice-eligible SHIPPED=0, under the entry's assumed per-object model=0
[mod] [C47S] VOID(banner path wrapped by Opt_AcknowledgedWarnings) REPORT CONTROL ?#15047 :: not-working reason histogram over the window: (never sampled not-working)
						Lua 0:16:46:368
[C47S] VOID(banner path wrapped by Opt_AcknowledgedWarnings) REPORT CONTROL ?#15047 :: not-working reason histogram over the window: (never sampled not-working)
[mod] [C47S] VOID(banner path wrapped by Opt_AcknowledgedWarnings) REPORT CONTROL ?#15050 :: adds=0 removes=0 over 0.63 sols | adds/sol=0 | flap pairs=0 | buffer min=8920 max=9320 (raw sum=17868960 over n=1921 ⇒ mean 9301) of max_storage=nil | samples at ZERO=0 of 1921 (0%) | refills observed=11 totalling 1400 seeds (mean 127 per refill) | not-working samples=0, of which reason='Consumption'=0 | time held in the notification: total 0 game ms over 0 closed pairs (mean n/a, max nil) | voice-eligible SHIPPED=0, under the entry's assumed per-object model=0
[C47S] VOID(banner path wrapped by Opt_AcknowledgedWarnings) REPORT CONTROL ?#15050 :: adds=0 removes=0 over 0.63 sols | adds/sol=0 | flap pairs=0 | buffer min=8920 max=9320 (raw sum=17868960 over n=1921 ⇒ mean 9301) of max_storage=nil | samples at ZERO=0 of 1921 (0%) | refills observed=11 totalling 1400 seeds (mean 127 per refill) | not-working samples=0, of which reason='Consumption'=0 | time held in the notification: total 0 game ms over 0 closed pairs (mean n/a, max nil) | voice-eligible SHIPPED=0, under the entry's assumed per-object model=0
[mod] [C47S] VOID(banner path wrapped by Opt_AcknowledgedWarnings) REPORT CONTROL ?#15050 :: not-working reason histogram over the window: (never sampled not-working)
[C47S] VOID(banner path wrapped by Opt_AcknowledgedWarnings) REPORT CONTROL ?#15050 :: not-working reason histogram over the window: (never sampled not-working)
[mod] [C47S] VOID(banner path wrapped by Opt_AcknowledgedWarnings) REPORT CONTROL ?#15052 :: adds=0 removes=0 over 0.63 sols | adds/sol=0 | flap pairs=0 | buffer min=8556 max=9256 (raw sum=17316576 over n=1921 ⇒ mean 9014) of max_storage=nil | samples at ZERO=0 of 1921 (0%) | refills observed=17 totalling 3840 seeds (mean 225 per refill) | not-working samples=0, of which reason='Consumption'=0 | time held in the notification: total 0 game ms over 0 closed pairs (mean n/a, max nil) | voice-eligible SHIPPED=0, under the entry's assumed per-object model=0
[C47S] VOID(banner path wrapped by Opt_AcknowledgedWarnings) REPORT CONTROL ?#15052 :: adds=0 removes=0 over 0.63 sols | adds/sol=0 | flap pairs=0 | buffer min=8556 max=9256 (raw sum=17316576 over n=1921 ⇒ mean 9014) of max_storage=nil | samples at ZERO=0 of 1921 (0%) | refills observed=17 totalling 3840 seeds (mean 225 per refill) | not-working samples=0, of which reason='Consumption'=0 | time held in the notification: total 0 game ms over 0 closed pairs (mean n/a, max nil) | voice-eligible SHIPPED=0, under the entry's assumed per-object model=0
[mod] [C47S] VOID(banner path wrapped by Opt_AcknowledgedWarnings) REPORT CONTROL ?#15052 :: not-working reason histogram over the window: (never sampled not-working)
[C47S] VOID(banner path wrapped by Opt_AcknowledgedWarnings) REPORT CONTROL ?#15052 :: not-working reason histogram over the window: (never sampled not-working)
[mod] [C47S] VOID(banner path wrapped by Opt_AcknowledgedWarnings) REPORT CONTROL ?#15098 :: adds=0 removes=0 over 0.63 sols | adds/sol=0 | flap pairs=0 | buffer min=8562 max=9242 (raw sum=17347082 over n=1921 ⇒ mean 9030) of max_storage=nil | samples at ZERO=0 of 1921 (0%) | refills observed=19 totalling 3880 seeds (mean 204 per refill) | not-working samples=0, of which reason='Consumption'=0 | time held in the notification: total 0 game ms over 0 closed pairs (mean n/a, max nil) | voice-eligible SHIPPED=0, under the entry's assumed per-object model=0
[C47S] VOID(banner path wrapped by Opt_AcknowledgedWarnings) REPORT CONTROL ?#15098 :: adds=0 removes=0 over 0.63 sols | adds/sol=0 | flap pairs=0 | buffer min=8562 max=9242 (raw sum=17347082 over n=1921 ⇒ mean 9030) of max_storage=nil | samples at ZERO=0 of 1921 (0%) | refills observed=19 totalling 3880 seeds (mean 204 per refill) | not-working samples=0, of which reason='Consumption'=0 | time held in the notification: total 0 game ms over 0 closed pairs (mean n/a, max nil) | voice-eligible SHIPPED=0, under the entry's assumed per-object model=0
[mod] [C47S] VOID(banner path wrapped by Opt_AcknowledgedWarnings) REPORT CONTROL ?#15098 :: not-working reason histogram over the window: (never sampled not-working)
[C47S] VOID(banner path wrapped by Opt_AcknowledgedWarnings) REPORT CONTROL ?#15098 :: not-working reason histogram over the window: (never sampled not-working)
[mod] [C47S] VOID(banner path wrapped by Opt_AcknowledgedWarnings) REPORT CONTROL ?#15099 :: adds=0 removes=0 over 0.63 sols | adds/sol=0 | flap pairs=0 | buffer min=8559 max=9319 (raw sum=17316939 over n=1921 ⇒ mean 9014) of max_storage=nil | samples at ZERO=0 of 1921 (0%) | refills observed=17 totalling 3840 seeds (mean 225 per refill) | not-working samples=0, of which reason='Consumption'=0 | time held in the notification: total 0 game ms over 0 closed pairs (mean n/a, max nil) | voice-eligible SHIPPED=0, under the entry's assumed per-object model=0
[C47S] VOID(banner path wrapped by Opt_AcknowledgedWarnings) REPORT CONTROL ?#15099 :: adds=0 removes=0 over 0.63 sols | adds/sol=0 | flap pairs=0 | buffer min=8559 max=9319 (raw sum=17316939 over n=1921 ⇒ mean 9014) of max_storage=nil | samples at ZERO=0 of 1921 (0%) | refills observed=17 totalling 3840 seeds (mean 225 per refill) | not-working samples=0, of which reason='Consumption'=0 | time held in the notification: total 0 game ms over 0 closed pairs (mean n/a, max nil) | voice-eligible SHIPPED=0, under the entry's assumed per-object model=0
[mod] [C47S] VOID(banner path wrapped by Opt_AcknowledgedWarnings) REPORT CONTROL ?#15099 :: not-working reason histogram over the window: (never sampled not-working)
[C47S] VOID(banner path wrapped by Opt_AcknowledgedWarnings) REPORT CONTROL ?#15099 :: not-working reason histogram over the window: (never sampled not-working)
[mod] [C47S] VOID(banner path wrapped by Opt_AcknowledgedWarnings) REPORT CONTROL ?#15547 :: adds=0 removes=0 over 0.63 sols | adds/sol=0 | flap pairs=0 | buffer min=8636 max=9196 (raw sum=17559066 over n=1921 ⇒ mean 9140) of max_storage=nil | samples at ZERO=0 of 1921 (0%) | refills observed=4 totalling 1120 seeds (mean 280 per refill) | not-working samples=0, of which reason='Consumption'=0 | time held in the notification: total 0 game ms over 0 closed pairs (mean n/a, max nil) | voice-eligible SHIPPED=0, under the entry's assumed per-object model=0
[C47S] VOID(banner path wrapped by Opt_AcknowledgedWarnings) REPORT CONTROL ?#15547 :: adds=0 removes=0 over 0.63 sols | adds/sol=0 | flap pairs=0 | buffer min=8636 max=9196 (raw sum=17559066 over n=1921 ⇒ mean 9140) of max_storage=nil | samples at ZERO=0 of 1921 (0%) | refills observed=4 totalling 1120 seeds (mean 280 per refill) | not-working samples=0, of which reason='Consumption'=0 | time held in the notification: total 0 game ms over 0 closed pairs (mean n/a, max nil) | voice-eligible SHIPPED=0, under the entry's assumed per-object model=0
[mod] [C47S] VOID(banner path wrapped by Opt_AcknowledgedWarnings) REPORT CONTROL ?#15547 :: not-working reason histogram over the window: (never sampled not-working)
[C47S] VOID(banner path wrapped by Opt_AcknowledgedWarnings) REPORT CONTROL ?#15547 :: not-working reason histogram over the window: (never sampled not-working)
[mod] [C47S] VOID(banner path wrapped by Opt_AcknowledgedWarnings) REPORT CONTROL ?#15549 :: adds=0 removes=0 over 0.63 sols | adds/sol=0 | flap pairs=0 | buffer min=8639 max=9259 (raw sum=17602579 over n=1921 ⇒ mean 9163) of max_storage=nil | samples at ZERO=0 of 1921 (0%) | refills observed=4 totalling 1120 seeds (mean 280 per refill) | not-working samples=0, of which reason='Consumption'=0 | time held in the notification: total 0 game ms over 0 closed pairs (mean n/a, max nil) | voice-eligible SHIPPED=0, under the entry's assumed per-object model=0
[C47S] VOID(banner path wrapped by Opt_AcknowledgedWarnings) REPORT CONTROL ?#15549 :: adds=0 removes=0 over 0.63 sols | adds/sol=0 | flap pairs=0 | buffer min=8639 max=9259 (raw sum=17602579 over n=1921 ⇒ mean 9163) of max_storage=nil | samples at ZERO=0 of 1921 (0%) | refills observed=4 totalling 1120 seeds (mean 280 per refill) | not-working samples=0, of which reason='Consumption'=0 | time held in the notification: total 0 game ms over 0 closed pairs (mean n/a, max nil) | voice-eligible SHIPPED=0, under the entry's assumed per-object model=0
[mod] [C47S] VOID(banner path wrapped by Opt_AcknowledgedWarnings) REPORT CONTROL ?#15549 :: not-working reason histogram over the window: (never sampled not-working)
[C47S] VOID(banner path wrapped by Opt_AcknowledgedWarnings) REPORT CONTROL ?#15549 :: not-working reason histogram over the window: (never sampled not-working)
[mod] [C47S] VOID(banner path wrapped by Opt_AcknowledgedWarnings) REPORT CONTROL ?#15554 :: adds=0 removes=0 over 0.63 sols | adds/sol=0 | flap pairs=0 | buffer min=8503 max=9263 (raw sum=17490043 over n=1921 ⇒ mean 9104) of max_storage=nil | samples at ZERO=0 of 1921 (0%) | refills observed=13 totalling 3920 seeds (mean 301 per refill) | not-working samples=0, of which reason='Consumption'=0 | time held in the notification: total 0 game ms over 0 closed pairs (mean n/a, max nil) | voice-eligible SHIPPED=0, under the entry's assumed per-object model=0
[C47S] VOID(banner path wrapped by Opt_AcknowledgedWarnings) REPORT CONTROL ?#15554 :: adds=0 removes=0 over 0.63 sols | adds/sol=0 | flap pairs=0 | buffer min=8503 max=9263 (raw sum=17490043 over n=1921 ⇒ mean 9104) of max_storage=nil | samples at ZERO=0 of 1921 (0%) | refills observed=13 totalling 3920 seeds (mean 301 per refill) | not-working samples=0, of which reason='Consumption'=0 | time held in the notification: total 0 game ms over 0 closed pairs (mean n/a, max nil) | voice-eligible SHIPPED=0, under the entry's assumed per-object model=0
[mod] [C47S] VOID(banner path wrapped by Opt_AcknowledgedWarnings) REPORT CONTROL ?#15554 :: not-working reason histogram over the window: (never sampled not-working)
[C47S] VOID(banner path wrapped by Opt_AcknowledgedWarnings) REPORT CONTROL ?#15554 :: not-working reason histogram over the window: (never sampled not-working)
[mod] [C47S] VOID(banner path wrapped by Opt_AcknowledgedWarnings) REPORT CONTROL ?#15556 :: adds=0 removes=0 over 0.63 sols | adds/sol=0 | flap pairs=0 | buffer min=8510 max=9270 (raw sum=17521230 over n=1921 ⇒ mean 9120) of max_storage=nil | samples at ZERO=0 of 1921 (0%) | refills observed=12 totalling 3920 seeds (mean 326 per refill) | not-working samples=0, of which reason='Consumption'=0 | time held in the notification: total 0 game ms over 0 closed pairs (mean n/a, max nil) | voice-eligible SHIPPED=0, under the entry's assumed per-object model=0
[C47S] VOID(banner path wrapped by Opt_AcknowledgedWarnings) REPORT CONTROL ?#15556 :: adds=0 removes=0 over 0.63 sols | adds/sol=0 | flap pairs=0 | buffer min=8510 max=9270 (raw sum=17521230 over n=1921 ⇒ mean 9120) of max_storage=nil | samples at ZERO=0 of 1921 (0%) | refills observed=12 totalling 3920 seeds (mean 326 per refill) | not-working samples=0, of which reason='Consumption'=0 | time held in the notification: total 0 game ms over 0 closed pairs (mean n/a, max nil) | voice-eligible SHIPPED=0, under the entry's assumed per-object model=0
[mod] [C47S] VOID(banner path wrapped by Opt_AcknowledgedWarnings) REPORT CONTROL ?#15556 :: not-working reason histogram over the window: (never sampled not-working)
[C47S] VOID(banner path wrapped by Opt_AcknowledgedWarnings) REPORT CONTROL ?#15556 :: not-working reason histogram over the window: (never sampled not-working)
[mod] [C47S] VOID(banner path wrapped by Opt_AcknowledgedWarnings) REPORT CONTROL ?#15563 :: adds=0 removes=0 over 0.63 sols | adds/sol=0 | flap pairs=0 | buffer min=8522 max=9262 (raw sum=17474442 over n=1921 ⇒ mean 9096) of max_storage=nil | samples at ZERO=0 of 1921 (0%) | refills observed=12 totalling 3920 seeds (mean 326 per refill) | not-working samples=0, of which reason='Consumption'=0 | time held in the notification: total 0 game ms over 0 closed pairs (mean n/a, max nil) | voice-eligible SHIPPED=0, under the entry's assumed per-object model=0
[C47S] VOID(banner path wrapped by Opt_AcknowledgedWarnings) REPORT CONTROL ?#15563 :: adds=0 removes=0 over 0.63 sols | adds/sol=0 | flap pairs=0 | buffer min=8522 max=9262 (raw sum=17474442 over n=1921 ⇒ mean 9096) of max_storage=nil | samples at ZERO=0 of 1921 (0%) | refills observed=12 totalling 3920 seeds (mean 326 per refill) | not-working samples=0, of which reason='Consumption'=0 | time held in the notification: total 0 game ms over 0 closed pairs (mean n/a, max nil) | voice-eligible SHIPPED=0, under the entry's assumed per-object model=0
[mod] [C47S] VOID(banner path wrapped by Opt_AcknowledgedWarnings) REPORT CONTROL ?#15563 :: not-working reason histogram over the window: (never sampled not-working)
[C47S] VOID(banner path wrapped by Opt_AcknowledgedWarnings) REPORT CONTROL ?#15563 :: not-working reason histogram over the window: (never sampled not-working)
[mod] [C47S] VOID(banner path wrapped by Opt_AcknowledgedWarnings) REPORT CONTROL ?#15565 :: adds=0 removes=0 over 0.63 sols | adds/sol=0 | flap pairs=0 | buffer min=8524 max=9264 (raw sum=17574504 over n=1921 ⇒ mean 9148) of max_storage=nil | samples at ZERO=0 of 1921 (0%) | refills observed=12 totalling 3920 seeds (mean 326 per refill) | not-working samples=0, of which reason='Consumption'=0 | time held in the notification: total 0 game ms over 0 closed pairs (mean n/a, max nil) | voice-eligible SHIPPED=0, under the entry's assumed per-object model=0
[C47S] VOID(banner path wrapped by Opt_AcknowledgedWarnings) REPORT CONTROL ?#15565 :: adds=0 removes=0 over 0.63 sols | adds/sol=0 | flap pairs=0 | buffer min=8524 max=9264 (raw sum=17574504 over n=1921 ⇒ mean 9148) of max_storage=nil | samples at ZERO=0 of 1921 (0%) | refills observed=12 totalling 3920 seeds (mean 326 per refill) | not-working samples=0, of which reason='Consumption'=0 | time held in the notification: total 0 game ms over 0 closed pairs (mean n/a, max nil) | voice-eligible SHIPPED=0, under the entry's assumed per-object model=0
[mod] [C47S] VOID(banner path wrapped by Opt_AcknowledgedWarnings) REPORT CONTROL ?#15565 :: not-working reason histogram over the window: (never sampled not-working)
[C47S] VOID(banner path wrapped by Opt_AcknowledgedWarnings) REPORT CONTROL ?#15565 :: not-working reason histogram over the window: (never sampled not-working)
[mod] [C47S] VOID(banner path wrapped by Opt_AcknowledgedWarnings) REPORT CONTROL ?#15810 :: adds=0 removes=0 over 0.63 sols | adds/sol=0 | flap pairs=0 | buffer min=8557 max=9312 (raw sum=16864362 over n=1921 ⇒ mean 8778) of max_storage=nil | samples at ZERO=0 of 1921 (0%) | refills observed=26 totalling 3556 seeds (mean 136 per refill) | not-working samples=0, of which reason='Consumption'=0 | time held in the notification: total 0 game ms over 0 closed pairs (mean n/a, max nil) | voice-eligible SHIPPED=0, under the entry's assumed per-object model=0
[C47S] VOID(banner path wrapped by Opt_AcknowledgedWarnings) REPORT CONTROL ?#15810 :: adds=0 removes=0 over 0.63 sols | adds/sol=0 | flap pairs=0 | buffer min=8557 max=9312 (raw sum=16864362 over n=1921 ⇒ mean 8778) of max_storage=nil | samples at ZERO=0 of 1921 (0%) | refills observed=26 totalling 3556 seeds (mean 136 per refill) | not-working samples=0, of which reason='Consumption'=0 | time held in the notification: total 0 game ms over 0 closed pairs (mean n/a, max nil) | voice-eligible SHIPPED=0, under the entry's assumed per-object model=0
[mod] [C47S] VOID(banner path wrapped by Opt_AcknowledgedWarnings) REPORT CONTROL ?#15810 :: not-working reason histogram over the window: (never sampled not-working)
[C47S] VOID(banner path wrapped by Opt_AcknowledgedWarnings) REPORT CONTROL ?#15810 :: not-working reason histogram over the window: (never sampled not-working)
[mod] [C47S] VOID(banner path wrapped by Opt_AcknowledgedWarnings) REPORT CONTROL ?#15817 :: adds=0 removes=0 over 0.63 sols | adds/sol=0 | flap pairs=0 | buffer min=8568 max=9318 (raw sum=17578381 over n=1921 ⇒ mean 9150) of max_storage=nil | samples at ZERO=0 of 1921 (0%) | refills observed=28 totalling 4025 seeds (mean 143 per refill) | not-working samples=0, of which reason='Consumption'=0 | time held in the notification: total 0 game ms over 0 closed pairs (mean n/a, max nil) | voice-eligible SHIPPED=0, under the entry's assumed per-object model=0
[C47S] VOID(banner path wrapped by Opt_AcknowledgedWarnings) REPORT CONTROL ?#15817 :: adds=0 removes=0 over 0.63 sols | adds/sol=0 | flap pairs=0 | buffer min=8568 max=9318 (raw sum=17578381 over n=1921 ⇒ mean 9150) of max_storage=nil | samples at ZERO=0 of 1921 (0%) | refills observed=28 totalling 4025 seeds (mean 143 per refill) | not-working samples=0, of which reason='Consumption'=0 | time held in the notification: total 0 game ms over 0 closed pairs (mean n/a, max nil) | voice-eligible SHIPPED=0, under the entry's assumed per-object model=0
[mod] [C47S] VOID(banner path wrapped by Opt_AcknowledgedWarnings) REPORT CONTROL ?#15817 :: not-working reason histogram over the window: (never sampled not-working)
[C47S] VOID(banner path wrapped by Opt_AcknowledgedWarnings) REPORT CONTROL ?#15817 :: not-working reason histogram over the window: (never sampled not-working)
[mod] [C47S] VOID(banner path wrapped by Opt_AcknowledgedWarnings) REPORT CONTROL ?#16008 :: adds=0 removes=0 over 0.63 sols | adds/sol=0 | flap pairs=0 | buffer min=8544 max=9316 (raw sum=16682340 over n=1921 ⇒ mean 8684) of max_storage=nil | samples at ZERO=0 of 1921 (0%) | refills observed=28 totalling 3592 seeds (mean 128 per refill) | not-working samples=0, of which reason='Consumption'=0 | time held in the notification: total 0 game ms over 0 closed pairs (mean n/a, max nil) | voice-eligible SHIPPED=0, under the entry's assumed per-object model=0
[C47S] VOID(banner path wrapped by Opt_AcknowledgedWarnings) REPORT CONTROL ?#16008 :: adds=0 removes=0 over 0.63 sols | adds/sol=0 | flap pairs=0 | buffer min=8544 max=9316 (raw sum=16682340 over n=1921 ⇒ mean 8684) of max_storage=nil | samples at ZERO=0 of 1921 (0%) | refills observed=28 totalling 3592 seeds (mean 128 per refill) | not-working samples=0, of which reason='Consumption'=0 | time held in the notification: total 0 game ms over 0 closed pairs (mean n/a, max nil) | voice-eligible SHIPPED=0, under the entry's assumed per-object model=0
[mod] [C47S] VOID(banner path wrapped by Opt_AcknowledgedWarnings) REPORT CONTROL ?#16008 :: not-working reason histogram over the window: (never sampled not-working)
[C47S] VOID(banner path wrapped by Opt_AcknowledgedWarnings) REPORT CONTROL ?#16008 :: not-working reason histogram over the window: (never sampled not-working)
[mod] [C47S] VOID(banner path wrapped by Opt_AcknowledgedWarnings) REPORT CONTROL ?#16011 :: adds=0 removes=0 over 0.63 sols | adds/sol=0 | flap pairs=0 | buffer min=8505 max=9245 (raw sum=16843185 over n=1921 ⇒ mean 8767) of max_storage=nil | samples at ZERO=0 of 1921 (0%) | refills observed=11 totalling 3640 seeds (mean 330 per refill) | not-working samples=0, of which reason='Consumption'=0 | time held in the notification: total 0 game ms over 0 closed pairs (mean n/a, max nil) | voice-eligible SHIPPED=0, under the entry's assumed per-object model=0
[C47S] VOID(banner path wrapped by Opt_AcknowledgedWarnings) REPORT CONTROL ?#16011 :: adds=0 removes=0 over 0.63 sols | adds/sol=0 | flap pairs=0 | buffer min=8505 max=9245 (raw sum=16843185 over n=1921 ⇒ mean 8767) of max_storage=nil | samples at ZERO=0 of 1921 (0%) | refills observed=11 totalling 3640 seeds (mean 330 per refill) | not-working samples=0, of which reason='Consumption'=0 | time held in the notification: total 0 game ms over 0 closed pairs (mean n/a, max nil) | voice-eligible SHIPPED=0, under the entry's assumed per-object model=0
[mod] [C47S] VOID(banner path wrapped by Opt_AcknowledgedWarnings) REPORT CONTROL ?#16011 :: not-working reason histogram over the window: (never sampled not-working)
[C47S] VOID(banner path wrapped by Opt_AcknowledgedWarnings) REPORT CONTROL ?#16011 :: not-working reason histogram over the window: (never sampled not-working)
[mod] [C47S] VOID(banner path wrapped by Opt_AcknowledgedWarnings) REPORT CONTROL ?#16076 :: adds=0 removes=0 over 0.63 sols | adds/sol=0 | flap pairs=0 | buffer min=8479 max=9279 (raw sum=17378399 over n=1921 ⇒ mean 9046) of max_storage=nil | samples at ZERO=0 of 1921 (0%) | refills observed=14 totalling 3920 seeds (mean 280 per refill) | not-working samples=0, of which reason='Consumption'=0 | time held in the notification: total 0 game ms over 0 closed pairs (mean n/a, max nil) | voice-eligible SHIPPED=0, under the entry's assumed per-object model=0
[C47S] VOID(banner path wrapped by Opt_AcknowledgedWarnings) REPORT CONTROL ?#16076 :: adds=0 removes=0 over 0.63 sols | adds/sol=0 | flap pairs=0 | buffer min=8479 max=9279 (raw sum=17378399 over n=1921 ⇒ mean 9046) of max_storage=nil | samples at ZERO=0 of 1921 (0%) | refills observed=14 totalling 3920 seeds (mean 280 per refill) | not-working samples=0, of which reason='Consumption'=0 | time held in the notification: total 0 game ms over 0 closed pairs (mean n/a, max nil) | voice-eligible SHIPPED=0, under the entry's assumed per-object model=0
[mod] [C47S] VOID(banner path wrapped by Opt_AcknowledgedWarnings) REPORT CONTROL ?#16076 :: not-working reason histogram over the window: (never sampled not-working)
[C47S] VOID(banner path wrapped by Opt_AcknowledgedWarnings) REPORT CONTROL ?#16076 :: not-working reason histogram over the window: (never sampled not-working)
[mod] [C47S] VOID(banner path wrapped by Opt_AcknowledgedWarnings) REPORT CONTROL ?#16077 :: adds=0 removes=0 over 0.63 sols | adds/sol=0 | flap pairs=0 | buffer min=8532 max=9272 (raw sum=17581052 over n=1921 ⇒ mean 9152) of max_storage=nil | samples at ZERO=0 of 1921 (0%) | refills observed=14 totalling 3920 seeds (mean 280 per refill) | not-working samples=0, of which reason='Consumption'=0 | time held in the notification: total 0 game ms over 0 closed pairs (mean n/a, max nil) | voice-eligible SHIPPED=0, under the entry's assumed per-object model=0
[C47S] VOID(banner path wrapped by Opt_AcknowledgedWarnings) REPORT CONTROL ?#16077 :: adds=0 removes=0 over 0.63 sols | adds/sol=0 | flap pairs=0 | buffer min=8532 max=9272 (raw sum=17581052 over n=1921 ⇒ mean 9152) of max_storage=nil | samples at ZERO=0 of 1921 (0%) | refills observed=14 totalling 3920 seeds (mean 280 per refill) | not-working samples=0, of which reason='Consumption'=0 | time held in the notification: total 0 game ms over 0 closed pairs (mean n/a, max nil) | voice-eligible SHIPPED=0, under the entry's assumed per-object model=0
[mod] [C47S] VOID(banner path wrapped by Opt_AcknowledgedWarnings) REPORT CONTROL ?#16077 :: not-working reason histogram over the window: (never sampled not-working)
[C47S] VOID(banner path wrapped by Opt_AcknowledgedWarnings) REPORT CONTROL ?#16077 :: not-working reason histogram over the window: (never sampled not-working)
[mod] [C47S] VOID(banner path wrapped by Opt_AcknowledgedWarnings) REPORT CONTROL ?#16155 :: adds=0 removes=0 over 0.63 sols | adds/sol=0 | flap pairs=0 | buffer min=8518 max=9258 (raw sum=17740058 over n=1921 ⇒ mean 9234) of max_storage=nil | samples at ZERO=0 of 1921 (0%) | refills observed=10 totalling 4200 seeds (mean 420 per refill) | not-working samples=0, of which reason='Consumption'=0 | time held in the notification: total 0 game ms over 0 closed pairs (mean n/a, max nil) | voice-eligible SHIPPED=0, under the entry's assumed per-object model=0
[C47S] VOID(banner path wrapped by Opt_AcknowledgedWarnings) REPORT CONTROL ?#16155 :: adds=0 removes=0 over 0.63 sols | adds/sol=0 | flap pairs=0 | buffer min=8518 max=9258 (raw sum=17740058 over n=1921 ⇒ mean 9234) of max_storage=nil | samples at ZERO=0 of 1921 (0%) | refills observed=10 totalling 4200 seeds (mean 420 per refill) | not-working samples=0, of which reason='Consumption'=0 | time held in the notification: total 0 game ms over 0 closed pairs (mean n/a, max nil) | voice-eligible SHIPPED=0, under the entry's assumed per-object model=0
[mod] [C47S] VOID(banner path wrapped by Opt_AcknowledgedWarnings) REPORT CONTROL ?#16155 :: not-working reason histogram over the window: (never sampled not-working)
[C47S] VOID(banner path wrapped by Opt_AcknowledgedWarnings) REPORT CONTROL ?#16155 :: not-working reason histogram over the window: (never sampled not-working)
[mod] [C47S] VOID(banner path wrapped by Opt_AcknowledgedWarnings) REPORT CONTROL ?#16192 :: adds=0 removes=0 over 0.63 sols | adds/sol=0 | flap pairs=0 | buffer min=8865 max=9275 (raw sum=17488705 over n=1921 ⇒ mean 9103) of max_storage=nil | samples at ZERO=0 of 1921 (0%) | refills observed=4 totalling 1120 seeds (mean 280 per refill) | not-working samples=0, of which reason='Consumption'=0 | time held in the notification: total 0 game ms over 0 closed pairs (mean n/a, max nil) | voice-eligible SHIPPED=0, under the entry's assumed per-object model=0
[C47S] VOID(banner path wrapped by Opt_AcknowledgedWarnings) REPORT CONTROL ?#16192 :: adds=0 removes=0 over 0.63 sols | adds/sol=0 | flap pairs=0 | buffer min=8865 max=9275 (raw sum=17488705 over n=1921 ⇒ mean 9103) of max_storage=nil | samples at ZERO=0 of 1921 (0%) | refills observed=4 totalling 1120 seeds (mean 280 per refill) | not-working samples=0, of which reason='Consumption'=0 | time held in the notification: total 0 game ms over 0 closed pairs (mean n/a, max nil) | voice-eligible SHIPPED=0, under the entry's assumed per-object model=0
[mod] [C47S] VOID(banner path wrapped by Opt_AcknowledgedWarnings) REPORT CONTROL ?#16192 :: not-working reason histogram over the window: (never sampled not-working)
[C47S] VOID(banner path wrapped by Opt_AcknowledgedWarnings) REPORT CONTROL ?#16192 :: not-working reason histogram over the window: (never sampled not-working)
[mod] [C47S] VOID(banner path wrapped by Opt_AcknowledgedWarnings) REPORT COLONY :: adds on 'NotWorkingBuildings' across ALL objects=7 | removes=7 | of those, adds on objects outside this leg's census=5 | voice-eligible SHIPPED model=2 over 960 real seconds (ceiling is one per 60000 real s = 16) | voice-eligible under the entry's assumed per-object model=1
[C47S] VOID(banner path wrapped by Opt_AcknowledgedWarnings) REPORT COLONY :: adds on 'NotWorkingBuildings' across ALL objects=7 | removes=7 | of those, adds on objects outside this leg's census=5 | voice-eligible SHIPPED model=2 over 960 real seconds (ceiling is one per 60000 real s = 16) | voice-eligible under the entry's assumed per-object model=1
[mod] [C47S] READ C47-adds-sampled(the flap events this window contains) = 7 | population=1921 | APPLICABLE=true | witness=1921 samples taken over 0.63 sols of game time with the two OnMsg subscriptions armed
[C47S] READ C47-adds-sampled(the flap events this window contains) = 7 | population=1921 | APPLICABLE=true | witness=1921 samples taken over 0.63 sols of game time with the two OnMsg subscriptions armed
[mod] [C47S] REPORT ⛔ NOT CLAIMED BY THIS RUN: that a banner appeared on a screen or that a voice line was audible. What is counted is that the game raised AddNotificationObject/RemoveNotificationObject for this id, and what the queueing rule in QueueVoice would have admitted. A screen and a speaker need the owner's eyes and ears.
[C47S] REPORT ⛔ NOT CLAIMED BY THIS RUN: that a banner appeared on a screen or that a voice line was audible. What is counted is that the game raised AddNotificationObject/RemoveNotificationObject for this id, and what the queueing rule in QueueVoice would have admitted. A screen and a speaker need the owner's eyes and ears.
[mod] [C47S] REPORT ⚠️ CONFOUNDS, stated beside the numbers and not below them: CHEATS ARE ENABLED on this rig (standing fact) and this colony is an oversized terraforming speed-run. The template numbers are playstyle-independent; every RATE above is not. And the whole window ran at one speed — the drain is game-time driven while the voice cooldown is REAL-time driven, so the two ratios move against each other at any other speed.
[C47S] REPORT ⚠️ CONFOUNDS, stated beside the numbers and not below them: CHEATS ARE ENABLED on this rig (standing fact) and this colony is an oversized terraforming speed-run. The template numbers are playstyle-independent; every RATE above is not. And the whole window ran at one speed — the drain is game-time driven while the voice cooldown is REAL-time driven, so the two ratios move against each other at any other speed.
[mod] [C47S] TRY C47.Report ok=true result=true
[C47S] TRY C47.Report ok=true result=true
						Lua 0:16:46:369
[mod] [C47S] CONDITIONS pack=75/75 active | map=BlankBigCanyonCMix_09 | speed=5x | loads_this_process=1 | mode=REAL | note=at close
[C47S] CONDITIONS pack=75/75 active | map=BlankBigCanyonCMix_09 | speed=5x | loads_this_process=1 | mode=REAL | note=at close
[mod] [C47S] CONDITIONS opt-in pack=8/8 active
[C47S] CONDITIONS opt-in pack=8/8 active
[mod] [C47S] CONDITIONS save-rescue mod = NOT PRESENT in this process
[C47S] CONDITIONS save-rescue mod = NOT PRESENT in this process
[mod] [C47S] GATE ⛔ BANNER PATH CONTAMINATED :: Opt_AcknowledgedWarnings is ACTIVE (detail=''). It wraps AddObjectToNotification and drops re-adds for acknowledged buildings, which is exactly the count this leg is taking. Every flap number below measures OUR module, not the game. The census and the buffer curve are unaffected.
[C47S] GATE ⛔ BANNER PATH CONTAMINATED :: Opt_AcknowledgedWarnings is ACTIVE (detail=''). It wraps AddObjectToNotification and drops re-adds for acknowledged buildings, which is exactly the count this leg is taking. Every flap number below measures OUR module, not the game. The census and the buffer curve are unaffected.
[mod] [C47S] CLOCK close :: GameTime()=276300009 (383.75 sols since game start) | UIColony.day=385 hour=0 | speed=5x | RealTime()=994343
[C47S] CLOCK close :: GameTime()=276300009 (383.75 sols since game start) | UIColony.day=385 hour=0 | speed=5x | RealTime()=994343
[mod] [C47S] ERRORWATCH C47S — every engine error line (the bracketed LUA-ERROR marker) in this log between the '=== c47-farm C47S ===' banner and this line happened inside this run. Report every unexplained line verbatim with its position and its age; never discount one (owner rule 2026-08-01). stage_at_close=closing loads_this_process=1 mode=REAL
[C47S] ERRORWATCH C47S — every engine error line (the bracketed LUA-ERROR marker) in this log between the '=== c47-farm C47S ===' banner and this line happened inside this run. Report every unexplained line verbatim with its position and its age; never discount one (owner rule 2026-08-01). stage_at_close=closing loads_this_process=1 mode=REAL
[mod] [C47S] === c47-farm C47S === DONE. Quitting. ⛔ Nothing was saved: this run never calls SaveGame, so the staged copy on disk is byte-identical to the one staged before the launch.
[C47S] === c47-farm C47S === DONE. Quitting. ⛔ Nothing was saved: this run never calls SaveGame, so the staged copy on disk is byte-identical to the one staged before the launch.
						Lua 0:16:49:365


Stopping the game threads from the Lua side with exit code 0.

					Render 0:16:49:368


Stopping the game threads after receiving WM_QUIT.

					Render 0:16:49:734


*** Debug::Done()
Time (ms)	1009734


