					Render 0:00:00:006
*** executable info
Timestamp:     	6a22b86d
Date:          	Fri Jun  5 07:52:13 2026
Command line:  	
Compiler:      	194435214, 142 (VS 2019) or newer


*** hardware info
CPU name      	Intel(R) Core(TM) i7-14700K
CPU MHz       	3418
CPU cores     	20/28
Phys. Memory   	65278 MBytes
Memory In Use  	45%
					Render 0:00:00:007
Disk Free      	742326 MBytes


*** OS info
OS:            	Windows 11
Version:       	10.0.26100 


*** Debug::Init()


					Render 0:00:00:064
Steam initialized (AppId 3215050, Beta branch ???)
					Render 0:00:00:067
Drive type for game installation: SSD, savegames: SSD
Language: English
					Render 0:00:01:463
*** graphics info
GPU                            	NVIDIA GeForce RTX 4080 Feature Level: 12.1 {  DoublePrecisionFloatShaderOps: 1 OutputMergerLogicOp: 1 MinPrecisionSupport: 2 TiledResourcesTier: 4 ResourceBindingTier: 3 PSSpecifiedStencilRefSupported: 0 TypedUAVLoadAdditionalFormats: 1 ROVsSupported: 1 ConservativeRasterizationTier: 3 MaxGPUVirtualAddressBitsPerResource: 40 StandardSwizzle64KBSupported: 0 CrossNodeSharingTier: 0 CrossAdapterRowMajorTextureSupported: 0 VPAndRTArrayIndexFromAnyShaderFeedingRasterizerSupportedWithoutGSEmulation: 1 ResourceHeapTier: 2 NotZeroedPools: 1 UMA: 0 UnalignedBlockTextures: 1}
API                            	d3d12
GPU Driver Version             	32.0.16.1074
GPU Driver Package Version     	610.74
GPU Dedicated Video Memory     	16048 MB
					Render 0:00:01:599

Libs: Network, Sequences, MouseTrackWin, DumbAI, MapGen, Paradox, TriggersAndEvents, Notifications, Research, Resources 

					Render 0:00:01:805

Platform: desktop, editor, goldmaster, paradox, pc, steam

					Render 0:00:02:467
*** audio info
Audio Endpoint                 	Speakers (Razer Leviathan V2)
						Lua 0:00:02:498
Lua revision: 396349
Assets revision: 31031
Steam AppID: 3215050
Build version: 1.0.7.396349
Build branch:  Release
						Lua 0:00:17:497
Account storage loaded successfully in 2 ms
						Lua 0:00:17:499
[mod] Loaded mod def Community Fix Pack: Opt-In Modules (id SMR_CommunityOptInPack, v1.00-000) unpacked from appdata
[mod] Loaded mod def Community Fix Pack — Test Kit (id SMR_CommunityFixPackTestKit, v0.00-001) unpacked from appdata
[mod] Loaded mod def Community Fix Pack (id SMR_CommunityFixPack, v1.00-001) unpacked from appdata
						Lua 0:00:17:846
[mod] [SMRTest] console enable requested (flag-only, UI was not up) — press Enter (or Alt-Shift-C) once in a colony
[SMRTest] console enable requested (flag-only, UI was not up) — press Enter (or Alt-Shift-C) once in a colony
[mod] [SMRTest] no debug.getinfo (mod sandbox) — [install] probes will SKIP
[SMRTest] no debug.getinfo (mod sandbox) — [install] probes will SKIP
[mod] [SMRTest] test kit loaded — SMRTest.RunAll(), SMRTest.List(), SMRTest.<ProbeId>()
[SMRTest] test kit loaded — SMRTest.RunAll(), SMRTest.List(), SMRTest.<ProbeId>()
						Lua 0:00:17:851
[mod] [SMRTest][carry] fixture-carry dump available — run SMRTest.FixtureCarry()
						Lua 0:00:17:852
[mod] [C47S] [C47S] 98_C47Sampler loaded — self-driving in 1 tick.
[C47S] [C47S] 98_C47Sampler loaded — self-driving in 1 tick.
[mod] [CommunityFixPack] CaveInsNoDisasters: applied
[mod] [CommunityFixPack] MeteorFrequency: applied
[mod] [CommunityFixPack] UpgradeModifierLeak: applied
[mod] [CommunityFixPack] NightShiftWork: applied
[mod] [CommunityFixPack] MilestoneCrash: applied
[mod] [CommunityFixPack] WispRewards: applied
[mod] [CommunityFixPack] TouristApplicants: applied
						Lua 0:00:17:853
[mod] [CommunityFixPack] TrainsToVoid: applied
[mod] [CommunityFixPack] LanderEmptyLaunch: applied
[mod] [CommunityFixPack] LanderCargoRatchet: applied
[mod] [CommunityFixPack] LanderReturnFuel: applied
[mod] [CommunityFixPack] ShelterReflex: applied
[mod] [CommunityFixPack] BrokenTrackSalvage: applied
[mod] [CommunityFixPack] TrackSalvageWipe: applied
[mod] [CommunityFixPack] LakeEntombment: applied
						Lua 0:00:17:854
[mod] [CommunityFixPack] GhostFarmOxygen: applied
[mod] [CommunityFixPack] RocketDroneChurn: applied
[mod] [CommunityFixPack] ShuttleTransportCache: applied
[mod] [CommunityFixPack] VacuumWalks: applied
[mod] [CommunityFixPack] ArrivalDeaths: applied
[mod] [CommunityFixPack] DroneUnreachableForever: applied
[mod] [CommunityFixPack] StaleReservations: applied
[mod] [CommunityFixPack] CrystalMysteryHang: applied
[mod] [CommunityFixPack] TouristSatisfaction: applied
						Lua 0:00:17:855
[mod] [CommunityFixPack] TrainPlatformWedge: applied
[mod] [CommunityFixPack] LowStorageWarning: applied
[mod] [CommunityFixPack] CommandCenterNumbers: applied
[mod] [CommunityFixPack] DomeOverviewHighlight: applied
[mod] [CommunityFixPack] TrainCargoDumping: applied
[mod] [CommunityFixPack] UniversityOvertraining: applied
[mod] [CommunityFixPack] DestroyedTunnels: applied
[mod] [CommunityFixPack] DustSicknessBiorobots: applied
[mod] [CommunityFixPack] DustSicknessDamage: applied
[mod] [CommunityFixPack] GeneForging: applied
						Lua 0:00:17:856
[mod] [CommunityFixPack] MirrorSphereSite: applied
[mod] [CommunityFixPack] PayloadTemplateRefill: applied
[mod] [CommunityFixPack] AsteroidLanderAvailable: applied
[mod] [CommunityFixPack] ShuttleHubOffAvailable: applied
[mod] [CommunityFixPack] FreedHousingNotice: applied
[mod] [CommunityFixPack] DomeFreeSpaceMismatch: applied
[mod] [CommunityFixPack] SmallLandscapeSites: applied
[mod] [CommunityFixPack] LandscapeUnitFilter: applied
						Lua 0:00:17:857
[mod] [CommunityFixPack] RocketInteractGuard: applied
[mod] [CommunityFixPack] TrackConnectorPingPong: applied
[mod] [CommunityFixPack] TrackTunnelPowerBridge: applied
[mod] [CommunityFixPack] GridGlobalStorage: applied
[mod] [CommunityFixPack] LastTransmissionStorage: applied
[mod] [CommunityFixPack] GraphConsumedCaption: applied
[mod] [CommunityFixPack] MoraleComfortTooltip: applied
						Lua 0:00:17:858
[mod] [CommunityFixPack] TrainWaitTime: applied
[mod] [CommunityFixPack] FounderTraitNotification: applied
[mod] [CommunityFixPack] StorageRateModifiers: applied
[mod] [CommunityFixPack] SequenceLatents: applied
[mod] [CommunityFixPack] IndependenceTerraforming: applied
[mod] [CommunityFixPack] TrackSalvageRefund: applied
[mod] [CommunityFixPack] LayoutTechLock: applied
[mod] [CommunityFixPack] TrainMinors: applied
[mod] [CommunityFixPack] DroneTransportMinors: applied
[mod] [CommunityFixPack] AnomalyCaveInMap: applied
						Lua 0:00:17:859
[mod] [CommunityFixPack] TechDescriptionBuilding: applied
[mod] [CommunityFixPack] BombardmentSpread: applied
[mod] [CommunityFixPack] ExtenderFlapChurn: applied
[mod] [CommunityFixPack] DisasterPredictionLeak: applied
[mod] [CommunityFixPack] MeteorStormWedge: applied
[mod] [CommunityFixPack] RainsDeadlock: applied
[mod] [CommunityFixPack] FirstAsteroidPrefabs: applied
[mod] [CommunityFixPack] SaintBlessing: applied
						Lua 0:00:17:860
[mod] [CommunityFixPack] DustDevilsDescrMap: applied
[mod] [CommunityFixPack] AstrogeologistExtractors: applied
[mod] [CommunityFixPack] SinkholeIndestructible: applied
[mod] [CommunityFixPack] DustStormUndergroundBreaks: applied
[mod] [CommunityFixPack] DustDevilSpawnGate: applied
[mod] [CommunityFixPack] ExoticDepositSign: applied
[mod] [CommunityFixPack] AutomationLawCompensation: applied
						Lua 0:00:17:861
[mod] [CommunityFixPack] SaveSanitizer: applied
[mod] [CommunityOptInPack] ClassicRockets: applied
[mod] [CommunityOptInPack] AcknowledgedWarnings: applied
[mod] [CommunityOptInPack] ResidencyControl: applied
[mod] [CommunityOptInPack] MultipleSuns: applied
[mod] [CommunityOptInPack] DroneOverhaul: applied
						Lua 0:00:17:862
[mod] [CommunityOptInPack] CohortHousing: applied
[mod] [CommunityOptInPack] NoHomeless: self-check targets Community but Workforce declares HasFreeWorkplacesAround — authoring error, not a game update (FIX_POLICY §2)
[mod] [CommunityOptInPack] NoHomeless: inactive (Community.HasFreeWorkplacesAround not found — expected on the FIRST load pass and NOT a game update: this check names Community while Workforce declares the method (authoring error — see the preceding line), and mod code loads before the class hierarchy is built, so the module applies cleanly on the second pass. If no 'NoHomeless: applied' line follows this one, the method is genuinely gone — without it a flagged dome could never be staffed)
[mod] [CommunityOptInPack] DroneStatDials: applied
						Lua 0:00:18:393
[mod] [CommunityFixPack] SaintBlessing: inactive (no dome-colonists trait presets)
[mod] [CommunityFixPack] SinkholeIndestructible: the St. Elmo's Fire sinkhole is now indestructible, like every other mystery set-piece
						Lua 0:00:18:466
Reloading done in 958 ms
						Lua 0:00:18:794
[preset] Preset postprocess took 61 ms.
						Lua 0:00:18:853
479 / 479 particle streams loaded in 55 ms.
						Lua 0:00:18:854
[mod] [CommunityFixPack] LastTransmissionStorage: 6 storage condition(s) made effective, 1 retargeted
[mod] [CommunityFixPack] IndependenceTerraforming: Independence_TerraformingProjects now discounts special projects by 20% as its param1 says
[mod] [CommunityFixPack] AstrogeologistExtractors: added 2 missing extractor entr(y/ies) to the astrogeologist profile (10 already present)
[mod] [CommunityOptInPack] MultipleSuns: BuildingTemplates.ArtificialSun not found — build limit NOT lifted (binding fix still active)
						Lua 0:00:19:044
[mod] [CommunityFixPack] SaintBlessing: corrected 1 dome-colonists trait modifier label(s) of 2
[mod] [CommunityOptInPack] MultipleSuns: Artificial Sun build-once limit lifted
						Lua 0:00:19:098
[mod] [C47S] === c47-farm C47S === payload loaded. Mode REAL. Staged save: C47STAGE.savegame.sav
[C47S] === c47-farm C47S === payload loaded. Mode REAL. Staged save: C47STAGE.savegame.sav
						Lua 0:00:19:099
[mod] [C47S] ShowStartGamePopup neutered for this unattended run
[C47S] ShowStartGamePopup neutered for this unattended run
[PdxSDK] Started up. Took 1592
						Lua 0:00:19:123
[mod] Loaded mod items for: SMR_CommunityFixPackTestKit, SMR_CommunityFixPack, SMR_CommunityOptInPack
[mod] [CommunityOptInPack] NoHomeless: applied
						Lua 0:00:19:542
[Braze] SessionStart error The server name or address could not be resolved

[Braze] Failed sending launcher ev The server name or address could not be resolved

[Braze] Failed to init
						Lua 0:00:19:632
[Braze] SessionStart error The server name or address could not be resolved

[Braze] Failed sending launcher ev The server name or address could not be resolved

[Braze] Failed to init
						Lua 0:00:21:561
[mod] [C47S] CONDITIONS pack=75/75 active | map= | speed=1x | loads_this_process=0 | mode=REAL | note=main menu, before the load
[C47S] CONDITIONS pack=75/75 active | map= | speed=1x | loads_this_process=0 | mode=REAL | note=main menu, before the load
[mod] [C47S] CONDITIONS opt-in pack=8/8 active
[C47S] CONDITIONS opt-in pack=8/8 active
[mod] [C47S] CONDITIONS save-rescue mod = NOT PRESENT in this process
[C47S] CONDITIONS save-rescue mod = NOT PRESENT in this process
[mod] [C47S] GATE ⛔ BANNER PATH CONTAMINATED :: Opt_AcknowledgedWarnings is ACTIVE (detail=''). It wraps AddObjectToNotification and drops re-adds for acknowledged buildings, which is exactly the count this leg is taking. Every flap number below measures OUR module, not the game. The census and the buffer curve are unaffected.
[C47S] GATE ⛔ BANNER PATH CONTAMINATED :: Opt_AcknowledgedWarnings is ACTIVE (detail=''). It wraps AddObjectToNotification and drops re-adds for acknowledged buildings, which is exactly the count this leg is taking. Every flap number below measures OUR module, not the game. The census and the buffer curve are unaffected.
						Lua 0:00:21:665
Load Game: 
	lua_revision: 396349 						Lua 0:00:21:666

	assets_revision: 31031 

	mods: SMR_CommunityFixPackTestKit, SMR_CommunityFixPack, SMR_CommunityOptInPack 
						Lua 0:00:21:669
*** Reloading assets from folder 'BinAssets/'
							IO Task 0:00:21:698
[ResManager Error] Cannot find file with base path: Animations/LawOfficeDoor_idle.hgacl
[ResManager Error] Cannot find file with base path: Animations/LawOfficeDoor_opening.hgacl
						Lua 0:00:24:481
*** Assets reloaded in 2.8 s, read 202.1 MB, read speed 71.9 MB/s, average read 4948 bytes.
						Lua 0:00:30:581
[mod] [SMRTest] console enable requested (clean) — press Enter (or Alt-Shift-C) once in a colony
[SMRTest] console enable requested (clean) — press Enter (or Alt-Shift-C) once in a colony
						Lua 0:00:30:590
[mod] [CommunityFixPack] ExoticDepositSign: 1 Exotic Minerals deposit(s) re-signed onto the clean entity
						Lua 0:00:30:613
game_settings:
    sponsor: NASA
    profile: rocketscientist
    founding_faction: ProsperityForMars
    rival_colonies: paradox, Japan
    mystery_random: 
    game_rules: (none)
more_game_settings: save_game_id: HdmSxGs6kyd0uz6-, mystery: none, coordinates: 0N107E, landing_spot: , logo: USA
map_conditions: altitude: -583, temperature: -1, cold_wave: 0, dust_devils: 66, dust_storm: 102, meteors: 109
map_resources: concrete: 146, metals: 146, precious_metals: 146, water: 176
						Lua 0:00:30:632
Game Loaded in 8967 ms
						Lua 0:00:30:681
[mod] [SMRTest] console enable requested (clean) — press Enter (or Alt-Shift-C) once in a colony
[SMRTest] console enable requested (clean) — press Enter (or Alt-Shift-C) once in a colony
						Lua 0:00:31:605
Game loaded on map BlankBigCanyonCMix_09 in 10044 ms
[mod] [C47S] LOAD OK #1 file=C47STAGE.savegame.sav — LoadGame returned no error
[C47S] LOAD OK #1 file=C47STAGE.savegame.sav — LoadGame returned no error
						Lua 0:00:33:906
[mod] [SMRTest] console enable requested (clean) — press Enter (or Alt-Shift-C) once in a colony
[SMRTest] console enable requested (clean) — press Enter (or Alt-Shift-C) once in a colony
						Lua 0:00:46:604
[mod] [C47S] TRY UIColony:SetGameSpeed(5) ok=true result=5
[C47S] TRY UIColony:SetGameSpeed(5) ok=true result=5
						Lua 0:00:47:603
[mod] [C47S] READ speed after load: before=1x after=5x | wanted=5x | RUNNING=true — the whole sampling window below is VOID if this is not the wanted speed (a loaded save arrives PAUSED: corun-pt15 rule C4)
[C47S] READ speed after load: before=1x after=5x | wanted=5x | RUNNING=true — the whole sampling window below is VOID if this is not the wanted speed (a loaded save arrives PAUSED: corun-pt15 rule C4)
[mod] [C47S] TRY load C47STAGE.savegame.sav (yielding) ok=true result=true
[C47S] TRY load C47STAGE.savegame.sav (yielding) ok=true result=true
[mod] [C47S] CONDITIONS pack=75/75 active | map=BlankBigCanyonCMix_09 | speed=5x | loads_this_process=1 | mode=REAL | note=after the load, in the colony
[C47S] CONDITIONS pack=75/75 active | map=BlankBigCanyonCMix_09 | speed=5x | loads_this_process=1 | mode=REAL | note=after the load, in the colony
[mod] [C47S] CONDITIONS opt-in pack=8/8 active
[C47S] CONDITIONS opt-in pack=8/8 active
[mod] [C47S] CONDITIONS save-rescue mod = NOT PRESENT in this process
[C47S] CONDITIONS save-rescue mod = NOT PRESENT in this process
[mod] [C47S] GATE ⛔ BANNER PATH CONTAMINATED :: Opt_AcknowledgedWarnings is ACTIVE (detail=''). It wraps AddObjectToNotification and drops re-adds for acknowledged buildings, which is exactly the count this leg is taking. Every flap number below measures OUR module, not the game. The census and the buffer curve are unaffected.
[C47S] GATE ⛔ BANNER PATH CONTAMINATED :: Opt_AcknowledgedWarnings is ACTIVE (detail=''). It wraps AddObjectToNotification and drops re-adds for acknowledged buildings, which is exactly the count this leg is taking. Every flap number below measures OUR module, not the game. The census and the buffer curve are unaffected.
[mod] [C47S] ORGANIC :: census of every Seeds consumer on the map :: reads only; nothing is placed, enacted, cheated or set
[C47S] ORGANIC :: census of every Seeds consumer on the map :: reads only; nothing is placed, enacted, cheated or set
[mod] [C47S] CLOCK census :: GameTime()=275840987 (383.11 sols since game start) | UIColony.day=384 hour=8 | speed=5x | RealTime()=34466
[C47S] CLOCK census :: GameTime()=275840987 (383.11 sols since game start) | UIColony.day=384 hour=8 | speed=5x | RealTime()=34466
[mod] [C47S] CENSUS preset NotWorkingBuildings :: VoicePerObject=true | VoiceCooldown=60000 ms | VoiceUnique=text (class default is 'text', NotificationPreset.lua:34) | SuppressTime=120000 | Suppressable=true | UpdatePeriod=40000 | VoicedText present=true
[C47S] CENSUS preset NotWorkingBuildings :: VoicePerObject=true | VoiceCooldown=60000 ms | VoiceUnique=text (class default is 'text', NotificationPreset.lua:34) | SuppressTime=120000 | Suppressable=true | UpdatePeriod=40000 | VoicedText present=true
[mod] [C47S] CENSUS voice gate :: const.Voice.NoVoiceBefore=15000 ms of map game time (QueueVoice returns early below it, Voice.lua:345-346)
[C47S] CENSUS voice gate :: const.Voice.NoVoiceBefore=15000 ms of map game time (QueueVoice returns early below it, Voice.lua:345-346)
[mod] [C47S] CENSUS enumerate OpenFarmBase :: city-labels=2 | CurrentMap:MapGet ok=true count=2 — two independent walks; a disagreement is a finding, not a rounding
[C47S] CENSUS enumerate OpenFarmBase :: city-labels=2 | CurrentMap:MapGet ok=true count=2 — two independent walks; a disagreement is a finding, not a rounding
[mod] [C47S] CENSUS SUBJECT [1] OpenFarm#15779 :: crops=Potato(600)/Rapeseed(100)/Wheat(400) (sum over the 3 slots=1100, 3 selected ⇒ mean per hex=366) | consumption_amount=400 | consumption_max_storage=5000 (ok=true) | consumption_stored_resources=3665 | building_update_time=9000 ms = 3 tenths of a game hour (ok=true) | working=true | GetNotWorkingReason=nil (ok=true) | acknowledged-flag SMRFixPack_ack_notworking=nil | parent_dome=nil
[C47S] CENSUS SUBJECT [1] OpenFarm#15779 :: crops=Potato(600)/Rapeseed(100)/Wheat(400) (sum over the 3 slots=1100, 3 selected ⇒ mean per hex=366) | consumption_amount=400 | consumption_max_storage=5000 (ok=true) | consumption_stored_resources=3665 | building_update_time=9000 ms = 3 tenths of a game hour (ok=true) | working=true | GetNotWorkingReason=nil (ok=true) | acknowledged-flag SMRFixPack_ack_notworking=nil | parent_dome=nil
[mod] [C47S] CENSUS SUBJECT [2] OpenFarm#15974 :: crops=Rapeseed(100)/Spinach(200)/Wheat(400) (sum over the 3 slots=700, 3 selected ⇒ mean per hex=233) | consumption_amount=400 | consumption_max_storage=5000 (ok=true) | consumption_stored_resources=3300 | building_update_time=9000 ms = 3 tenths of a game hour (ok=true) | working=true | GetNotWorkingReason=nil (ok=true) | acknowledged-flag SMRFixPack_ack_notworking=nil | parent_dome=nil
[C47S] CENSUS SUBJECT [2] OpenFarm#15974 :: crops=Rapeseed(100)/Spinach(200)/Wheat(400) (sum over the 3 slots=700, 3 selected ⇒ mean per hex=233) | consumption_amount=400 | consumption_max_storage=5000 (ok=true) | consumption_stored_resources=3300 | building_update_time=9000 ms = 3 tenths of a game hour (ok=true) | working=true | GetNotWorkingReason=nil (ok=true) | acknowledged-flag SMRFixPack_ack_notworking=nil | parent_dome=nil
[mod] [C47S] READ C47-population(OpenFarmBase, the SUBJECT) = 2 | population=2 | APPLICABLE=true | witness=city labels (Building.lua:417-418) plus CurrentMap:MapGet, deduped by handle, walked this load
[C47S] READ C47-population(OpenFarmBase, the SUBJECT) = 2 | population=2 | APPLICABLE=true | witness=city labels (Building.lua:417-418) plus CurrentMap:MapGet, deduped by handle, walked this load
						Lua 0:00:47:604
[mod] [C47S] CENSUS enumerate ForestationPlantBase :: city-labels=36 | CurrentMap:MapGet ok=true count=36 — two independent walks; a disagreement is a finding, not a rounding
[C47S] CENSUS enumerate ForestationPlantBase :: city-labels=36 | CurrentMap:MapGet ok=true count=36 — two independent walks; a disagreement is a finding, not a rounding
[mod] [C47S] CENSUS CONTROL [1] ForestationPlant#2793 :: crops=Lichen(100)/Grass(100)/Bush(150) (sum over the 3 slots=350, 3 selected ⇒ mean per hex=116) | consumption_amount=100 | consumption_max_storage=10000 (ok=true) | consumption_stored_resources=8933 | building_update_time=60000 ms = 20 tenths of a game hour (ok=true) | working=true | GetNotWorkingReason=nil (ok=true) | acknowledged-flag SMRFixPack_ack_notworking=nil | parent_dome=nil
[C47S] CENSUS CONTROL [1] ForestationPlant#2793 :: crops=Lichen(100)/Grass(100)/Bush(150) (sum over the 3 slots=350, 3 selected ⇒ mean per hex=116) | consumption_amount=100 | consumption_max_storage=10000 (ok=true) | consumption_stored_resources=8933 | building_update_time=60000 ms = 20 tenths of a game hour (ok=true) | working=true | GetNotWorkingReason=nil (ok=true) | acknowledged-flag SMRFixPack_ack_notworking=nil | parent_dome=nil
[mod] [C47S] CENSUS CONTROL [2] ForestationPlant#3790 :: crops=Lichen(100)/Grass(100)/Bush(150) (sum over the 3 slots=350, 3 selected ⇒ mean per hex=116) | consumption_amount=100 | consumption_max_storage=10000 (ok=true) | consumption_stored_resources=8953 | building_update_time=60000 ms = 20 tenths of a game hour (ok=true) | working=true | GetNotWorkingReason=nil (ok=true) | acknowledged-flag SMRFixPack_ack_notworking=nil | parent_dome=nil
[C47S] CENSUS CONTROL [2] ForestationPlant#3790 :: crops=Lichen(100)/Grass(100)/Bush(150) (sum over the 3 slots=350, 3 selected ⇒ mean per hex=116) | consumption_amount=100 | consumption_max_storage=10000 (ok=true) | consumption_stored_resources=8953 | building_update_time=60000 ms = 20 tenths of a game hour (ok=true) | working=true | GetNotWorkingReason=nil (ok=true) | acknowledged-flag SMRFixPack_ack_notworking=nil | parent_dome=nil
[mod] [C47S] CENSUS CONTROL [3] ForestationPlant#4089 :: crops=Lichen(100)/Grass(100)/Bush(150) (sum over the 3 slots=350, 3 selected ⇒ mean per hex=116) | consumption_amount=150 | consumption_max_storage=10000 (ok=true) | consumption_stored_resources=9136 | building_update_time=60000 ms = 20 tenths of a game hour (ok=true) | working=true | GetNotWorkingReason=nil (ok=true) | acknowledged-flag SMRFixPack_ack_notworking=nil | parent_dome=nil
[C47S] CENSUS CONTROL [3] ForestationPlant#4089 :: crops=Lichen(100)/Grass(100)/Bush(150) (sum over the 3 slots=350, 3 selected ⇒ mean per hex=116) | consumption_amount=150 | consumption_max_storage=10000 (ok=true) | consumption_stored_resources=9136 | building_update_time=60000 ms = 20 tenths of a game hour (ok=true) | working=true | GetNotWorkingReason=nil (ok=true) | acknowledged-flag SMRFixPack_ack_notworking=nil | parent_dome=nil
[mod] [C47S] CENSUS CONTROL [4] ForestationPlant#6324 :: crops=Grass(100)/Bush(150)/Broadleaf(500) (sum over the 3 slots=750, 3 selected ⇒ mean per hex=250) | consumption_amount=100 | consumption_max_storage=10000 (ok=true) | consumption_stored_resources=9160 | building_update_time=60000 ms = 20 tenths of a game hour (ok=true) | working=true | GetNotWorkingReason=nil (ok=true) | acknowledged-flag SMRFixPack_ack_notworking=nil | parent_dome=nil
[C47S] CENSUS CONTROL [4] ForestationPlant#6324 :: crops=Grass(100)/Bush(150)/Broadleaf(500) (sum over the 3 slots=750, 3 selected ⇒ mean per hex=250) | consumption_amount=100 | consumption_max_storage=10000 (ok=true) | consumption_stored_resources=9160 | building_update_time=60000 ms = 20 tenths of a game hour (ok=true) | working=true | GetNotWorkingReason=nil (ok=true) | acknowledged-flag SMRFixPack_ack_notworking=nil | parent_dome=nil
[mod] [C47S] CENSUS CONTROL [5] ForestationPlant#6325 :: crops=Grass(100)/Bush(150)/Broadleaf(500) (sum over the 3 slots=750, 3 selected ⇒ mean per hex=250) | consumption_amount=500 | consumption_max_storage=10000 (ok=true) | consumption_stored_resources=9500 | building_update_time=60000 ms = 20 tenths of a game hour (ok=true) | working=true | GetNotWorkingReason=nil (ok=true) | acknowledged-flag SMRFixPack_ack_notworking=nil | parent_dome=nil
[C47S] CENSUS CONTROL [5] ForestationPlant#6325 :: crops=Grass(100)/Bush(150)/Broadleaf(500) (sum over the 3 slots=750, 3 selected ⇒ mean per hex=250) | consumption_amount=500 | consumption_max_storage=10000 (ok=true) | consumption_stored_resources=9500 | building_update_time=60000 ms = 20 tenths of a game hour (ok=true) | working=true | GetNotWorkingReason=nil (ok=true) | acknowledged-flag SMRFixPack_ack_notworking=nil | parent_dome=nil
[mod] [C47S] CENSUS CONTROL [6] ForestationPlant#6620 :: crops=Lichen(100)/Grass(100)/Bush(150) (sum over the 3 slots=350, 3 selected ⇒ mean per hex=116) | consumption_amount=100 | consumption_max_storage=10000 (ok=true) | consumption_stored_resources=9115 | building_update_time=60000 ms = 20 tenths of a game hour (ok=true) | working=true | GetNotWorkingReason=nil (ok=true) | acknowledged-flag SMRFixPack_ack_notworking=nil | parent_dome=nil
[C47S] CENSUS CONTROL [6] ForestationPlant#6620 :: crops=Lichen(100)/Grass(100)/Bush(150) (sum over the 3 slots=350, 3 selected ⇒ mean per hex=116) | consumption_amount=100 | consumption_max_storage=10000 (ok=true) | consumption_stored_resources=9115 | building_update_time=60000 ms = 20 tenths of a game hour (ok=true) | working=true | GetNotWorkingReason=nil (ok=true) | acknowledged-flag SMRFixPack_ack_notworking=nil | parent_dome=nil
[mod] [C47S] CENSUS CONTROL [7] ForestationPlant#6622 :: crops=Lichen(100)/Grass(100)/Bush(150) (sum over the 3 slots=350, 3 selected ⇒ mean per hex=116) | consumption_amount=100 | consumption_max_storage=10000 (ok=true) | consumption_stored_resources=9202 | building_update_time=60000 ms = 20 tenths of a game hour (ok=true) | working=true | GetNotWorkingReason=nil (ok=true) | acknowledged-flag SMRFixPack_ack_notworking=nil | parent_dome=nil
[C47S] CENSUS CONTROL [7] ForestationPlant#6622 :: crops=Lichen(100)/Grass(100)/Bush(150) (sum over the 3 slots=350, 3 selected ⇒ mean per hex=116) | consumption_amount=100 | consumption_max_storage=10000 (ok=true) | consumption_stored_resources=9202 | building_update_time=60000 ms = 20 tenths of a game hour (ok=true) | working=true | GetNotWorkingReason=nil (ok=true) | acknowledged-flag SMRFixPack_ack_notworking=nil | parent_dome=nil
[mod] [C47S] CENSUS CONTROL [8] ForestationPlant#6836 :: crops=Lichen(100)/Grass(100)/Bush(150) (sum over the 3 slots=350, 3 selected ⇒ mean per hex=116) | consumption_amount=150 | consumption_max_storage=10000 (ok=true) | consumption_stored_resources=9145 | building_update_time=60000 ms = 20 tenths of a game hour (ok=true) | working=true | GetNotWorkingReason=nil (ok=true) | acknowledged-flag SMRFixPack_ack_notworking=nil | parent_dome=nil
[C47S] CENSUS CONTROL [8] ForestationPlant#6836 :: crops=Lichen(100)/Grass(100)/Bush(150) (sum over the 3 slots=350, 3 selected ⇒ mean per hex=116) | consumption_amount=150 | consumption_max_storage=10000 (ok=true) | consumption_stored_resources=9145 | building_update_time=60000 ms = 20 tenths of a game hour (ok=true) | working=true | GetNotWorkingReason=nil (ok=true) | acknowledged-flag SMRFixPack_ack_notworking=nil | parent_dome=nil
[mod] [C47S] CENSUS CONTROL [9] ForestationPlant#6958 :: crops=Lichen(100)/Grass(100)/Bush(150) (sum over the 3 slots=350, 3 selected ⇒ mean per hex=116) | consumption_amount=100 | consumption_max_storage=10000 (ok=true) | consumption_stored_resources=9113 | building_update_time=60000 ms = 20 tenths of a game hour (ok=true) | working=true | GetNotWorkingReason=nil (ok=true) | acknowledged-flag SMRFixPack_ack_notworking=nil | parent_dome=nil
[C47S] CENSUS CONTROL [9] ForestationPlant#6958 :: crops=Lichen(100)/Grass(100)/Bush(150) (sum over the 3 slots=350, 3 selected ⇒ mean per hex=116) | consumption_amount=100 | consumption_max_storage=10000 (ok=true) | consumption_stored_resources=9113 | building_update_time=60000 ms = 20 tenths of a game hour (ok=true) | working=true | GetNotWorkingReason=nil (ok=true) | acknowledged-flag SMRFixPack_ack_notworking=nil | parent_dome=nil
[mod] [C47S] CENSUS CONTROL [10] ForestationPlant#7004 :: crops=Lichen(100)/Grass(100)/Bush(150) (sum over the 3 slots=350, 3 selected ⇒ mean per hex=116) | consumption_amount=100 | consumption_max_storage=10000 (ok=true) | consumption_stored_resources=9145 | building_update_time=60000 ms = 20 tenths of a game hour (ok=true) | working=true | GetNotWorkingReason=nil (ok=true) | acknowledged-flag SMRFixPack_ack_notworking=nil | parent_dome=nil
[C47S] CENSUS CONTROL [10] ForestationPlant#7004 :: crops=Lichen(100)/Grass(100)/Bush(150) (sum over the 3 slots=350, 3 selected ⇒ mean per hex=116) | consumption_amount=100 | consumption_max_storage=10000 (ok=true) | consumption_stored_resources=9145 | building_update_time=60000 ms = 20 tenths of a game hour (ok=true) | working=true | GetNotWorkingReason=nil (ok=true) | acknowledged-flag SMRFixPack_ack_notworking=nil | parent_dome=nil
[mod] [C47S] CENSUS CONTROL [11] ForestationPlant#7016 :: crops=Grass(100)/Bush(150)/Broadleaf(500) (sum over the 3 slots=750, 3 selected ⇒ mean per hex=250) | consumption_amount=150 | consumption_max_storage=10000 (ok=true) | consumption_stored_resources=9550 | building_update_time=60000 ms = 20 tenths of a game hour (ok=true) | working=true | GetNotWorkingReason=nil (ok=true) | acknowledged-flag SMRFixPack_ack_notworking=nil | parent_dome=nil
[C47S] CENSUS CONTROL [11] ForestationPlant#7016 :: crops=Grass(100)/Bush(150)/Broadleaf(500) (sum over the 3 slots=750, 3 selected ⇒ mean per hex=250) | consumption_amount=150 | consumption_max_storage=10000 (ok=true) | consumption_stored_resources=9550 | building_update_time=60000 ms = 20 tenths of a game hour (ok=true) | working=true | GetNotWorkingReason=nil (ok=true) | acknowledged-flag SMRFixPack_ack_notworking=nil | parent_dome=nil
[mod] [C47S] CENSUS CONTROL [12] ForestationPlant#14623 :: crops=Grass(100)/Bush(150)/Broadleaf(500) (sum over the 3 slots=750, 3 selected ⇒ mean per hex=250) | consumption_amount=500 | consumption_max_storage=10000 (ok=true) | consumption_stored_resources=9122 | building_update_time=60000 ms = 20 tenths of a game hour (ok=true) | working=true | GetNotWorkingReason=nil (ok=true) | acknowledged-flag SMRFixPack_ack_notworking=nil | parent_dome=nil
[C47S] CENSUS CONTROL [12] ForestationPlant#14623 :: crops=Grass(100)/Bush(150)/Broadleaf(500) (sum over the 3 slots=750, 3 selected ⇒ mean per hex=250) | consumption_amount=500 | consumption_max_storage=10000 (ok=true) | consumption_stored_resources=9122 | building_update_time=60000 ms = 20 tenths of a game hour (ok=true) | working=true | GetNotWorkingReason=nil (ok=true) | acknowledged-flag SMRFixPack_ack_notworking=nil | parent_dome=nil
[mod] [C47S] CENSUS CONTROL [13] ForestationPlant#14625 :: crops=Grass(100)/Bush(150)/Broadleaf(500) (sum over the 3 slots=750, 3 selected ⇒ mean per hex=250) | consumption_amount=500 | consumption_max_storage=10000 (ok=true) | consumption_stored_resources=9043 | building_update_time=60000 ms = 20 tenths of a game hour (ok=true) | working=true | GetNotWorkingReason=nil (ok=true) | acknowledged-flag SMRFixPack_ack_notworking=nil | parent_dome=nil
[C47S] CENSUS CONTROL [13] ForestationPlant#14625 :: crops=Grass(100)/Bush(150)/Broadleaf(500) (sum over the 3 slots=750, 3 selected ⇒ mean per hex=250) | consumption_amount=500 | consumption_max_storage=10000 (ok=true) | consumption_stored_resources=9043 | building_update_time=60000 ms = 20 tenths of a game hour (ok=true) | working=true | GetNotWorkingReason=nil (ok=true) | acknowledged-flag SMRFixPack_ack_notworking=nil | parent_dome=nil
[mod] [C47S] CENSUS CONTROL [14] ForestationPlant#14627 :: crops=Grass(100)/Bush(150)/Broadleaf(500) (sum over the 3 slots=750, 3 selected ⇒ mean per hex=250) | consumption_amount=500 | consumption_max_storage=10000 (ok=true) | consumption_stored_resources=8510 | building_update_time=60000 ms = 20 tenths of a game hour (ok=true) | working=true | GetNotWorkingReason=nil (ok=true) | acknowledged-flag SMRFixPack_ack_notworking=nil | parent_dome=nil
[C47S] CENSUS CONTROL [14] ForestationPlant#14627 :: crops=Grass(100)/Bush(150)/Broadleaf(500) (sum over the 3 slots=750, 3 selected ⇒ mean per hex=250) | consumption_amount=500 | consumption_max_storage=10000 (ok=true) | consumption_stored_resources=8510 | building_update_time=60000 ms = 20 tenths of a game hour (ok=true) | working=true | GetNotWorkingReason=nil (ok=true) | acknowledged-flag SMRFixPack_ack_notworking=nil | parent_dome=nil
[mod] [C47S] CENSUS CONTROL [15] ForestationPlant#14628 :: crops=Grass(100)/Bush(150)/Broadleaf(500) (sum over the 3 slots=750, 3 selected ⇒ mean per hex=250) | consumption_amount=500 | consumption_max_storage=10000 (ok=true) | consumption_stored_resources=9256 | building_update_time=60000 ms = 20 tenths of a game hour (ok=true) | working=true | GetNotWorkingReason=nil (ok=true) | acknowledged-flag SMRFixPack_ack_notworking=nil | parent_dome=nil
[C47S] CENSUS CONTROL [15] ForestationPlant#14628 :: crops=Grass(100)/Bush(150)/Broadleaf(500) (sum over the 3 slots=750, 3 selected ⇒ mean per hex=250) | consumption_amount=500 | consumption_max_storage=10000 (ok=true) | consumption_stored_resources=9256 | building_update_time=60000 ms = 20 tenths of a game hour (ok=true) | working=true | GetNotWorkingReason=nil (ok=true) | acknowledged-flag SMRFixPack_ack_notworking=nil | parent_dome=nil
[mod] [C47S] CENSUS CONTROL [16] ForestationPlant#14629 :: crops=Grass(100)/Bush(150)/Broadleaf(500) (sum over the 3 slots=750, 3 selected ⇒ mean per hex=250) | consumption_amount=500 | consumption_max_storage=10000 (ok=true) | consumption_stored_resources=8677 | building_update_time=60000 ms = 20 tenths of a game hour (ok=true) | working=true | GetNotWorkingReason=nil (ok=true) | acknowledged-flag SMRFixPack_ack_notworking=nil | parent_dome=nil
[C47S] CENSUS CONTROL [16] ForestationPlant#14629 :: crops=Grass(100)/Bush(150)/Broadleaf(500) (sum over the 3 slots=750, 3 selected ⇒ mean per hex=250) | consumption_amount=500 | consumption_max_storage=10000 (ok=true) | consumption_stored_resources=8677 | building_update_time=60000 ms = 20 tenths of a game hour (ok=true) | working=true | GetNotWorkingReason=nil (ok=true) | acknowledged-flag SMRFixPack_ack_notworking=nil | parent_dome=nil
[mod] [C47S] CENSUS CONTROL [17] ForestationPlant#15043 :: crops=Grass(100)/Bush(150)/Broadleaf(500) (sum over the 3 slots=750, 3 selected ⇒ mean per hex=250) | consumption_amount=500 | consumption_max_storage=10000 (ok=true) | consumption_stored_resources=8677 | building_update_time=60000 ms = 20 tenths of a game hour (ok=true) | working=true | GetNotWorkingReason=nil (ok=true) | acknowledged-flag SMRFixPack_ack_notworking=nil | parent_dome=nil
[C47S] CENSUS CONTROL [17] ForestationPlant#15043 :: crops=Grass(100)/Bush(150)/Broadleaf(500) (sum over the 3 slots=750, 3 selected ⇒ mean per hex=250) | consumption_amount=500 | consumption_max_storage=10000 (ok=true) | consumption_stored_resources=8677 | building_update_time=60000 ms = 20 tenths of a game hour (ok=true) | working=true | GetNotWorkingReason=nil (ok=true) | acknowledged-flag SMRFixPack_ack_notworking=nil | parent_dome=nil
[mod] [C47S] CENSUS CONTROL [18] ForestationPlant#15047 :: crops=Grass(100)/Bush(150)/Broadleaf(500) (sum over the 3 slots=750, 3 selected ⇒ mean per hex=250) | consumption_amount=500 | consumption_max_storage=10000 (ok=true) | consumption_stored_resources=9175 | building_update_time=60000 ms = 20 tenths of a game hour (ok=true) | working=true | GetNotWorkingReason=nil (ok=true) | acknowledged-flag SMRFixPack_ack_notworking=nil | parent_dome=nil
[C47S] CENSUS CONTROL [18] ForestationPlant#15047 :: crops=Grass(100)/Bush(150)/Broadleaf(500) (sum over the 3 slots=750, 3 selected ⇒ mean per hex=250) | consumption_amount=500 | consumption_max_storage=10000 (ok=true) | consumption_stored_resources=9175 | building_update_time=60000 ms = 20 tenths of a game hour (ok=true) | working=true | GetNotWorkingReason=nil (ok=true) | acknowledged-flag SMRFixPack_ack_notworking=nil | parent_dome=nil
[mod] [C47S] CENSUS CONTROL [19] ForestationPlant#15050 :: crops=Grass(100)/Bush(150)/Broadleaf(500) (sum over the 3 slots=750, 3 selected ⇒ mean per hex=250) | consumption_amount=150 | consumption_max_storage=10000 (ok=true) | consumption_stored_resources=8970 | building_update_time=60000 ms = 20 tenths of a game hour (ok=true) | working=true | GetNotWorkingReason=nil (ok=true) | acknowledged-flag SMRFixPack_ack_notworking=nil | parent_dome=nil
[C47S] CENSUS CONTROL [19] ForestationPlant#15050 :: crops=Grass(100)/Bush(150)/Broadleaf(500) (sum over the 3 slots=750, 3 selected ⇒ mean per hex=250) | consumption_amount=150 | consumption_max_storage=10000 (ok=true) | consumption_stored_resources=8970 | building_update_time=60000 ms = 20 tenths of a game hour (ok=true) | working=true | GetNotWorkingReason=nil (ok=true) | acknowledged-flag SMRFixPack_ack_notworking=nil | parent_dome=nil
[mod] [C47S] CENSUS CONTROL [20] ForestationPlant#15052 :: crops=Grass(100)/Bush(150)/Broadleaf(500) (sum over the 3 slots=750, 3 selected ⇒ mean per hex=250) | consumption_amount=500 | consumption_max_storage=10000 (ok=true) | consumption_stored_resources=8636 | building_update_time=60000 ms = 20 tenths of a game hour (ok=true) | working=true | GetNotWorkingReason=nil (ok=true) | acknowledged-flag SMRFixPack_ack_notworking=nil | parent_dome=nil
[C47S] CENSUS CONTROL [20] ForestationPlant#15052 :: crops=Grass(100)/Bush(150)/Broadleaf(500) (sum over the 3 slots=750, 3 selected ⇒ mean per hex=250) | consumption_amount=500 | consumption_max_storage=10000 (ok=true) | consumption_stored_resources=8636 | building_update_time=60000 ms = 20 tenths of a game hour (ok=true) | working=true | GetNotWorkingReason=nil (ok=true) | acknowledged-flag SMRFixPack_ack_notworking=nil | parent_dome=nil
[mod] [C47S] CENSUS CONTROL [21] ForestationPlant#15098 :: crops=Grass(100)/Bush(150)/Broadleaf(500) (sum over the 3 slots=750, 3 selected ⇒ mean per hex=250) | consumption_amount=500 | consumption_max_storage=10000 (ok=true) | consumption_stored_resources=9162 | building_update_time=60000 ms = 20 tenths of a game hour (ok=true) | working=true | GetNotWorkingReason=nil (ok=true) | acknowledged-flag SMRFixPack_ack_notworking=nil | parent_dome=nil
[C47S] CENSUS CONTROL [21] ForestationPlant#15098 :: crops=Grass(100)/Bush(150)/Broadleaf(500) (sum over the 3 slots=750, 3 selected ⇒ mean per hex=250) | consumption_amount=500 | consumption_max_storage=10000 (ok=true) | consumption_stored_resources=9162 | building_update_time=60000 ms = 20 tenths of a game hour (ok=true) | working=true | GetNotWorkingReason=nil (ok=true) | acknowledged-flag SMRFixPack_ack_notworking=nil | parent_dome=nil
[mod] [C47S] CENSUS CONTROL [22] ForestationPlant#15099 :: crops=Grass(100)/Bush(150)/Broadleaf(500) (sum over the 3 slots=750, 3 selected ⇒ mean per hex=250) | consumption_amount=500 | consumption_max_storage=10000 (ok=true) | consumption_stored_resources=9139 | building_update_time=60000 ms = 20 tenths of a game hour (ok=true) | working=true | GetNotWorkingReason=nil (ok=true) | acknowledged-flag SMRFixPack_ack_notworking=nil | parent_dome=nil
[C47S] CENSUS CONTROL [22] ForestationPlant#15099 :: crops=Grass(100)/Bush(150)/Broadleaf(500) (sum over the 3 slots=750, 3 selected ⇒ mean per hex=250) | consumption_amount=500 | consumption_max_storage=10000 (ok=true) | consumption_stored_resources=9139 | building_update_time=60000 ms = 20 tenths of a game hour (ok=true) | working=true | GetNotWorkingReason=nil (ok=true) | acknowledged-flag SMRFixPack_ack_notworking=nil | parent_dome=nil
[mod] [C47S] CENSUS CONTROL [23] ForestationPlant#15547 :: crops=Grass(100)/Bush(150)/Broadleaf(500) (sum over the 3 slots=750, 3 selected ⇒ mean per hex=250) | consumption_amount=150 | consumption_max_storage=10000 (ok=true) | consumption_stored_resources=9086 | building_update_time=60000 ms = 20 tenths of a game hour (ok=true) | working=true | GetNotWorkingReason=nil (ok=true) | acknowledged-flag SMRFixPack_ack_notworking=nil | parent_dome=nil
[C47S] CENSUS CONTROL [23] ForestationPlant#15547 :: crops=Grass(100)/Bush(150)/Broadleaf(500) (sum over the 3 slots=750, 3 selected ⇒ mean per hex=250) | consumption_amount=150 | consumption_max_storage=10000 (ok=true) | consumption_stored_resources=9086 | building_update_time=60000 ms = 20 tenths of a game hour (ok=true) | working=true | GetNotWorkingReason=nil (ok=true) | acknowledged-flag SMRFixPack_ack_notworking=nil | parent_dome=nil
[mod] [C47S] CENSUS CONTROL [24] ForestationPlant#15549 :: crops=Grass(100)/Bush(150)/Broadleaf(500) (sum over the 3 slots=750, 3 selected ⇒ mean per hex=250) | consumption_amount=150 | consumption_max_storage=10000 (ok=true) | consumption_stored_resources=9259 | building_update_time=60000 ms = 20 tenths of a game hour (ok=true) | working=true | GetNotWorkingReason=nil (ok=true) | acknowledged-flag SMRFixPack_ack_notworking=nil | parent_dome=nil
[C47S] CENSUS CONTROL [24] ForestationPlant#15549 :: crops=Grass(100)/Bush(150)/Broadleaf(500) (sum over the 3 slots=750, 3 selected ⇒ mean per hex=250) | consumption_amount=150 | consumption_max_storage=10000 (ok=true) | consumption_stored_resources=9259 | building_update_time=60000 ms = 20 tenths of a game hour (ok=true) | working=true | GetNotWorkingReason=nil (ok=true) | acknowledged-flag SMRFixPack_ack_notworking=nil | parent_dome=nil
[mod] [C47S] CENSUS CONTROL [25] ForestationPlant#15554 :: crops=Grass(100)/Bush(150)/Broadleaf(500) (sum over the 3 slots=750, 3 selected ⇒ mean per hex=250) | consumption_amount=500 | consumption_max_storage=10000 (ok=true) | consumption_stored_resources=9203 | building_update_time=60000 ms = 20 tenths of a game hour (ok=true) | working=true | GetNotWorkingReason=nil (ok=true) | acknowledged-flag SMRFixPack_ack_notworking=nil | parent_dome=nil
[C47S] CENSUS CONTROL [25] ForestationPlant#15554 :: crops=Grass(100)/Bush(150)/Broadleaf(500) (sum over the 3 slots=750, 3 selected ⇒ mean per hex=250) | consumption_amount=500 | consumption_max_storage=10000 (ok=true) | consumption_stored_resources=9203 | building_update_time=60000 ms = 20 tenths of a game hour (ok=true) | working=true | GetNotWorkingReason=nil (ok=true) | acknowledged-flag SMRFixPack_ack_notworking=nil | parent_dome=nil
[mod] [C47S] CENSUS CONTROL [26] ForestationPlant#15556 :: crops=Grass(100)/Bush(150)/Broadleaf(500) (sum over the 3 slots=750, 3 selected ⇒ mean per hex=250) | consumption_amount=500 | consumption_max_storage=10000 (ok=true) | consumption_stored_resources=8710 | building_update_time=60000 ms = 20 tenths of a game hour (ok=true) | working=true | GetNotWorkingReason=nil (ok=true) | acknowledged-flag SMRFixPack_ack_notworking=nil | parent_dome=nil
[C47S] CENSUS CONTROL [26] ForestationPlant#15556 :: crops=Grass(100)/Bush(150)/Broadleaf(500) (sum over the 3 slots=750, 3 selected ⇒ mean per hex=250) | consumption_amount=500 | consumption_max_storage=10000 (ok=true) | consumption_stored_resources=8710 | building_update_time=60000 ms = 20 tenths of a game hour (ok=true) | working=true | GetNotWorkingReason=nil (ok=true) | acknowledged-flag SMRFixPack_ack_notworking=nil | parent_dome=nil
[mod] [C47S] CENSUS CONTROL [27] ForestationPlant#15563 :: crops=Grass(100)/Bush(150)/Broadleaf(500) (sum over the 3 slots=750, 3 selected ⇒ mean per hex=250) | consumption_amount=500 | consumption_max_storage=10000 (ok=true) | consumption_stored_resources=8682 | building_update_time=60000 ms = 20 tenths of a game hour (ok=true) | working=true | GetNotWorkingReason=nil (ok=true) | acknowledged-flag SMRFixPack_ack_notworking=nil | parent_dome=nil
[C47S] CENSUS CONTROL [27] ForestationPlant#15563 :: crops=Grass(100)/Bush(150)/Broadleaf(500) (sum over the 3 slots=750, 3 selected ⇒ mean per hex=250) | consumption_amount=500 | consumption_max_storage=10000 (ok=true) | consumption_stored_resources=8682 | building_update_time=60000 ms = 20 tenths of a game hour (ok=true) | working=true | GetNotWorkingReason=nil (ok=true) | acknowledged-flag SMRFixPack_ack_notworking=nil | parent_dome=nil
[mod] [C47S] CENSUS CONTROL [28] ForestationPlant#15565 :: crops=Grass(100)/Bush(150)/Broadleaf(500) (sum over the 3 slots=750, 3 selected ⇒ mean per hex=250) | consumption_amount=500 | consumption_max_storage=10000 (ok=true) | consumption_stored_resources=8744 | building_update_time=60000 ms = 20 tenths of a game hour (ok=true) | working=true | GetNotWorkingReason=nil (ok=true) | acknowledged-flag SMRFixPack_ack_notworking=nil | parent_dome=nil
[C47S] CENSUS CONTROL [28] ForestationPlant#15565 :: crops=Grass(100)/Bush(150)/Broadleaf(500) (sum over the 3 slots=750, 3 selected ⇒ mean per hex=250) | consumption_amount=500 | consumption_max_storage=10000 (ok=true) | consumption_stored_resources=8744 | building_update_time=60000 ms = 20 tenths of a game hour (ok=true) | working=true | GetNotWorkingReason=nil (ok=true) | acknowledged-flag SMRFixPack_ack_notworking=nil | parent_dome=nil
						Lua 0:00:47:605
[mod] [C47S] CENSUS CONTROL [29] ForestationPlant#15810 :: crops=Grass(100)/Bush(150)/Broadleaf(500) (sum over the 3 slots=750, 3 selected ⇒ mean per hex=250) | consumption_amount=500 | consumption_max_storage=10000 (ok=true) | consumption_stored_resources=9196 | building_update_time=60000 ms = 20 tenths of a game hour (ok=true) | working=true | GetNotWorkingReason=nil (ok=true) | acknowledged-flag SMRFixPack_ack_notworking=nil | parent_dome=nil
[C47S] CENSUS CONTROL [29] ForestationPlant#15810 :: crops=Grass(100)/Bush(150)/Broadleaf(500) (sum over the 3 slots=750, 3 selected ⇒ mean per hex=250) | consumption_amount=500 | consumption_max_storage=10000 (ok=true) | consumption_stored_resources=9196 | building_update_time=60000 ms = 20 tenths of a game hour (ok=true) | working=true | GetNotWorkingReason=nil (ok=true) | acknowledged-flag SMRFixPack_ack_notworking=nil | parent_dome=nil
[mod] [C47S] CENSUS CONTROL [30] ForestationPlant#15817 :: crops=Grass(100)/Bush(150)/Broadleaf(500) (sum over the 3 slots=750, 3 selected ⇒ mean per hex=250) | consumption_amount=500 | consumption_max_storage=10000 (ok=true) | consumption_stored_resources=9076 | building_update_time=60000 ms = 20 tenths of a game hour (ok=true) | working=true | GetNotWorkingReason=nil (ok=true) | acknowledged-flag SMRFixPack_ack_notworking=nil | parent_dome=nil
[C47S] CENSUS CONTROL [30] ForestationPlant#15817 :: crops=Grass(100)/Bush(150)/Broadleaf(500) (sum over the 3 slots=750, 3 selected ⇒ mean per hex=250) | consumption_amount=500 | consumption_max_storage=10000 (ok=true) | consumption_stored_resources=9076 | building_update_time=60000 ms = 20 tenths of a game hour (ok=true) | working=true | GetNotWorkingReason=nil (ok=true) | acknowledged-flag SMRFixPack_ack_notworking=nil | parent_dome=nil
[mod] [C47S] CENSUS CONTROL [31] ForestationPlant#16008 :: crops=Grass(100)/Bush(150)/Broadleaf(500) (sum over the 3 slots=750, 3 selected ⇒ mean per hex=250) | consumption_amount=500 | consumption_max_storage=10000 (ok=true) | consumption_stored_resources=9056 | building_update_time=60000 ms = 20 tenths of a game hour (ok=true) | working=true | GetNotWorkingReason=nil (ok=true) | acknowledged-flag SMRFixPack_ack_notworking=nil | parent_dome=nil
[C47S] CENSUS CONTROL [31] ForestationPlant#16008 :: crops=Grass(100)/Bush(150)/Broadleaf(500) (sum over the 3 slots=750, 3 selected ⇒ mean per hex=250) | consumption_amount=500 | consumption_max_storage=10000 (ok=true) | consumption_stored_resources=9056 | building_update_time=60000 ms = 20 tenths of a game hour (ok=true) | working=true | GetNotWorkingReason=nil (ok=true) | acknowledged-flag SMRFixPack_ack_notworking=nil | parent_dome=nil
[mod] [C47S] CENSUS CONTROL [32] ForestationPlant#16011 :: crops=Grass(100)/Bush(150)/Broadleaf(500) (sum over the 3 slots=750, 3 selected ⇒ mean per hex=250) | consumption_amount=500 | consumption_max_storage=10000 (ok=true) | consumption_stored_resources=9105 | building_update_time=60000 ms = 20 tenths of a game hour (ok=true) | working=true | GetNotWorkingReason=nil (ok=true) | acknowledged-flag SMRFixPack_ack_notworking=nil | parent_dome=nil
[C47S] CENSUS CONTROL [32] ForestationPlant#16011 :: crops=Grass(100)/Bush(150)/Broadleaf(500) (sum over the 3 slots=750, 3 selected ⇒ mean per hex=250) | consumption_amount=500 | consumption_max_storage=10000 (ok=true) | consumption_stored_resources=9105 | building_update_time=60000 ms = 20 tenths of a game hour (ok=true) | working=true | GetNotWorkingReason=nil (ok=true) | acknowledged-flag SMRFixPack_ack_notworking=nil | parent_dome=nil
[mod] [C47S] CENSUS CONTROL [33] ForestationPlant#16076 :: crops=Grass(100)/Bush(150)/Broadleaf(500) (sum over the 3 slots=750, 3 selected ⇒ mean per hex=250) | consumption_amount=500 | consumption_max_storage=10000 (ok=true) | consumption_stored_resources=8639 | building_update_time=60000 ms = 20 tenths of a game hour (ok=true) | working=true | GetNotWorkingReason=nil (ok=true) | acknowledged-flag SMRFixPack_ack_notworking=nil | parent_dome=nil
[C47S] CENSUS CONTROL [33] ForestationPlant#16076 :: crops=Grass(100)/Bush(150)/Broadleaf(500) (sum over the 3 slots=750, 3 selected ⇒ mean per hex=250) | consumption_amount=500 | consumption_max_storage=10000 (ok=true) | consumption_stored_resources=8639 | building_update_time=60000 ms = 20 tenths of a game hour (ok=true) | working=true | GetNotWorkingReason=nil (ok=true) | acknowledged-flag SMRFixPack_ack_notworking=nil | parent_dome=nil
[mod] [C47S] CENSUS CONTROL [34] ForestationPlant#16077 :: crops=Grass(100)/Bush(150)/Broadleaf(500) (sum over the 3 slots=750, 3 selected ⇒ mean per hex=250) | consumption_amount=500 | consumption_max_storage=10000 (ok=true) | consumption_stored_resources=8752 | building_update_time=60000 ms = 20 tenths of a game hour (ok=true) | working=true | GetNotWorkingReason=nil (ok=true) | acknowledged-flag SMRFixPack_ack_notworking=nil | parent_dome=nil
[C47S] CENSUS CONTROL [34] ForestationPlant#16077 :: crops=Grass(100)/Bush(150)/Broadleaf(500) (sum over the 3 slots=750, 3 selected ⇒ mean per hex=250) | consumption_amount=500 | consumption_max_storage=10000 (ok=true) | consumption_stored_resources=8752 | building_update_time=60000 ms = 20 tenths of a game hour (ok=true) | working=true | GetNotWorkingReason=nil (ok=true) | acknowledged-flag SMRFixPack_ack_notworking=nil | parent_dome=nil
[mod] [C47S] CENSUS CONTROL [35] ForestationPlant#16155 :: crops=Grass(100)/Bush(150)/Broadleaf(500) (sum over the 3 slots=750, 3 selected ⇒ mean per hex=250) | consumption_amount=500 | consumption_max_storage=10000 (ok=true) | consumption_stored_resources=9058 | building_update_time=60000 ms = 20 tenths of a game hour (ok=true) | working=true | GetNotWorkingReason=nil (ok=true) | acknowledged-flag SMRFixPack_ack_notworking=nil | parent_dome=nil
[C47S] CENSUS CONTROL [35] ForestationPlant#16155 :: crops=Grass(100)/Bush(150)/Broadleaf(500) (sum over the 3 slots=750, 3 selected ⇒ mean per hex=250) | consumption_amount=500 | consumption_max_storage=10000 (ok=true) | consumption_stored_resources=9058 | building_update_time=60000 ms = 20 tenths of a game hour (ok=true) | working=true | GetNotWorkingReason=nil (ok=true) | acknowledged-flag SMRFixPack_ack_notworking=nil | parent_dome=nil
[mod] [C47S] CENSUS CONTROL [36] ForestationPlant#16192 :: crops=Grass(100)/Bush(150)/Broadleaf(500) (sum over the 3 slots=750, 3 selected ⇒ mean per hex=250) | consumption_amount=150 | consumption_max_storage=10000 (ok=true) | consumption_stored_resources=9185 | building_update_time=60000 ms = 20 tenths of a game hour (ok=true) | working=true | GetNotWorkingReason=nil (ok=true) | acknowledged-flag SMRFixPack_ack_notworking=nil | parent_dome=nil
[C47S] CENSUS CONTROL [36] ForestationPlant#16192 :: crops=Grass(100)/Bush(150)/Broadleaf(500) (sum over the 3 slots=750, 3 selected ⇒ mean per hex=250) | consumption_amount=150 | consumption_max_storage=10000 (ok=true) | consumption_stored_resources=9185 | building_update_time=60000 ms = 20 tenths of a game hour (ok=true) | working=true | GetNotWorkingReason=nil (ok=true) | acknowledged-flag SMRFixPack_ack_notworking=nil | parent_dome=nil
[mod] [C47S] READ C47-population(ForestationPlantBase, the CONTROL) = 36 | population=36 | APPLICABLE=true | witness=city labels (Building.lua:417-418) plus CurrentMap:MapGet, deduped by handle, walked this load
[C47S] READ C47-population(ForestationPlantBase, the CONTROL) = 36 | population=36 | APPLICABLE=true | witness=city labels (Building.lua:417-418) plus CurrentMap:MapGet, deduped by handle, walked this load
[mod] [C47S] TRY leg Census (yielding) ok=true result=true
[C47S] TRY leg Census (yielding) ok=true result=true
[mod] [C47S] ORGANIC :: buffer sampling and notification counting over game time :: no mechanism is forced: the colony simply runs at 5x and the instrument watches. The only thing this leg does to the game is set the game speed.
[C47S] ORGANIC :: buffer sampling and notification counting over game time :: no mechanism is forced: the colony simply runs at 5x and the instrument watches. The only thing this leg does to the game is set the game speed.
[mod] [C47S] SAMPLE BEGIN :: start GameTime=275840987 (383.11 sols) | target=+5 sols = GameTime 279440987 | speed=5x | sample every 500 real ms | real-time cap 2400000 ms | ⛔ counters were armed at THIS line, so every add/remove below happened inside the window
[C47S] SAMPLE BEGIN :: start GameTime=275840987 (383.11 sols) | target=+5 sols = GameTime 279440987 | speed=5x | sample every 500 real ms | real-time cap 2400000 ms | ⛔ counters were armed at THIS line, so every add/remove below happened inside the window
[mod] [C47S] VOICETABLE at window open :: VoicesCooldown has 0 key(s) [] | VoiceQueue length=0 — ⭐ the keys are voiced-TEXT ids, not object handles (Voice.lua:355-358), so one key covers every not-working building in the colony at once
[C47S] VOICETABLE at window open :: VoicesCooldown has 0 key(s) [] | VoiceQueue length=0 — ⭐ the keys are voiced-TEXT ids, not object handles (Voice.lua:355-358), so one key covers every not-working building in the colony at once
						Lua 0:01:47:604
[mod] [C47S] VOID(banner path wrapped by Opt_AcknowledgedWarnings) WINDOW w1 SUBJECT OpenFarm#15779 :: adds=4 removes=4 | buffer now=2905 min=305 max=3885 mean=2041 | zero-samples=0/121 | refills=51 totalling 20765 | not-working samples=8 (of which reason='Consumption' 8)
[C47S] VOID(banner path wrapped by Opt_AcknowledgedWarnings) WINDOW w1 SUBJECT OpenFarm#15779 :: adds=4 removes=4 | buffer now=2905 min=305 max=3885 mean=2041 | zero-samples=0/121 | refills=51 totalling 20765 | not-working samples=8 (of which reason='Consumption' 8)
[mod] [C47S] VOID(banner path wrapped by Opt_AcknowledgedWarnings) WINDOW w1 SUBJECT OpenFarm#15974 :: adds=0 removes=0 | buffer now=3600 min=2041 max=4900 mean=3407 | zero-samples=0/121 | refills=34 totalling 14220 | not-working samples=0 (of which reason='Consumption' 0)
[C47S] VOID(banner path wrapped by Opt_AcknowledgedWarnings) WINDOW w1 SUBJECT OpenFarm#15974 :: adds=0 removes=0 | buffer now=3600 min=2041 max=4900 mean=3407 | zero-samples=0/121 | refills=34 totalling 14220 | not-working samples=0 (of which reason='Consumption' 0)
[mod] [C47S] VOID(banner path wrapped by Opt_AcknowledgedWarnings) WINDOW w1 CONTROL ForestationPlant#2793 :: adds=0 removes=0 | buffer now=8913 min=8913 max=9213 mean=9094 | zero-samples=0/121 | refills=1 totalling 280 | not-working samples=0 (of which reason='Consumption' 0)
[C47S] VOID(banner path wrapped by Opt_AcknowledgedWarnings) WINDOW w1 CONTROL ForestationPlant#2793 :: adds=0 removes=0 | buffer now=8913 min=8913 max=9213 mean=9094 | zero-samples=0/121 | refills=1 totalling 280 | not-working samples=0 (of which reason='Consumption' 0)
[mod] [C47S] VOID(banner path wrapped by Opt_AcknowledgedWarnings) WINDOW w1 CONTROL ForestationPlant#3790 :: adds=0 removes=0 | buffer now=9013 min=8933 max=9233 mean=9131 | zero-samples=0/121 | refills=2 totalling 560 | not-working samples=0 (of which reason='Consumption' 0)
[C47S] VOID(banner path wrapped by Opt_AcknowledgedWarnings) WINDOW w1 CONTROL ForestationPlant#3790 :: adds=0 removes=0 | buffer now=9013 min=8933 max=9233 mean=9131 | zero-samples=0/121 | refills=2 totalling 560 | not-working samples=0 (of which reason='Consumption' 0)
[mod] [C47S] VOID(banner path wrapped by Opt_AcknowledgedWarnings) WINDOW w1 CONTROL ForestationPlant#4089 :: adds=0 removes=0 | buffer now=9016 min=8936 max=9216 mean=9070 | zero-samples=0/121 | refills=1 totalling 280 | not-working samples=0 (of which reason='Consumption' 0)
[C47S] VOID(banner path wrapped by Opt_AcknowledgedWarnings) WINDOW w1 CONTROL ForestationPlant#4089 :: adds=0 removes=0 | buffer now=9016 min=8936 max=9216 mean=9070 | zero-samples=0/121 | refills=1 totalling 280 | not-working samples=0 (of which reason='Consumption' 0)
[mod] [C47S] VOID(banner path wrapped by Opt_AcknowledgedWarnings) WINDOW w1 CONTROL ForestationPlant#6324 :: adds=0 removes=0 | buffer now=9700 min=8960 max=10000 mean=9613 | zero-samples=0/121 | refills=1 totalling 1040 | not-working samples=0 (of which reason='Consumption' 0)
[C47S] VOID(banner path wrapped by Opt_AcknowledgedWarnings) WINDOW w1 CONTROL ForestationPlant#6324 :: adds=0 removes=0 | buffer now=9700 min=8960 max=10000 mean=9613 | zero-samples=0/121 | refills=1 totalling 1040 | not-working samples=0 (of which reason='Consumption' 0)
[mod] [C47S] VOID(banner path wrapped by Opt_AcknowledgedWarnings) WINDOW w1 CONTROL ForestationPlant#6325 :: adds=0 removes=0 | buffer now=9020 min=8680 max=10000 mean=9273 | zero-samples=0/121 | refills=5 totalling 2020 | not-working samples=0 (of which reason='Consumption' 0)
[C47S] VOID(banner path wrapped by Opt_AcknowledgedWarnings) WINDOW w1 CONTROL ForestationPlant#6325 :: adds=0 removes=0 | buffer now=9020 min=8680 max=10000 mean=9273 | zero-samples=0/121 | refills=5 totalling 2020 | not-working samples=0 (of which reason='Consumption' 0)
[mod] [C47S] VOID(banner path wrapped by Opt_AcknowledgedWarnings) WINDOW w1 CONTROL ForestationPlant#6620 :: adds=0 removes=0 | buffer now=9245 min=8939 max=9245 mean=9115 | zero-samples=0/121 | refills=13 totalling 630 | not-working samples=0 (of which reason='Consumption' 0)
[C47S] VOID(banner path wrapped by Opt_AcknowledgedWarnings) WINDOW w1 CONTROL ForestationPlant#6620 :: adds=0 removes=0 | buffer now=9245 min=8939 max=9245 mean=9115 | zero-samples=0/121 | refills=13 totalling 630 | not-working samples=0 (of which reason='Consumption' 0)
[mod] [C47S] VOID(banner path wrapped by Opt_AcknowledgedWarnings) WINDOW w1 CONTROL ForestationPlant#6622 :: adds=0 removes=0 | buffer now=9050 min=8938 max=9226 mean=9096 | zero-samples=0/121 | refills=13 totalling 348 | not-working samples=0 (of which reason='Consumption' 0)
[C47S] VOID(banner path wrapped by Opt_AcknowledgedWarnings) WINDOW w1 CONTROL ForestationPlant#6622 :: adds=0 removes=0 | buffer now=9050 min=8938 max=9226 mean=9096 | zero-samples=0/121 | refills=13 totalling 348 | not-working samples=0 (of which reason='Consumption' 0)
[mod] [C47S] VOID(banner path wrapped by Opt_AcknowledgedWarnings) WINDOW w1 CONTROL ForestationPlant#6836 :: adds=0 removes=0 | buffer now=9033 min=8875 max=9177 mean=9056 | zero-samples=0/121 | refills=15 totalling 638 | not-working samples=0 (of which reason='Consumption' 0)
[C47S] VOID(banner path wrapped by Opt_AcknowledgedWarnings) WINDOW w1 CONTROL ForestationPlant#6836 :: adds=0 removes=0 | buffer now=9033 min=8875 max=9177 mean=9056 | zero-samples=0/121 | refills=15 totalling 638 | not-working samples=0 (of which reason='Consumption' 0)
[mod] [C47S] VOID(banner path wrapped by Opt_AcknowledgedWarnings) WINDOW w1 CONTROL ForestationPlant#6958 :: adds=0 removes=0 | buffer now=9249 min=8937 max=9249 mean=9103 | zero-samples=0/121 | refills=15 totalling 636 | not-working samples=0 (of which reason='Consumption' 0)
[C47S] VOID(banner path wrapped by Opt_AcknowledgedWarnings) WINDOW w1 CONTROL ForestationPlant#6958 :: adds=0 removes=0 | buffer now=9249 min=8937 max=9249 mean=9103 | zero-samples=0/121 | refills=15 totalling 636 | not-working samples=0 (of which reason='Consumption' 0)
[mod] [C47S] VOID(banner path wrapped by Opt_AcknowledgedWarnings) WINDOW w1 CONTROL ForestationPlant#7004 :: adds=0 removes=0 | buffer now=9205 min=8925 max=9225 mean=9091 | zero-samples=0/121 | refills=2 totalling 560 | not-working samples=0 (of which reason='Consumption' 0)
[C47S] VOID(banner path wrapped by Opt_AcknowledgedWarnings) WINDOW w1 CONTROL ForestationPlant#7004 :: adds=0 removes=0 | buffer now=9205 min=8925 max=9225 mean=9091 | zero-samples=0/121 | refills=2 totalling 560 | not-working samples=0 (of which reason='Consumption' 0)
[mod] [C47S] VOID(banner path wrapped by Opt_AcknowledgedWarnings) WINDOW w1 CONTROL ForestationPlant#7016 :: adds=0 removes=0 | buffer now=9080 min=8950 max=9550 mean=9279 | zero-samples=0/121 | refills=1 totalling 280 | not-working samples=0 (of which reason='Consumption' 0)
[C47S] VOID(banner path wrapped by Opt_AcknowledgedWarnings) WINDOW w1 CONTROL ForestationPlant#7016 :: adds=0 removes=0 | buffer now=9080 min=8950 max=9550 mean=9279 | zero-samples=0/121 | refills=1 totalling 280 | not-working samples=0 (of which reason='Consumption' 0)
[mod] [C47S] VOID(banner path wrapped by Opt_AcknowledgedWarnings) WINDOW w1 CONTROL ForestationPlant#14623 :: adds=0 removes=0 | buffer now=9142 min=8522 max=9242 mean=9006 | zero-samples=0/121 | refills=8 totalling 2520 | not-working samples=0 (of which reason='Consumption' 0)
[C47S] VOID(banner path wrapped by Opt_AcknowledgedWarnings) WINDOW w1 CONTROL ForestationPlant#14623 :: adds=0 removes=0 | buffer now=9142 min=8522 max=9242 mean=9006 | zero-samples=0/121 | refills=8 totalling 2520 | not-working samples=0 (of which reason='Consumption' 0)
[mod] [C47S] VOID(banner path wrapped by Opt_AcknowledgedWarnings) WINDOW w1 CONTROL ForestationPlant#14625 :: adds=0 removes=0 | buffer now=9063 min=8503 max=9223 mean=8992 | zero-samples=0/121 | refills=9 totalling 2520 | not-working samples=0 (of which reason='Consumption' 0)
[C47S] VOID(banner path wrapped by Opt_AcknowledgedWarnings) WINDOW w1 CONTROL ForestationPlant#14625 :: adds=0 removes=0 | buffer now=9063 min=8503 max=9223 mean=8992 | zero-samples=0/121 | refills=9 totalling 2520 | not-working samples=0 (of which reason='Consumption' 0)
[mod] [C47S] VOID(banner path wrapped by Opt_AcknowledgedWarnings) WINDOW w1 CONTROL ForestationPlant#14627 :: adds=0 removes=0 | buffer now=8530 min=8510 max=9250 mean=8933 | zero-samples=0/121 | refills=7 totalling 2520 | not-working samples=0 (of which reason='Consumption' 0)
[C47S] VOID(banner path wrapped by Opt_AcknowledgedWarnings) WINDOW w1 CONTROL ForestationPlant#14627 :: adds=0 removes=0 | buffer now=8530 min=8510 max=9250 mean=8933 | zero-samples=0/121 | refills=7 totalling 2520 | not-working samples=0 (of which reason='Consumption' 0)
[mod] [C47S] VOID(banner path wrapped by Opt_AcknowledgedWarnings) WINDOW w1 CONTROL ForestationPlant#14628 :: adds=0 removes=0 | buffer now=9276 min=8536 max=9276 mean=9063 | zero-samples=0/121 | refills=5 totalling 2520 | not-working samples=0 (of which reason='Consumption' 0)
[C47S] VOID(banner path wrapped by Opt_AcknowledgedWarnings) WINDOW w1 CONTROL ForestationPlant#14628 :: adds=0 removes=0 | buffer now=9276 min=8536 max=9276 mean=9063 | zero-samples=0/121 | refills=5 totalling 2520 | not-working samples=0 (of which reason='Consumption' 0)
[mod] [C47S] VOID(banner path wrapped by Opt_AcknowledgedWarnings) WINDOW w1 CONTROL ForestationPlant#14629 :: adds=0 removes=0 | buffer now=8697 min=8517 max=9237 mean=8981 | zero-samples=0/121 | refills=8 totalling 2520 | not-working samples=0 (of which reason='Consumption' 0)
[C47S] VOID(banner path wrapped by Opt_AcknowledgedWarnings) WINDOW w1 CONTROL ForestationPlant#14629 :: adds=0 removes=0 | buffer now=8697 min=8517 max=9237 mean=8981 | zero-samples=0/121 | refills=8 totalling 2520 | not-working samples=0 (of which reason='Consumption' 0)
[mod] [C47S] VOID(banner path wrapped by Opt_AcknowledgedWarnings) WINDOW w1 CONTROL ForestationPlant#15043 :: adds=0 removes=0 | buffer now=8577 min=8537 max=9237 mean=8994 | zero-samples=0/121 | refills=9 totalling 2400 | not-working samples=0 (of which reason='Consumption' 0)
[C47S] VOID(banner path wrapped by Opt_AcknowledgedWarnings) WINDOW w1 CONTROL ForestationPlant#15043 :: adds=0 removes=0 | buffer now=8577 min=8537 max=9237 mean=8994 | zero-samples=0/121 | refills=9 totalling 2400 | not-working samples=0 (of which reason='Consumption' 0)
[mod] [C47S] VOID(banner path wrapped by Opt_AcknowledgedWarnings) WINDOW w1 CONTROL ForestationPlant#15047 :: adds=0 removes=0 | buffer now=9115 min=8595 max=9295 mean=8942 | zero-samples=0/121 | refills=13 totalling 2440 | not-working samples=0 (of which reason='Consumption' 0)
[C47S] VOID(banner path wrapped by Opt_AcknowledgedWarnings) WINDOW w1 CONTROL ForestationPlant#15047 :: adds=0 removes=0 | buffer now=9115 min=8595 max=9295 mean=8942 | zero-samples=0/121 | refills=13 totalling 2440 | not-working samples=0 (of which reason='Consumption' 0)
[mod] [C47S] VOID(banner path wrapped by Opt_AcknowledgedWarnings) WINDOW w1 CONTROL ForestationPlant#15050 :: adds=0 removes=0 | buffer now=8980 min=8920 max=9290 mean=9118 | zero-samples=0/121 | refills=5 totalling 680 | not-working samples=0 (of which reason='Consumption' 0)
[C47S] VOID(banner path wrapped by Opt_AcknowledgedWarnings) WINDOW w1 CONTROL ForestationPlant#15050 :: adds=0 removes=0 | buffer now=8980 min=8920 max=9290 mean=9118 | zero-samples=0/121 | refills=5 totalling 680 | not-working samples=0 (of which reason='Consumption' 0)
[mod] [C47S] VOID(banner path wrapped by Opt_AcknowledgedWarnings) WINDOW w1 CONTROL ForestationPlant#15052 :: adds=0 removes=0 | buffer now=8816 min=8556 max=9316 mean=9037 | zero-samples=0/121 | refills=12 totalling 2680 | not-working samples=0 (of which reason='Consumption' 0)
[C47S] VOID(banner path wrapped by Opt_AcknowledgedWarnings) WINDOW w1 CONTROL ForestationPlant#15052 :: adds=0 removes=0 | buffer now=8816 min=8556 max=9316 mean=9037 | zero-samples=0/121 | refills=12 totalling 2680 | not-working samples=0 (of which reason='Consumption' 0)
[mod] [C47S] VOID(banner path wrapped by Opt_AcknowledgedWarnings) WINDOW w1 CONTROL ForestationPlant#15098 :: adds=0 removes=0 | buffer now=9062 min=8582 max=9242 mean=8931 | zero-samples=0/121 | refills=11 totalling 2360 | not-working samples=0 (of which reason='Consumption' 0)
[C47S] VOID(banner path wrapped by Opt_AcknowledgedWarnings) WINDOW w1 CONTROL ForestationPlant#15098 :: adds=0 removes=0 | buffer now=9062 min=8582 max=9242 mean=8931 | zero-samples=0/121 | refills=11 totalling 2360 | not-working samples=0 (of which reason='Consumption' 0)
[mod] [C47S] VOID(banner path wrapped by Opt_AcknowledgedWarnings) WINDOW w1 CONTROL ForestationPlant#15099 :: adds=0 removes=0 | buffer now=9319 min=8559 max=9319 mean=8964 | zero-samples=0/121 | refills=13 totalling 2680 | not-working samples=0 (of which reason='Consumption' 0)
[C47S] VOID(banner path wrapped by Opt_AcknowledgedWarnings) WINDOW w1 CONTROL ForestationPlant#15099 :: adds=0 removes=0 | buffer now=9319 min=8559 max=9319 mean=8964 | zero-samples=0/121 | refills=13 totalling 2680 | not-working samples=0 (of which reason='Consumption' 0)
[mod] [C47S] VOID(banner path wrapped by Opt_AcknowledgedWarnings) WINDOW w1 CONTROL ForestationPlant#15547 :: adds=0 removes=0 | buffer now=8896 min=8636 max=9196 mean=8951 | zero-samples=0/121 | refills=2 totalling 560 | not-working samples=0 (of which reason='Consumption' 0)
[C47S] VOID(banner path wrapped by Opt_AcknowledgedWarnings) WINDOW w1 CONTROL ForestationPlant#15547 :: adds=0 removes=0 | buffer now=8896 min=8636 max=9196 mean=8951 | zero-samples=0/121 | refills=2 totalling 560 | not-working samples=0 (of which reason='Consumption' 0)
[mod] [C47S] VOID(banner path wrapped by Opt_AcknowledgedWarnings) WINDOW w1 CONTROL ForestationPlant#15549 :: adds=0 removes=0 | buffer now=9069 min=8939 max=9259 mean=9116 | zero-samples=0/121 | refills=2 totalling 560 | not-working samples=0 (of which reason='Consumption' 0)
[C47S] VOID(banner path wrapped by Opt_AcknowledgedWarnings) WINDOW w1 CONTROL ForestationPlant#15549 :: adds=0 removes=0 | buffer now=9069 min=8939 max=9259 mean=9116 | zero-samples=0/121 | refills=2 totalling 560 | not-working samples=0 (of which reason='Consumption' 0)
[mod] [C47S] VOID(banner path wrapped by Opt_AcknowledgedWarnings) WINDOW w1 CONTROL ForestationPlant#15554 :: adds=0 removes=0 | buffer now=9223 min=8543 max=9263 mean=8957 | zero-samples=0/121 | refills=8 totalling 2520 | not-working samples=0 (of which reason='Consumption' 0)
[C47S] VOID(banner path wrapped by Opt_AcknowledgedWarnings) WINDOW w1 CONTROL ForestationPlant#15554 :: adds=0 removes=0 | buffer now=9223 min=8543 max=9263 mean=8957 | zero-samples=0/121 | refills=8 totalling 2520 | not-working samples=0 (of which reason='Consumption' 0)
[mod] [C47S] VOID(banner path wrapped by Opt_AcknowledgedWarnings) WINDOW w1 CONTROL ForestationPlant#15556 :: adds=0 removes=0 | buffer now=9010 min=8550 max=9270 mean=9081 | zero-samples=0/121 | refills=10 totalling 2800 | not-working samples=0 (of which reason='Consumption' 0)
[C47S] VOID(banner path wrapped by Opt_AcknowledgedWarnings) WINDOW w1 CONTROL ForestationPlant#15556 :: adds=0 removes=0 | buffer now=9010 min=8550 max=9270 mean=9081 | zero-samples=0/121 | refills=10 totalling 2800 | not-working samples=0 (of which reason='Consumption' 0)
						Lua 0:01:47:605
[mod] [C47S] VOID(banner path wrapped by Opt_AcknowledgedWarnings) WINDOW w1 CONTROL ForestationPlant#15563 :: adds=0 removes=0 | buffer now=8702 min=8522 max=9242 mean=9023 | zero-samples=0/121 | refills=8 totalling 2520 | not-working samples=0 (of which reason='Consumption' 0)
[C47S] VOID(banner path wrapped by Opt_AcknowledgedWarnings) WINDOW w1 CONTROL ForestationPlant#15563 :: adds=0 removes=0 | buffer now=8702 min=8522 max=9242 mean=9023 | zero-samples=0/121 | refills=8 totalling 2520 | not-working samples=0 (of which reason='Consumption' 0)
[mod] [C47S] VOID(banner path wrapped by Opt_AcknowledgedWarnings) WINDOW w1 CONTROL ForestationPlant#15565 :: adds=0 removes=0 | buffer now=8764 min=8524 max=9264 mean=9036 | zero-samples=0/121 | refills=6 totalling 2520 | not-working samples=0 (of which reason='Consumption' 0)
[C47S] VOID(banner path wrapped by Opt_AcknowledgedWarnings) WINDOW w1 CONTROL ForestationPlant#15565 :: adds=0 removes=0 | buffer now=8764 min=8524 max=9264 mean=9036 | zero-samples=0/121 | refills=6 totalling 2520 | not-working samples=0 (of which reason='Consumption' 0)
[mod] [C47S] VOID(banner path wrapped by Opt_AcknowledgedWarnings) WINDOW w1 CONTROL ForestationPlant#15810 :: adds=0 removes=0 | buffer now=9233 min=8557 max=9312 mean=9013 | zero-samples=0/121 | refills=20 totalling 2537 | not-working samples=0 (of which reason='Consumption' 0)
[C47S] VOID(banner path wrapped by Opt_AcknowledgedWarnings) WINDOW w1 CONTROL ForestationPlant#15810 :: adds=0 removes=0 | buffer now=9233 min=8557 max=9312 mean=9013 | zero-samples=0/121 | refills=20 totalling 2537 | not-working samples=0 (of which reason='Consumption' 0)
[mod] [C47S] VOID(banner path wrapped by Opt_AcknowledgedWarnings) WINDOW w1 CONTROL ForestationPlant#15817 :: adds=0 removes=0 | buffer now=9099 min=8603 max=9317 mean=9131 | zero-samples=0/121 | refills=15 totalling 2469 | not-working samples=0 (of which reason='Consumption' 0)
[C47S] VOID(banner path wrapped by Opt_AcknowledgedWarnings) WINDOW w1 CONTROL ForestationPlant#15817 :: adds=0 removes=0 | buffer now=9099 min=8603 max=9317 mean=9131 | zero-samples=0/121 | refills=15 totalling 2469 | not-working samples=0 (of which reason='Consumption' 0)
[mod] [C47S] VOID(banner path wrapped by Opt_AcknowledgedWarnings) WINDOW w1 CONTROL ForestationPlant#16008 :: adds=0 removes=0 | buffer now=9184 min=8564 max=9224 mean=8956 | zero-samples=0/121 | refills=20 totalling 2614 | not-working samples=0 (of which reason='Consumption' 0)
[C47S] VOID(banner path wrapped by Opt_AcknowledgedWarnings) WINDOW w1 CONTROL ForestationPlant#16008 :: adds=0 removes=0 | buffer now=9184 min=8564 max=9224 mean=8956 | zero-samples=0/121 | refills=20 totalling 2614 | not-working samples=0 (of which reason='Consumption' 0)
[mod] [C47S] VOID(banner path wrapped by Opt_AcknowledgedWarnings) WINDOW w1 CONTROL ForestationPlant#16011 :: adds=0 removes=0 | buffer now=9125 min=8505 max=9225 mean=8957 | zero-samples=0/121 | refills=8 totalling 2520 | not-working samples=0 (of which reason='Consumption' 0)
[C47S] VOID(banner path wrapped by Opt_AcknowledgedWarnings) WINDOW w1 CONTROL ForestationPlant#16011 :: adds=0 removes=0 | buffer now=9125 min=8505 max=9225 mean=8957 | zero-samples=0/121 | refills=8 totalling 2520 | not-working samples=0 (of which reason='Consumption' 0)
[mod] [C47S] VOID(banner path wrapped by Opt_AcknowledgedWarnings) WINDOW w1 CONTROL ForestationPlant#16076 :: adds=0 removes=0 | buffer now=8659 min=8479 max=9199 mean=8856 | zero-samples=0/121 | refills=8 totalling 2520 | not-working samples=0 (of which reason='Consumption' 0)
[C47S] VOID(banner path wrapped by Opt_AcknowledgedWarnings) WINDOW w1 CONTROL ForestationPlant#16076 :: adds=0 removes=0 | buffer now=8659 min=8479 max=9199 mean=8856 | zero-samples=0/121 | refills=8 totalling 2520 | not-working samples=0 (of which reason='Consumption' 0)
[mod] [C47S] VOID(banner path wrapped by Opt_AcknowledgedWarnings) WINDOW w1 CONTROL ForestationPlant#16077 :: adds=0 removes=0 | buffer now=8772 min=8532 max=9272 mean=9001 | zero-samples=0/121 | refills=8 totalling 2520 | not-working samples=0 (of which reason='Consumption' 0)
[C47S] VOID(banner path wrapped by Opt_AcknowledgedWarnings) WINDOW w1 CONTROL ForestationPlant#16077 :: adds=0 removes=0 | buffer now=8772 min=8532 max=9272 mean=9001 | zero-samples=0/121 | refills=8 totalling 2520 | not-working samples=0 (of which reason='Consumption' 0)
[mod] [C47S] VOID(banner path wrapped by Opt_AcknowledgedWarnings) WINDOW w1 CONTROL ForestationPlant#16155 :: adds=0 removes=0 | buffer now=9078 min=8518 max=9238 mean=9014 | zero-samples=0/121 | refills=6 totalling 2520 | not-working samples=0 (of which reason='Consumption' 0)
[C47S] VOID(banner path wrapped by Opt_AcknowledgedWarnings) WINDOW w1 CONTROL ForestationPlant#16155 :: adds=0 removes=0 | buffer now=9078 min=8518 max=9238 mean=9014 | zero-samples=0/121 | refills=6 totalling 2520 | not-working samples=0 (of which reason='Consumption' 0)
[mod] [C47S] VOID(banner path wrapped by Opt_AcknowledgedWarnings) WINDOW w1 CONTROL ForestationPlant#16192 :: adds=0 removes=0 | buffer now=9275 min=8865 max=9275 mean=9075 | zero-samples=0/121 | refills=3 totalling 840 | not-working samples=0 (of which reason='Consumption' 0)
[C47S] VOID(banner path wrapped by Opt_AcknowledgedWarnings) WINDOW w1 CONTROL ForestationPlant#16192 :: adds=0 removes=0 | buffer now=9275 min=8865 max=9275 mean=9075 | zero-samples=0/121 | refills=3 totalling 840 | not-working samples=0 (of which reason='Consumption' 0)
[mod] [C47S] VOID(banner path wrapped by Opt_AcknowledgedWarnings) WINDOW w1 TOTALS :: adds(all objects on 'NotWorkingBuildings')=10 removes=13 | adds on objects this leg does NOT track=6 | voice-eligible SHIPPED model (text-keyed, RealTime, colony-wide)=1 | voice-eligible under the entry's ASSUMED per-object model=1
[C47S] VOID(banner path wrapped by Opt_AcknowledgedWarnings) WINDOW w1 TOTALS :: adds(all objects on 'NotWorkingBuildings')=10 removes=13 | adds on objects this leg does NOT track=6 | voice-eligible SHIPPED model (text-keyed, RealTime, colony-wide)=1 | voice-eligible under the entry's ASSUMED per-object model=1
[mod] [C47S] CLOCK w1 :: GameTime()=276140987 (383.52 sols since game start) | UIColony.day=384 hour=18 | speed=5x | RealTime()=94466
[C47S] CLOCK w1 :: GameTime()=276140987 (383.52 sols since game start) | UIColony.day=384 hour=18 | speed=5x | RealTime()=94466
[mod] [C47S] VOICETABLE w1 :: VoicesCooldown has 1 key(s) [769547039933] | VoiceQueue length=0 — ⭐ the keys are voiced-TEXT ids, not object handles (Voice.lua:355-358), so one key covers every not-working building in the colony at once
[C47S] VOICETABLE w1 :: VoicesCooldown has 1 key(s) [769547039933] | VoiceQueue length=0 — ⭐ the keys are voiced-TEXT ids, not object handles (Voice.lua:355-358), so one key covers every not-working building in the colony at once
						Lua 0:02:39:603
[mod] [C47S] SAMPLE ⛔ THE GAME CLOCK HAS NOT MOVED FOR 40 CONSECUTIVE SAMPLES (20000 real ms). Diagnosing, then closing the window here — every sample after this point would describe a stopped game.
[C47S] SAMPLE ⛔ THE GAME CLOCK HAS NOT MOVED FOR 40 CONSECUTIVE SAMPLES (20000 real ms). Diagnosing, then closing the window here — every sample after this point would describe a stopped game.
[mod] [C47S] FREEZE clock stopped at GameTime 276300002 :: GameTime()=276300002 | GetTimeFactor()=5x | IsPaused()=1 (ok=true) | PauseReasons keys=1 [nil(table)] | _GetPauseReasonsStr()='XPauseLayer' (ok=true) — ⛔ a time factor still above 0 while game time does not advance IS Pause(reason) (cthreads.lua:148-160), not a slow engine
[C47S] FREEZE clock stopped at GameTime 276300002 :: GameTime()=276300002 | GetTimeFactor()=5x | IsPaused()=1 (ok=true) | PauseReasons keys=1 [nil(table)] | _GetPauseReasonsStr()='XPauseLayer' (ok=true) — ⛔ a time factor still above 0 while game time does not advance IS Pause(reason) (cthreads.lua:148-160), not a slow engine
[mod] [C47S] FREEZE clock stopped at GameTime 276300002 :: open dialog [InfobarUI] class=InfobarUI
[C47S] FREEZE clock stopped at GameTime 276300002 :: open dialog [InfobarUI] class=InfobarUI
[mod] [C47S] FREEZE clock stopped at GameTime 276300002 :: open dialog [table: 00000242F46F7A10] class=nil
[C47S] FREEZE clock stopped at GameTime 276300002 :: open dialog [table: 00000242F46F7A10] class=nil
[mod] [C47S] FREEZE clock stopped at GameTime 276300002 :: open dialog [HUD] class=HUD
[C47S] FREEZE clock stopped at GameTime 276300002 :: open dialog [HUD] class=HUD
[mod] [C47S] FREEZE clock stopped at GameTime 276300002 :: open dialog [OnScreenIndication] class=OnScreenIndication
[C47S] FREEZE clock stopped at GameTime 276300002 :: open dialog [OnScreenIndication] class=OnScreenIndication
[mod] [C47S] FREEZE clock stopped at GameTime 276300002 :: open dialog [MarsPauseDlg] class=MarsPauseDlg
[C47S] FREEZE clock stopped at GameTime 276300002 :: open dialog [MarsPauseDlg] class=MarsPauseDlg
[mod] [C47S] FREEZE clock stopped at GameTime 276300002 :: open dialog [table: 00000242FBC29750] class=nil
[C47S] FREEZE clock stopped at GameTime 276300002 :: open dialog [table: 00000242FBC29750] class=nil
[mod] [C47S] FREEZE clock stopped at GameTime 276300002 :: open dialog [XHideNonEssentialUILayer] class=XHideNonEssentialUILayer
[C47S] FREEZE clock stopped at GameTime 276300002 :: open dialog [XHideNonEssentialUILayer] class=XHideNonEssentialUILayer
[mod] [C47S] FREEZE clock stopped at GameTime 276300002 :: open dialog [table: 00000242FCE44800] class=nil
[C47S] FREEZE clock stopped at GameTime 276300002 :: open dialog [table: 00000242FCE44800] class=nil
[mod] [C47S] FREEZE clock stopped at GameTime 276300002 :: open dialog [table: 00000242F46C9E90] class=nil
[C47S] FREEZE clock stopped at GameTime 276300002 :: open dialog [table: 00000242F46C9E90] class=nil
[mod] [C47S] FREEZE clock stopped at GameTime 276300002 :: open dialog [PinsDlg] class=PinsDlg
[C47S] FREEZE clock stopped at GameTime 276300002 :: open dialog [PinsDlg] class=PinsDlg
[mod] [C47S] FREEZE clock stopped at GameTime 276300002 :: open dialog [idBlur] class=MarsBlur
[C47S] FREEZE clock stopped at GameTime 276300002 :: open dialog [idBlur] class=MarsBlur
[mod] [C47S] FREEZE clock stopped at GameTime 276300002 :: open dialog [SelectionModeDialog] class=SelectionModeDialog
[C47S] FREEZE clock stopped at GameTime 276300002 :: open dialog [SelectionModeDialog] class=SelectionModeDialog
[mod] [C47S] FREEZE clock stopped at GameTime 276300002 :: open dialog [InGameInterface] class=InGameInterface
[C47S] FREEZE clock stopped at GameTime 276300002 :: open dialog [InGameInterface] class=InGameInterface
[mod] [C47S] FREEZE clock stopped at GameTime 276300002 :: open dialog [table: 00000242FCC29D10] class=nil
[C47S] FREEZE clock stopped at GameTime 276300002 :: open dialog [table: 00000242FCC29D10] class=nil
[mod] [C47S] FREEZE clock stopped at GameTime 276300002 :: open dialog [table: 00000242F46C8A00] class=nil
[C47S] FREEZE clock stopped at GameTime 276300002 :: open dialog [table: 00000242F46C8A00] class=nil
[mod] [C47S] FREEZE clock stopped at GameTime 276300002 :: open dialog [table: 00000242F46CAD00] class=nil
[C47S] FREEZE clock stopped at GameTime 276300002 :: open dialog [table: 00000242F46CAD00] class=nil
[mod] [C47S] FREEZE clock stopped at GameTime 276300002 :: open dialog [table: 00000242F4756330] class=nil
[C47S] FREEZE clock stopped at GameTime 276300002 :: open dialog [table: 00000242F4756330] class=nil
[mod] [C47S] FREEZE clock stopped at GameTime 276300002 :: open dialog [PopupNotification] class=PopupNotification
[C47S] FREEZE clock stopped at GameTime 276300002 :: open dialog [PopupNotification] class=PopupNotification
[mod] [C47S] FREEZE clock stopped at GameTime 276300002 :: open dialog [table: 00000242F4757028] class=nil
[C47S] FREEZE clock stopped at GameTime 276300002 :: open dialog [table: 00000242F4757028] class=nil
[mod] [C47S] FREEZE clock stopped at GameTime 276300002 :: open dialog [GameNotifications] class=GameNotifications
[C47S] FREEZE clock stopped at GameTime 276300002 :: open dialog [GameNotifications] class=GameNotifications
[mod] [C47S] FREEZE clock stopped at GameTime 276300002 :: 26 entries in the Dialogs registry (XDialog.lua:2)
[C47S] FREEZE clock stopped at GameTime 276300002 :: 26 entries in the Dialogs registry (XDialog.lua:2)
[mod] [C47S] VOICETABLE at window close :: VoicesCooldown has 1 key(s) [769547039933] | VoiceQueue length=0 — ⭐ the keys are voiced-TEXT ids, not object handles (Voice.lua:355-358), so one key covers every not-working building in the colony at once
[C47S] VOICETABLE at window close :: VoicesCooldown has 1 key(s) [769547039933] | VoiceQueue length=0 — ⭐ the keys are voiced-TEXT ids, not object handles (Voice.lua:355-358), so one key covers every not-working building in the colony at once
[mod] [C47S] TRY leg Sample (yielding) ok=true result=true
[C47S] TRY leg Sample (yielding) ok=true result=true
[mod] [C47S] REPORT SPAN :: game time 459015 ms = 0.63 sols (15 game hours) | real time 112000 ms | samples taken=225 | speed asked=5x, speed at close=5x | clock frozen at=276300002 | ⛔ EVERY per-sol figure below is this window SCALED UP, not a sol that was watched — the window is 63 hundredths of a sol
[C47S] REPORT SPAN :: game time 459015 ms = 0.63 sols (15 game hours) | real time 112000 ms | samples taken=225 | speed asked=5x, speed at close=5x | clock frozen at=276300002 | ⛔ EVERY per-sol figure below is this window SCALED UP, not a sol that was watched — the window is 63 hundredths of a sol
[mod] [C47S] VOID(banner path wrapped by Opt_AcknowledgedWarnings) REPORT SUBJECT OpenFarm#15779 :: adds=4 removes=4 over 0.63 sols | adds/sol=6 | flap pairs=4 | buffer min=305 max=4025 (raw sum=583570 over n=225 ⇒ mean 2593) of max_storage=5000 | samples at ZERO=0 of 225 (0%) | refills observed=72 totalling 29145 seeds (mean 404 per refill) | not-working samples=8, of which reason='Consumption'=8 | time held in the notification: total 20169 game ms over 4 closed pairs (mean 5042, max 10588) | voice-eligible SHIPPED=0, under the entry's assumed per-object model=1
[C47S] VOID(banner path wrapped by Opt_AcknowledgedWarnings) REPORT SUBJECT OpenFarm#15779 :: adds=4 removes=4 over 0.63 sols | adds/sol=6 | flap pairs=4 | buffer min=305 max=4025 (raw sum=583570 over n=225 ⇒ mean 2593) of max_storage=5000 | samples at ZERO=0 of 225 (0%) | refills observed=72 totalling 29145 seeds (mean 404 per refill) | not-working samples=8, of which reason='Consumption'=8 | time held in the notification: total 20169 game ms over 4 closed pairs (mean 5042, max 10588) | voice-eligible SHIPPED=0, under the entry's assumed per-object model=1
[mod] [C47S] VOID(banner path wrapped by Opt_AcknowledgedWarnings) REPORT SUBJECT OpenFarm#15779 :: not-working reason histogram over the window: Consumption=8
[C47S] VOID(banner path wrapped by Opt_AcknowledgedWarnings) REPORT SUBJECT OpenFarm#15779 :: not-working reason histogram over the window: Consumption=8
[mod] [C47S] VOID(banner path wrapped by Opt_AcknowledgedWarnings) REPORT SUBJECT OpenFarm#15779 :: DRAIN EVENTS=37 totalling 29245 seeds (max single step 1700) | mean spend per drain=790 against this farm's own mean cost per hex of 366 ⇒ mean hexes actually planted per drain=215 hundredths | implied-hex histogram (hexes x events): 0x3, 1x11, 2x6, 3x11, 4x5, 5x1 | ⛔ C47's arithmetic assumes 3-5 hexes EVERY tick; an iteration only spends when it finds a free or over-represented hex (TerraformingBuilding.lua:943-961)
[C47S] VOID(banner path wrapped by Opt_AcknowledgedWarnings) REPORT SUBJECT OpenFarm#15779 :: DRAIN EVENTS=37 totalling 29245 seeds (max single step 1700) | mean spend per drain=790 against this farm's own mean cost per hex of 366 ⇒ mean hexes actually planted per drain=215 hundredths | implied-hex histogram (hexes x events): 0x3, 1x11, 2x6, 3x11, 4x5, 5x1 | ⛔ C47's arithmetic assumes 3-5 hexes EVERY tick; an iteration only spends when it finds a free or over-represented hex (TerraformingBuilding.lua:943-961)
[mod] [C47S] VOID(banner path wrapped by Opt_AcknowledgedWarnings) REPORT SUBJECT OpenFarm#15974 :: adds=0 removes=0 over 0.63 sols | adds/sol=0 | flap pairs=0 | buffer min=2041 max=4900 (raw sum=790771 over n=225 ⇒ mean 3514) of max_storage=5000 | samples at ZERO=0 of 225 (0%) | refills observed=53 totalling 21721 seeds (mean 409 per refill) | not-working samples=0, of which reason='Consumption'=0 | time held in the notification: total 0 game ms over 0 closed pairs (mean n/a, max nil) | voice-eligible SHIPPED=0, under the entry's assumed per-object model=0
[C47S] VOID(banner path wrapped by Opt_AcknowledgedWarnings) REPORT SUBJECT OpenFarm#15974 :: adds=0 removes=0 over 0.63 sols | adds/sol=0 | flap pairs=0 | buffer min=2041 max=4900 (raw sum=790771 over n=225 ⇒ mean 3514) of max_storage=5000 | samples at ZERO=0 of 225 (0%) | refills observed=53 totalling 21721 seeds (mean 409 per refill) | not-working samples=0, of which reason='Consumption'=0 | time held in the notification: total 0 game ms over 0 closed pairs (mean n/a, max nil) | voice-eligible SHIPPED=0, under the entry's assumed per-object model=0
[mod] [C47S] VOID(banner path wrapped by Opt_AcknowledgedWarnings) REPORT SUBJECT OpenFarm#15974 :: not-working reason histogram over the window: (never sampled not-working)
[C47S] VOID(banner path wrapped by Opt_AcknowledgedWarnings) REPORT SUBJECT OpenFarm#15974 :: not-working reason histogram over the window: (never sampled not-working)
[mod] [C47S] VOID(banner path wrapped by Opt_AcknowledgedWarnings) REPORT SUBJECT OpenFarm#15974 :: DRAIN EVENTS=37 totalling 20920 seeds (max single step 1200) | mean spend per drain=565 against this farm's own mean cost per hex of 233 ⇒ mean hexes actually planted per drain=242 hundredths | implied-hex histogram (hexes x events): 0x2, 1x7, 2x10, 3x13, 4x2, 5x3 | ⛔ C47's arithmetic assumes 3-5 hexes EVERY tick; an iteration only spends when it finds a free or over-represented hex (TerraformingBuilding.lua:943-961)
[C47S] VOID(banner path wrapped by Opt_AcknowledgedWarnings) REPORT SUBJECT OpenFarm#15974 :: DRAIN EVENTS=37 totalling 20920 seeds (max single step 1200) | mean spend per drain=565 against this farm's own mean cost per hex of 233 ⇒ mean hexes actually planted per drain=242 hundredths | implied-hex histogram (hexes x events): 0x2, 1x7, 2x10, 3x13, 4x2, 5x3 | ⛔ C47's arithmetic assumes 3-5 hexes EVERY tick; an iteration only spends when it finds a free or over-represented hex (TerraformingBuilding.lua:943-961)
[mod] [C47S] VOID(banner path wrapped by Opt_AcknowledgedWarnings) REPORT CONTROL ForestationPlant#2793 :: adds=0 removes=0 over 0.63 sols | adds/sol=0 | flap pairs=0 | buffer min=8913 max=9273 (raw sum=2056285 over n=225 ⇒ mean 9139) of max_storage=10000 | samples at ZERO=0 of 225 (0%) | refills observed=3 totalling 840 seeds (mean 280 per refill) | not-working samples=0, of which reason='Consumption'=0 | time held in the notification: total 0 game ms over 0 closed pairs (mean n/a, max nil) | voice-eligible SHIPPED=0, under the entry's assumed per-object model=0
[C47S] VOID(banner path wrapped by Opt_AcknowledgedWarnings) REPORT CONTROL ForestationPlant#2793 :: adds=0 removes=0 over 0.63 sols | adds/sol=0 | flap pairs=0 | buffer min=8913 max=9273 (raw sum=2056285 over n=225 ⇒ mean 9139) of max_storage=10000 | samples at ZERO=0 of 225 (0%) | refills observed=3 totalling 840 seeds (mean 280 per refill) | not-working samples=0, of which reason='Consumption'=0 | time held in the notification: total 0 game ms over 0 closed pairs (mean n/a, max nil) | voice-eligible SHIPPED=0, under the entry's assumed per-object model=0
						Lua 0:02:39:604
[mod] [C47S] VOID(banner path wrapped by Opt_AcknowledgedWarnings) REPORT CONTROL ForestationPlant#2793 :: not-working reason histogram over the window: (never sampled not-working)
[C47S] VOID(banner path wrapped by Opt_AcknowledgedWarnings) REPORT CONTROL ForestationPlant#2793 :: not-working reason histogram over the window: (never sampled not-working)
[mod] [C47S] VOID(banner path wrapped by Opt_AcknowledgedWarnings) REPORT CONTROL ForestationPlant#2793 :: DRAIN EVENTS=5 totalling 500 seeds (max single step 100) | mean spend per drain=100 against this farm's own mean cost per hex of 116 ⇒ mean hexes actually planted per drain=86 hundredths | implied-hex histogram (hexes x events): 1x5 | ⛔ C47's arithmetic assumes 3-5 hexes EVERY tick; an iteration only spends when it finds a free or over-represented hex (TerraformingBuilding.lua:943-961)
[C47S] VOID(banner path wrapped by Opt_AcknowledgedWarnings) REPORT CONTROL ForestationPlant#2793 :: DRAIN EVENTS=5 totalling 500 seeds (max single step 100) | mean spend per drain=100 against this farm's own mean cost per hex of 116 ⇒ mean hexes actually planted per drain=86 hundredths | implied-hex histogram (hexes x events): 1x5 | ⛔ C47's arithmetic assumes 3-5 hexes EVERY tick; an iteration only spends when it finds a free or over-represented hex (TerraformingBuilding.lua:943-961)
[mod] [C47S] VOID(banner path wrapped by Opt_AcknowledgedWarnings) REPORT CONTROL ForestationPlant#3790 :: adds=0 removes=0 over 0.63 sols | adds/sol=0 | flap pairs=0 | buffer min=8913 max=9233 (raw sum=2048445 over n=225 ⇒ mean 9104) of max_storage=10000 | samples at ZERO=0 of 225 (0%) | refills observed=3 totalling 840 seeds (mean 280 per refill) | not-working samples=0, of which reason='Consumption'=0 | time held in the notification: total 0 game ms over 0 closed pairs (mean n/a, max nil) | voice-eligible SHIPPED=0, under the entry's assumed per-object model=0
[C47S] VOID(banner path wrapped by Opt_AcknowledgedWarnings) REPORT CONTROL ForestationPlant#3790 :: adds=0 removes=0 over 0.63 sols | adds/sol=0 | flap pairs=0 | buffer min=8913 max=9233 (raw sum=2048445 over n=225 ⇒ mean 9104) of max_storage=10000 | samples at ZERO=0 of 225 (0%) | refills observed=3 totalling 840 seeds (mean 280 per refill) | not-working samples=0, of which reason='Consumption'=0 | time held in the notification: total 0 game ms over 0 closed pairs (mean n/a, max nil) | voice-eligible SHIPPED=0, under the entry's assumed per-object model=0
[mod] [C47S] VOID(banner path wrapped by Opt_AcknowledgedWarnings) REPORT CONTROL ForestationPlant#3790 :: not-working reason histogram over the window: (never sampled not-working)
[C47S] VOID(banner path wrapped by Opt_AcknowledgedWarnings) REPORT CONTROL ForestationPlant#3790 :: not-working reason histogram over the window: (never sampled not-working)
[mod] [C47S] VOID(banner path wrapped by Opt_AcknowledgedWarnings) REPORT CONTROL ForestationPlant#3790 :: DRAIN EVENTS=7 totalling 700 seeds (max single step 100) | mean spend per drain=100 against this farm's own mean cost per hex of 116 ⇒ mean hexes actually planted per drain=86 hundredths | implied-hex histogram (hexes x events): 1x7 | ⛔ C47's arithmetic assumes 3-5 hexes EVERY tick; an iteration only spends when it finds a free or over-represented hex (TerraformingBuilding.lua:943-961)
[C47S] VOID(banner path wrapped by Opt_AcknowledgedWarnings) REPORT CONTROL ForestationPlant#3790 :: DRAIN EVENTS=7 totalling 700 seeds (max single step 100) | mean spend per drain=100 against this farm's own mean cost per hex of 116 ⇒ mean hexes actually planted per drain=86 hundredths | implied-hex histogram (hexes x events): 1x7 | ⛔ C47's arithmetic assumes 3-5 hexes EVERY tick; an iteration only spends when it finds a free or over-represented hex (TerraformingBuilding.lua:943-961)
[mod] [C47S] VOID(banner path wrapped by Opt_AcknowledgedWarnings) REPORT CONTROL ForestationPlant#4089 :: adds=0 removes=0 over 0.63 sols | adds/sol=0 | flap pairs=0 | buffer min=8866 max=9216 (raw sum=2044240 over n=225 ⇒ mean 9085) of max_storage=10000 | samples at ZERO=0 of 225 (0%) | refills observed=2 totalling 560 seeds (mean 280 per refill) | not-working samples=0, of which reason='Consumption'=0 | time held in the notification: total 0 game ms over 0 closed pairs (mean n/a, max nil) | voice-eligible SHIPPED=0, under the entry's assumed per-object model=0
[C47S] VOID(banner path wrapped by Opt_AcknowledgedWarnings) REPORT CONTROL ForestationPlant#4089 :: adds=0 removes=0 over 0.63 sols | adds/sol=0 | flap pairs=0 | buffer min=8866 max=9216 (raw sum=2044240 over n=225 ⇒ mean 9085) of max_storage=10000 | samples at ZERO=0 of 225 (0%) | refills observed=2 totalling 560 seeds (mean 280 per refill) | not-working samples=0, of which reason='Consumption'=0 | time held in the notification: total 0 game ms over 0 closed pairs (mean n/a, max nil) | voice-eligible SHIPPED=0, under the entry's assumed per-object model=0
[mod] [C47S] VOID(banner path wrapped by Opt_AcknowledgedWarnings) REPORT CONTROL ForestationPlant#4089 :: not-working reason histogram over the window: (never sampled not-working)
[C47S] VOID(banner path wrapped by Opt_AcknowledgedWarnings) REPORT CONTROL ForestationPlant#4089 :: not-working reason histogram over the window: (never sampled not-working)
[mod] [C47S] VOID(banner path wrapped by Opt_AcknowledgedWarnings) REPORT CONTROL ForestationPlant#4089 :: DRAIN EVENTS=5 totalling 550 seeds (max single step 150) | mean spend per drain=110 against this farm's own mean cost per hex of 116 ⇒ mean hexes actually planted per drain=94 hundredths | implied-hex histogram (hexes x events): 1x5 | ⛔ C47's arithmetic assumes 3-5 hexes EVERY tick; an iteration only spends when it finds a free or over-represented hex (TerraformingBuilding.lua:943-961)
[C47S] VOID(banner path wrapped by Opt_AcknowledgedWarnings) REPORT CONTROL ForestationPlant#4089 :: DRAIN EVENTS=5 totalling 550 seeds (max single step 150) | mean spend per drain=110 against this farm's own mean cost per hex of 116 ⇒ mean hexes actually planted per drain=94 hundredths | implied-hex histogram (hexes x events): 1x5 | ⛔ C47's arithmetic assumes 3-5 hexes EVERY tick; an iteration only spends when it finds a free or over-represented hex (TerraformingBuilding.lua:943-961)
[mod] [C47S] VOID(banner path wrapped by Opt_AcknowledgedWarnings) REPORT CONTROL ForestationPlant#6324 :: adds=0 removes=0 over 0.63 sols | adds/sol=0 | flap pairs=0 | buffer min=8960 max=10000 (raw sum=2150680 over n=225 ⇒ mean 9558) of max_storage=10000 | samples at ZERO=0 of 225 (0%) | refills observed=1 totalling 1040 seeds (mean 1040 per refill) | not-working samples=0, of which reason='Consumption'=0 | time held in the notification: total 0 game ms over 0 closed pairs (mean n/a, max nil) | voice-eligible SHIPPED=0, under the entry's assumed per-object model=0
[C47S] VOID(banner path wrapped by Opt_AcknowledgedWarnings) REPORT CONTROL ForestationPlant#6324 :: adds=0 removes=0 over 0.63 sols | adds/sol=0 | flap pairs=0 | buffer min=8960 max=10000 (raw sum=2150680 over n=225 ⇒ mean 9558) of max_storage=10000 | samples at ZERO=0 of 225 (0%) | refills observed=1 totalling 1040 seeds (mean 1040 per refill) | not-working samples=0, of which reason='Consumption'=0 | time held in the notification: total 0 game ms over 0 closed pairs (mean n/a, max nil) | voice-eligible SHIPPED=0, under the entry's assumed per-object model=0
[mod] [C47S] VOID(banner path wrapped by Opt_AcknowledgedWarnings) REPORT CONTROL ForestationPlant#6324 :: not-working reason histogram over the window: (never sampled not-working)
[C47S] VOID(banner path wrapped by Opt_AcknowledgedWarnings) REPORT CONTROL ForestationPlant#6324 :: not-working reason histogram over the window: (never sampled not-working)
[mod] [C47S] VOID(banner path wrapped by Opt_AcknowledgedWarnings) REPORT CONTROL ForestationPlant#6324 :: DRAIN EVENTS=8 totalling 800 seeds (max single step 100) | mean spend per drain=100 against this farm's own mean cost per hex of 250 ⇒ mean hexes actually planted per drain=40 hundredths | implied-hex histogram (hexes x events): 0x8 | ⛔ C47's arithmetic assumes 3-5 hexes EVERY tick; an iteration only spends when it finds a free or over-represented hex (TerraformingBuilding.lua:943-961)
[C47S] VOID(banner path wrapped by Opt_AcknowledgedWarnings) REPORT CONTROL ForestationPlant#6324 :: DRAIN EVENTS=8 totalling 800 seeds (max single step 100) | mean spend per drain=100 against this farm's own mean cost per hex of 250 ⇒ mean hexes actually planted per drain=40 hundredths | implied-hex histogram (hexes x events): 0x8 | ⛔ C47's arithmetic assumes 3-5 hexes EVERY tick; an iteration only spends when it finds a free or over-represented hex (TerraformingBuilding.lua:943-961)
[mod] [C47S] VOID(banner path wrapped by Opt_AcknowledgedWarnings) REPORT CONTROL ForestationPlant#6325 :: adds=0 removes=0 over 0.63 sols | adds/sol=0 | flap pairs=0 | buffer min=8520 max=10000 (raw sum=2081240 over n=225 ⇒ mean 9249) of max_storage=10000 | samples at ZERO=0 of 225 (0%) | refills observed=7 totalling 3500 seeds (mean 500 per refill) | not-working samples=0, of which reason='Consumption'=0 | time held in the notification: total 0 game ms over 0 closed pairs (mean n/a, max nil) | voice-eligible SHIPPED=0, under the entry's assumed per-object model=0
[C47S] VOID(banner path wrapped by Opt_AcknowledgedWarnings) REPORT CONTROL ForestationPlant#6325 :: adds=0 removes=0 over 0.63 sols | adds/sol=0 | flap pairs=0 | buffer min=8520 max=10000 (raw sum=2081240 over n=225 ⇒ mean 9249) of max_storage=10000 | samples at ZERO=0 of 225 (0%) | refills observed=7 totalling 3500 seeds (mean 500 per refill) | not-working samples=0, of which reason='Consumption'=0 | time held in the notification: total 0 game ms over 0 closed pairs (mean n/a, max nil) | voice-eligible SHIPPED=0, under the entry's assumed per-object model=0
[mod] [C47S] VOID(banner path wrapped by Opt_AcknowledgedWarnings) REPORT CONTROL ForestationPlant#6325 :: not-working reason histogram over the window: (never sampled not-working)
[C47S] VOID(banner path wrapped by Opt_AcknowledgedWarnings) REPORT CONTROL ForestationPlant#6325 :: not-working reason histogram over the window: (never sampled not-working)
[mod] [C47S] VOID(banner path wrapped by Opt_AcknowledgedWarnings) REPORT CONTROL ForestationPlant#6325 :: DRAIN EVENTS=8 totalling 4000 seeds (max single step 500) | mean spend per drain=500 against this farm's own mean cost per hex of 250 ⇒ mean hexes actually planted per drain=200 hundredths | implied-hex histogram (hexes x events): 2x8 | ⛔ C47's arithmetic assumes 3-5 hexes EVERY tick; an iteration only spends when it finds a free or over-represented hex (TerraformingBuilding.lua:943-961)
[C47S] VOID(banner path wrapped by Opt_AcknowledgedWarnings) REPORT CONTROL ForestationPlant#6325 :: DRAIN EVENTS=8 totalling 4000 seeds (max single step 500) | mean spend per drain=500 against this farm's own mean cost per hex of 250 ⇒ mean hexes actually planted per drain=200 hundredths | implied-hex histogram (hexes x events): 2x8 | ⛔ C47's arithmetic assumes 3-5 hexes EVERY tick; an iteration only spends when it finds a free or over-represented hex (TerraformingBuilding.lua:943-961)
[mod] [C47S] VOID(banner path wrapped by Opt_AcknowledgedWarnings) REPORT CONTROL ForestationPlant#6620 :: adds=0 removes=0 over 0.63 sols | adds/sol=0 | flap pairs=0 | buffer min=8939 max=9251 (raw sum=2057961 over n=225 ⇒ mean 9146) of max_storage=10000 | samples at ZERO=0 of 225 (0%) | refills observed=20 totalling 672 seeds (mean 33 per refill) | not-working samples=0, of which reason='Consumption'=0 | time held in the notification: total 0 game ms over 0 closed pairs (mean n/a, max nil) | voice-eligible SHIPPED=0, under the entry's assumed per-object model=0
[C47S] VOID(banner path wrapped by Opt_AcknowledgedWarnings) REPORT CONTROL ForestationPlant#6620 :: adds=0 removes=0 over 0.63 sols | adds/sol=0 | flap pairs=0 | buffer min=8939 max=9251 (raw sum=2057961 over n=225 ⇒ mean 9146) of max_storage=10000 | samples at ZERO=0 of 225 (0%) | refills observed=20 totalling 672 seeds (mean 33 per refill) | not-working samples=0, of which reason='Consumption'=0 | time held in the notification: total 0 game ms over 0 closed pairs (mean n/a, max nil) | voice-eligible SHIPPED=0, under the entry's assumed per-object model=0
[mod] [C47S] VOID(banner path wrapped by Opt_AcknowledgedWarnings) REPORT CONTROL ForestationPlant#6620 :: not-working reason histogram over the window: (never sampled not-working)
[C47S] VOID(banner path wrapped by Opt_AcknowledgedWarnings) REPORT CONTROL ForestationPlant#6620 :: not-working reason histogram over the window: (never sampled not-working)
[mod] [C47S] VOID(banner path wrapped by Opt_AcknowledgedWarnings) REPORT CONTROL ForestationPlant#6620 :: DRAIN EVENTS=6 totalling 600 seeds (max single step 100) | mean spend per drain=100 against this farm's own mean cost per hex of 116 ⇒ mean hexes actually planted per drain=86 hundredths | implied-hex histogram (hexes x events): 1x6 | ⛔ C47's arithmetic assumes 3-5 hexes EVERY tick; an iteration only spends when it finds a free or over-represented hex (TerraformingBuilding.lua:943-961)
[C47S] VOID(banner path wrapped by Opt_AcknowledgedWarnings) REPORT CONTROL ForestationPlant#6620 :: DRAIN EVENTS=6 totalling 600 seeds (max single step 100) | mean spend per drain=100 against this farm's own mean cost per hex of 116 ⇒ mean hexes actually planted per drain=86 hundredths | implied-hex histogram (hexes x events): 1x6 | ⛔ C47's arithmetic assumes 3-5 hexes EVERY tick; an iteration only spends when it finds a free or over-represented hex (TerraformingBuilding.lua:943-961)
[mod] [C47S] VOID(banner path wrapped by Opt_AcknowledgedWarnings) REPORT CONTROL ForestationPlant#6622 :: adds=0 removes=0 over 0.63 sols | adds/sol=0 | flap pairs=0 | buffer min=8938 max=9248 (raw sum=2048434 over n=225 ⇒ mean 9104) of max_storage=10000 | samples at ZERO=0 of 225 (0%) | refills observed=21 totalling 670 seeds (mean 31 per refill) | not-working samples=0, of which reason='Consumption'=0 | time held in the notification: total 0 game ms over 0 closed pairs (mean n/a, max nil) | voice-eligible SHIPPED=0, under the entry's assumed per-object model=0
[C47S] VOID(banner path wrapped by Opt_AcknowledgedWarnings) REPORT CONTROL ForestationPlant#6622 :: adds=0 removes=0 over 0.63 sols | adds/sol=0 | flap pairs=0 | buffer min=8938 max=9248 (raw sum=2048434 over n=225 ⇒ mean 9104) of max_storage=10000 | samples at ZERO=0 of 225 (0%) | refills observed=21 totalling 670 seeds (mean 31 per refill) | not-working samples=0, of which reason='Consumption'=0 | time held in the notification: total 0 game ms over 0 closed pairs (mean n/a, max nil) | voice-eligible SHIPPED=0, under the entry's assumed per-object model=0
[mod] [C47S] VOID(banner path wrapped by Opt_AcknowledgedWarnings) REPORT CONTROL ForestationPlant#6622 :: not-working reason histogram over the window: (never sampled not-working)
[C47S] VOID(banner path wrapped by Opt_AcknowledgedWarnings) REPORT CONTROL ForestationPlant#6622 :: not-working reason histogram over the window: (never sampled not-working)
[mod] [C47S] VOID(banner path wrapped by Opt_AcknowledgedWarnings) REPORT CONTROL ForestationPlant#6622 :: DRAIN EVENTS=8 totalling 800 seeds (max single step 100) | mean spend per drain=100 against this farm's own mean cost per hex of 116 ⇒ mean hexes actually planted per drain=86 hundredths | implied-hex histogram (hexes x events): 1x8 | ⛔ C47's arithmetic assumes 3-5 hexes EVERY tick; an iteration only spends when it finds a free or over-represented hex (TerraformingBuilding.lua:943-961)
[C47S] VOID(banner path wrapped by Opt_AcknowledgedWarnings) REPORT CONTROL ForestationPlant#6622 :: DRAIN EVENTS=8 totalling 800 seeds (max single step 100) | mean spend per drain=100 against this farm's own mean cost per hex of 116 ⇒ mean hexes actually planted per drain=86 hundredths | implied-hex histogram (hexes x events): 1x8 | ⛔ C47's arithmetic assumes 3-5 hexes EVERY tick; an iteration only spends when it finds a free or over-represented hex (TerraformingBuilding.lua:943-961)
[mod] [C47S] VOID(banner path wrapped by Opt_AcknowledgedWarnings) REPORT CONTROL ForestationPlant#6836 :: adds=0 removes=0 over 0.63 sols | adds/sol=0 | flap pairs=0 | buffer min=8875 max=9187 (raw sum=2031597 over n=225 ⇒ mean 9029) of max_storage=10000 | samples at ZERO=0 of 225 (0%) | refills observed=22 totalling 954 seeds (mean 43 per refill) | not-working samples=0, of which reason='Consumption'=0 | time held in the notification: total 0 game ms over 0 closed pairs (mean n/a, max nil) | voice-eligible SHIPPED=0, under the entry's assumed per-object model=0
[C47S] VOID(banner path wrapped by Opt_AcknowledgedWarnings) REPORT CONTROL ForestationPlant#6836 :: adds=0 removes=0 over 0.63 sols | adds/sol=0 | flap pairs=0 | buffer min=8875 max=9187 (raw sum=2031597 over n=225 ⇒ mean 9029) of max_storage=10000 | samples at ZERO=0 of 225 (0%) | refills observed=22 totalling 954 seeds (mean 43 per refill) | not-working samples=0, of which reason='Consumption'=0 | time held in the notification: total 0 game ms over 0 closed pairs (mean n/a, max nil) | voice-eligible SHIPPED=0, under the entry's assumed per-object model=0
[mod] [C47S] VOID(banner path wrapped by Opt_AcknowledgedWarnings) REPORT CONTROL ForestationPlant#6836 :: not-working reason histogram over the window: (never sampled not-working)
[C47S] VOID(banner path wrapped by Opt_AcknowledgedWarnings) REPORT CONTROL ForestationPlant#6836 :: not-working reason histogram over the window: (never sampled not-working)
[mod] [C47S] VOID(banner path wrapped by Opt_AcknowledgedWarnings) REPORT CONTROL ForestationPlant#6836 :: DRAIN EVENTS=8 totalling 1194 seeds (max single step 150) | mean spend per drain=149 against this farm's own mean cost per hex of 116 ⇒ mean hexes actually planted per drain=128 hundredths | implied-hex histogram (hexes x events): 1x8 | ⛔ C47's arithmetic assumes 3-5 hexes EVERY tick; an iteration only spends when it finds a free or over-represented hex (TerraformingBuilding.lua:943-961)
[C47S] VOID(banner path wrapped by Opt_AcknowledgedWarnings) REPORT CONTROL ForestationPlant#6836 :: DRAIN EVENTS=8 totalling 1194 seeds (max single step 150) | mean spend per drain=149 against this farm's own mean cost per hex of 116 ⇒ mean hexes actually planted per drain=128 hundredths | implied-hex histogram (hexes x events): 1x8 | ⛔ C47's arithmetic assumes 3-5 hexes EVERY tick; an iteration only spends when it finds a free or over-represented hex (TerraformingBuilding.lua:943-961)
[mod] [C47S] VOID(banner path wrapped by Opt_AcknowledgedWarnings) REPORT CONTROL ForestationPlant#6958 :: adds=0 removes=0 over 0.63 sols | adds/sol=0 | flap pairs=0 | buffer min=8937 max=9271 (raw sum=2056395 over n=225 ⇒ mean 9139) of max_storage=10000 | samples at ZERO=0 of 225 (0%) | refills observed=22 totalling 952 seeds (mean 43 per refill) | not-working samples=0, of which reason='Consumption'=0 | time held in the notification: total 0 game ms over 0 closed pairs (mean n/a, max nil) | voice-eligible SHIPPED=0, under the entry's assumed per-object model=0
[C47S] VOID(banner path wrapped by Opt_AcknowledgedWarnings) REPORT CONTROL ForestationPlant#6958 :: adds=0 removes=0 over 0.63 sols | adds/sol=0 | flap pairs=0 | buffer min=8937 max=9271 (raw sum=2056395 over n=225 ⇒ mean 9139) of max_storage=10000 | samples at ZERO=0 of 225 (0%) | refills observed=22 totalling 952 seeds (mean 43 per refill) | not-working samples=0, of which reason='Consumption'=0 | time held in the notification: total 0 game ms over 0 closed pairs (mean n/a, max nil) | voice-eligible SHIPPED=0, under the entry's assumed per-object model=0
[mod] [C47S] VOID(banner path wrapped by Opt_AcknowledgedWarnings) REPORT CONTROL ForestationPlant#6958 :: not-working reason histogram over the window: (never sampled not-working)
[C47S] VOID(banner path wrapped by Opt_AcknowledgedWarnings) REPORT CONTROL ForestationPlant#6958 :: not-working reason histogram over the window: (never sampled not-working)
[mod] [C47S] VOID(banner path wrapped by Opt_AcknowledgedWarnings) REPORT CONTROL ForestationPlant#6958 :: DRAIN EVENTS=8 totalling 794 seeds (max single step 100) | mean spend per drain=99 against this farm's own mean cost per hex of 116 ⇒ mean hexes actually planted per drain=85 hundredths | implied-hex histogram (hexes x events): 1x8 | ⛔ C47's arithmetic assumes 3-5 hexes EVERY tick; an iteration only spends when it finds a free or over-represented hex (TerraformingBuilding.lua:943-961)
[C47S] VOID(banner path wrapped by Opt_AcknowledgedWarnings) REPORT CONTROL ForestationPlant#6958 :: DRAIN EVENTS=8 totalling 794 seeds (max single step 100) | mean spend per drain=99 against this farm's own mean cost per hex of 116 ⇒ mean hexes actually planted per drain=85 hundredths | implied-hex histogram (hexes x events): 1x8 | ⛔ C47's arithmetic assumes 3-5 hexes EVERY tick; an iteration only spends when it finds a free or over-represented hex (TerraformingBuilding.lua:943-961)
[mod] [C47S] VOID(banner path wrapped by Opt_AcknowledgedWarnings) REPORT CONTROL ForestationPlant#7004 :: adds=0 removes=0 over 0.63 sols | adds/sol=0 | flap pairs=0 | buffer min=8905 max=9225 (raw sum=2036985 over n=225 ⇒ mean 9053) of max_storage=10000 | samples at ZERO=0 of 225 (0%) | refills observed=2 totalling 560 seeds (mean 280 per refill) | not-working samples=0, of which reason='Consumption'=0 | time held in the notification: total 0 game ms over 0 closed pairs (mean n/a, max nil) | voice-eligible SHIPPED=0, under the entry's assumed per-object model=0
[C47S] VOID(banner path wrapped by Opt_AcknowledgedWarnings) REPORT CONTROL ForestationPlant#7004 :: adds=0 removes=0 over 0.63 sols | adds/sol=0 | flap pairs=0 | buffer min=8905 max=9225 (raw sum=2036985 over n=225 ⇒ mean 9053) of max_storage=10000 | samples at ZERO=0 of 225 (0%) | refills observed=2 totalling 560 seeds (mean 280 per refill) | not-working samples=0, of which reason='Consumption'=0 | time held in the notification: total 0 game ms over 0 closed pairs (mean n/a, max nil) | voice-eligible SHIPPED=0, under the entry's assumed per-object model=0
[mod] [C47S] VOID(banner path wrapped by Opt_AcknowledgedWarnings) REPORT CONTROL ForestationPlant#7004 :: not-working reason histogram over the window: (never sampled not-working)
[C47S] VOID(banner path wrapped by Opt_AcknowledgedWarnings) REPORT CONTROL ForestationPlant#7004 :: not-working reason histogram over the window: (never sampled not-working)
[mod] [C47S] VOID(banner path wrapped by Opt_AcknowledgedWarnings) REPORT CONTROL ForestationPlant#7004 :: DRAIN EVENTS=8 totalling 800 seeds (max single step 100) | mean spend per drain=100 against this farm's own mean cost per hex of 116 ⇒ mean hexes actually planted per drain=86 hundredths | implied-hex histogram (hexes x events): 1x8 | ⛔ C47's arithmetic assumes 3-5 hexes EVERY tick; an iteration only spends when it finds a free or over-represented hex (TerraformingBuilding.lua:943-961)
[C47S] VOID(banner path wrapped by Opt_AcknowledgedWarnings) REPORT CONTROL ForestationPlant#7004 :: DRAIN EVENTS=8 totalling 800 seeds (max single step 100) | mean spend per drain=100 against this farm's own mean cost per hex of 116 ⇒ mean hexes actually planted per drain=86 hundredths | implied-hex histogram (hexes x events): 1x8 | ⛔ C47's arithmetic assumes 3-5 hexes EVERY tick; an iteration only spends when it finds a free or over-represented hex (TerraformingBuilding.lua:943-961)
[mod] [C47S] VOID(banner path wrapped by Opt_AcknowledgedWarnings) REPORT CONTROL ForestationPlant#7016 :: adds=0 removes=0 over 0.63 sols | adds/sol=0 | flap pairs=0 | buffer min=8930 max=9550 (raw sum=2068180 over n=225 ⇒ mean 9191) of max_storage=10000 | samples at ZERO=0 of 225 (0%) | refills observed=2 totalling 560 seeds (mean 280 per refill) | not-working samples=0, of which reason='Consumption'=0 | time held in the notification: total 0 game ms over 0 closed pairs (mean n/a, max nil) | voice-eligible SHIPPED=0, under the entry's assumed per-object model=0
[C47S] VOID(banner path wrapped by Opt_AcknowledgedWarnings) REPORT CONTROL ForestationPlant#7016 :: adds=0 removes=0 over 0.63 sols | adds/sol=0 | flap pairs=0 | buffer min=8930 max=9550 (raw sum=2068180 over n=225 ⇒ mean 9191) of max_storage=10000 | samples at ZERO=0 of 225 (0%) | refills observed=2 totalling 560 seeds (mean 280 per refill) | not-working samples=0, of which reason='Consumption'=0 | time held in the notification: total 0 game ms over 0 closed pairs (mean n/a, max nil) | voice-eligible SHIPPED=0, under the entry's assumed per-object model=0
[mod] [C47S] VOID(banner path wrapped by Opt_AcknowledgedWarnings) REPORT CONTROL ForestationPlant#7016 :: not-working reason histogram over the window: (never sampled not-working)
[C47S] VOID(banner path wrapped by Opt_AcknowledgedWarnings) REPORT CONTROL ForestationPlant#7016 :: not-working reason histogram over the window: (never sampled not-working)
[mod] [C47S] VOID(banner path wrapped by Opt_AcknowledgedWarnings) REPORT CONTROL ForestationPlant#7016 :: DRAIN EVENTS=7 totalling 1050 seeds (max single step 150) | mean spend per drain=150 against this farm's own mean cost per hex of 250 ⇒ mean hexes actually planted per drain=60 hundredths | implied-hex histogram (hexes x events): 1x7 | ⛔ C47's arithmetic assumes 3-5 hexes EVERY tick; an iteration only spends when it finds a free or over-represented hex (TerraformingBuilding.lua:943-961)
[C47S] VOID(banner path wrapped by Opt_AcknowledgedWarnings) REPORT CONTROL ForestationPlant#7016 :: DRAIN EVENTS=7 totalling 1050 seeds (max single step 150) | mean spend per drain=150 against this farm's own mean cost per hex of 250 ⇒ mean hexes actually planted per drain=60 hundredths | implied-hex histogram (hexes x events): 1x7 | ⛔ C47's arithmetic assumes 3-5 hexes EVERY tick; an iteration only spends when it finds a free or over-represented hex (TerraformingBuilding.lua:943-961)
[mod] [C47S] VOID(banner path wrapped by Opt_AcknowledgedWarnings) REPORT CONTROL ForestationPlant#14623 :: adds=0 removes=0 over 0.63 sols | adds/sol=0 | flap pairs=0 | buffer min=8422 max=9262 (raw sum=2024530 over n=225 ⇒ mean 8997) of max_storage=10000 | samples at ZERO=0 of 225 (0%) | refills observed=12 totalling 3920 seeds (mean 326 per refill) | not-working samples=0, of which reason='Consumption'=0 | time held in the notification: total 0 game ms over 0 closed pairs (mean n/a, max nil) | voice-eligible SHIPPED=0, under the entry's assumed per-object model=0
[C47S] VOID(banner path wrapped by Opt_AcknowledgedWarnings) REPORT CONTROL ForestationPlant#14623 :: adds=0 removes=0 over 0.63 sols | adds/sol=0 | flap pairs=0 | buffer min=8422 max=9262 (raw sum=2024530 over n=225 ⇒ mean 8997) of max_storage=10000 | samples at ZERO=0 of 225 (0%) | refills observed=12 totalling 3920 seeds (mean 326 per refill) | not-working samples=0, of which reason='Consumption'=0 | time held in the notification: total 0 game ms over 0 closed pairs (mean n/a, max nil) | voice-eligible SHIPPED=0, under the entry's assumed per-object model=0
[mod] [C47S] VOID(banner path wrapped by Opt_AcknowledgedWarnings) REPORT CONTROL ForestationPlant#14623 :: not-working reason histogram over the window: (never sampled not-working)
[C47S] VOID(banner path wrapped by Opt_AcknowledgedWarnings) REPORT CONTROL ForestationPlant#14623 :: not-working reason histogram over the window: (never sampled not-working)
[mod] [C47S] VOID(banner path wrapped by Opt_AcknowledgedWarnings) REPORT CONTROL ForestationPlant#14623 :: DRAIN EVENTS=8 totalling 4000 seeds (max single step 500) | mean spend per drain=500 against this farm's own mean cost per hex of 250 ⇒ mean hexes actually planted per drain=200 hundredths | implied-hex histogram (hexes x events): 2x8 | ⛔ C47's arithmetic assumes 3-5 hexes EVERY tick; an iteration only spends when it finds a free or over-represented hex (TerraformingBuilding.lua:943-961)
[C47S] VOID(banner path wrapped by Opt_AcknowledgedWarnings) REPORT CONTROL ForestationPlant#14623 :: DRAIN EVENTS=8 totalling 4000 seeds (max single step 500) | mean spend per drain=500 against this farm's own mean cost per hex of 250 ⇒ mean hexes actually planted per drain=200 hundredths | implied-hex histogram (hexes x events): 2x8 | ⛔ C47's arithmetic assumes 3-5 hexes EVERY tick; an iteration only spends when it finds a free or over-represented hex (TerraformingBuilding.lua:943-961)
[mod] [C47S] VOID(banner path wrapped by Opt_AcknowledgedWarnings) REPORT CONTROL ForestationPlant#14625 :: adds=0 removes=0 over 0.63 sols | adds/sol=0 | flap pairs=0 | buffer min=8503 max=9243 (raw sum=2035675 over n=225 ⇒ mean 9047) of max_storage=10000 | samples at ZERO=0 of 225 (0%) | refills observed=14 totalling 4200 seeds (mean 300 per refill) | not-working samples=0, of which reason='Consumption'=0 | time held in the notification: total 0 game ms over 0 closed pairs (mean n/a, max nil) | voice-eligible SHIPPED=0, under the entry's assumed per-object model=0
[C47S] VOID(banner path wrapped by Opt_AcknowledgedWarnings) REPORT CONTROL ForestationPlant#14625 :: adds=0 removes=0 over 0.63 sols | adds/sol=0 | flap pairs=0 | buffer min=8503 max=9243 (raw sum=2035675 over n=225 ⇒ mean 9047) of max_storage=10000 | samples at ZERO=0 of 225 (0%) | refills observed=14 totalling 4200 seeds (mean 300 per refill) | not-working samples=0, of which reason='Consumption'=0 | time held in the notification: total 0 game ms over 0 closed pairs (mean n/a, max nil) | voice-eligible SHIPPED=0, under the entry's assumed per-object model=0
[mod] [C47S] VOID(banner path wrapped by Opt_AcknowledgedWarnings) REPORT CONTROL ForestationPlant#14625 :: not-working reason histogram over the window: (never sampled not-working)
[C47S] VOID(banner path wrapped by Opt_AcknowledgedWarnings) REPORT CONTROL ForestationPlant#14625 :: not-working reason histogram over the window: (never sampled not-working)
[mod] [C47S] VOID(banner path wrapped by Opt_AcknowledgedWarnings) REPORT CONTROL ForestationPlant#14625 :: DRAIN EVENTS=8 totalling 4000 seeds (max single step 500) | mean spend per drain=500 against this farm's own mean cost per hex of 250 ⇒ mean hexes actually planted per drain=200 hundredths | implied-hex histogram (hexes x events): 2x8 | ⛔ C47's arithmetic assumes 3-5 hexes EVERY tick; an iteration only spends when it finds a free or over-represented hex (TerraformingBuilding.lua:943-961)
[C47S] VOID(banner path wrapped by Opt_AcknowledgedWarnings) REPORT CONTROL ForestationPlant#14625 :: DRAIN EVENTS=8 totalling 4000 seeds (max single step 500) | mean spend per drain=500 against this farm's own mean cost per hex of 250 ⇒ mean hexes actually planted per drain=200 hundredths | implied-hex histogram (hexes x events): 2x8 | ⛔ C47's arithmetic assumes 3-5 hexes EVERY tick; an iteration only spends when it finds a free or over-represented hex (TerraformingBuilding.lua:943-961)
						Lua 0:02:39:605
[mod] [C47S] VOID(banner path wrapped by Opt_AcknowledgedWarnings) REPORT CONTROL ForestationPlant#14627 :: adds=0 removes=0 over 0.63 sols | adds/sol=0 | flap pairs=0 | buffer min=8510 max=9250 (raw sum=2023950 over n=225 ⇒ mean 8995) of max_storage=10000 | samples at ZERO=0 of 225 (0%) | refills observed=12 totalling 4200 seeds (mean 350 per refill) | not-working samples=0, of which reason='Consumption'=0 | time held in the notification: total 0 game ms over 0 closed pairs (mean n/a, max nil) | voice-eligible SHIPPED=0, under the entry's assumed per-object model=0
[C47S] VOID(banner path wrapped by Opt_AcknowledgedWarnings) REPORT CONTROL ForestationPlant#14627 :: adds=0 removes=0 over 0.63 sols | adds/sol=0 | flap pairs=0 | buffer min=8510 max=9250 (raw sum=2023950 over n=225 ⇒ mean 8995) of max_storage=10000 | samples at ZERO=0 of 225 (0%) | refills observed=12 totalling 4200 seeds (mean 350 per refill) | not-working samples=0, of which reason='Consumption'=0 | time held in the notification: total 0 game ms over 0 closed pairs (mean n/a, max nil) | voice-eligible SHIPPED=0, under the entry's assumed per-object model=0
[mod] [C47S] VOID(banner path wrapped by Opt_AcknowledgedWarnings) REPORT CONTROL ForestationPlant#14627 :: not-working reason histogram over the window: (never sampled not-working)
[C47S] VOID(banner path wrapped by Opt_AcknowledgedWarnings) REPORT CONTROL ForestationPlant#14627 :: not-working reason histogram over the window: (never sampled not-working)
[mod] [C47S] VOID(banner path wrapped by Opt_AcknowledgedWarnings) REPORT CONTROL ForestationPlant#14627 :: DRAIN EVENTS=7 totalling 3500 seeds (max single step 500) | mean spend per drain=500 against this farm's own mean cost per hex of 250 ⇒ mean hexes actually planted per drain=200 hundredths | implied-hex histogram (hexes x events): 2x7 | ⛔ C47's arithmetic assumes 3-5 hexes EVERY tick; an iteration only spends when it finds a free or over-represented hex (TerraformingBuilding.lua:943-961)
[C47S] VOID(banner path wrapped by Opt_AcknowledgedWarnings) REPORT CONTROL ForestationPlant#14627 :: DRAIN EVENTS=7 totalling 3500 seeds (max single step 500) | mean spend per drain=500 against this farm's own mean cost per hex of 250 ⇒ mean hexes actually planted per drain=200 hundredths | implied-hex histogram (hexes x events): 2x7 | ⛔ C47's arithmetic assumes 3-5 hexes EVERY tick; an iteration only spends when it finds a free or over-represented hex (TerraformingBuilding.lua:943-961)
[mod] [C47S] VOID(banner path wrapped by Opt_AcknowledgedWarnings) REPORT CONTROL ForestationPlant#14628 :: adds=0 removes=0 over 0.63 sols | adds/sol=0 | flap pairs=0 | buffer min=8536 max=9276 (raw sum=2042700 over n=225 ⇒ mean 9078) of max_storage=10000 | samples at ZERO=0 of 225 (0%) | refills observed=7 totalling 3360 seeds (mean 480 per refill) | not-working samples=0, of which reason='Consumption'=0 | time held in the notification: total 0 game ms over 0 closed pairs (mean n/a, max nil) | voice-eligible SHIPPED=0, under the entry's assumed per-object model=0
[C47S] VOID(banner path wrapped by Opt_AcknowledgedWarnings) REPORT CONTROL ForestationPlant#14628 :: adds=0 removes=0 over 0.63 sols | adds/sol=0 | flap pairs=0 | buffer min=8536 max=9276 (raw sum=2042700 over n=225 ⇒ mean 9078) of max_storage=10000 | samples at ZERO=0 of 225 (0%) | refills observed=7 totalling 3360 seeds (mean 480 per refill) | not-working samples=0, of which reason='Consumption'=0 | time held in the notification: total 0 game ms over 0 closed pairs (mean n/a, max nil) | voice-eligible SHIPPED=0, under the entry's assumed per-object model=0
[mod] [C47S] VOID(banner path wrapped by Opt_AcknowledgedWarnings) REPORT CONTROL ForestationPlant#14628 :: not-working reason histogram over the window: (never sampled not-working)
[C47S] VOID(banner path wrapped by Opt_AcknowledgedWarnings) REPORT CONTROL ForestationPlant#14628 :: not-working reason histogram over the window: (never sampled not-working)
[mod] [C47S] VOID(banner path wrapped by Opt_AcknowledgedWarnings) REPORT CONTROL ForestationPlant#14628 :: DRAIN EVENTS=7 totalling 3500 seeds (max single step 500) | mean spend per drain=500 against this farm's own mean cost per hex of 250 ⇒ mean hexes actually planted per drain=200 hundredths | implied-hex histogram (hexes x events): 2x7 | ⛔ C47's arithmetic assumes 3-5 hexes EVERY tick; an iteration only spends when it finds a free or over-represented hex (TerraformingBuilding.lua:943-961)
[C47S] VOID(banner path wrapped by Opt_AcknowledgedWarnings) REPORT CONTROL ForestationPlant#14628 :: DRAIN EVENTS=7 totalling 3500 seeds (max single step 500) | mean spend per drain=500 against this farm's own mean cost per hex of 250 ⇒ mean hexes actually planted per drain=200 hundredths | implied-hex histogram (hexes x events): 2x7 | ⛔ C47's arithmetic assumes 3-5 hexes EVERY tick; an iteration only spends when it finds a free or over-represented hex (TerraformingBuilding.lua:943-961)
[mod] [C47S] VOID(banner path wrapped by Opt_AcknowledgedWarnings) REPORT CONTROL ForestationPlant#14629 :: adds=0 removes=0 over 0.63 sols | adds/sol=0 | flap pairs=0 | buffer min=8517 max=9257 (raw sum=2025545 over n=225 ⇒ mean 9002) of max_storage=10000 | samples at ZERO=0 of 225 (0%) | refills observed=12 totalling 3920 seeds (mean 326 per refill) | not-working samples=0, of which reason='Consumption'=0 | time held in the notification: total 0 game ms over 0 closed pairs (mean n/a, max nil) | voice-eligible SHIPPED=0, under the entry's assumed per-object model=0
[C47S] VOID(banner path wrapped by Opt_AcknowledgedWarnings) REPORT CONTROL ForestationPlant#14629 :: adds=0 removes=0 over 0.63 sols | adds/sol=0 | flap pairs=0 | buffer min=8517 max=9257 (raw sum=2025545 over n=225 ⇒ mean 9002) of max_storage=10000 | samples at ZERO=0 of 225 (0%) | refills observed=12 totalling 3920 seeds (mean 326 per refill) | not-working samples=0, of which reason='Consumption'=0 | time held in the notification: total 0 game ms over 0 closed pairs (mean n/a, max nil) | voice-eligible SHIPPED=0, under the entry's assumed per-object model=0
[mod] [C47S] VOID(banner path wrapped by Opt_AcknowledgedWarnings) REPORT CONTROL ForestationPlant#14629 :: not-working reason histogram over the window: (never sampled not-working)
[C47S] VOID(banner path wrapped by Opt_AcknowledgedWarnings) REPORT CONTROL ForestationPlant#14629 :: not-working reason histogram over the window: (never sampled not-working)
[mod] [C47S] VOID(banner path wrapped by Opt_AcknowledgedWarnings) REPORT CONTROL ForestationPlant#14629 :: DRAIN EVENTS=7 totalling 3500 seeds (max single step 500) | mean spend per drain=500 against this farm's own mean cost per hex of 250 ⇒ mean hexes actually planted per drain=200 hundredths | implied-hex histogram (hexes x events): 2x7 | ⛔ C47's arithmetic assumes 3-5 hexes EVERY tick; an iteration only spends when it finds a free or over-represented hex (TerraformingBuilding.lua:943-961)
[C47S] VOID(banner path wrapped by Opt_AcknowledgedWarnings) REPORT CONTROL ForestationPlant#14629 :: DRAIN EVENTS=7 totalling 3500 seeds (max single step 500) | mean spend per drain=500 against this farm's own mean cost per hex of 250 ⇒ mean hexes actually planted per drain=200 hundredths | implied-hex histogram (hexes x events): 2x7 | ⛔ C47's arithmetic assumes 3-5 hexes EVERY tick; an iteration only spends when it finds a free or over-represented hex (TerraformingBuilding.lua:943-961)
[mod] [C47S] VOID(banner path wrapped by Opt_AcknowledgedWarnings) REPORT CONTROL ForestationPlant#15043 :: adds=0 removes=0 over 0.63 sols | adds/sol=0 | flap pairs=0 | buffer min=8537 max=9237 (raw sum=2026525 over n=225 ⇒ mean 9006) of max_storage=10000 | samples at ZERO=0 of 225 (0%) | refills observed=14 totalling 3840 seeds (mean 274 per refill) | not-working samples=0, of which reason='Consumption'=0 | time held in the notification: total 0 game ms over 0 closed pairs (mean n/a, max nil) | voice-eligible SHIPPED=0, under the entry's assumed per-object model=0
[C47S] VOID(banner path wrapped by Opt_AcknowledgedWarnings) REPORT CONTROL ForestationPlant#15043 :: adds=0 removes=0 over 0.63 sols | adds/sol=0 | flap pairs=0 | buffer min=8537 max=9237 (raw sum=2026525 over n=225 ⇒ mean 9006) of max_storage=10000 | samples at ZERO=0 of 225 (0%) | refills observed=14 totalling 3840 seeds (mean 274 per refill) | not-working samples=0, of which reason='Consumption'=0 | time held in the notification: total 0 game ms over 0 closed pairs (mean n/a, max nil) | voice-eligible SHIPPED=0, under the entry's assumed per-object model=0
[mod] [C47S] VOID(banner path wrapped by Opt_AcknowledgedWarnings) REPORT CONTROL ForestationPlant#15043 :: not-working reason histogram over the window: (never sampled not-working)
[C47S] VOID(banner path wrapped by Opt_AcknowledgedWarnings) REPORT CONTROL ForestationPlant#15043 :: not-working reason histogram over the window: (never sampled not-working)
[mod] [C47S] VOID(banner path wrapped by Opt_AcknowledgedWarnings) REPORT CONTROL ForestationPlant#15043 :: DRAIN EVENTS=7 totalling 3500 seeds (max single step 500) | mean spend per drain=500 against this farm's own mean cost per hex of 250 ⇒ mean hexes actually planted per drain=200 hundredths | implied-hex histogram (hexes x events): 2x7 | ⛔ C47's arithmetic assumes 3-5 hexes EVERY tick; an iteration only spends when it finds a free or over-represented hex (TerraformingBuilding.lua:943-961)
[C47S] VOID(banner path wrapped by Opt_AcknowledgedWarnings) REPORT CONTROL ForestationPlant#15043 :: DRAIN EVENTS=7 totalling 3500 seeds (max single step 500) | mean spend per drain=500 against this farm's own mean cost per hex of 250 ⇒ mean hexes actually planted per drain=200 hundredths | implied-hex histogram (hexes x events): 2x7 | ⛔ C47's arithmetic assumes 3-5 hexes EVERY tick; an iteration only spends when it finds a free or over-represented hex (TerraformingBuilding.lua:943-961)
[mod] [C47S] VOID(banner path wrapped by Opt_AcknowledgedWarnings) REPORT CONTROL ForestationPlant#15047 :: adds=0 removes=0 over 0.63 sols | adds/sol=0 | flap pairs=0 | buffer min=8595 max=9295 (raw sum=2016895 over n=225 ⇒ mean 8963) of max_storage=10000 | samples at ZERO=0 of 225 (0%) | refills observed=19 totalling 3880 seeds (mean 204 per refill) | not-working samples=0, of which reason='Consumption'=0 | time held in the notification: total 0 game ms over 0 closed pairs (mean n/a, max nil) | voice-eligible SHIPPED=0, under the entry's assumed per-object model=0
[C47S] VOID(banner path wrapped by Opt_AcknowledgedWarnings) REPORT CONTROL ForestationPlant#15047 :: adds=0 removes=0 over 0.63 sols | adds/sol=0 | flap pairs=0 | buffer min=8595 max=9295 (raw sum=2016895 over n=225 ⇒ mean 8963) of max_storage=10000 | samples at ZERO=0 of 225 (0%) | refills observed=19 totalling 3880 seeds (mean 204 per refill) | not-working samples=0, of which reason='Consumption'=0 | time held in the notification: total 0 game ms over 0 closed pairs (mean n/a, max nil) | voice-eligible SHIPPED=0, under the entry's assumed per-object model=0
[mod] [C47S] VOID(banner path wrapped by Opt_AcknowledgedWarnings) REPORT CONTROL ForestationPlant#15047 :: not-working reason histogram over the window: (never sampled not-working)
[C47S] VOID(banner path wrapped by Opt_AcknowledgedWarnings) REPORT CONTROL ForestationPlant#15047 :: not-working reason histogram over the window: (never sampled not-working)
[mod] [C47S] VOID(banner path wrapped by Opt_AcknowledgedWarnings) REPORT CONTROL ForestationPlant#15047 :: DRAIN EVENTS=8 totalling 4000 seeds (max single step 500) | mean spend per drain=500 against this farm's own mean cost per hex of 250 ⇒ mean hexes actually planted per drain=200 hundredths | implied-hex histogram (hexes x events): 2x8 | ⛔ C47's arithmetic assumes 3-5 hexes EVERY tick; an iteration only spends when it finds a free or over-represented hex (TerraformingBuilding.lua:943-961)
[C47S] VOID(banner path wrapped by Opt_AcknowledgedWarnings) REPORT CONTROL ForestationPlant#15047 :: DRAIN EVENTS=8 totalling 4000 seeds (max single step 500) | mean spend per drain=500 against this farm's own mean cost per hex of 250 ⇒ mean hexes actually planted per drain=200 hundredths | implied-hex histogram (hexes x events): 2x8 | ⛔ C47's arithmetic assumes 3-5 hexes EVERY tick; an iteration only spends when it finds a free or over-represented hex (TerraformingBuilding.lua:943-961)
[mod] [C47S] VOID(banner path wrapped by Opt_AcknowledgedWarnings) REPORT CONTROL ForestationPlant#15050 :: adds=0 removes=0 over 0.63 sols | adds/sol=0 | flap pairs=0 | buffer min=8920 max=9290 (raw sum=2062360 over n=225 ⇒ mean 9166) of max_storage=10000 | samples at ZERO=0 of 225 (0%) | refills observed=8 totalling 1280 seeds (mean 160 per refill) | not-working samples=0, of which reason='Consumption'=0 | time held in the notification: total 0 game ms over 0 closed pairs (mean n/a, max nil) | voice-eligible SHIPPED=0, under the entry's assumed per-object model=0
[C47S] VOID(banner path wrapped by Opt_AcknowledgedWarnings) REPORT CONTROL ForestationPlant#15050 :: adds=0 removes=0 over 0.63 sols | adds/sol=0 | flap pairs=0 | buffer min=8920 max=9290 (raw sum=2062360 over n=225 ⇒ mean 9166) of max_storage=10000 | samples at ZERO=0 of 225 (0%) | refills observed=8 totalling 1280 seeds (mean 160 per refill) | not-working samples=0, of which reason='Consumption'=0 | time held in the notification: total 0 game ms over 0 closed pairs (mean n/a, max nil) | voice-eligible SHIPPED=0, under the entry's assumed per-object model=0
[mod] [C47S] VOID(banner path wrapped by Opt_AcknowledgedWarnings) REPORT CONTROL ForestationPlant#15050 :: not-working reason histogram over the window: (never sampled not-working)
[C47S] VOID(banner path wrapped by Opt_AcknowledgedWarnings) REPORT CONTROL ForestationPlant#15050 :: not-working reason histogram over the window: (never sampled not-working)
[mod] [C47S] VOID(banner path wrapped by Opt_AcknowledgedWarnings) REPORT CONTROL ForestationPlant#15050 :: DRAIN EVENTS=7 totalling 970 seeds (max single step 150) | mean spend per drain=138 against this farm's own mean cost per hex of 250 ⇒ mean hexes actually planted per drain=55 hundredths | implied-hex histogram (hexes x events): 0x2, 1x5 | ⛔ C47's arithmetic assumes 3-5 hexes EVERY tick; an iteration only spends when it finds a free or over-represented hex (TerraformingBuilding.lua:943-961)
[C47S] VOID(banner path wrapped by Opt_AcknowledgedWarnings) REPORT CONTROL ForestationPlant#15050 :: DRAIN EVENTS=7 totalling 970 seeds (max single step 150) | mean spend per drain=138 against this farm's own mean cost per hex of 250 ⇒ mean hexes actually planted per drain=55 hundredths | implied-hex histogram (hexes x events): 0x2, 1x5 | ⛔ C47's arithmetic assumes 3-5 hexes EVERY tick; an iteration only spends when it finds a free or over-represented hex (TerraformingBuilding.lua:943-961)
[mod] [C47S] VOID(banner path wrapped by Opt_AcknowledgedWarnings) REPORT CONTROL ForestationPlant#15052 :: adds=0 removes=0 over 0.63 sols | adds/sol=0 | flap pairs=0 | buffer min=8556 max=9316 (raw sum=2029440 over n=225 ⇒ mean 9019) of max_storage=10000 | samples at ZERO=0 of 225 (0%) | refills observed=17 totalling 3880 seeds (mean 228 per refill) | not-working samples=0, of which reason='Consumption'=0 | time held in the notification: total 0 game ms over 0 closed pairs (mean n/a, max nil) | voice-eligible SHIPPED=0, under the entry's assumed per-object model=0
[C47S] VOID(banner path wrapped by Opt_AcknowledgedWarnings) REPORT CONTROL ForestationPlant#15052 :: adds=0 removes=0 over 0.63 sols | adds/sol=0 | flap pairs=0 | buffer min=8556 max=9316 (raw sum=2029440 over n=225 ⇒ mean 9019) of max_storage=10000 | samples at ZERO=0 of 225 (0%) | refills observed=17 totalling 3880 seeds (mean 228 per refill) | not-working samples=0, of which reason='Consumption'=0 | time held in the notification: total 0 game ms over 0 closed pairs (mean n/a, max nil) | voice-eligible SHIPPED=0, under the entry's assumed per-object model=0
[mod] [C47S] VOID(banner path wrapped by Opt_AcknowledgedWarnings) REPORT CONTROL ForestationPlant#15052 :: not-working reason histogram over the window: (never sampled not-working)
[C47S] VOID(banner path wrapped by Opt_AcknowledgedWarnings) REPORT CONTROL ForestationPlant#15052 :: not-working reason histogram over the window: (never sampled not-working)
[mod] [C47S] VOID(banner path wrapped by Opt_AcknowledgedWarnings) REPORT CONTROL ForestationPlant#15052 :: DRAIN EVENTS=7 totalling 3500 seeds (max single step 500) | mean spend per drain=500 against this farm's own mean cost per hex of 250 ⇒ mean hexes actually planted per drain=200 hundredths | implied-hex histogram (hexes x events): 2x7 | ⛔ C47's arithmetic assumes 3-5 hexes EVERY tick; an iteration only spends when it finds a free or over-represented hex (TerraformingBuilding.lua:943-961)
[C47S] VOID(banner path wrapped by Opt_AcknowledgedWarnings) REPORT CONTROL ForestationPlant#15052 :: DRAIN EVENTS=7 totalling 3500 seeds (max single step 500) | mean spend per drain=500 against this farm's own mean cost per hex of 250 ⇒ mean hexes actually planted per drain=200 hundredths | implied-hex histogram (hexes x events): 2x7 | ⛔ C47's arithmetic assumes 3-5 hexes EVERY tick; an iteration only spends when it finds a free or over-represented hex (TerraformingBuilding.lua:943-961)
[mod] [C47S] VOID(banner path wrapped by Opt_AcknowledgedWarnings) REPORT CONTROL ForestationPlant#15098 :: adds=0 removes=0 over 0.63 sols | adds/sol=0 | flap pairs=0 | buffer min=8562 max=9242 (raw sum=2009410 over n=225 ⇒ mean 8930) of max_storage=10000 | samples at ZERO=0 of 225 (0%) | refills observed=18 totalling 3840 seeds (mean 213 per refill) | not-working samples=0, of which reason='Consumption'=0 | time held in the notification: total 0 game ms over 0 closed pairs (mean n/a, max nil) | voice-eligible SHIPPED=0, under the entry's assumed per-object model=0
[C47S] VOID(banner path wrapped by Opt_AcknowledgedWarnings) REPORT CONTROL ForestationPlant#15098 :: adds=0 removes=0 over 0.63 sols | adds/sol=0 | flap pairs=0 | buffer min=8562 max=9242 (raw sum=2009410 over n=225 ⇒ mean 8930) of max_storage=10000 | samples at ZERO=0 of 225 (0%) | refills observed=18 totalling 3840 seeds (mean 213 per refill) | not-working samples=0, of which reason='Consumption'=0 | time held in the notification: total 0 game ms over 0 closed pairs (mean n/a, max nil) | voice-eligible SHIPPED=0, under the entry's assumed per-object model=0
[mod] [C47S] VOID(banner path wrapped by Opt_AcknowledgedWarnings) REPORT CONTROL ForestationPlant#15098 :: not-working reason histogram over the window: (never sampled not-working)
[C47S] VOID(banner path wrapped by Opt_AcknowledgedWarnings) REPORT CONTROL ForestationPlant#15098 :: not-working reason histogram over the window: (never sampled not-working)
[mod] [C47S] VOID(banner path wrapped by Opt_AcknowledgedWarnings) REPORT CONTROL ForestationPlant#15098 :: DRAIN EVENTS=8 totalling 3960 seeds (max single step 500) | mean spend per drain=495 against this farm's own mean cost per hex of 250 ⇒ mean hexes actually planted per drain=198 hundredths | implied-hex histogram (hexes x events): 2x8 | ⛔ C47's arithmetic assumes 3-5 hexes EVERY tick; an iteration only spends when it finds a free or over-represented hex (TerraformingBuilding.lua:943-961)
[C47S] VOID(banner path wrapped by Opt_AcknowledgedWarnings) REPORT CONTROL ForestationPlant#15098 :: DRAIN EVENTS=8 totalling 3960 seeds (max single step 500) | mean spend per drain=495 against this farm's own mean cost per hex of 250 ⇒ mean hexes actually planted per drain=198 hundredths | implied-hex histogram (hexes x events): 2x8 | ⛔ C47's arithmetic assumes 3-5 hexes EVERY tick; an iteration only spends when it finds a free or over-represented hex (TerraformingBuilding.lua:943-961)
[mod] [C47S] VOID(banner path wrapped by Opt_AcknowledgedWarnings) REPORT CONTROL ForestationPlant#15099 :: adds=0 removes=0 over 0.63 sols | adds/sol=0 | flap pairs=0 | buffer min=8559 max=9319 (raw sum=2031555 over n=225 ⇒ mean 9029) of max_storage=10000 | samples at ZERO=0 of 225 (0%) | refills observed=20 totalling 4160 seeds (mean 208 per refill) | not-working samples=0, of which reason='Consumption'=0 | time held in the notification: total 0 game ms over 0 closed pairs (mean n/a, max nil) | voice-eligible SHIPPED=0, under the entry's assumed per-object model=0
[C47S] VOID(banner path wrapped by Opt_AcknowledgedWarnings) REPORT CONTROL ForestationPlant#15099 :: adds=0 removes=0 over 0.63 sols | adds/sol=0 | flap pairs=0 | buffer min=8559 max=9319 (raw sum=2031555 over n=225 ⇒ mean 9029) of max_storage=10000 | samples at ZERO=0 of 225 (0%) | refills observed=20 totalling 4160 seeds (mean 208 per refill) | not-working samples=0, of which reason='Consumption'=0 | time held in the notification: total 0 game ms over 0 closed pairs (mean n/a, max nil) | voice-eligible SHIPPED=0, under the entry's assumed per-object model=0
[mod] [C47S] VOID(banner path wrapped by Opt_AcknowledgedWarnings) REPORT CONTROL ForestationPlant#15099 :: not-working reason histogram over the window: (never sampled not-working)
[C47S] VOID(banner path wrapped by Opt_AcknowledgedWarnings) REPORT CONTROL ForestationPlant#15099 :: not-working reason histogram over the window: (never sampled not-working)
[mod] [C47S] VOID(banner path wrapped by Opt_AcknowledgedWarnings) REPORT CONTROL ForestationPlant#15099 :: DRAIN EVENTS=8 totalling 4000 seeds (max single step 500) | mean spend per drain=500 against this farm's own mean cost per hex of 250 ⇒ mean hexes actually planted per drain=200 hundredths | implied-hex histogram (hexes x events): 2x8 | ⛔ C47's arithmetic assumes 3-5 hexes EVERY tick; an iteration only spends when it finds a free or over-represented hex (TerraformingBuilding.lua:943-961)
[C47S] VOID(banner path wrapped by Opt_AcknowledgedWarnings) REPORT CONTROL ForestationPlant#15099 :: DRAIN EVENTS=8 totalling 4000 seeds (max single step 500) | mean spend per drain=500 against this farm's own mean cost per hex of 250 ⇒ mean hexes actually planted per drain=200 hundredths | implied-hex histogram (hexes x events): 2x8 | ⛔ C47's arithmetic assumes 3-5 hexes EVERY tick; an iteration only spends when it finds a free or over-represented hex (TerraformingBuilding.lua:943-961)
[mod] [C47S] VOID(banner path wrapped by Opt_AcknowledgedWarnings) REPORT CONTROL ForestationPlant#15547 :: adds=0 removes=0 over 0.63 sols | adds/sol=0 | flap pairs=0 | buffer min=8636 max=9196 (raw sum=2027970 over n=225 ⇒ mean 9013) of max_storage=10000 | samples at ZERO=0 of 225 (0%) | refills observed=4 totalling 1120 seeds (mean 280 per refill) | not-working samples=0, of which reason='Consumption'=0 | time held in the notification: total 0 game ms over 0 closed pairs (mean n/a, max nil) | voice-eligible SHIPPED=0, under the entry's assumed per-object model=0
[C47S] VOID(banner path wrapped by Opt_AcknowledgedWarnings) REPORT CONTROL ForestationPlant#15547 :: adds=0 removes=0 over 0.63 sols | adds/sol=0 | flap pairs=0 | buffer min=8636 max=9196 (raw sum=2027970 over n=225 ⇒ mean 9013) of max_storage=10000 | samples at ZERO=0 of 225 (0%) | refills observed=4 totalling 1120 seeds (mean 280 per refill) | not-working samples=0, of which reason='Consumption'=0 | time held in the notification: total 0 game ms over 0 closed pairs (mean n/a, max nil) | voice-eligible SHIPPED=0, under the entry's assumed per-object model=0
[mod] [C47S] VOID(banner path wrapped by Opt_AcknowledgedWarnings) REPORT CONTROL ForestationPlant#15547 :: not-working reason histogram over the window: (never sampled not-working)
[C47S] VOID(banner path wrapped by Opt_AcknowledgedWarnings) REPORT CONTROL ForestationPlant#15547 :: not-working reason histogram over the window: (never sampled not-working)
[mod] [C47S] VOID(banner path wrapped by Opt_AcknowledgedWarnings) REPORT CONTROL ForestationPlant#15547 :: DRAIN EVENTS=7 totalling 1050 seeds (max single step 150) | mean spend per drain=150 against this farm's own mean cost per hex of 250 ⇒ mean hexes actually planted per drain=60 hundredths | implied-hex histogram (hexes x events): 1x7 | ⛔ C47's arithmetic assumes 3-5 hexes EVERY tick; an iteration only spends when it finds a free or over-represented hex (TerraformingBuilding.lua:943-961)
[C47S] VOID(banner path wrapped by Opt_AcknowledgedWarnings) REPORT CONTROL ForestationPlant#15547 :: DRAIN EVENTS=7 totalling 1050 seeds (max single step 150) | mean spend per drain=150 against this farm's own mean cost per hex of 250 ⇒ mean hexes actually planted per drain=60 hundredths | implied-hex histogram (hexes x events): 1x7 | ⛔ C47's arithmetic assumes 3-5 hexes EVERY tick; an iteration only spends when it finds a free or over-represented hex (TerraformingBuilding.lua:943-961)
[mod] [C47S] VOID(banner path wrapped by Opt_AcknowledgedWarnings) REPORT CONTROL ForestationPlant#15549 :: adds=0 removes=0 over 0.63 sols | adds/sol=0 | flap pairs=0 | buffer min=8899 max=9259 (raw sum=2050955 over n=225 ⇒ mean 9115) of max_storage=10000 | samples at ZERO=0 of 225 (0%) | refills observed=4 totalling 1120 seeds (mean 280 per refill) | not-working samples=0, of which reason='Consumption'=0 | time held in the notification: total 0 game ms over 0 closed pairs (mean n/a, max nil) | voice-eligible SHIPPED=0, under the entry's assumed per-object model=0
[C47S] VOID(banner path wrapped by Opt_AcknowledgedWarnings) REPORT CONTROL ForestationPlant#15549 :: adds=0 removes=0 over 0.63 sols | adds/sol=0 | flap pairs=0 | buffer min=8899 max=9259 (raw sum=2050955 over n=225 ⇒ mean 9115) of max_storage=10000 | samples at ZERO=0 of 225 (0%) | refills observed=4 totalling 1120 seeds (mean 280 per refill) | not-working samples=0, of which reason='Consumption'=0 | time held in the notification: total 0 game ms over 0 closed pairs (mean n/a, max nil) | voice-eligible SHIPPED=0, under the entry's assumed per-object model=0
[mod] [C47S] VOID(banner path wrapped by Opt_AcknowledgedWarnings) REPORT CONTROL ForestationPlant#15549 :: not-working reason histogram over the window: (never sampled not-working)
[C47S] VOID(banner path wrapped by Opt_AcknowledgedWarnings) REPORT CONTROL ForestationPlant#15549 :: not-working reason histogram over the window: (never sampled not-working)
[mod] [C47S] VOID(banner path wrapped by Opt_AcknowledgedWarnings) REPORT CONTROL ForestationPlant#15549 :: DRAIN EVENTS=8 totalling 1200 seeds (max single step 150) | mean spend per drain=150 against this farm's own mean cost per hex of 250 ⇒ mean hexes actually planted per drain=60 hundredths | implied-hex histogram (hexes x events): 1x8 | ⛔ C47's arithmetic assumes 3-5 hexes EVERY tick; an iteration only spends when it finds a free or over-represented hex (TerraformingBuilding.lua:943-961)
[C47S] VOID(banner path wrapped by Opt_AcknowledgedWarnings) REPORT CONTROL ForestationPlant#15549 :: DRAIN EVENTS=8 totalling 1200 seeds (max single step 150) | mean spend per drain=150 against this farm's own mean cost per hex of 250 ⇒ mean hexes actually planted per drain=60 hundredths | implied-hex histogram (hexes x events): 1x8 | ⛔ C47's arithmetic assumes 3-5 hexes EVERY tick; an iteration only spends when it finds a free or over-represented hex (TerraformingBuilding.lua:943-961)
[mod] [C47S] VOID(banner path wrapped by Opt_AcknowledgedWarnings) REPORT CONTROL ForestationPlant#15554 :: adds=0 removes=0 over 0.63 sols | adds/sol=0 | flap pairs=0 | buffer min=8503 max=9263 (raw sum=2016875 over n=225 ⇒ mean 8963) of max_storage=10000 | samples at ZERO=0 of 225 (0%) | refills observed=13 totalling 3920 seeds (mean 301 per refill) | not-working samples=0, of which reason='Consumption'=0 | time held in the notification: total 0 game ms over 0 closed pairs (mean n/a, max nil) | voice-eligible SHIPPED=0, under the entry's assumed per-object model=0
[C47S] VOID(banner path wrapped by Opt_AcknowledgedWarnings) REPORT CONTROL ForestationPlant#15554 :: adds=0 removes=0 over 0.63 sols | adds/sol=0 | flap pairs=0 | buffer min=8503 max=9263 (raw sum=2016875 over n=225 ⇒ mean 8963) of max_storage=10000 | samples at ZERO=0 of 225 (0%) | refills observed=13 totalling 3920 seeds (mean 301 per refill) | not-working samples=0, of which reason='Consumption'=0 | time held in the notification: total 0 game ms over 0 closed pairs (mean n/a, max nil) | voice-eligible SHIPPED=0, under the entry's assumed per-object model=0
[mod] [C47S] VOID(banner path wrapped by Opt_AcknowledgedWarnings) REPORT CONTROL ForestationPlant#15554 :: not-working reason histogram over the window: (never sampled not-working)
[C47S] VOID(banner path wrapped by Opt_AcknowledgedWarnings) REPORT CONTROL ForestationPlant#15554 :: not-working reason histogram over the window: (never sampled not-working)
[mod] [C47S] VOID(banner path wrapped by Opt_AcknowledgedWarnings) REPORT CONTROL ForestationPlant#15554 :: DRAIN EVENTS=8 totalling 4000 seeds (max single step 500) | mean spend per drain=500 against this farm's own mean cost per hex of 250 ⇒ mean hexes actually planted per drain=200 hundredths | implied-hex histogram (hexes x events): 2x8 | ⛔ C47's arithmetic assumes 3-5 hexes EVERY tick; an iteration only spends when it finds a free or over-represented hex (TerraformingBuilding.lua:943-961)
[C47S] VOID(banner path wrapped by Opt_AcknowledgedWarnings) REPORT CONTROL ForestationPlant#15554 :: DRAIN EVENTS=8 totalling 4000 seeds (max single step 500) | mean spend per drain=500 against this farm's own mean cost per hex of 250 ⇒ mean hexes actually planted per drain=200 hundredths | implied-hex histogram (hexes x events): 2x8 | ⛔ C47's arithmetic assumes 3-5 hexes EVERY tick; an iteration only spends when it finds a free or over-represented hex (TerraformingBuilding.lua:943-961)
[mod] [C47S] VOID(banner path wrapped by Opt_AcknowledgedWarnings) REPORT CONTROL ForestationPlant#15556 :: adds=0 removes=0 over 0.63 sols | adds/sol=0 | flap pairs=0 | buffer min=8510 max=9270 (raw sum=2040390 over n=225 ⇒ mean 9068) of max_storage=10000 | samples at ZERO=0 of 225 (0%) | refills observed=13 totalling 3920 seeds (mean 301 per refill) | not-working samples=0, of which reason='Consumption'=0 | time held in the notification: total 0 game ms over 0 closed pairs (mean n/a, max nil) | voice-eligible SHIPPED=0, under the entry's assumed per-object model=0
[C47S] VOID(banner path wrapped by Opt_AcknowledgedWarnings) REPORT CONTROL ForestationPlant#15556 :: adds=0 removes=0 over 0.63 sols | adds/sol=0 | flap pairs=0 | buffer min=8510 max=9270 (raw sum=2040390 over n=225 ⇒ mean 9068) of max_storage=10000 | samples at ZERO=0 of 225 (0%) | refills observed=13 totalling 3920 seeds (mean 301 per refill) | not-working samples=0, of which reason='Consumption'=0 | time held in the notification: total 0 game ms over 0 closed pairs (mean n/a, max nil) | voice-eligible SHIPPED=0, under the entry's assumed per-object model=0
[mod] [C47S] VOID(banner path wrapped by Opt_AcknowledgedWarnings) REPORT CONTROL ForestationPlant#15556 :: not-working reason histogram over the window: (never sampled not-working)
[C47S] VOID(banner path wrapped by Opt_AcknowledgedWarnings) REPORT CONTROL ForestationPlant#15556 :: not-working reason histogram over the window: (never sampled not-working)
[mod] [C47S] VOID(banner path wrapped by Opt_AcknowledgedWarnings) REPORT CONTROL ForestationPlant#15556 :: DRAIN EVENTS=7 totalling 3500 seeds (max single step 500) | mean spend per drain=500 against this farm's own mean cost per hex of 250 ⇒ mean hexes actually planted per drain=200 hundredths | implied-hex histogram (hexes x events): 2x7 | ⛔ C47's arithmetic assumes 3-5 hexes EVERY tick; an iteration only spends when it finds a free or over-represented hex (TerraformingBuilding.lua:943-961)
[C47S] VOID(banner path wrapped by Opt_AcknowledgedWarnings) REPORT CONTROL ForestationPlant#15556 :: DRAIN EVENTS=7 totalling 3500 seeds (max single step 500) | mean spend per drain=500 against this farm's own mean cost per hex of 250 ⇒ mean hexes actually planted per drain=200 hundredths | implied-hex histogram (hexes x events): 2x7 | ⛔ C47's arithmetic assumes 3-5 hexes EVERY tick; an iteration only spends when it finds a free or over-represented hex (TerraformingBuilding.lua:943-961)
[mod] [C47S] VOID(banner path wrapped by Opt_AcknowledgedWarnings) REPORT CONTROL ForestationPlant#15563 :: adds=0 removes=0 over 0.63 sols | adds/sol=0 | flap pairs=0 | buffer min=8262 max=9262 (raw sum=2030030 over n=225 ⇒ mean 9022) of max_storage=10000 | samples at ZERO=0 of 225 (0%) | refills observed=11 totalling 3920 seeds (mean 356 per refill) | not-working samples=0, of which reason='Consumption'=0 | time held in the notification: total 0 game ms over 0 closed pairs (mean n/a, max nil) | voice-eligible SHIPPED=0, under the entry's assumed per-object model=0
[C47S] VOID(banner path wrapped by Opt_AcknowledgedWarnings) REPORT CONTROL ForestationPlant#15563 :: adds=0 removes=0 over 0.63 sols | adds/sol=0 | flap pairs=0 | buffer min=8262 max=9262 (raw sum=2030030 over n=225 ⇒ mean 9022) of max_storage=10000 | samples at ZERO=0 of 225 (0%) | refills observed=11 totalling 3920 seeds (mean 356 per refill) | not-working samples=0, of which reason='Consumption'=0 | time held in the notification: total 0 game ms over 0 closed pairs (mean n/a, max nil) | voice-eligible SHIPPED=0, under the entry's assumed per-object model=0
[mod] [C47S] VOID(banner path wrapped by Opt_AcknowledgedWarnings) REPORT CONTROL ForestationPlant#15563 :: not-working reason histogram over the window: (never sampled not-working)
[C47S] VOID(banner path wrapped by Opt_AcknowledgedWarnings) REPORT CONTROL ForestationPlant#15563 :: not-working reason histogram over the window: (never sampled not-working)
[mod] [C47S] VOID(banner path wrapped by Opt_AcknowledgedWarnings) REPORT CONTROL ForestationPlant#15563 :: DRAIN EVENTS=7 totalling 3500 seeds (max single step 500) | mean spend per drain=500 against this farm's own mean cost per hex of 250 ⇒ mean hexes actually planted per drain=200 hundredths | implied-hex histogram (hexes x events): 2x7 | ⛔ C47's arithmetic assumes 3-5 hexes EVERY tick; an iteration only spends when it finds a free or over-represented hex (TerraformingBuilding.lua:943-961)
[C47S] VOID(banner path wrapped by Opt_AcknowledgedWarnings) REPORT CONTROL ForestationPlant#15563 :: DRAIN EVENTS=7 totalling 3500 seeds (max single step 500) | mean spend per drain=500 against this farm's own mean cost per hex of 250 ⇒ mean hexes actually planted per drain=200 hundredths | implied-hex histogram (hexes x events): 2x7 | ⛔ C47's arithmetic assumes 3-5 hexes EVERY tick; an iteration only spends when it finds a free or over-represented hex (TerraformingBuilding.lua:943-961)
						Lua 0:02:39:606
[mod] [C47S] VOID(banner path wrapped by Opt_AcknowledgedWarnings) REPORT CONTROL ForestationPlant#15565 :: adds=0 removes=0 over 0.63 sols | adds/sol=0 | flap pairs=0 | buffer min=8524 max=9264 (raw sum=2035720 over n=225 ⇒ mean 9047) of max_storage=10000 | samples at ZERO=0 of 225 (0%) | refills observed=10 totalling 3920 seeds (mean 392 per refill) | not-working samples=0, of which reason='Consumption'=0 | time held in the notification: total 0 game ms over 0 closed pairs (mean n/a, max nil) | voice-eligible SHIPPED=0, under the entry's assumed per-object model=0
[C47S] VOID(banner path wrapped by Opt_AcknowledgedWarnings) REPORT CONTROL ForestationPlant#15565 :: adds=0 removes=0 over 0.63 sols | adds/sol=0 | flap pairs=0 | buffer min=8524 max=9264 (raw sum=2035720 over n=225 ⇒ mean 9047) of max_storage=10000 | samples at ZERO=0 of 225 (0%) | refills observed=10 totalling 3920 seeds (mean 392 per refill) | not-working samples=0, of which reason='Consumption'=0 | time held in the notification: total 0 game ms over 0 closed pairs (mean n/a, max nil) | voice-eligible SHIPPED=0, under the entry's assumed per-object model=0
[mod] [C47S] VOID(banner path wrapped by Opt_AcknowledgedWarnings) REPORT CONTROL ForestationPlant#15565 :: not-working reason histogram over the window: (never sampled not-working)
[C47S] VOID(banner path wrapped by Opt_AcknowledgedWarnings) REPORT CONTROL ForestationPlant#15565 :: not-working reason histogram over the window: (never sampled not-working)
[mod] [C47S] VOID(banner path wrapped by Opt_AcknowledgedWarnings) REPORT CONTROL ForestationPlant#15565 :: DRAIN EVENTS=7 totalling 3500 seeds (max single step 500) | mean spend per drain=500 against this farm's own mean cost per hex of 250 ⇒ mean hexes actually planted per drain=200 hundredths | implied-hex histogram (hexes x events): 2x7 | ⛔ C47's arithmetic assumes 3-5 hexes EVERY tick; an iteration only spends when it finds a free or over-represented hex (TerraformingBuilding.lua:943-961)
[C47S] VOID(banner path wrapped by Opt_AcknowledgedWarnings) REPORT CONTROL ForestationPlant#15565 :: DRAIN EVENTS=7 totalling 3500 seeds (max single step 500) | mean spend per drain=500 against this farm's own mean cost per hex of 250 ⇒ mean hexes actually planted per drain=200 hundredths | implied-hex histogram (hexes x events): 2x7 | ⛔ C47's arithmetic assumes 3-5 hexes EVERY tick; an iteration only spends when it finds a free or over-represented hex (TerraformingBuilding.lua:943-961)
[mod] [C47S] VOID(banner path wrapped by Opt_AcknowledgedWarnings) REPORT CONTROL ForestationPlant#15810 :: adds=0 removes=0 over 0.63 sols | adds/sol=0 | flap pairs=0 | buffer min=8557 max=9312 (raw sum=2017254 over n=225 ⇒ mean 8965) of max_storage=10000 | samples at ZERO=0 of 225 (0%) | refills observed=30 totalling 3556 seeds (mean 118 per refill) | not-working samples=0, of which reason='Consumption'=0 | time held in the notification: total 0 game ms over 0 closed pairs (mean n/a, max nil) | voice-eligible SHIPPED=0, under the entry's assumed per-object model=0
[C47S] VOID(banner path wrapped by Opt_AcknowledgedWarnings) REPORT CONTROL ForestationPlant#15810 :: adds=0 removes=0 over 0.63 sols | adds/sol=0 | flap pairs=0 | buffer min=8557 max=9312 (raw sum=2017254 over n=225 ⇒ mean 8965) of max_storage=10000 | samples at ZERO=0 of 225 (0%) | refills observed=30 totalling 3556 seeds (mean 118 per refill) | not-working samples=0, of which reason='Consumption'=0 | time held in the notification: total 0 game ms over 0 closed pairs (mean n/a, max nil) | voice-eligible SHIPPED=0, under the entry's assumed per-object model=0
[mod] [C47S] VOID(banner path wrapped by Opt_AcknowledgedWarnings) REPORT CONTROL ForestationPlant#15810 :: not-working reason histogram over the window: (never sampled not-working)
[C47S] VOID(banner path wrapped by Opt_AcknowledgedWarnings) REPORT CONTROL ForestationPlant#15810 :: not-working reason histogram over the window: (never sampled not-working)
[mod] [C47S] VOID(banner path wrapped by Opt_AcknowledgedWarnings) REPORT CONTROL ForestationPlant#15810 :: DRAIN EVENTS=8 totalling 4000 seeds (max single step 500) | mean spend per drain=500 against this farm's own mean cost per hex of 250 ⇒ mean hexes actually planted per drain=200 hundredths | implied-hex histogram (hexes x events): 2x8 | ⛔ C47's arithmetic assumes 3-5 hexes EVERY tick; an iteration only spends when it finds a free or over-represented hex (TerraformingBuilding.lua:943-961)
[C47S] VOID(banner path wrapped by Opt_AcknowledgedWarnings) REPORT CONTROL ForestationPlant#15810 :: DRAIN EVENTS=8 totalling 4000 seeds (max single step 500) | mean spend per drain=500 against this farm's own mean cost per hex of 250 ⇒ mean hexes actually planted per drain=200 hundredths | implied-hex histogram (hexes x events): 2x8 | ⛔ C47's arithmetic assumes 3-5 hexes EVERY tick; an iteration only spends when it finds a free or over-represented hex (TerraformingBuilding.lua:943-961)
[mod] [C47S] VOID(banner path wrapped by Opt_AcknowledgedWarnings) REPORT CONTROL ForestationPlant#15817 :: adds=0 removes=0 over 0.63 sols | adds/sol=0 | flap pairs=0 | buffer min=8557 max=9317 (raw sum=2049507 over n=225 ⇒ mean 9108) of max_storage=10000 | samples at ZERO=0 of 225 (0%) | refills observed=24 totalling 4014 seeds (mean 167 per refill) | not-working samples=0, of which reason='Consumption'=0 | time held in the notification: total 0 game ms over 0 closed pairs (mean n/a, max nil) | voice-eligible SHIPPED=0, under the entry's assumed per-object model=0
[C47S] VOID(banner path wrapped by Opt_AcknowledgedWarnings) REPORT CONTROL ForestationPlant#15817 :: adds=0 removes=0 over 0.63 sols | adds/sol=0 | flap pairs=0 | buffer min=8557 max=9317 (raw sum=2049507 over n=225 ⇒ mean 9108) of max_storage=10000 | samples at ZERO=0 of 225 (0%) | refills observed=24 totalling 4014 seeds (mean 167 per refill) | not-working samples=0, of which reason='Consumption'=0 | time held in the notification: total 0 game ms over 0 closed pairs (mean n/a, max nil) | voice-eligible SHIPPED=0, under the entry's assumed per-object model=0
[mod] [C47S] VOID(banner path wrapped by Opt_AcknowledgedWarnings) REPORT CONTROL ForestationPlant#15817 :: not-working reason histogram over the window: (never sampled not-working)
[C47S] VOID(banner path wrapped by Opt_AcknowledgedWarnings) REPORT CONTROL ForestationPlant#15817 :: not-working reason histogram over the window: (never sampled not-working)
[mod] [C47S] VOID(banner path wrapped by Opt_AcknowledgedWarnings) REPORT CONTROL ForestationPlant#15817 :: DRAIN EVENTS=8 totalling 3946 seeds (max single step 500) | mean spend per drain=493 against this farm's own mean cost per hex of 250 ⇒ mean hexes actually planted per drain=197 hundredths | implied-hex histogram (hexes x events): 2x8 | ⛔ C47's arithmetic assumes 3-5 hexes EVERY tick; an iteration only spends when it finds a free or over-represented hex (TerraformingBuilding.lua:943-961)
[C47S] VOID(banner path wrapped by Opt_AcknowledgedWarnings) REPORT CONTROL ForestationPlant#15817 :: DRAIN EVENTS=8 totalling 3946 seeds (max single step 500) | mean spend per drain=493 against this farm's own mean cost per hex of 250 ⇒ mean hexes actually planted per drain=197 hundredths | implied-hex histogram (hexes x events): 2x8 | ⛔ C47's arithmetic assumes 3-5 hexes EVERY tick; an iteration only spends when it finds a free or over-represented hex (TerraformingBuilding.lua:943-961)
[mod] [C47S] VOID(banner path wrapped by Opt_AcknowledgedWarnings) REPORT CONTROL ForestationPlant#16008 :: adds=0 removes=0 over 0.63 sols | adds/sol=0 | flap pairs=0 | buffer min=8564 max=9352 (raw sum=2014772 over n=225 ⇒ mean 8954) of max_storage=10000 | samples at ZERO=0 of 225 (0%) | refills observed=28 totalling 3616 seeds (mean 129 per refill) | not-working samples=0, of which reason='Consumption'=0 | time held in the notification: total 0 game ms over 0 closed pairs (mean n/a, max nil) | voice-eligible SHIPPED=0, under the entry's assumed per-object model=0
[C47S] VOID(banner path wrapped by Opt_AcknowledgedWarnings) REPORT CONTROL ForestationPlant#16008 :: adds=0 removes=0 over 0.63 sols | adds/sol=0 | flap pairs=0 | buffer min=8564 max=9352 (raw sum=2014772 over n=225 ⇒ mean 8954) of max_storage=10000 | samples at ZERO=0 of 225 (0%) | refills observed=28 totalling 3616 seeds (mean 129 per refill) | not-working samples=0, of which reason='Consumption'=0 | time held in the notification: total 0 game ms over 0 closed pairs (mean n/a, max nil) | voice-eligible SHIPPED=0, under the entry's assumed per-object model=0
[mod] [C47S] VOID(banner path wrapped by Opt_AcknowledgedWarnings) REPORT CONTROL ForestationPlant#16008 :: not-working reason histogram over the window: (never sampled not-working)
[C47S] VOID(banner path wrapped by Opt_AcknowledgedWarnings) REPORT CONTROL ForestationPlant#16008 :: not-working reason histogram over the window: (never sampled not-working)
[mod] [C47S] VOID(banner path wrapped by Opt_AcknowledgedWarnings) REPORT CONTROL ForestationPlant#16008 :: DRAIN EVENTS=8 totalling 3986 seeds (max single step 500) | mean spend per drain=498 against this farm's own mean cost per hex of 250 ⇒ mean hexes actually planted per drain=199 hundredths | implied-hex histogram (hexes x events): 2x8 | ⛔ C47's arithmetic assumes 3-5 hexes EVERY tick; an iteration only spends when it finds a free or over-represented hex (TerraformingBuilding.lua:943-961)
[C47S] VOID(banner path wrapped by Opt_AcknowledgedWarnings) REPORT CONTROL ForestationPlant#16008 :: DRAIN EVENTS=8 totalling 3986 seeds (max single step 500) | mean spend per drain=498 against this farm's own mean cost per hex of 250 ⇒ mean hexes actually planted per drain=199 hundredths | implied-hex histogram (hexes x events): 2x8 | ⛔ C47's arithmetic assumes 3-5 hexes EVERY tick; an iteration only spends when it finds a free or over-represented hex (TerraformingBuilding.lua:943-961)
[mod] [C47S] VOID(banner path wrapped by Opt_AcknowledgedWarnings) REPORT CONTROL ForestationPlant#16011 :: adds=0 removes=0 over 0.63 sols | adds/sol=0 | flap pairs=0 | buffer min=8505 max=9245 (raw sum=2013905 over n=225 ⇒ mean 8950) of max_storage=10000 | samples at ZERO=0 of 225 (0%) | refills observed=11 totalling 3640 seeds (mean 330 per refill) | not-working samples=0, of which reason='Consumption'=0 | time held in the notification: total 0 game ms over 0 closed pairs (mean n/a, max nil) | voice-eligible SHIPPED=0, under the entry's assumed per-object model=0
[C47S] VOID(banner path wrapped by Opt_AcknowledgedWarnings) REPORT CONTROL ForestationPlant#16011 :: adds=0 removes=0 over 0.63 sols | adds/sol=0 | flap pairs=0 | buffer min=8505 max=9245 (raw sum=2013905 over n=225 ⇒ mean 8950) of max_storage=10000 | samples at ZERO=0 of 225 (0%) | refills observed=11 totalling 3640 seeds (mean 330 per refill) | not-working samples=0, of which reason='Consumption'=0 | time held in the notification: total 0 game ms over 0 closed pairs (mean n/a, max nil) | voice-eligible SHIPPED=0, under the entry's assumed per-object model=0
[mod] [C47S] VOID(banner path wrapped by Opt_AcknowledgedWarnings) REPORT CONTROL ForestationPlant#16011 :: not-working reason histogram over the window: (never sampled not-working)
[C47S] VOID(banner path wrapped by Opt_AcknowledgedWarnings) REPORT CONTROL ForestationPlant#16011 :: not-working reason histogram over the window: (never sampled not-working)
[mod] [C47S] VOID(banner path wrapped by Opt_AcknowledgedWarnings) REPORT CONTROL ForestationPlant#16011 :: DRAIN EVENTS=8 totalling 4000 seeds (max single step 500) | mean spend per drain=500 against this farm's own mean cost per hex of 250 ⇒ mean hexes actually planted per drain=200 hundredths | implied-hex histogram (hexes x events): 2x8 | ⛔ C47's arithmetic assumes 3-5 hexes EVERY tick; an iteration only spends when it finds a free or over-represented hex (TerraformingBuilding.lua:943-961)
[C47S] VOID(banner path wrapped by Opt_AcknowledgedWarnings) REPORT CONTROL ForestationPlant#16011 :: DRAIN EVENTS=8 totalling 4000 seeds (max single step 500) | mean spend per drain=500 against this farm's own mean cost per hex of 250 ⇒ mean hexes actually planted per drain=200 hundredths | implied-hex histogram (hexes x events): 2x8 | ⛔ C47's arithmetic assumes 3-5 hexes EVERY tick; an iteration only spends when it finds a free or over-represented hex (TerraformingBuilding.lua:943-961)
[mod] [C47S] VOID(banner path wrapped by Opt_AcknowledgedWarnings) REPORT CONTROL ForestationPlant#16076 :: adds=0 removes=0 over 0.63 sols | adds/sol=0 | flap pairs=0 | buffer min=8479 max=9279 (raw sum=2012095 over n=225 ⇒ mean 8942) of max_storage=10000 | samples at ZERO=0 of 225 (0%) | refills observed=12 totalling 3920 seeds (mean 326 per refill) | not-working samples=0, of which reason='Consumption'=0 | time held in the notification: total 0 game ms over 0 closed pairs (mean n/a, max nil) | voice-eligible SHIPPED=0, under the entry's assumed per-object model=0
[C47S] VOID(banner path wrapped by Opt_AcknowledgedWarnings) REPORT CONTROL ForestationPlant#16076 :: adds=0 removes=0 over 0.63 sols | adds/sol=0 | flap pairs=0 | buffer min=8479 max=9279 (raw sum=2012095 over n=225 ⇒ mean 8942) of max_storage=10000 | samples at ZERO=0 of 225 (0%) | refills observed=12 totalling 3920 seeds (mean 326 per refill) | not-working samples=0, of which reason='Consumption'=0 | time held in the notification: total 0 game ms over 0 closed pairs (mean n/a, max nil) | voice-eligible SHIPPED=0, under the entry's assumed per-object model=0
[mod] [C47S] VOID(banner path wrapped by Opt_AcknowledgedWarnings) REPORT CONTROL ForestationPlant#16076 :: not-working reason histogram over the window: (never sampled not-working)
[C47S] VOID(banner path wrapped by Opt_AcknowledgedWarnings) REPORT CONTROL ForestationPlant#16076 :: not-working reason histogram over the window: (never sampled not-working)
[mod] [C47S] VOID(banner path wrapped by Opt_AcknowledgedWarnings) REPORT CONTROL ForestationPlant#16076 :: DRAIN EVENTS=7 totalling 3500 seeds (max single step 500) | mean spend per drain=500 against this farm's own mean cost per hex of 250 ⇒ mean hexes actually planted per drain=200 hundredths | implied-hex histogram (hexes x events): 2x7 | ⛔ C47's arithmetic assumes 3-5 hexes EVERY tick; an iteration only spends when it finds a free or over-represented hex (TerraformingBuilding.lua:943-961)
[C47S] VOID(banner path wrapped by Opt_AcknowledgedWarnings) REPORT CONTROL ForestationPlant#16076 :: DRAIN EVENTS=7 totalling 3500 seeds (max single step 500) | mean spend per drain=500 against this farm's own mean cost per hex of 250 ⇒ mean hexes actually planted per drain=200 hundredths | implied-hex histogram (hexes x events): 2x7 | ⛔ C47's arithmetic assumes 3-5 hexes EVERY tick; an iteration only spends when it finds a free or over-represented hex (TerraformingBuilding.lua:943-961)
[mod] [C47S] VOID(banner path wrapped by Opt_AcknowledgedWarnings) REPORT CONTROL ForestationPlant#16077 :: adds=0 removes=0 over 0.63 sols | adds/sol=0 | flap pairs=0 | buffer min=8532 max=9272 (raw sum=2028980 over n=225 ⇒ mean 9017) of max_storage=10000 | samples at ZERO=0 of 225 (0%) | refills observed=13 totalling 3920 seeds (mean 301 per refill) | not-working samples=0, of which reason='Consumption'=0 | time held in the notification: total 0 game ms over 0 closed pairs (mean n/a, max nil) | voice-eligible SHIPPED=0, under the entry's assumed per-object model=0
[C47S] VOID(banner path wrapped by Opt_AcknowledgedWarnings) REPORT CONTROL ForestationPlant#16077 :: adds=0 removes=0 over 0.63 sols | adds/sol=0 | flap pairs=0 | buffer min=8532 max=9272 (raw sum=2028980 over n=225 ⇒ mean 9017) of max_storage=10000 | samples at ZERO=0 of 225 (0%) | refills observed=13 totalling 3920 seeds (mean 301 per refill) | not-working samples=0, of which reason='Consumption'=0 | time held in the notification: total 0 game ms over 0 closed pairs (mean n/a, max nil) | voice-eligible SHIPPED=0, under the entry's assumed per-object model=0
[mod] [C47S] VOID(banner path wrapped by Opt_AcknowledgedWarnings) REPORT CONTROL ForestationPlant#16077 :: not-working reason histogram over the window: (never sampled not-working)
[C47S] VOID(banner path wrapped by Opt_AcknowledgedWarnings) REPORT CONTROL ForestationPlant#16077 :: not-working reason histogram over the window: (never sampled not-working)
[mod] [C47S] VOID(banner path wrapped by Opt_AcknowledgedWarnings) REPORT CONTROL ForestationPlant#16077 :: DRAIN EVENTS=7 totalling 3500 seeds (max single step 500) | mean spend per drain=500 against this farm's own mean cost per hex of 250 ⇒ mean hexes actually planted per drain=200 hundredths | implied-hex histogram (hexes x events): 2x7 | ⛔ C47's arithmetic assumes 3-5 hexes EVERY tick; an iteration only spends when it finds a free or over-represented hex (TerraformingBuilding.lua:943-961)
[C47S] VOID(banner path wrapped by Opt_AcknowledgedWarnings) REPORT CONTROL ForestationPlant#16077 :: DRAIN EVENTS=7 totalling 3500 seeds (max single step 500) | mean spend per drain=500 against this farm's own mean cost per hex of 250 ⇒ mean hexes actually planted per drain=200 hundredths | implied-hex histogram (hexes x events): 2x7 | ⛔ C47's arithmetic assumes 3-5 hexes EVERY tick; an iteration only spends when it finds a free or over-represented hex (TerraformingBuilding.lua:943-961)
[mod] [C47S] VOID(banner path wrapped by Opt_AcknowledgedWarnings) REPORT CONTROL ForestationPlant#16155 :: adds=0 removes=0 over 0.63 sols | adds/sol=0 | flap pairs=0 | buffer min=8518 max=9258 (raw sum=2039610 over n=225 ⇒ mean 9064) of max_storage=10000 | samples at ZERO=0 of 225 (0%) | refills observed=10 totalling 4200 seeds (mean 420 per refill) | not-working samples=0, of which reason='Consumption'=0 | time held in the notification: total 0 game ms over 0 closed pairs (mean n/a, max nil) | voice-eligible SHIPPED=0, under the entry's assumed per-object model=0
[C47S] VOID(banner path wrapped by Opt_AcknowledgedWarnings) REPORT CONTROL ForestationPlant#16155 :: adds=0 removes=0 over 0.63 sols | adds/sol=0 | flap pairs=0 | buffer min=8518 max=9258 (raw sum=2039610 over n=225 ⇒ mean 9064) of max_storage=10000 | samples at ZERO=0 of 225 (0%) | refills observed=10 totalling 4200 seeds (mean 420 per refill) | not-working samples=0, of which reason='Consumption'=0 | time held in the notification: total 0 game ms over 0 closed pairs (mean n/a, max nil) | voice-eligible SHIPPED=0, under the entry's assumed per-object model=0
[mod] [C47S] VOID(banner path wrapped by Opt_AcknowledgedWarnings) REPORT CONTROL ForestationPlant#16155 :: not-working reason histogram over the window: (never sampled not-working)
[C47S] VOID(banner path wrapped by Opt_AcknowledgedWarnings) REPORT CONTROL ForestationPlant#16155 :: not-working reason histogram over the window: (never sampled not-working)
[mod] [C47S] VOID(banner path wrapped by Opt_AcknowledgedWarnings) REPORT CONTROL ForestationPlant#16155 :: DRAIN EVENTS=8 totalling 4000 seeds (max single step 500) | mean spend per drain=500 against this farm's own mean cost per hex of 250 ⇒ mean hexes actually planted per drain=200 hundredths | implied-hex histogram (hexes x events): 2x8 | ⛔ C47's arithmetic assumes 3-5 hexes EVERY tick; an iteration only spends when it finds a free or over-represented hex (TerraformingBuilding.lua:943-961)
[C47S] VOID(banner path wrapped by Opt_AcknowledgedWarnings) REPORT CONTROL ForestationPlant#16155 :: DRAIN EVENTS=8 totalling 4000 seeds (max single step 500) | mean spend per drain=500 against this farm's own mean cost per hex of 250 ⇒ mean hexes actually planted per drain=200 hundredths | implied-hex histogram (hexes x events): 2x8 | ⛔ C47's arithmetic assumes 3-5 hexes EVERY tick; an iteration only spends when it finds a free or over-represented hex (TerraformingBuilding.lua:943-961)
[mod] [C47S] VOID(banner path wrapped by Opt_AcknowledgedWarnings) REPORT CONTROL ForestationPlant#16192 :: adds=0 removes=0 over 0.63 sols | adds/sol=0 | flap pairs=0 | buffer min=8865 max=9275 (raw sum=2047465 over n=225 ⇒ mean 9099) of max_storage=10000 | samples at ZERO=0 of 225 (0%) | refills observed=4 totalling 1120 seeds (mean 280 per refill) | not-working samples=0, of which reason='Consumption'=0 | time held in the notification: total 0 game ms over 0 closed pairs (mean n/a, max nil) | voice-eligible SHIPPED=0, under the entry's assumed per-object model=0
[C47S] VOID(banner path wrapped by Opt_AcknowledgedWarnings) REPORT CONTROL ForestationPlant#16192 :: adds=0 removes=0 over 0.63 sols | adds/sol=0 | flap pairs=0 | buffer min=8865 max=9275 (raw sum=2047465 over n=225 ⇒ mean 9099) of max_storage=10000 | samples at ZERO=0 of 225 (0%) | refills observed=4 totalling 1120 seeds (mean 280 per refill) | not-working samples=0, of which reason='Consumption'=0 | time held in the notification: total 0 game ms over 0 closed pairs (mean n/a, max nil) | voice-eligible SHIPPED=0, under the entry's assumed per-object model=0
[mod] [C47S] VOID(banner path wrapped by Opt_AcknowledgedWarnings) REPORT CONTROL ForestationPlant#16192 :: not-working reason histogram over the window: (never sampled not-working)
[C47S] VOID(banner path wrapped by Opt_AcknowledgedWarnings) REPORT CONTROL ForestationPlant#16192 :: not-working reason histogram over the window: (never sampled not-working)
[mod] [C47S] VOID(banner path wrapped by Opt_AcknowledgedWarnings) REPORT CONTROL ForestationPlant#16192 :: DRAIN EVENTS=8 totalling 1200 seeds (max single step 150) | mean spend per drain=150 against this farm's own mean cost per hex of 250 ⇒ mean hexes actually planted per drain=60 hundredths | implied-hex histogram (hexes x events): 1x8 | ⛔ C47's arithmetic assumes 3-5 hexes EVERY tick; an iteration only spends when it finds a free or over-represented hex (TerraformingBuilding.lua:943-961)
[C47S] VOID(banner path wrapped by Opt_AcknowledgedWarnings) REPORT CONTROL ForestationPlant#16192 :: DRAIN EVENTS=8 totalling 1200 seeds (max single step 150) | mean spend per drain=150 against this farm's own mean cost per hex of 250 ⇒ mean hexes actually planted per drain=60 hundredths | implied-hex histogram (hexes x events): 1x8 | ⛔ C47's arithmetic assumes 3-5 hexes EVERY tick; an iteration only spends when it finds a free or over-represented hex (TerraformingBuilding.lua:943-961)
[mod] [C47S] VOID(banner path wrapped by Opt_AcknowledgedWarnings) REPORT COLONY :: adds on 'NotWorkingBuildings' across ALL objects=14 | removes=13 | of those, adds on objects outside this leg's census=10 | voice-eligible SHIPPED model=2 over 112 real seconds (the ceiling is one per 60000 real MILLISECONDS, i.e. at most 1 in this window, colony-wide and shared with every other stalled building) | voice-eligible under the entry's assumed per-object model=1
[C47S] VOID(banner path wrapped by Opt_AcknowledgedWarnings) REPORT COLONY :: adds on 'NotWorkingBuildings' across ALL objects=14 | removes=13 | of those, adds on objects outside this leg's census=10 | voice-eligible SHIPPED model=2 over 112 real seconds (the ceiling is one per 60000 real MILLISECONDS, i.e. at most 1 in this window, colony-wide and shared with every other stalled building) | voice-eligible under the entry's assumed per-object model=1
[mod] [C47S] READ C47-adds-sampled(the flap events this window contains) = 14 | population=225 | APPLICABLE=true | witness=225 samples taken over 0.63 sols of game time with the two OnMsg subscriptions armed
[C47S] READ C47-adds-sampled(the flap events this window contains) = 14 | population=225 | APPLICABLE=true | witness=225 samples taken over 0.63 sols of game time with the two OnMsg subscriptions armed
[mod] [C47S] REPORT ⛔ NOT CLAIMED BY THIS RUN: that a banner appeared on a screen or that a voice line was audible. What is counted is that the game raised AddNotificationObject/RemoveNotificationObject for this id, and what the queueing rule in QueueVoice would have admitted. A screen and a speaker need the owner's eyes and ears.
[C47S] REPORT ⛔ NOT CLAIMED BY THIS RUN: that a banner appeared on a screen or that a voice line was audible. What is counted is that the game raised AddNotificationObject/RemoveNotificationObject for this id, and what the queueing rule in QueueVoice would have admitted. A screen and a speaker need the owner's eyes and ears.
[mod] [C47S] REPORT ⚠️ CONFOUNDS, stated beside the numbers and not below them: CHEATS ARE ENABLED on this rig (standing fact) and this colony is an oversized terraforming speed-run. The template numbers are playstyle-independent; every RATE above is not. And the whole window ran at one speed — the drain is game-time driven while the voice cooldown is REAL-time driven, so the two ratios move against each other at any other speed.
[C47S] REPORT ⚠️ CONFOUNDS, stated beside the numbers and not below them: CHEATS ARE ENABLED on this rig (standing fact) and this colony is an oversized terraforming speed-run. The template numbers are playstyle-independent; every RATE above is not. And the whole window ran at one speed — the drain is game-time driven while the voice cooldown is REAL-time driven, so the two ratios move against each other at any other speed.
[mod] [C47S] TRY C47.Report ok=true result=true
[C47S] TRY C47.Report ok=true result=true
[mod] [C47S] CONDITIONS pack=75/75 active | map=BlankBigCanyonCMix_09 | speed=5x | loads_this_process=1 | mode=REAL | note=at close
[C47S] CONDITIONS pack=75/75 active | map=BlankBigCanyonCMix_09 | speed=5x | loads_this_process=1 | mode=REAL | note=at close
[mod] [C47S] CONDITIONS opt-in pack=8/8 active
[C47S] CONDITIONS opt-in pack=8/8 active
[mod] [C47S] CONDITIONS save-rescue mod = NOT PRESENT in this process
[C47S] CONDITIONS save-rescue mod = NOT PRESENT in this process
[mod] [C47S] GATE ⛔ BANNER PATH CONTAMINATED :: Opt_AcknowledgedWarnings is ACTIVE (detail=''). It wraps AddObjectToNotification and drops re-adds for acknowledged buildings, which is exactly the count this leg is taking. Every flap number below measures OUR module, not the game. The census and the buffer curve are unaffected.
[C47S] GATE ⛔ BANNER PATH CONTAMINATED :: Opt_AcknowledgedWarnings is ACTIVE (detail=''). It wraps AddObjectToNotification and drops re-adds for acknowledged buildings, which is exactly the count this leg is taking. Every flap number below measures OUR module, not the game. The census and the buffer curve are unaffected.
[mod] [C47S] CLOCK close :: GameTime()=276300002 (383.75 sols since game start) | UIColony.day=385 hour=0 | speed=5x | RealTime()=146466
[C47S] CLOCK close :: GameTime()=276300002 (383.75 sols since game start) | UIColony.day=385 hour=0 | speed=5x | RealTime()=146466
[mod] [C47S] ERRORWATCH C47S — every engine error line (the bracketed LUA-ERROR marker) in this log between the '=== c47-farm C47S ===' banner and this line happened inside this run. Report every unexplained line verbatim with its position and its age; never discount one (owner rule 2026-08-01). stage_at_close=closing loads_this_process=1 mode=REAL
[C47S] ERRORWATCH C47S — every engine error line (the bracketed LUA-ERROR marker) in this log between the '=== c47-farm C47S ===' banner and this line happened inside this run. Report every unexplained line verbatim with its position and its age; never discount one (owner rule 2026-08-01). stage_at_close=closing loads_this_process=1 mode=REAL
[mod] [C47S] === c47-farm C47S === DONE. Quitting. ⛔ Nothing was saved: this run never calls SaveGame, so the staged copy on disk is byte-identical to the one staged before the launch.
[C47S] === c47-farm C47S === DONE. Quitting. ⛔ Nothing was saved: this run never calls SaveGame, so the staged copy on disk is byte-identical to the one staged before the launch.
						Lua 0:02:42:603


Stopping the game threads from the Lua side with exit code 0.

					Render 0:02:42:605


Stopping the game threads after receiving WM_QUIT.

					Render 0:02:42:950


*** Debug::Done()
Time (ms)	162950


