					Render 0:00:00:006
*** executable info
Timestamp:     	6a22b86d
Date:          	Fri Jun  5 07:52:13 2026
Command line:  	
Compiler:      	194435214, 142 (VS 2019) or newer


*** hardware info
CPU name      	Intel(R) Core(TM) i7-14700K
CPU MHz       	3418
CPU cores     	20/28
Phys. Memory   	65278 MBytes
Memory In Use  	45%
					Render 0:00:00:007
Disk Free      	741194 MBytes


*** OS info
OS:            	Windows 11
Version:       	10.0.26100 


*** Debug::Init()


					Render 0:00:00:078
Steam initialized (AppId 3215050, Beta branch ???)
					Render 0:00:00:081
Drive type for game installation: SSD, savegames: SSD
					Render 0:00:00:082
Language: English
					Render 0:00:01:421
*** graphics info
GPU                            	NVIDIA GeForce RTX 4080 Feature Level: 12.1 {  DoublePrecisionFloatShaderOps: 1 OutputMergerLogicOp: 1 MinPrecisionSupport: 2 TiledResourcesTier: 4 ResourceBindingTier: 3 PSSpecifiedStencilRefSupported: 0 TypedUAVLoadAdditionalFormats: 1 ROVsSupported: 1 ConservativeRasterizationTier: 3 MaxGPUVirtualAddressBitsPerResource: 40 StandardSwizzle64KBSupported: 0 CrossNodeSharingTier: 0 CrossAdapterRowMajorTextureSupported: 0 VPAndRTArrayIndexFromAnyShaderFeedingRasterizerSupportedWithoutGSEmulation: 1 ResourceHeapTier: 2 NotZeroedPools: 1 UMA: 0 UnalignedBlockTextures: 1}
API                            	d3d12
GPU Driver Version             	32.0.16.1074
GPU Driver Package Version     	610.74
GPU Dedicated Video Memory     	16048 MB
					Render 0:00:01:551

Libs: Network, Sequences, MouseTrackWin, DumbAI, MapGen, Paradox, TriggersAndEvents, Notifications, Research, Resources 

					Render 0:00:01:746

Platform: desktop, editor, goldmaster, paradox, pc, steam

					Render 0:00:02:391
*** audio info
Audio Endpoint                 	Speakers (Razer Leviathan V2)
						Lua 0:00:02:450
Lua revision: 396349
Assets revision: 31031
Steam AppID: 3215050
Build version: 1.0.7.396349
Build branch:  Release
						Lua 0:00:17:489
Account storage loaded successfully in 2 ms
						Lua 0:00:17:492
[mod] Loaded mod def Community Fix Pack — Test Kit (id SMR_CommunityFixPackTestKit, v0.00-001) unpacked from appdata
[mod] Loaded mod def Community Fix Pack (id SMR_CommunityFixPack, v1.00-001) unpacked from appdata
[mod] Loaded mod def Community Fix Pack: Opt-In Modules (id SMR_CommunityOptInPack, v1.00-000) unpacked from appdata
						Lua 0:00:17:847
[mod] [SMRTest] console enable requested (flag-only, UI was not up) — press Enter (or Alt-Shift-C) once in a colony
[SMRTest] console enable requested (flag-only, UI was not up) — press Enter (or Alt-Shift-C) once in a colony
						Lua 0:00:17:848
[mod] [SMRTest] no debug.getinfo (mod sandbox) — [install] probes will SKIP
[SMRTest] no debug.getinfo (mod sandbox) — [install] probes will SKIP
[mod] [SMRTest] test kit loaded — SMRTest.RunAll(), SMRTest.List(), SMRTest.<ProbeId>()
[SMRTest] test kit loaded — SMRTest.RunAll(), SMRTest.List(), SMRTest.<ProbeId>()
						Lua 0:00:17:852
[mod] [SMRTest][carry] fixture-carry dump available — run SMRTest.FixtureCarry()
						Lua 0:00:17:853
[mod] [C48P] [C48P] 98_C48Pair loaded — self-driving in 1 tick.
[C48P] [C48P] 98_C48Pair loaded — self-driving in 1 tick.
[mod] [CommunityFixPack] CaveInsNoDisasters: applied
[mod] [CommunityFixPack] MeteorFrequency: applied
						Lua 0:00:17:854
[mod] [CommunityFixPack] UpgradeModifierLeak: applied
[mod] [CommunityFixPack] NightShiftWork: applied
[mod] [CommunityFixPack] MilestoneCrash: applied
[mod] [CommunityFixPack] WispRewards: applied
[mod] [CommunityFixPack] TouristApplicants: applied
[mod] [CommunityFixPack] TrainsToVoid: applied
[mod] [CommunityFixPack] LanderEmptyLaunch: applied
[mod] [CommunityFixPack] LanderCargoRatchet: applied
[mod] [CommunityFixPack] LanderReturnFuel: applied
[mod] [CommunityFixPack] ShelterReflex: applied
[mod] [CommunityFixPack] BrokenTrackSalvage: applied
						Lua 0:00:17:855
[mod] [CommunityFixPack] TrackSalvageWipe: applied
[mod] [CommunityFixPack] LakeEntombment: applied
[mod] [CommunityFixPack] GhostFarmOxygen: applied
[mod] [CommunityFixPack] RocketDroneChurn: applied
[mod] [CommunityFixPack] ShuttleTransportCache: applied
[mod] [CommunityFixPack] VacuumWalks: applied
[mod] [CommunityFixPack] ArrivalDeaths: applied
[mod] [CommunityFixPack] DroneUnreachableForever: applied
[mod] [CommunityFixPack] StaleReservations: applied
[mod] [CommunityFixPack] CrystalMysteryHang: applied
						Lua 0:00:17:856
[mod] [CommunityFixPack] TouristSatisfaction: applied
[mod] [CommunityFixPack] TrainPlatformWedge: applied
[mod] [CommunityFixPack] LowStorageWarning: applied
[mod] [CommunityFixPack] CommandCenterNumbers: applied
[mod] [CommunityFixPack] DomeOverviewHighlight: applied
[mod] [CommunityFixPack] TrainCargoDumping: applied
[mod] [CommunityFixPack] UniversityOvertraining: applied
[mod] [CommunityFixPack] DestroyedTunnels: applied
[mod] [CommunityFixPack] DustSicknessBiorobots: applied
[mod] [CommunityFixPack] DustSicknessDamage: applied
						Lua 0:00:17:857
[mod] [CommunityFixPack] GeneForging: applied
[mod] [CommunityFixPack] MirrorSphereSite: applied
[mod] [CommunityFixPack] PayloadTemplateRefill: applied
[mod] [CommunityFixPack] AsteroidLanderAvailable: applied
[mod] [CommunityFixPack] ShuttleHubOffAvailable: applied
[mod] [CommunityFixPack] FreedHousingNotice: applied
[mod] [CommunityFixPack] DomeFreeSpaceMismatch: applied
[mod] [CommunityFixPack] SmallLandscapeSites: applied
[mod] [CommunityFixPack] LandscapeUnitFilter: applied
						Lua 0:00:17:858
[mod] [CommunityFixPack] RocketInteractGuard: applied
[mod] [CommunityFixPack] TrackConnectorPingPong: applied
[mod] [CommunityFixPack] TrackTunnelPowerBridge: applied
[mod] [CommunityFixPack] GridGlobalStorage: applied
[mod] [CommunityFixPack] LastTransmissionStorage: applied
[mod] [CommunityFixPack] GraphConsumedCaption: applied
[mod] [CommunityFixPack] MoraleComfortTooltip: applied
						Lua 0:00:17:859
[mod] [CommunityFixPack] TrainWaitTime: applied
[mod] [CommunityFixPack] FounderTraitNotification: applied
[mod] [CommunityFixPack] StorageRateModifiers: applied
[mod] [CommunityFixPack] SequenceLatents: applied
[mod] [CommunityFixPack] IndependenceTerraforming: applied
[mod] [CommunityFixPack] TrackSalvageRefund: applied
[mod] [CommunityFixPack] LayoutTechLock: applied
[mod] [CommunityFixPack] TrainMinors: applied
[mod] [CommunityFixPack] DroneTransportMinors: applied
[mod] [CommunityFixPack] AnomalyCaveInMap: applied
						Lua 0:00:17:860
[mod] [CommunityFixPack] TechDescriptionBuilding: applied
[mod] [CommunityFixPack] BombardmentSpread: applied
[mod] [CommunityFixPack] ExtenderFlapChurn: applied
[mod] [CommunityFixPack] DisasterPredictionLeak: applied
[mod] [CommunityFixPack] MeteorStormWedge: applied
[mod] [CommunityFixPack] RainsDeadlock: applied
[mod] [CommunityFixPack] FirstAsteroidPrefabs: applied
[mod] [CommunityFixPack] SaintBlessing: applied
						Lua 0:00:17:861
[mod] [CommunityFixPack] DustDevilsDescrMap: applied
[mod] [CommunityFixPack] AstrogeologistExtractors: applied
[mod] [CommunityFixPack] SinkholeIndestructible: applied
[mod] [CommunityFixPack] DustStormUndergroundBreaks: applied
[mod] [CommunityFixPack] DustDevilSpawnGate: applied
[mod] [CommunityFixPack] ExoticDepositSign: applied
[mod] [CommunityFixPack] AutomationLawCompensation: applied
[mod] [CommunityFixPack] SaveSanitizer: applied
						Lua 0:00:17:862
[mod] [CommunityOptInPack] ClassicRockets: applied
[mod] [CommunityOptInPack] AcknowledgedWarnings: applied
[mod] [CommunityOptInPack] ResidencyControl: applied
[mod] [CommunityOptInPack] MultipleSuns: applied
[mod] [CommunityOptInPack] DroneOverhaul: applied
						Lua 0:00:17:863
[mod] [CommunityOptInPack] CohortHousing: applied
[mod] [CommunityOptInPack] NoHomeless: self-check targets Community but Workforce declares HasFreeWorkplacesAround — authoring error, not a game update (FIX_POLICY §2)
[mod] [CommunityOptInPack] NoHomeless: inactive (Community.HasFreeWorkplacesAround not found — expected on the FIRST load pass and NOT a game update: this check names Community while Workforce declares the method (authoring error — see the preceding line), and mod code loads before the class hierarchy is built, so the module applies cleanly on the second pass. If no 'NoHomeless: applied' line follows this one, the method is genuinely gone — without it a flagged dome could never be staffed)
[mod] [CommunityOptInPack] DroneStatDials: applied
						Lua 0:00:18:398
[mod] [CommunityFixPack] SaintBlessing: inactive (no dome-colonists trait presets)
[mod] [CommunityFixPack] SinkholeIndestructible: the St. Elmo's Fire sinkhole is now indestructible, like every other mystery set-piece
						Lua 0:00:18:471
Reloading done in 969 ms
						Lua 0:00:18:794
[preset] Preset postprocess took 53 ms.
						Lua 0:00:18:844
479 / 479 particle streams loaded in 46 ms.
						Lua 0:00:18:845
[mod] [CommunityFixPack] LastTransmissionStorage: 6 storage condition(s) made effective, 1 retargeted
[mod] [CommunityFixPack] IndependenceTerraforming: Independence_TerraformingProjects now discounts special projects by 20% as its param1 says
[mod] [CommunityFixPack] AstrogeologistExtractors: added 2 missing extractor entr(y/ies) to the astrogeologist profile (10 already present)
[mod] [CommunityOptInPack] MultipleSuns: BuildingTemplates.ArtificialSun not found — build limit NOT lifted (binding fix still active)
						Lua 0:00:19:040
[mod] [CommunityFixPack] SaintBlessing: corrected 1 dome-colonists trait modifier label(s) of 2
[mod] [CommunityOptInPack] MultipleSuns: Artificial Sun build-once limit lifted
						Lua 0:00:19:095
[mod] [C48P] === c48-pairing C48P === payload loaded. Staged save: C48PAIR.savegame.sav
[C48P] === c48-pairing C48P === payload loaded. Staged save: C48PAIR.savegame.sav
[PdxSDK] Started up. Took 1593
						Lua 0:00:19:121
[mod] Loaded mod items for: SMR_CommunityFixPackTestKit, SMR_CommunityFixPack, SMR_CommunityOptInPack
[mod] [CommunityOptInPack] NoHomeless: applied
						Lua 0:00:19:541
[Braze] SessionStart error The server name or address could not be resolved

						Lua 0:00:19:542
[Braze] Failed sending launcher ev The server name or address could not be resolved

[Braze] Failed to init
						Lua 0:00:19:645
[Braze] SessionStart error The server name or address could not be resolved

[Braze] Failed sending launcher ev The server name or address could not be resolved

[Braze] Failed to init
						Lua 0:00:21:556
[mod] [C48P] CONDITIONS pack=75/75 active | map= | speed=1x | loads_this_process=0 | mode=REAL | note=main menu, before the load
[C48P] CONDITIONS pack=75/75 active | map= | speed=1x | loads_this_process=0 | mode=REAL | note=main menu, before the load
[mod] [C48P] CONDITIONS opt-in pack=8/8 active
[C48P] CONDITIONS opt-in pack=8/8 active
[mod] [C48P] CONDITIONS save-rescue mod = NOT PRESENT in this process
[C48P] CONDITIONS save-rescue mod = NOT PRESENT in this process
[mod] [C48P] GATE banner-path :: Opt_AcknowledgedWarnings is ACTIVE (detail='') — ⚖️ BY OWNER RULING this is deliberate: it was on when the symptom was observed, so it is part of the configuration under test, not a contaminant to be removed. ⭐ It suppresses only a building it has STAMPED, stamps only on player dismissal, and CLEARS the stamp on that building's next recovery (Opt_AcknowledgedWarnings.lua:124-129) — so a flapping building clears its own acknowledgment every cycle and cannot be quieted by it. Engagement is MEASURED below via the ack-flag read, never assumed.
[C48P] GATE banner-path :: Opt_AcknowledgedWarnings is ACTIVE (detail='') — ⚖️ BY OWNER RULING this is deliberate: it was on when the symptom was observed, so it is part of the configuration under test, not a contaminant to be removed. ⭐ It suppresses only a building it has STAMPED, stamps only on player dismissal, and CLEARS the stamp on that building's next recovery (Opt_AcknowledgedWarnings.lua:124-129) — so a flapping building clears its own acknowledgment every cycle and cannot be quieted by it. Engagement is MEASURED below via the ack-flag read, never assumed.
						Lua 0:00:21:654
Load Game: 
	lua_revision: 396349 
	assets_revision: 31031 

	mods: SMR_CommunityFixPackTestKit, SMR_CommunityFixPack, SMR_CommunityOptInPack 
						Lua 0:00:21:656
*** Reloading assets from folder 'BinAssets/'
							IO Task 0:00:21:683
[ResManager Error] Cannot find file with base path: Animations/LawOfficeDoor_idle.hgacl
[ResManager Error] Cannot find file with base path: Animations/LawOfficeDoor_opening.hgacl
						Lua 0:00:23:462
*** Assets reloaded in 1.8 s, read 202.1 MB, read speed 111.9 MB/s, average read 4949 bytes.
						Lua 0:00:29:538
[mod] [SMRTest] console enable requested (clean) — press Enter (or Alt-Shift-C) once in a colony
[SMRTest] console enable requested (clean) — press Enter (or Alt-Shift-C) once in a colony
						Lua 0:00:29:548
[mod] [CommunityFixPack] ExoticDepositSign: 1 Exotic Minerals deposit(s) re-signed onto the clean entity
						Lua 0:00:29:573
game_settings:
    sponsor: NASA
    profile: rocketscientist
    founding_faction: ProsperityForMars
    rival_colonies: Japan, paradox
    mystery_random: 
    game_rules: (none)
more_game_settings: save_game_id: HdmSxGs6kyd0uz6-, mystery: none, coordinates: 0N107E, landing_spot: , logo: USA
map_conditions: altitude: -583, temperature: -1, cold_wave: 0, dust_devils: 66, dust_storm: 102, meteors: 109
map_resources: concrete: 146, metals: 146, precious_metals: 146, water: 176
						Lua 0:00:29:589
Game Loaded in 7936 ms
						Lua 0:00:29:625
[mod] [SMRTest] console enable requested (clean) — press Enter (or Alt-Shift-C) once in a colony
[SMRTest] console enable requested (clean) — press Enter (or Alt-Shift-C) once in a colony
						Lua 0:00:30:560
Game loaded on map BlankBigCanyonCMix_09 in 9004 ms
[mod] [C48P] LOAD OK #1 file=C48PAIR.savegame.sav — LoadGame returned no error
[C48P] LOAD OK #1 file=C48PAIR.savegame.sav — LoadGame returned no error
						Lua 0:00:32:868
[mod] [SMRTest] console enable requested (clean) — press Enter (or Alt-Shift-C) once in a colony
[SMRTest] console enable requested (clean) — press Enter (or Alt-Shift-C) once in a colony
						Lua 0:00:45:560
[mod] [C48P] TRY UIColony:SetGameSpeed(3) ok=true result=3
[C48P] TRY UIColony:SetGameSpeed(3) ok=true result=3
						Lua 0:00:46:560
[mod] [C48P] READ speed after load: before=1x after=3x | wanted=3x | RUNNING=true — the whole sampling window below is VOID if this is not the wanted speed (a loaded save arrives PAUSED: corun-pt15 rule C4)
[C48P] READ speed after load: before=1x after=3x | wanted=3x | RUNNING=true — the whole sampling window below is VOID if this is not the wanted speed (a loaded save arrives PAUSED: corun-pt15 rule C4)
[mod] [C48P] TRY load C48PAIR.savegame.sav (yielding) ok=true result=true
[C48P] TRY load C48PAIR.savegame.sav (yielding) ok=true result=true
[mod] [C48P] CONDITIONS pack=75/75 active | map=BlankBigCanyonCMix_09 | speed=3x | loads_this_process=1 | mode=REAL | note=after the load
						Lua 0:00:46:561
[C48P] CONDITIONS pack=75/75 active | map=BlankBigCanyonCMix_09 | speed=3x | loads_this_process=1 | mode=REAL | note=after the load
[mod] [C48P] CONDITIONS opt-in pack=8/8 active
[C48P] CONDITIONS opt-in pack=8/8 active
[mod] [C48P] CONDITIONS save-rescue mod = NOT PRESENT in this process
[C48P] CONDITIONS save-rescue mod = NOT PRESENT in this process
[mod] [C48P] GATE banner-path :: Opt_AcknowledgedWarnings is ACTIVE (detail='') — ⚖️ BY OWNER RULING this is deliberate: it was on when the symptom was observed, so it is part of the configuration under test, not a contaminant to be removed. ⭐ It suppresses only a building it has STAMPED, stamps only on player dismissal, and CLEARS the stamp on that building's next recovery (Opt_AcknowledgedWarnings.lua:124-129) — so a flapping building clears its own acknowledgment every cycle and cannot be quieted by it. Engagement is MEASURED below via the ack-flag read, never assumed.
[C48P] GATE banner-path :: Opt_AcknowledgedWarnings is ACTIVE (detail='') — ⚖️ BY OWNER RULING this is deliberate: it was on when the symptom was observed, so it is part of the configuration under test, not a contaminant to be removed. ⭐ It suppresses only a building it has STAMPED, stamps only on player dismissal, and CLEARS the stamp on that building's next recovery (Opt_AcknowledgedWarnings.lua:124-129) — so a flapping building clears its own acknowledgment every cycle and cannot be quieted by it. Engagement is MEASURED below via the ack-flag read, never assumed.
[mod] [C48P] ORGANIC :: census of consumers, depots and hubs :: reads only
[C48P] ORGANIC :: census of consumers, depots and hubs :: reads only
[mod] [C48P] CLOCK census :: GameTime()=275838973 (383.10 sols since game start) | UIColony.day=384 hour=8 | speed=3x | RealTime()=34534
[C48P] CLOCK census :: GameTime()=275838973 (383.10 sols since game start) | UIColony.day=384 hour=8 | speed=3x | RealTime()=34534
						Lua 0:00:46:562
[mod] [C48P] READ C48P-population(consuming buildings) = 100 | population=100 | APPLICABLE=true | witness=CurrentMap:MapGet('Building') filtered on DoesHaveConsumption(), walked this load
[C48P] READ C48P-population(consuming buildings) = 100 | population=100 | APPLICABLE=true | witness=CurrentMap:MapGet('Building') filtered on DoesHaveConsumption(), walked this load
[mod] [C48P] CENSUS CONSUMER [1] ForestationPlant#16192 :: resource=Seeds | stored=9185 of 10000 | working=true
[C48P] CENSUS CONSUMER [1] ForestationPlant#16192 :: resource=Seeds | stored=9185 of 10000 | working=true
[mod] [C48P] CENSUS CONSUMER [2] ForestationPlant#15554 :: resource=Seeds | stored=9203 of 10000 | working=true
[C48P] CENSUS CONSUMER [2] ForestationPlant#15554 :: resource=Seeds | stored=9203 of 10000 | working=true
[mod] [C48P] CENSUS CONSUMER [3] MegaMall#9011 :: resource=Food | stored=19200 of 20000 | working=true
[C48P] CENSUS CONSUMER [3] MegaMall#9011 :: resource=Food | stored=19200 of 20000 | working=true
[mod] [C48P] CENSUS CONSUMER [4] ShopsElectronics#9012 :: resource=Electronics | stored=4800 of 5000 | working=true
[C48P] CENSUS CONSUMER [4] ShopsElectronics#9012 :: resource=Electronics | stored=4800 of 5000 | working=true
[mod] [C48P] CENSUS CONSUMER [5] ShopsFood#9016 :: resource=Food | stored=9200 of 10000 | working=true
[C48P] CENSUS CONSUMER [5] ShopsFood#9016 :: resource=Food | stored=9200 of 10000 | working=true
[mod] [C48P] CENSUS CONSUMER [6] Diner#9019 :: resource=Food | stored=9600 of 10000 | working=true
[C48P] CENSUS CONSUMER [6] Diner#9019 :: resource=Food | stored=9600 of 10000 | working=true
[mod] [C48P] CENSUS CONSUMER [7] ForestationPlant#14627 :: resource=Seeds | stored=8510 of 10000 | working=true
[C48P] CENSUS CONSUMER [7] ForestationPlant#14627 :: resource=Seeds | stored=8510 of 10000 | working=true
[mod] [C48P] CENSUS CONSUMER [8] ForestationPlant#15556 :: resource=Seeds | stored=8710 of 10000 | working=true
[C48P] CENSUS CONSUMER [8] ForestationPlant#15556 :: resource=Seeds | stored=8710 of 10000 | working=true
[mod] [C48P] CENSUS CONSUMER [9] ForestationPlant#15565 :: resource=Seeds | stored=8744 of 10000 | working=true
[C48P] CENSUS CONSUMER [9] ForestationPlant#15565 :: resource=Seeds | stored=8744 of 10000 | working=true
[mod] [C48P] CENSUS CONSUMER [10] ForestationPlant#14623 :: resource=Seeds | stored=9122 of 10000 | working=true
[C48P] CENSUS CONSUMER [10] ForestationPlant#14623 :: resource=Seeds | stored=9122 of 10000 | working=true
[mod] [C48P] CENSUS CONSUMER [11] ForestationPlant#15549 :: resource=Seeds | stored=9259 of 10000 | working=true
[C48P] CENSUS CONSUMER [11] ForestationPlant#15549 :: resource=Seeds | stored=9259 of 10000 | working=true
[mod] [C48P] CENSUS CONSUMER [12] ForestationPlant#14628 :: resource=Seeds | stored=8696 of 10000 | working=true
[C48P] CENSUS CONSUMER [12] ForestationPlant#14628 :: resource=Seeds | stored=8696 of 10000 | working=true
[mod] [C48P] CENSUS CONSUMER [13] ShuttleHub#8345 :: resource=Fuel | stored=8810 of 10000 | working=true
[C48P] CENSUS CONSUMER [13] ShuttleHub#8345 :: resource=Fuel | stored=8810 of 10000 | working=true
[mod] [C48P] CENSUS CONSUMER [14] ShopsJewelry#8322 :: resource=Polymers | stored=4600 of 5000 | working=true
[C48P] CENSUS CONSUMER [14] ShopsJewelry#8322 :: resource=Polymers | stored=4600 of 5000 | working=true
[mod] [C48P] CENSUS CONSUMER [15] ShopsFood#8323 :: resource=Food | stored=9600 of 10000 | working=true
[C48P] CENSUS CONSUMER [15] ShopsFood#8323 :: resource=Food | stored=9600 of 10000 | working=true
[mod] [C48P] CENSUS CONSUMER [16] Diner#8326 :: resource=Food | stored=9200 of 10000 | working=true
[C48P] CENSUS CONSUMER [16] Diner#8326 :: resource=Food | stored=9200 of 10000 | working=true
[mod] [C48P] CENSUS CONSUMER [17] MegaMall#8329 :: resource=Food | stored=20000 of 20000 | working=true
[C48P] CENSUS CONSUMER [17] MegaMall#8329 :: resource=Food | stored=20000 of 20000 | working=true
[mod] [C48P] CENSUS CONSUMER [18] ForestationPlant#15563 :: resource=Seeds | stored=8682 of 10000 | working=true
[C48P] CENSUS CONSUMER [18] ForestationPlant#15563 :: resource=Seeds | stored=8682 of 10000 | working=true
[mod] [C48P] CENSUS CONSUMER [19] ForestationPlant#6836 :: resource=Seeds | stored=9145 of 10000 | working=true
[C48P] CENSUS CONSUMER [19] ForestationPlant#6836 :: resource=Seeds | stored=9145 of 10000 | working=true
[mod] [C48P] CENSUS CONSUMER [20] Diner#8332 :: resource=Food | stored=9600 of 10000 | working=true
[C48P] CENSUS CONSUMER [20] Diner#8332 :: resource=Food | stored=9600 of 10000 | working=true
[mod] [C48P] CENSUS CONSUMER [21] ForestationPlant#14625 :: resource=Seeds | stored=9043 of 10000 | working=true
[C48P] CENSUS CONSUMER [21] ForestationPlant#14625 :: resource=Seeds | stored=9043 of 10000 | working=true
[mod] [C48P] CENSUS CONSUMER [22] ForestationPlant#15547 :: resource=Seeds | stored=9086 of 10000 | working=true
[C48P] CENSUS CONSUMER [22] ForestationPlant#15547 :: resource=Seeds | stored=9086 of 10000 | working=true
[mod] [C48P] CENSUS CONSUMER [23] ForestationPlant#14629 :: resource=Seeds | stored=9177 of 10000 | working=true
[C48P] CENSUS CONSUMER [23] ForestationPlant#14629 :: resource=Seeds | stored=9177 of 10000 | working=true
[mod] [C48P] CENSUS CONSUMER [24] ForestationPlant#6620 :: resource=Seeds | stored=9115 of 10000 | working=true
[C48P] CENSUS CONSUMER [24] ForestationPlant#6620 :: resource=Seeds | stored=9115 of 10000 | working=true
[mod] [C48P] CENSUS CONSUMER [25] ForestationPlant#6958 :: resource=Seeds | stored=9113 of 10000 | working=true
[C48P] CENSUS CONSUMER [25] ForestationPlant#6958 :: resource=Seeds | stored=9113 of 10000 | working=true
[mod] [C48P] CENSUS CONSUMER [26] ForestationPlant#6622 :: resource=Seeds | stored=9202 of 10000 | working=true
[C48P] CENSUS CONSUMER [26] ForestationPlant#6622 :: resource=Seeds | stored=9202 of 10000 | working=true
[mod] [C48P] CENSUS CONSUMER [27] ForestationPlant#3790 :: resource=Seeds | stored=8953 of 10000 | working=true
[C48P] CENSUS CONSUMER [27] ForestationPlant#3790 :: resource=Seeds | stored=8953 of 10000 | working=true
[mod] [C48P] CENSUS CONSUMER [28] PolymerPlant#3574 :: resource=Fuel | stored=4340 of 5000 | working=true
[C48P] CENSUS CONSUMER [28] PolymerPlant#3574 :: resource=Fuel | stored=4340 of 5000 | working=true
[mod] [C48P] CENSUS CONSUMER [29] PolymerPlant#6993 :: resource=Fuel | stored=4532 of 5000 | working=true
[C48P] CENSUS CONSUMER [29] PolymerPlant#6993 :: resource=Fuel | stored=4532 of 5000 | working=true
[mod] [C48P] CENSUS CONSUMER [30] ElectronicsFactory#4682 :: resource=PreciousMetals | stored=4086 of 5000 | working=true
[C48P] CENSUS CONSUMER [30] ElectronicsFactory#4682 :: resource=PreciousMetals | stored=4086 of 5000 | working=true
[mod] [C48P] CENSUS CONSUMER [31] MachinePartsFactory#4670 :: resource=Metals | stored=3843 of 5000 | working=true
[C48P] CENSUS CONSUMER [31] MachinePartsFactory#4670 :: resource=Metals | stored=3843 of 5000 | working=true
[mod] [C48P] CENSUS CONSUMER [32] MegaMall#3059 :: resource=Food | stored=19800 of 20000 | working=true
[C48P] CENSUS CONSUMER [32] MegaMall#3059 :: resource=Food | stored=19800 of 20000 | working=true
[mod] [C48P] CENSUS CONSUMER [33] ShopsFood#3060 :: resource=Food | stored=9200 of 10000 | working=true
[C48P] CENSUS CONSUMER [33] ShopsFood#3060 :: resource=Food | stored=9200 of 10000 | working=true
[mod] [C48P] CENSUS CONSUMER [34] Diner#3065 :: resource=Food | stored=9400 of 10000 | working=true
[C48P] CENSUS CONSUMER [34] Diner#3065 :: resource=Food | stored=9400 of 10000 | working=true
[mod] [C48P] CENSUS CONSUMER [35] ForestationPlant#15047 :: resource=Seeds | stored=9175 of 10000 | working=true
[C48P] CENSUS CONSUMER [35] ForestationPlant#15047 :: resource=Seeds | stored=9175 of 10000 | working=true
[mod] [C48P] CENSUS CONSUMER [36] MegaMall#2723 :: resource=Food | stored=19600 of 20000 | working=true
[C48P] CENSUS CONSUMER [36] MegaMall#2723 :: resource=Food | stored=19600 of 20000 | working=true
[mod] [C48P] CENSUS CONSUMER [37] Diner#2724 :: resource=Food | stored=10000 of 10000 | working=true
[C48P] CENSUS CONSUMER [37] Diner#2724 :: resource=Food | stored=10000 of 10000 | working=true
[mod] [C48P] CENSUS CONSUMER [38] ShuttleHub#8570 :: resource=Fuel | stored=8708 of 10000 | working=true
[C48P] CENSUS CONSUMER [38] ShuttleHub#8570 :: resource=Fuel | stored=8708 of 10000 | working=true
[mod] [C48P] CENSUS CONSUMER [39] ShopsFood_Small#2722 :: resource=Food | stored=3400 of 4000 | working=true
[C48P] CENSUS CONSUMER [39] ShopsFood_Small#2722 :: resource=Food | stored=3400 of 4000 | working=true
						Lua 0:00:46:563
[mod] [C48P] CENSUS CONSUMER [40] ElectronicsFactory#7671 :: resource=PreciousMetals | stored=4068 of 5000 | working=true
[C48P] CENSUS CONSUMER [40] ElectronicsFactory#7671 :: resource=PreciousMetals | stored=4068 of 5000 | working=true
[mod] [C48P] CENSUS CONSUMER [41] ShuttleHub#4646 :: resource=Fuel | stored=10000 of 10000 | working=true
[C48P] CENSUS CONSUMER [41] ShuttleHub#4646 :: resource=Fuel | stored=10000 of 10000 | working=true
[mod] [C48P] CENSUS CONSUMER [42] ForestationPlant#16155 :: resource=Seeds | stored=9058 of 10000 | working=true
[C48P] CENSUS CONSUMER [42] ForestationPlant#16155 :: resource=Seeds | stored=9058 of 10000 | working=true
[mod] [C48P] CENSUS CONSUMER [43] ForestationPlant#15043 :: resource=Seeds | stored=8637 of 10000 | working=true
[C48P] CENSUS CONSUMER [43] ForestationPlant#15043 :: resource=Seeds | stored=8637 of 10000 | working=true
[mod] [C48P] CENSUS CONSUMER [44] ForestationPlant#15050 :: resource=Seeds | stored=9120 of 10000 | working=true
[C48P] CENSUS CONSUMER [44] ForestationPlant#15050 :: resource=Seeds | stored=9120 of 10000 | working=true
[mod] [C48P] CENSUS CONSUMER [45] ForestationPlant#15052 :: resource=Seeds | stored=9136 of 10000 | working=true
[C48P] CENSUS CONSUMER [45] ForestationPlant#15052 :: resource=Seeds | stored=9136 of 10000 | working=true
[mod] [C48P] CENSUS CONSUMER [46] Diner#8661 :: resource=Food | stored=10000 of 10000 | working=true
[C48P] CENSUS CONSUMER [46] Diner#8661 :: resource=Food | stored=10000 of 10000 | working=true
[mod] [C48P] CENSUS CONSUMER [47] ShopsFood#8663 :: resource=Food | stored=9960 of 10000 | working=true
[C48P] CENSUS CONSUMER [47] ShopsFood#8663 :: resource=Food | stored=9960 of 10000 | working=true
[mod] [C48P] CENSUS CONSUMER [48] ForestationPlant#16008 :: resource=Seeds | stored=8776 of 10000 | working=true
[C48P] CENSUS CONSUMER [48] ForestationPlant#16008 :: resource=Seeds | stored=8776 of 10000 | working=true
[mod] [C48P] CENSUS CONSUMER [49] ArtWorkshop#8669 :: resource=Polymers | stored=6000 of 6000 | working=true
[C48P] CENSUS CONSUMER [49] ArtWorkshop#8669 :: resource=Polymers | stored=6000 of 6000 | working=true
[mod] [C48P] CENSUS CONSUMER [50] MegaMall#8670 :: resource=Food | stored=19920 of 20000 | working=true
[C48P] CENSUS CONSUMER [50] MegaMall#8670 :: resource=Food | stored=19920 of 20000 | working=true
[mod] [C48P] CENSUS CONSUMER [51] BioroboticsWorkshop#8672 :: resource=MachineParts | stored=4538 of 6000 | working=true
[C48P] CENSUS CONSUMER [51] BioroboticsWorkshop#8672 :: resource=MachineParts | stored=4538 of 6000 | working=true
[mod] [C48P] CENSUS CONSUMER [52] ElectronicsFactory_Small#16002 :: resource=PreciousMetals | stored=4724 of 5000 | working=true
[C48P] CENSUS CONSUMER [52] ElectronicsFactory_Small#16002 :: resource=PreciousMetals | stored=4724 of 5000 | working=true
[mod] [C48P] CENSUS CONSUMER [53] VRWorkshop#8674 :: resource=Electronics | stored=6000 of 6000 | working=true
[C48P] CENSUS CONSUMER [53] VRWorkshop#8674 :: resource=Electronics | stored=6000 of 6000 | working=true
[mod] [C48P] CENSUS CONSUMER [54] ElectronicsFactory#8675 :: resource=PreciousMetals | stored=4833 of 5000 | working=false
[C48P] CENSUS CONSUMER [54] ElectronicsFactory#8675 :: resource=PreciousMetals | stored=4833 of 5000 | working=false
[mod] [C48P] CENSUS CONSUMER [55] OpenFarm#15974 :: resource=Seeds | stored=2700 of 5000 | working=true
[C48P] CENSUS CONSUMER [55] OpenFarm#15974 :: resource=Seeds | stored=2700 of 5000 | working=true
[mod] [C48P] CENSUS CONSUMER [56] TVStudioWorkshopCCP1#8676 :: resource=Electronics | stored=5000 of 5000 | working=true
[C48P] CENSUS CONSUMER [56] TVStudioWorkshopCCP1#8676 :: resource=Electronics | stored=5000 of 5000 | working=true
[mod] [C48P] CENSUS CONSUMER [57] PolymerPlant#8677 :: resource=Fuel | stored=4730 of 5000 | working=true
[C48P] CENSUS CONSUMER [57] PolymerPlant#8677 :: resource=Fuel | stored=4730 of 5000 | working=true
[mod] [C48P] CENSUS CONSUMER [58] PolymerPlant#16000 :: resource=Fuel | stored=4826 of 5000 | working=true
[C48P] CENSUS CONSUMER [58] PolymerPlant#16000 :: resource=Fuel | stored=4826 of 5000 | working=true
[mod] [C48P] CENSUS CONSUMER [59] ForestationPlant#15099 :: resource=Seeds | stored=9139 of 10000 | working=true
[C48P] CENSUS CONSUMER [59] ForestationPlant#15099 :: resource=Seeds | stored=9139 of 10000 | working=true
[mod] [C48P] CENSUS CONSUMER [60] ForestationPlant#7016 :: resource=Seeds | stored=9550 of 10000 | working=true
[C48P] CENSUS CONSUMER [60] ForestationPlant#7016 :: resource=Seeds | stored=9550 of 10000 | working=true
[mod] [C48P] CENSUS CONSUMER [61] ForestationPlant#16011 :: resource=Seeds | stored=9105 of 10000 | working=true
[C48P] CENSUS CONSUMER [61] ForestationPlant#16011 :: resource=Seeds | stored=9105 of 10000 | working=true
[mod] [C48P] CENSUS CONSUMER [62] CarbonateProcessor#14608 :: resource=WasteRock | stored=17500 of 20000 | working=true
[C48P] CENSUS CONSUMER [62] CarbonateProcessor#14608 :: resource=WasteRock | stored=17500 of 20000 | working=true
[mod] [C48P] CENSUS CONSUMER [63] ForestationPlant#15817 :: resource=Seeds | stored=9076 of 10000 | working=true
[C48P] CENSUS CONSUMER [63] ForestationPlant#15817 :: resource=Seeds | stored=9076 of 10000 | working=true
[mod] [C48P] CENSUS CONSUMER [64] ForestationPlant#15098 :: resource=Seeds | stored=9162 of 10000 | working=true
[C48P] CENSUS CONSUMER [64] ForestationPlant#15098 :: resource=Seeds | stored=9162 of 10000 | working=true
[mod] [C48P] CENSUS CONSUMER [65] CarbonateProcessor#1597 :: resource=WasteRock | stored=20000 of 20000 | working=true
[C48P] CENSUS CONSUMER [65] CarbonateProcessor#1597 :: resource=WasteRock | stored=20000 of 20000 | working=true
[mod] [C48P] CENSUS CONSUMER [66] CarbonateProcessor#14610 :: resource=WasteRock | stored=20000 of 20000 | working=true
[C48P] CENSUS CONSUMER [66] CarbonateProcessor#14610 :: resource=WasteRock | stored=20000 of 20000 | working=true
[mod] [C48P] CENSUS CONSUMER [67] ForestationPlant#15810 :: resource=Seeds | stored=9196 of 10000 | working=true
[C48P] CENSUS CONSUMER [67] ForestationPlant#15810 :: resource=Seeds | stored=9196 of 10000 | working=true
[mod] [C48P] CENSUS CONSUMER [68] OpenFarm#15779 :: resource=Seeds | stored=3665 of 5000 | working=true
[C48P] CENSUS CONSUMER [68] OpenFarm#15779 :: resource=Seeds | stored=3665 of 5000 | working=true
[mod] [C48P] CENSUS CONSUMER [69] ReconCenter#2766 :: resource=Electronics | stored=20000 of 20000 | working=true
[C48P] CENSUS CONSUMER [69] ReconCenter#2766 :: resource=Electronics | stored=20000 of 20000 | working=true
[mod] [C48P] CENSUS CONSUMER [70] ForestationPlant#4089 :: resource=Seeds | stored=9136 of 10000 | working=true
[C48P] CENSUS CONSUMER [70] ForestationPlant#4089 :: resource=Seeds | stored=9136 of 10000 | working=true
[mod] [C48P] CENSUS CONSUMER [71] ForestationPlant#2793 :: resource=Seeds | stored=9033 of 10000 | working=true
[C48P] CENSUS CONSUMER [71] ForestationPlant#2793 :: resource=Seeds | stored=9033 of 10000 | working=true
[mod] [C48P] CENSUS CONSUMER [72] ShuttleHub#8568 :: resource=Fuel | stored=9250 of 10000 | working=true
[C48P] CENSUS CONSUMER [72] ShuttleHub#8568 :: resource=Fuel | stored=9250 of 10000 | working=true
[mod] [C48P] CENSUS CONSUMER [73] ForestationPlant#7004 :: resource=Seeds | stored=9145 of 10000 | working=true
[C48P] CENSUS CONSUMER [73] ForestationPlant#7004 :: resource=Seeds | stored=9145 of 10000 | working=true
[mod] [C48P] CENSUS CONSUMER [74] ShuttleHub#8565 :: resource=Fuel | stored=9250 of 10000 | working=true
[C48P] CENSUS CONSUMER [74] ShuttleHub#8565 :: resource=Fuel | stored=9250 of 10000 | working=true
[mod] [C48P] CENSUS CONSUMER [75] ShuttleHub#1563 :: resource=Fuel | stored=9395 of 10000 | working=true
[C48P] CENSUS CONSUMER [75] ShuttleHub#1563 :: resource=Fuel | stored=9395 of 10000 | working=true
[mod] [C48P] CENSUS CONSUMER [76] Diner#1542 :: resource=Food | stored=10000 of 10000 | working=true
[C48P] CENSUS CONSUMER [76] Diner#1542 :: resource=Food | stored=10000 of 10000 | working=true
[mod] [C48P] CENSUS CONSUMER [77] ShopsFood_Small#1539 :: resource=Food | stored=4000 of 4000 | working=true
[C48P] CENSUS CONSUMER [77] ShopsFood_Small#1539 :: resource=Food | stored=4000 of 4000 | working=true
[mod] [C48P] CENSUS CONSUMER [78] GHGFactory#1596 :: resource=Fuel | stored=9520 of 10000 | working=true
[C48P] CENSUS CONSUMER [78] GHGFactory#1596 :: resource=Fuel | stored=9520 of 10000 | working=true
[mod] [C48P] CENSUS CONSUMER [79] TVStudioWorkshopCCP1#4951 :: resource=Electronics | stored=5000 of 5000 | working=true
[C48P] CENSUS CONSUMER [79] TVStudioWorkshopCCP1#4951 :: resource=Electronics | stored=5000 of 5000 | working=true
[mod] [C48P] CENSUS CONSUMER [80] MegaMall#6297 :: resource=Food | stored=19200 of 20000 | working=true
[C48P] CENSUS CONSUMER [80] MegaMall#6297 :: resource=Food | stored=19200 of 20000 | working=true
[mod] [C48P] CENSUS CONSUMER [81] ShopsFood#15763 :: resource=Food | stored=9000 of 10000 | working=true
[C48P] CENSUS CONSUMER [81] ShopsFood#15763 :: resource=Food | stored=9000 of 10000 | working=true
[mod] [C48P] CENSUS CONSUMER [82] Diner#5341 :: resource=Food | stored=9800 of 10000 | working=true
[C48P] CENSUS CONSUMER [82] Diner#5341 :: resource=Food | stored=9800 of 10000 | working=true
[mod] [C48P] CENSUS CONSUMER [83] MegaMall#2900 :: resource=Food | stored=20000 of 20000 | working=true
[C48P] CENSUS CONSUMER [83] MegaMall#2900 :: resource=Food | stored=20000 of 20000 | working=true
[mod] [C48P] CENSUS CONSUMER [84] ShopsElectronics#2902 :: resource=Electronics | stored=4600 of 5000 | working=true
[C48P] CENSUS CONSUMER [84] ShopsElectronics#2902 :: resource=Electronics | stored=4600 of 5000 | working=true
[mod] [C48P] CENSUS CONSUMER [85] ShopsFood#2901 :: resource=Food | stored=10000 of 10000 | working=true
[C48P] CENSUS CONSUMER [85] ShopsFood#2901 :: resource=Food | stored=10000 of 10000 | working=true
[mod] [C48P] CENSUS CONSUMER [86] MegaMall#4955 :: resource=Food | stored=20000 of 20000 | working=true
[C48P] CENSUS CONSUMER [86] MegaMall#4955 :: resource=Food | stored=20000 of 20000 | working=true
[mod] [C48P] CENSUS CONSUMER [87] ShopsElectronics#6314 :: resource=Electronics | stored=4400 of 5000 | working=true
[C48P] CENSUS CONSUMER [87] ShopsElectronics#6314 :: resource=Electronics | stored=4400 of 5000 | working=true
[mod] [C48P] CENSUS CONSUMER [88] Diner#5339 :: resource=Food | stored=10000 of 10000 | working=true
[C48P] CENSUS CONSUMER [88] Diner#5339 :: resource=Food | stored=10000 of 10000 | working=true
[mod] [C48P] CENSUS CONSUMER [89] ShopsJewelry#5329 :: resource=Polymers | stored=4400 of 5000 | working=true
[C48P] CENSUS CONSUMER [89] ShopsJewelry#5329 :: resource=Polymers | stored=4400 of 5000 | working=true
						Lua 0:00:46:564
[mod] [C48P] CENSUS CONSUMER [90] ForestationPlant#6325 :: resource=Seeds | stored=9500 of 10000 | working=true
[C48P] CENSUS CONSUMER [90] ForestationPlant#6325 :: resource=Seeds | stored=9500 of 10000 | working=true
[mod] [C48P] CENSUS CONSUMER [91] ElectronicsFactory#2845 :: resource=PreciousMetals | stored=4846 of 5000 | working=true
[C48P] CENSUS CONSUMER [91] ElectronicsFactory#2845 :: resource=PreciousMetals | stored=4846 of 5000 | working=true
[mod] [C48P] CENSUS CONSUMER [92] GHGFactory#1590 :: resource=Fuel | stored=9160 of 10000 | working=true
[C48P] CENSUS CONSUMER [92] GHGFactory#1590 :: resource=Fuel | stored=9160 of 10000 | working=true
[mod] [C48P] CENSUS CONSUMER [93] ForestationPlant#6324 :: resource=Seeds | stored=9160 of 10000 | working=true
[C48P] CENSUS CONSUMER [93] ForestationPlant#6324 :: resource=Seeds | stored=9160 of 10000 | working=true
[mod] [C48P] CENSUS CONSUMER [94] ShopsFood#5340 :: resource=Food | stored=9400 of 10000 | working=true
[C48P] CENSUS CONSUMER [94] ShopsFood#5340 :: resource=Food | stored=9400 of 10000 | working=true
[mod] [C48P] CENSUS CONSUMER [95] MegaMall#5327 :: resource=Food | stored=19400 of 20000 | working=true
[C48P] CENSUS CONSUMER [95] MegaMall#5327 :: resource=Food | stored=19400 of 20000 | working=true
[mod] [C48P] CENSUS CONSUMER [96] Diner#2903 :: resource=Food | stored=9800 of 10000 | working=true
[C48P] CENSUS CONSUMER [96] Diner#2903 :: resource=Food | stored=9800 of 10000 | working=true
[mod] [C48P] CENSUS CONSUMER [97] Diner#2850 :: resource=Food | stored=10000 of 10000 | working=true
[C48P] CENSUS CONSUMER [97] Diner#2850 :: resource=Food | stored=10000 of 10000 | working=true
[mod] [C48P] CENSUS CONSUMER [98] ShuttleHub#8564 :: resource=Fuel | stored=9309 of 10000 | working=true
[C48P] CENSUS CONSUMER [98] ShuttleHub#8564 :: resource=Fuel | stored=9309 of 10000 | working=true
[mod] [C48P] CENSUS CONSUMER [99] ForestationPlant#16077 :: resource=Seeds | stored=8752 of 10000 | working=true
[C48P] CENSUS CONSUMER [99] ForestationPlant#16077 :: resource=Seeds | stored=8752 of 10000 | working=true
[mod] [C48P] CENSUS CONSUMER [100] ForestationPlant#16076 :: resource=Seeds | stored=8639 of 10000 | working=true
[C48P] CENSUS CONSUMER [100] ForestationPlant#16076 :: resource=Seeds | stored=8639 of 10000 | working=true
						Lua 0:00:46:565
[mod] [C48P] READ C48P-population(Seeds depots) = 34 | population=34 | APPLICABLE=true | witness=map walk, DoesAcceptResource('Seeds')
[C48P] READ C48P-population(Seeds depots) = 34 | population=34 | APPLICABLE=true | witness=map walk, DoesAcceptResource('Seeds')
[mod] [C48P] READ C48P-population(Food depots) = 34 | population=34 | APPLICABLE=true | witness=map walk, DoesAcceptResource('Food')
[C48P] READ C48P-population(Food depots) = 34 | population=34 | APPLICABLE=true | witness=map walk, DoesAcceptResource('Food')
[mod] [C48P] DEPOT census [Seeds] StationSmall#12472 :: stored=60000 | supply request actual=60000 (ok=true) assignable=true (ok=true) flags=rfSupply+rfStorageDepot | desired_amount=nil | ⚠️ the c48veg gloss ('desired = kept back from everyone') is UNDER CORRECTION — the owner's observed rule is that consumers draw freely and desired protects against depot-to-depot rebalancing; these paired reads are the data
[C48P] DEPOT census [Seeds] StationSmall#12472 :: stored=60000 | supply request actual=60000 (ok=true) assignable=true (ok=true) flags=rfSupply+rfStorageDepot | desired_amount=nil | ⚠️ the c48veg gloss ('desired = kept back from everyone') is UNDER CORRECTION — the owner's observed rule is that consumers draw freely and desired protects against depot-to-depot rebalancing; these paired reads are the data
[mod] [C48P] DEPOT census [Seeds] UniversalStorageDepot#9296 :: stored=30000 | supply request actual=30000 (ok=true) assignable=true (ok=true) flags=rfSupply+rfStorageDepot | desired_amount=15000 | ⚠️ the c48veg gloss ('desired = kept back from everyone') is UNDER CORRECTION — the owner's observed rule is that consumers draw freely and desired protects against depot-to-depot rebalancing; these paired reads are the data
[C48P] DEPOT census [Seeds] UniversalStorageDepot#9296 :: stored=30000 | supply request actual=30000 (ok=true) assignable=true (ok=true) flags=rfSupply+rfStorageDepot | desired_amount=15000 | ⚠️ the c48veg gloss ('desired = kept back from everyone') is UNDER CORRECTION — the owner's observed rule is that consumers draw freely and desired protects against depot-to-depot rebalancing; these paired reads are the data
[mod] [C48P] DEPOT census [Seeds] StorageSeeds#14612 :: stored=180000 | supply request actual=180000 (ok=true) assignable=true (ok=true) flags=rfSupply+rfStorageDepot | desired_amount=65000 | ⚠️ the c48veg gloss ('desired = kept back from everyone') is UNDER CORRECTION — the owner's observed rule is that consumers draw freely and desired protects against depot-to-depot rebalancing; these paired reads are the data
[C48P] DEPOT census [Seeds] StorageSeeds#14612 :: stored=180000 | supply request actual=180000 (ok=true) assignable=true (ok=true) flags=rfSupply+rfStorageDepot | desired_amount=65000 | ⚠️ the c48veg gloss ('desired = kept back from everyone') is UNDER CORRECTION — the owner's observed rule is that consumers draw freely and desired protects against depot-to-depot rebalancing; these paired reads are the data
[mod] [C48P] DEPOT census [Seeds] UniversalStorageDepot#14619 :: stored=30000 | supply request actual=30000 (ok=true) assignable=true (ok=true) flags=rfSupply+rfStorageDepot | desired_amount=8000 | ⚠️ the c48veg gloss ('desired = kept back from everyone') is UNDER CORRECTION — the owner's observed rule is that consumers draw freely and desired protects against depot-to-depot rebalancing; these paired reads are the data
[C48P] DEPOT census [Seeds] UniversalStorageDepot#14619 :: stored=30000 | supply request actual=30000 (ok=true) assignable=true (ok=true) flags=rfSupply+rfStorageDepot | desired_amount=8000 | ⚠️ the c48veg gloss ('desired = kept back from everyone') is UNDER CORRECTION — the owner's observed rule is that consumers draw freely and desired protects against depot-to-depot rebalancing; these paired reads are the data
[mod] [C48P] DEPOT census [Seeds] StationSmall#12496 :: stored=60000 | supply request actual=60000 (ok=true) assignable=true (ok=true) flags=rfSupply+rfStorageDepot | desired_amount=nil | ⚠️ the c48veg gloss ('desired = kept back from everyone') is UNDER CORRECTION — the owner's observed rule is that consumers draw freely and desired protects against depot-to-depot rebalancing; these paired reads are the data
[C48P] DEPOT census [Seeds] StationSmall#12496 :: stored=60000 | supply request actual=60000 (ok=true) assignable=true (ok=true) flags=rfSupply+rfStorageDepot | desired_amount=nil | ⚠️ the c48veg gloss ('desired = kept back from everyone') is UNDER CORRECTION — the owner's observed rule is that consumers draw freely and desired protects against depot-to-depot rebalancing; these paired reads are the data
						Lua 0:00:46:566
[mod] [C48P] DEPOT census [Seeds] StorageSeeds#6617 :: stored=179994 | supply request actual=179994 (ok=true) assignable=true (ok=true) flags=rfSupply+rfStorageDepot | desired_amount=90000 | ⚠️ the c48veg gloss ('desired = kept back from everyone') is UNDER CORRECTION — the owner's observed rule is that consumers draw freely and desired protects against depot-to-depot rebalancing; these paired reads are the data
[C48P] DEPOT census [Seeds] StorageSeeds#6617 :: stored=179994 | supply request actual=179994 (ok=true) assignable=true (ok=true) flags=rfSupply+rfStorageDepot | desired_amount=90000 | ⚠️ the c48veg gloss ('desired = kept back from everyone') is UNDER CORRECTION — the owner's observed rule is that consumers draw freely and desired protects against depot-to-depot rebalancing; these paired reads are the data
[mod] [C48P] DEPOT census [Seeds] UniversalStorageDepot#6615 :: stored=30000 | supply request actual=30000 (ok=true) assignable=true (ok=true) flags=rfSupply+rfStorageDepot | desired_amount=5000 | ⚠️ the c48veg gloss ('desired = kept back from everyone') is UNDER CORRECTION — the owner's observed rule is that consumers draw freely and desired protects against depot-to-depot rebalancing; these paired reads are the data
[C48P] DEPOT census [Seeds] UniversalStorageDepot#6615 :: stored=30000 | supply request actual=30000 (ok=true) assignable=true (ok=true) flags=rfSupply+rfStorageDepot | desired_amount=5000 | ⚠️ the c48veg gloss ('desired = kept back from everyone') is UNDER CORRECTION — the owner's observed rule is that consumers draw freely and desired protects against depot-to-depot rebalancing; these paired reads are the data
[mod] [C48P] DEPOT census [Seeds] StationSmall#12631 :: stored=60000 | supply request actual=60000 (ok=true) assignable=true (ok=true) flags=rfSupply+rfStorageDepot | desired_amount=nil | ⚠️ the c48veg gloss ('desired = kept back from everyone') is UNDER CORRECTION — the owner's observed rule is that consumers draw freely and desired protects against depot-to-depot rebalancing; these paired reads are the data
[C48P] DEPOT census [Seeds] StationSmall#12631 :: stored=60000 | supply request actual=60000 (ok=true) assignable=true (ok=true) flags=rfSupply+rfStorageDepot | desired_amount=nil | ⚠️ the c48veg gloss ('desired = kept back from everyone') is UNDER CORRECTION — the owner's observed rule is that consumers draw freely and desired protects against depot-to-depot rebalancing; these paired reads are the data
[mod] [C48P] DEPOT census [Seeds] StorageSeeds#15037 :: stored=179960 | supply request actual=179960 (ok=true) assignable=true (ok=true) flags=rfSupply+rfStorageDepot | desired_amount=80000 | ⚠️ the c48veg gloss ('desired = kept back from everyone') is UNDER CORRECTION — the owner's observed rule is that consumers draw freely and desired protects against depot-to-depot rebalancing; these paired reads are the data
[C48P] DEPOT census [Seeds] StorageSeeds#15037 :: stored=179960 | supply request actual=179960 (ok=true) assignable=true (ok=true) flags=rfSupply+rfStorageDepot | desired_amount=80000 | ⚠️ the c48veg gloss ('desired = kept back from everyone') is UNDER CORRECTION — the owner's observed rule is that consumers draw freely and desired protects against depot-to-depot rebalancing; these paired reads are the data
[mod] [C48P] DEPOT census [Seeds] UniversalStorageDepot#15036 :: stored=30000 | supply request actual=30000 (ok=true) assignable=true (ok=true) flags=rfSupply+rfStorageDepot | desired_amount=8000 | ⚠️ the c48veg gloss ('desired = kept back from everyone') is UNDER CORRECTION — the owner's observed rule is that consumers draw freely and desired protects against depot-to-depot rebalancing; these paired reads are the data
[C48P] DEPOT census [Seeds] UniversalStorageDepot#15036 :: stored=30000 | supply request actual=30000 (ok=true) assignable=true (ok=true) flags=rfSupply+rfStorageDepot | desired_amount=8000 | ⚠️ the c48veg gloss ('desired = kept back from everyone') is UNDER CORRECTION — the owner's observed rule is that consumers draw freely and desired protects against depot-to-depot rebalancing; these paired reads are the data
[mod] [C48P] DEPOT census [Seeds] StorageSeeds#15986 :: stored=180000 | supply request actual=180000 (ok=true) assignable=true (ok=true) flags=rfSupply+rfStorageDepot | desired_amount=50000 | ⚠️ the c48veg gloss ('desired = kept back from everyone') is UNDER CORRECTION — the owner's observed rule is that consumers draw freely and desired protects against depot-to-depot rebalancing; these paired reads are the data
[C48P] DEPOT census [Seeds] StorageSeeds#15986 :: stored=180000 | supply request actual=180000 (ok=true) assignable=true (ok=true) flags=rfSupply+rfStorageDepot | desired_amount=50000 | ⚠️ the c48veg gloss ('desired = kept back from everyone') is UNDER CORRECTION — the owner's observed rule is that consumers draw freely and desired protects against depot-to-depot rebalancing; these paired reads are the data
[mod] [C48P] DEPOT census [Seeds] StorageSeeds#7017 :: stored=180000 | supply request actual=180000 (ok=true) assignable=true (ok=true) flags=rfSupply+rfStorageDepot | desired_amount=30000 | ⚠️ the c48veg gloss ('desired = kept back from everyone') is UNDER CORRECTION — the owner's observed rule is that consumers draw freely and desired protects against depot-to-depot rebalancing; these paired reads are the data
[C48P] DEPOT census [Seeds] StorageSeeds#7017 :: stored=180000 | supply request actual=180000 (ok=true) assignable=true (ok=true) flags=rfSupply+rfStorageDepot | desired_amount=30000 | ⚠️ the c48veg gloss ('desired = kept back from everyone') is UNDER CORRECTION — the owner's observed rule is that consumers draw freely and desired protects against depot-to-depot rebalancing; these paired reads are the data
[mod] [C48P] DEPOT census [Seeds] StationSmall#4627 :: stored=60000 | supply request actual=60000 (ok=true) assignable=true (ok=true) flags=rfSupply+rfStorageDepot | desired_amount=nil | ⚠️ the c48veg gloss ('desired = kept back from everyone') is UNDER CORRECTION — the owner's observed rule is that consumers draw freely and desired protects against depot-to-depot rebalancing; these paired reads are the data
[C48P] DEPOT census [Seeds] StationSmall#4627 :: stored=60000 | supply request actual=60000 (ok=true) assignable=true (ok=true) flags=rfSupply+rfStorageDepot | desired_amount=nil | ⚠️ the c48veg gloss ('desired = kept back from everyone') is UNDER CORRECTION — the owner's observed rule is that consumers draw freely and desired protects against depot-to-depot rebalancing; these paired reads are the data
[mod] [C48P] DEPOT census [Seeds] StationSmall#4552 :: stored=60000 | supply request actual=60000 (ok=true) assignable=true (ok=true) flags=rfSupply+rfStorageDepot | desired_amount=nil | ⚠️ the c48veg gloss ('desired = kept back from everyone') is UNDER CORRECTION — the owner's observed rule is that consumers draw freely and desired protects against depot-to-depot rebalancing; these paired reads are the data
[C48P] DEPOT census [Seeds] StationSmall#4552 :: stored=60000 | supply request actual=60000 (ok=true) assignable=true (ok=true) flags=rfSupply+rfStorageDepot | desired_amount=nil | ⚠️ the c48veg gloss ('desired = kept back from everyone') is UNDER CORRECTION — the owner's observed rule is that consumers draw freely and desired protects against depot-to-depot rebalancing; these paired reads are the data
[mod] [C48P] DEPOT census [Seeds] UniversalStorageDepot#4532 :: stored=30000 | supply request actual=30000 (ok=true) assignable=true (ok=true) flags=rfSupply+rfStorageDepot | desired_amount=0 | ⚠️ the c48veg gloss ('desired = kept back from everyone') is UNDER CORRECTION — the owner's observed rule is that consumers draw freely and desired protects against depot-to-depot rebalancing; these paired reads are the data
[C48P] DEPOT census [Seeds] UniversalStorageDepot#4532 :: stored=30000 | supply request actual=30000 (ok=true) assignable=true (ok=true) flags=rfSupply+rfStorageDepot | desired_amount=0 | ⚠️ the c48veg gloss ('desired = kept back from everyone') is UNDER CORRECTION — the owner's observed rule is that consumers draw freely and desired protects against depot-to-depot rebalancing; these paired reads are the data
[mod] [C48P] DEPOT census [Seeds] StorageSeeds#16009 :: stored=179973 | supply request actual=179973 (ok=true) assignable=true (ok=true) flags=rfSupply+rfStorageDepot | desired_amount=65000 | ⚠️ the c48veg gloss ('desired = kept back from everyone') is UNDER CORRECTION — the owner's observed rule is that consumers draw freely and desired protects against depot-to-depot rebalancing; these paired reads are the data
[C48P] DEPOT census [Seeds] StorageSeeds#16009 :: stored=179973 | supply request actual=179973 (ok=true) assignable=true (ok=true) flags=rfSupply+rfStorageDepot | desired_amount=65000 | ⚠️ the c48veg gloss ('desired = kept back from everyone') is UNDER CORRECTION — the owner's observed rule is that consumers draw freely and desired protects against depot-to-depot rebalancing; these paired reads are the data
[mod] [C48P] DEPOT census [Seeds] UniversalStorageDepot#4544 :: stored=30000 | supply request actual=30000 (ok=true) assignable=true (ok=true) flags=rfSupply+rfStorageDepot | desired_amount=0 | ⚠️ the c48veg gloss ('desired = kept back from everyone') is UNDER CORRECTION — the owner's observed rule is that consumers draw freely and desired protects against depot-to-depot rebalancing; these paired reads are the data
[C48P] DEPOT census [Seeds] UniversalStorageDepot#4544 :: stored=30000 | supply request actual=30000 (ok=true) assignable=true (ok=true) flags=rfSupply+rfStorageDepot | desired_amount=0 | ⚠️ the c48veg gloss ('desired = kept back from everyone') is UNDER CORRECTION — the owner's observed rule is that consumers draw freely and desired protects against depot-to-depot rebalancing; these paired reads are the data
[mod] [C48P] DEPOT census [Seeds] SpaceElevator#16171 :: stored=0 | supply request actual=0 (ok=true) assignable=false (ok=true) flags=rfSupply | desired_amount=nil | ⚠️ the c48veg gloss ('desired = kept back from everyone') is UNDER CORRECTION — the owner's observed rule is that consumers draw freely and desired protects against depot-to-depot rebalancing; these paired reads are the data
[C48P] DEPOT census [Seeds] SpaceElevator#16171 :: stored=0 | supply request actual=0 (ok=true) assignable=false (ok=true) flags=rfSupply | desired_amount=nil | ⚠️ the c48veg gloss ('desired = kept back from everyone') is UNDER CORRECTION — the owner's observed rule is that consumers draw freely and desired protects against depot-to-depot rebalancing; these paired reads are the data
[mod] [C48P] DEPOT census [Seeds] UniversalStorageDepot#1073 :: stored=30000 | supply request actual=30000 (ok=true) assignable=true (ok=true) flags=rfSupply+rfStorageDepot | desired_amount=nil | ⚠️ the c48veg gloss ('desired = kept back from everyone') is UNDER CORRECTION — the owner's observed rule is that consumers draw freely and desired protects against depot-to-depot rebalancing; these paired reads are the data
[C48P] DEPOT census [Seeds] UniversalStorageDepot#1073 :: stored=30000 | supply request actual=30000 (ok=true) assignable=true (ok=true) flags=rfSupply+rfStorageDepot | desired_amount=nil | ⚠️ the c48veg gloss ('desired = kept back from everyone') is UNDER CORRECTION — the owner's observed rule is that consumers draw freely and desired protects against depot-to-depot rebalancing; these paired reads are the data
[mod] [C48P] DEPOT census [Seeds] StorageSeeds#15963 :: stored=180000 | supply request actual=180000 (ok=true) assignable=true (ok=true) flags=rfSupply+rfStorageDepot | desired_amount=70000 | ⚠️ the c48veg gloss ('desired = kept back from everyone') is UNDER CORRECTION — the owner's observed rule is that consumers draw freely and desired protects against depot-to-depot rebalancing; these paired reads are the data
[C48P] DEPOT census [Seeds] StorageSeeds#15963 :: stored=180000 | supply request actual=180000 (ok=true) assignable=true (ok=true) flags=rfSupply+rfStorageDepot | desired_amount=70000 | ⚠️ the c48veg gloss ('desired = kept back from everyone') is UNDER CORRECTION — the owner's observed rule is that consumers draw freely and desired protects against depot-to-depot rebalancing; these paired reads are the data
[mod] [C48P] DEPOT census [Seeds] UniversalLanderRocket#4641 :: stored=0 | supply request actual=0 (ok=true) assignable=false (ok=true) flags=rfSupply+rfPostInQueue | desired_amount=nil | ⚠️ the c48veg gloss ('desired = kept back from everyone') is UNDER CORRECTION — the owner's observed rule is that consumers draw freely and desired protects against depot-to-depot rebalancing; these paired reads are the data
[C48P] DEPOT census [Seeds] UniversalLanderRocket#4641 :: stored=0 | supply request actual=0 (ok=true) assignable=false (ok=true) flags=rfSupply+rfPostInQueue | desired_amount=nil | ⚠️ the c48veg gloss ('desired = kept back from everyone') is UNDER CORRECTION — the owner's observed rule is that consumers draw freely and desired protects against depot-to-depot rebalancing; these paired reads are the data
[mod] [C48P] DEPOT census [Seeds] StorageSeeds#4087 :: stored=180000 | supply request actual=180000 (ok=true) assignable=true (ok=true) flags=rfSupply+rfStorageDepot | desired_amount=90000 | ⚠️ the c48veg gloss ('desired = kept back from everyone') is UNDER CORRECTION — the owner's observed rule is that consumers draw freely and desired protects against depot-to-depot rebalancing; these paired reads are the data
[C48P] DEPOT census [Seeds] StorageSeeds#4087 :: stored=180000 | supply request actual=180000 (ok=true) assignable=true (ok=true) flags=rfSupply+rfStorageDepot | desired_amount=90000 | ⚠️ the c48veg gloss ('desired = kept back from everyone') is UNDER CORRECTION — the owner's observed rule is that consumers draw freely and desired protects against depot-to-depot rebalancing; these paired reads are the data
[mod] [C48P] DEPOT census [Seeds] StationSmall#6286 :: stored=60000 | supply request actual=60000 (ok=true) assignable=true (ok=true) flags=rfSupply+rfStorageDepot | desired_amount=nil | ⚠️ the c48veg gloss ('desired = kept back from everyone') is UNDER CORRECTION — the owner's observed rule is that consumers draw freely and desired protects against depot-to-depot rebalancing; these paired reads are the data
[C48P] DEPOT census [Seeds] StationSmall#6286 :: stored=60000 | supply request actual=60000 (ok=true) assignable=true (ok=true) flags=rfSupply+rfStorageDepot | desired_amount=nil | ⚠️ the c48veg gloss ('desired = kept back from everyone') is UNDER CORRECTION — the owner's observed rule is that consumers draw freely and desired protects against depot-to-depot rebalancing; these paired reads are the data
[mod] [C48P] DEPOT census [Seeds] StorageSeeds#6315 :: stored=180000 | supply request actual=180000 (ok=true) assignable=true (ok=true) flags=rfSupply+rfStorageDepot | desired_amount=80000 | ⚠️ the c48veg gloss ('desired = kept back from everyone') is UNDER CORRECTION — the owner's observed rule is that consumers draw freely and desired protects against depot-to-depot rebalancing; these paired reads are the data
[C48P] DEPOT census [Seeds] StorageSeeds#6315 :: stored=180000 | supply request actual=180000 (ok=true) assignable=true (ok=true) flags=rfSupply+rfStorageDepot | desired_amount=80000 | ⚠️ the c48veg gloss ('desired = kept back from everyone') is UNDER CORRECTION — the owner's observed rule is that consumers draw freely and desired protects against depot-to-depot rebalancing; these paired reads are the data
[mod] [C48P] DEPOT census [Seeds] UniversalStorageDepot#1471 :: stored=30000 | supply request actual=30000 (ok=true) assignable=true (ok=true) flags=rfSupply+rfStorageDepot | desired_amount=14000 | ⚠️ the c48veg gloss ('desired = kept back from everyone') is UNDER CORRECTION — the owner's observed rule is that consumers draw freely and desired protects against depot-to-depot rebalancing; these paired reads are the data
[C48P] DEPOT census [Seeds] UniversalStorageDepot#1471 :: stored=30000 | supply request actual=30000 (ok=true) assignable=true (ok=true) flags=rfSupply+rfStorageDepot | desired_amount=14000 | ⚠️ the c48veg gloss ('desired = kept back from everyone') is UNDER CORRECTION — the owner's observed rule is that consumers draw freely and desired protects against depot-to-depot rebalancing; these paired reads are the data
[mod] [C48P] DEPOT census [Seeds] UniversalStorageDepot#2870 :: stored=30000 | supply request actual=30000 (ok=true) assignable=true (ok=true) flags=rfSupply+rfStorageDepot | desired_amount=30000 | ⚠️ the c48veg gloss ('desired = kept back from everyone') is UNDER CORRECTION — the owner's observed rule is that consumers draw freely and desired protects against depot-to-depot rebalancing; these paired reads are the data
[C48P] DEPOT census [Seeds] UniversalStorageDepot#2870 :: stored=30000 | supply request actual=30000 (ok=true) assignable=true (ok=true) flags=rfSupply+rfStorageDepot | desired_amount=30000 | ⚠️ the c48veg gloss ('desired = kept back from everyone') is UNDER CORRECTION — the owner's observed rule is that consumers draw freely and desired protects against depot-to-depot rebalancing; these paired reads are the data
[mod] [C48P] DEPOT census [Seeds] StorageSeeds#7005 :: stored=180000 | supply request actual=180000 (ok=true) assignable=true (ok=true) flags=rfSupply+rfStorageDepot | desired_amount=35000 | ⚠️ the c48veg gloss ('desired = kept back from everyone') is UNDER CORRECTION — the owner's observed rule is that consumers draw freely and desired protects against depot-to-depot rebalancing; these paired reads are the data
[C48P] DEPOT census [Seeds] StorageSeeds#7005 :: stored=180000 | supply request actual=180000 (ok=true) assignable=true (ok=true) flags=rfSupply+rfStorageDepot | desired_amount=35000 | ⚠️ the c48veg gloss ('desired = kept back from everyone') is UNDER CORRECTION — the owner's observed rule is that consumers draw freely and desired protects against depot-to-depot rebalancing; these paired reads are the data
[mod] [C48P] DEPOT census [Seeds] UniversalZeusRocket#1063 :: stored=0 | supply request actual=0 (ok=true) assignable=false (ok=true) flags=rfSupply+rfPostInQueue | desired_amount=nil | ⚠️ the c48veg gloss ('desired = kept back from everyone') is UNDER CORRECTION — the owner's observed rule is that consumers draw freely and desired protects against depot-to-depot rebalancing; these paired reads are the data
[C48P] DEPOT census [Seeds] UniversalZeusRocket#1063 :: stored=0 | supply request actual=0 (ok=true) assignable=false (ok=true) flags=rfSupply+rfPostInQueue | desired_amount=nil | ⚠️ the c48veg gloss ('desired = kept back from everyone') is UNDER CORRECTION — the owner's observed rule is that consumers draw freely and desired protects against depot-to-depot rebalancing; these paired reads are the data
[mod] [C48P] DEPOT census [Seeds] UniversalZeusRocket#1061 :: stored=0 | supply request actual=0 (ok=true) assignable=false (ok=true) flags=rfSupply+rfPostInQueue | desired_amount=nil | ⚠️ the c48veg gloss ('desired = kept back from everyone') is UNDER CORRECTION — the owner's observed rule is that consumers draw freely and desired protects against depot-to-depot rebalancing; these paired reads are the data
[C48P] DEPOT census [Seeds] UniversalZeusRocket#1061 :: stored=0 | supply request actual=0 (ok=true) assignable=false (ok=true) flags=rfSupply+rfPostInQueue | desired_amount=nil | ⚠️ the c48veg gloss ('desired = kept back from everyone') is UNDER CORRECTION — the owner's observed rule is that consumers draw freely and desired protects against depot-to-depot rebalancing; these paired reads are the data
[mod] [C48P] DEPOT census [Seeds] UniversalZeusRocket#1064 :: stored=0 | supply request actual=0 (ok=true) assignable=false (ok=true) flags=rfSupply+rfPostInQueue | desired_amount=nil | ⚠️ the c48veg gloss ('desired = kept back from everyone') is UNDER CORRECTION — the owner's observed rule is that consumers draw freely and desired protects against depot-to-depot rebalancing; these paired reads are the data
[C48P] DEPOT census [Seeds] UniversalZeusRocket#1064 :: stored=0 | supply request actual=0 (ok=true) assignable=false (ok=true) flags=rfSupply+rfPostInQueue | desired_amount=nil | ⚠️ the c48veg gloss ('desired = kept back from everyone') is UNDER CORRECTION — the owner's observed rule is that consumers draw freely and desired protects against depot-to-depot rebalancing; these paired reads are the data
[mod] [C48P] DEPOT census [Seeds] StationSmall#4792 :: stored=60000 | supply request actual=60000 (ok=true) assignable=true (ok=true) flags=rfSupply+rfStorageDepot | desired_amount=nil | ⚠️ the c48veg gloss ('desired = kept back from everyone') is UNDER CORRECTION — the owner's observed rule is that consumers draw freely and desired protects against depot-to-depot rebalancing; these paired reads are the data
[C48P] DEPOT census [Seeds] StationSmall#4792 :: stored=60000 | supply request actual=60000 (ok=true) assignable=true (ok=true) flags=rfSupply+rfStorageDepot | desired_amount=nil | ⚠️ the c48veg gloss ('desired = kept back from everyone') is UNDER CORRECTION — the owner's observed rule is that consumers draw freely and desired protects against depot-to-depot rebalancing; these paired reads are the data
[mod] [C48P] DEPOT census [Seeds] StationSmall#4842 :: stored=60000 | supply request actual=60000 (ok=true) assignable=true (ok=true) flags=rfSupply+rfStorageDepot | desired_amount=nil | ⚠️ the c48veg gloss ('desired = kept back from everyone') is UNDER CORRECTION — the owner's observed rule is that consumers draw freely and desired protects against depot-to-depot rebalancing; these paired reads are the data
[C48P] DEPOT census [Seeds] StationSmall#4842 :: stored=60000 | supply request actual=60000 (ok=true) assignable=true (ok=true) flags=rfSupply+rfStorageDepot | desired_amount=nil | ⚠️ the c48veg gloss ('desired = kept back from everyone') is UNDER CORRECTION — the owner's observed rule is that consumers draw freely and desired protects against depot-to-depot rebalancing; these paired reads are the data
[mod] [C48P] DEPOT census [Seeds] MechanizedDepotSeeds#3789 :: stored=4000000 | supply request actual=nil (ok=true) assignable=nil (ok=true) flags=no-request-resolved | desired_amount=0 | ⚠️ the c48veg gloss ('desired = kept back from everyone') is UNDER CORRECTION — the owner's observed rule is that consumers draw freely and desired protects against depot-to-depot rebalancing; these paired reads are the data
[C48P] DEPOT census [Seeds] MechanizedDepotSeeds#3789 :: stored=4000000 | supply request actual=nil (ok=true) assignable=nil (ok=true) flags=no-request-resolved | desired_amount=0 | ⚠️ the c48veg gloss ('desired = kept back from everyone') is UNDER CORRECTION — the owner's observed rule is that consumers draw freely and desired protects against depot-to-depot rebalancing; these paired reads are the data
[mod] [C48P] DEPOT census [Seeds] MechanizedDepotSeeds#2776 :: stored=4000000 | supply request actual=nil (ok=true) assignable=nil (ok=true) flags=no-request-resolved | desired_amount=0 | ⚠️ the c48veg gloss ('desired = kept back from everyone') is UNDER CORRECTION — the owner's observed rule is that consumers draw freely and desired protects against depot-to-depot rebalancing; these paired reads are the data
[C48P] DEPOT census [Seeds] MechanizedDepotSeeds#2776 :: stored=4000000 | supply request actual=nil (ok=true) assignable=nil (ok=true) flags=no-request-resolved | desired_amount=0 | ⚠️ the c48veg gloss ('desired = kept back from everyone') is UNDER CORRECTION — the owner's observed rule is that consumers draw freely and desired protects against depot-to-depot rebalancing; these paired reads are the data
						Lua 0:00:46:568
[mod] [C48P] READ C48P-population(DroneControl hubs) = 19 | population=19 | APPLICABLE=true | witness=CurrentMap:MapGet('DroneControl')
[C48P] READ C48P-population(DroneControl hubs) = 19 | population=19 | APPLICABLE=true | witness=CurrentMap:MapGet('DroneControl')
[mod] [C48P] TRY leg Census (yielding) ok=true result=true
[C48P] TRY leg Census (yielding) ok=true result=true
[mod] [C48P] FORCED :: a LOG-ONLY wrapper on FindTask, on EVERY class carrying it :: calls the original, returns its values unchanged, restored at close — the single patched path of this leg
[C48P] FORCED :: a LOG-ONLY wrapper on FindTask, on EVERY class carrying it :: calls the original, returns its values unchanged, restored at close — the single patched path of this leg
						Lua 0:00:46:572
[mod] [C48P] WRAP installed on 48 class(es) carrying the shipped FindTask (_TaskRequest.lua:72-83): AncientArtifactInterface, AncientArtifactInterfaceBase, ArkPod, ArkPodBase, DragonRocket, DragonRocketBase, DroneControl, DroneHub, DroneHubBase, DropPod, DropPodBase, Elevator, ElevatorBase, ForeignAidRocket, ForeignAidRocketBase, ForeignTradeRocket, ForeignTradeRocketBase, LanderRocket, LanderRocketBase, RCRover, RCSensor, RCSolar, RefugeeRocket, RefugeeRocketBase, RocketBase, RocketExpedition, RocketExpeditionBase, SupplyPod, SupplyPodBase, SupplyRocket, SupplyRocketBase, TaskRequestHub, TradeRocket, TradeRocketBase, UndergroundElevator, UniversalArkPod, UniversalDragonRocket, UniversalDropPod, UniversalLanderRocket, UniversalRefugeeRocket, UniversalRocket, UniversalRocketBase, UniversalSupplyPod, UniversalSupplyPodBase, UniversalTradeRocket, UniversalZeusRocket, ZeusRocket, ZeusRocketBase — log-only, original called and returned unchanged
[C48P] WRAP installed on 48 class(es) carrying the shipped FindTask (_TaskRequest.lua:72-83): AncientArtifactInterface, AncientArtifactInterfaceBase, ArkPod, ArkPodBase, DragonRocket, DragonRocketBase, DroneControl, DroneHub, DroneHubBase, DropPod, DropPodBase, Elevator, ElevatorBase, ForeignAidRocket, ForeignAidRocketBase, ForeignTradeRocket, ForeignTradeRocketBase, LanderRocket, LanderRocketBase, RCRover, RCSensor, RCSolar, RefugeeRocket, RefugeeRocketBase, RocketBase, RocketExpedition, RocketExpeditionBase, SupplyPod, SupplyPodBase, SupplyRocket, SupplyRocketBase, TaskRequestHub, TradeRocket, TradeRocketBase, UndergroundElevator, UniversalArkPod, UniversalDragonRocket, UniversalDropPod, UniversalLanderRocket, UniversalRefugeeRocket, UniversalRocket, UniversalRocketBase, UniversalSupplyPod, UniversalSupplyPodBase, UniversalTradeRocket, UniversalZeusRocket, ZeusRocket, ZeusRocketBase — log-only, original called and returned unchanged
						Lua 0:00:46:573
[mod] [C48P] WRAP wiring proof :: 19 of 19 live hub instances resolve FindTask to the wrapper, 0 do NOT — ⛔ if any read unwired, their pairings are invisible to this log and the verdicts must say so
[C48P] WRAP wiring proof :: 19 of 19 live hub instances resolve FindTask to the wrapper, 0 do NOT — ⛔ if any read unwired, their pairings are invisible to this log and the verdicts must say so
[mod] [C48P] TRY leg InstallWrapper (yielding) ok=true result=true
[C48P] TRY leg InstallWrapper (yielding) ok=true result=true
[mod] [C48P] WINDOW OPEN :: GameTime=275838973 | target +300000 game ms | speed=3x | consumer sampling every 500 real ms | decision log LIVE
[C48P] WINDOW OPEN :: GameTime=275838973 | target +300000 game ms | speed=3x | consumer sampling every 500 real ms | decision log LIVE
[mod] [C48P] QUEUES window open :: Elevator#9430 'Seeds' supply by priority bucket :: p-1: loose-pile x1 | p0: building x1, depot x2 | p1: veg-offer x170
[C48P] QUEUES window open :: Elevator#9430 'Seeds' supply by priority bucket :: p-1: loose-pile x1 | p0: building x1, depot x2 | p1: veg-offer x170
[mod] [C48P] QUEUES window open :: DroneHub#9437 'Seeds' supply by priority bucket :: p-1: loose-pile x1 | p0: building x1, depot x2 | p1: veg-offer x309
[C48P] QUEUES window open :: DroneHub#9437 'Seeds' supply by priority bucket :: p-1: loose-pile x1 | p0: building x1, depot x2 | p1: veg-offer x309
[mod] [C48P] QUEUES window open :: DroneHub#8285 'Seeds' supply by priority bucket :: p0: depot x1 | p1: veg-offer x287
[C48P] QUEUES window open :: DroneHub#8285 'Seeds' supply by priority bucket :: p0: depot x1 | p1: veg-offer x287
						Lua 0:00:46:574
[mod] [C48P] QUEUES window open :: DroneHub#14618 'Seeds' supply by priority bucket :: p0: depot x2 | p1: veg-offer x469
[C48P] QUEUES window open :: DroneHub#14618 'Seeds' supply by priority bucket :: p0: depot x2 | p1: veg-offer x469
[mod] [C48P] QUEUES window open :: DroneHub#6619 'Seeds' supply by priority bucket :: p0: depot x2 | p1: veg-offer x116
[C48P] QUEUES window open :: DroneHub#6619 'Seeds' supply by priority bucket :: p0: depot x2 | p1: veg-offer x116
						Lua 0:00:46:575
[mod] [C48P] QUEUES window open :: DroneHub#3564 'Seeds' supply by priority bucket :: p0: depot x1, loose-pile x1 | p1: veg-offer x460
[C48P] QUEUES window open :: DroneHub#3564 'Seeds' supply by priority bucket :: p0: depot x1, loose-pile x1 | p1: veg-offer x460
[mod] [C48P] QUEUES window open :: DroneHub#2608 'Seeds' supply by priority bucket :: p0: depot x1, loose-pile x1 | p1: veg-offer x594
[C48P] QUEUES window open :: DroneHub#2608 'Seeds' supply by priority bucket :: p0: depot x1, loose-pile x1 | p1: veg-offer x594
[mod] [C48P] QUEUES window open :: DroneHub#15029 'Seeds' supply by priority bucket :: p0: depot x2 | p1: veg-offer x284
[C48P] QUEUES window open :: DroneHub#15029 'Seeds' supply by priority bucket :: p0: depot x2 | p1: veg-offer x284
						Lua 0:00:46:576
[mod] [C48P] QUEUES window open :: DroneHub#4230 'Seeds' supply by priority bucket :: p0: depot x3 | p1: veg-offer x333
[C48P] QUEUES window open :: DroneHub#4230 'Seeds' supply by priority bucket :: p0: depot x3 | p1: veg-offer x333
[mod] [C48P] QUEUES window open :: DroneHub#8591 'Seeds' supply by priority bucket :: p-1: loose-pile x1 | p0: depot x5 | p1: veg-offer x456 | p2: depot x1
[C48P] QUEUES window open :: DroneHub#8591 'Seeds' supply by priority bucket :: p-1: loose-pile x1 | p0: depot x5 | p1: veg-offer x456 | p2: depot x1
						Lua 0:00:46:577
[mod] [C48P] QUEUES window open :: RCRover#2000003944 'Seeds' supply by priority bucket :: p0: depot x3 | p1: veg-offer x90
[C48P] QUEUES window open :: RCRover#2000003944 'Seeds' supply by priority bucket :: p0: depot x3 | p1: veg-offer x90
[mod] [C48P] QUEUES window open :: DroneHub#1078 'Seeds' supply by priority bucket :: p0: depot x5, loose-pile x1 | p1: veg-offer x440 | p2: depot x2
[C48P] QUEUES window open :: DroneHub#1078 'Seeds' supply by priority bucket :: p0: depot x5, loose-pile x1 | p1: veg-offer x440 | p2: depot x2
						Lua 0:00:46:578
[mod] [C48P] QUEUES window open :: UniversalLanderRocket#4641 'Seeds' supply by priority bucket :: p-1: loose-pile x1 | p0: depot x4 | p1: veg-offer x471 | p2: depot x2
[C48P] QUEUES window open :: UniversalLanderRocket#4641 'Seeds' supply by priority bucket :: p-1: loose-pile x1 | p0: depot x4 | p1: veg-offer x471 | p2: depot x2
[mod] [C48P] QUEUES window open :: UniversalZeusRocket#1063 'Seeds' supply by priority bucket :: p0: depot x2, loose-pile x1 | p1: veg-offer x188 | p2: depot x1
[C48P] QUEUES window open :: UniversalZeusRocket#1063 'Seeds' supply by priority bucket :: p0: depot x2, loose-pile x1 | p1: veg-offer x188 | p2: depot x1
[mod] [C48P] QUEUES window open :: DroneHub#1457 'Seeds' supply by priority bucket :: p0: depot x5, loose-pile x1 | p1: veg-offer x401 | p2: depot x1
[C48P] QUEUES window open :: DroneHub#1457 'Seeds' supply by priority bucket :: p0: depot x5, loose-pile x1 | p1: veg-offer x401 | p2: depot x1
						Lua 0:00:46:579
[mod] [C48P] QUEUES window open :: DroneHub#2074 'Seeds' supply by priority bucket :: p-1: loose-pile x1 | p0: depot x4 | p1: veg-offer x543 | p2: depot x2
[C48P] QUEUES window open :: DroneHub#2074 'Seeds' supply by priority bucket :: p-1: loose-pile x1 | p0: depot x4 | p1: veg-offer x543 | p2: depot x2
[mod] [C48P] QUEUES window open :: UniversalZeusRocket#1061 'Seeds' supply by priority bucket :: p0: depot x2 | p1: veg-offer x262 | p3: depot x1
[C48P] QUEUES window open :: UniversalZeusRocket#1061 'Seeds' supply by priority bucket :: p0: depot x2 | p1: veg-offer x262 | p3: depot x1
[mod] [C48P] QUEUES window open :: UniversalZeusRocket#1064 'Seeds' supply by priority bucket :: p-1: loose-pile x1 | p0: depot x3 | p1: veg-offer x321 | p2: depot x2
[C48P] QUEUES window open :: UniversalZeusRocket#1064 'Seeds' supply by priority bucket :: p-1: loose-pile x1 | p0: depot x3 | p1: veg-offer x321 | p2: depot x2
[mod] [C48P] QUEUES window open :: DroneHub#4967 'Seeds' supply by priority bucket :: p0: depot x2 | p1: veg-offer x250 | p3: depot x1
[C48P] QUEUES window open :: DroneHub#4967 'Seeds' supply by priority bucket :: p0: depot x2 | p1: veg-offer x250 | p3: depot x1
[mod] [C48P] QUEUES window open :: Elevator#9430 'Food' supply by priority bucket :: p-1: loose-pile x1 | p0: building x1, depot x3
[C48P] QUEUES window open :: Elevator#9430 'Food' supply by priority bucket :: p-1: loose-pile x1 | p0: building x1, depot x3
[mod] [C48P] QUEUES window open :: DroneHub#9437 'Food' supply by priority bucket :: p-1: loose-pile x1 | p0: building x1, depot x3
[C48P] QUEUES window open :: DroneHub#9437 'Food' supply by priority bucket :: p-1: loose-pile x1 | p0: building x1, depot x3
[mod] [C48P] QUEUES window open :: DroneHub#8285 'Food' supply by priority bucket :: p0: depot x3
[C48P] QUEUES window open :: DroneHub#8285 'Food' supply by priority bucket :: p0: depot x3
[mod] [C48P] QUEUES window open :: DroneHub#14618 'Food' supply by priority bucket :: p0: depot x1
[C48P] QUEUES window open :: DroneHub#14618 'Food' supply by priority bucket :: p0: depot x1
						Lua 0:00:46:580
[mod] [C48P] QUEUES window open :: DroneHub#6619 'Food' supply by priority bucket :: p0: depot x1
[C48P] QUEUES window open :: DroneHub#6619 'Food' supply by priority bucket :: p0: depot x1
[mod] [C48P] QUEUES window open :: DroneHub#3564 'Food' supply by priority bucket :: p0: depot x3, loose-pile x1 | p2: loose-pile x9
[C48P] QUEUES window open :: DroneHub#3564 'Food' supply by priority bucket :: p0: depot x3, loose-pile x1 | p2: loose-pile x9
[mod] [C48P] QUEUES window open :: DroneHub#2608 'Food' supply by priority bucket :: p0: depot x3, loose-pile x1 | p2: loose-pile x9
[C48P] QUEUES window open :: DroneHub#2608 'Food' supply by priority bucket :: p0: depot x3, loose-pile x1 | p2: loose-pile x9
[mod] [C48P] QUEUES window open :: DroneHub#15029 'Food' supply by priority bucket :: p0: depot x1
[C48P] QUEUES window open :: DroneHub#15029 'Food' supply by priority bucket :: p0: depot x1
[mod] [C48P] QUEUES window open :: DroneHub#4230 'Food' supply by priority bucket :: p0: depot x2
[C48P] QUEUES window open :: DroneHub#4230 'Food' supply by priority bucket :: p0: depot x2
[mod] [C48P] QUEUES window open :: DroneHub#8591 'Food' supply by priority bucket :: p-1: loose-pile x1 | p0: depot x3 | p1: veg-offer x34 | p2: depot x1, loose-pile x1
[C48P] QUEUES window open :: DroneHub#8591 'Food' supply by priority bucket :: p-1: loose-pile x1 | p0: depot x3 | p1: veg-offer x34 | p2: depot x1, loose-pile x1
[mod] [C48P] QUEUES window open :: RCRover#2000003944 'Food' supply by priority bucket :: p0: depot x3
[C48P] QUEUES window open :: RCRover#2000003944 'Food' supply by priority bucket :: p0: depot x3
[mod] [C48P] QUEUES window open :: DroneHub#1078 'Food' supply by priority bucket :: p0: depot x4, loose-pile x1 | p1: veg-offer x29 | p2: depot x3, loose-pile x9
[C48P] QUEUES window open :: DroneHub#1078 'Food' supply by priority bucket :: p0: depot x4, loose-pile x1 | p1: veg-offer x29 | p2: depot x3, loose-pile x9
[mod] [C48P] QUEUES window open :: UniversalLanderRocket#4641 'Food' supply by priority bucket :: p-1: loose-pile x1 | p0: depot x4 | p2: depot x2, loose-pile x1
[C48P] QUEUES window open :: UniversalLanderRocket#4641 'Food' supply by priority bucket :: p-1: loose-pile x1 | p0: depot x4 | p2: depot x2, loose-pile x1
[mod] [C48P] QUEUES window open :: UniversalZeusRocket#1063 'Food' supply by priority bucket :: p0: depot x2, loose-pile x1 | p1: veg-offer x29 | p2: depot x1, loose-pile x6
[C48P] QUEUES window open :: UniversalZeusRocket#1063 'Food' supply by priority bucket :: p0: depot x2, loose-pile x1 | p1: veg-offer x29 | p2: depot x1, loose-pile x6
[mod] [C48P] QUEUES window open :: DroneHub#1457 'Food' supply by priority bucket :: p0: depot x4, loose-pile x1 | p1: veg-offer x29 | p2: depot x2, loose-pile x9
[C48P] QUEUES window open :: DroneHub#1457 'Food' supply by priority bucket :: p0: depot x4, loose-pile x1 | p1: veg-offer x29 | p2: depot x2, loose-pile x9
[mod] [C48P] QUEUES window open :: DroneHub#2074 'Food' supply by priority bucket :: p-1: loose-pile x1 | p0: depot x3 | p2: depot x2, loose-pile x1
[C48P] QUEUES window open :: DroneHub#2074 'Food' supply by priority bucket :: p-1: loose-pile x1 | p0: depot x3 | p2: depot x2, loose-pile x1
[mod] [C48P] QUEUES window open :: UniversalZeusRocket#1061 'Food' supply by priority bucket :: p0: depot x2 | p3: depot x1
[C48P] QUEUES window open :: UniversalZeusRocket#1061 'Food' supply by priority bucket :: p0: depot x2 | p3: depot x1
[mod] [C48P] QUEUES window open :: UniversalZeusRocket#1064 'Food' supply by priority bucket :: p-1: loose-pile x1 | p0: depot x3 | p2: depot x2, loose-pile x1
[C48P] QUEUES window open :: UniversalZeusRocket#1064 'Food' supply by priority bucket :: p-1: loose-pile x1 | p0: depot x3 | p2: depot x2, loose-pile x1
[mod] [C48P] QUEUES window open :: DroneHub#4967 'Food' supply by priority bucket :: p0: depot x2 | p3: depot x1
[C48P] QUEUES window open :: DroneHub#4967 'Food' supply by priority bucket :: p0: depot x2 | p3: depot x1
						Lua 0:00:47:085
[mod] [C48P] PAIR Seeds :: drone=Drone#2000038815 | chose veg-offer(VegetationTaskRequester) dist=19337 amt=280 flags=rfSupply | dest building(ForestationPlant) | nearest ASSIGNABLE depot=StorageSeeds#14612 dist=20277 | -
[C48P] PAIR Seeds :: drone=Drone#2000038815 | chose veg-offer(VegetationTaskRequester) dist=19337 amt=280 flags=rfSupply | dest building(ForestationPlant) | nearest ASSIGNABLE depot=StorageSeeds#14612 dist=20277 | -
						Lua 0:00:47:116
[mod] [C48P] PAIR Seeds :: drone=Drone#2000038816 | chose veg-offer(VegetationTaskRequester) dist=25347 amt=280 flags=rfSupply | dest building(ForestationPlant) | nearest ASSIGNABLE depot=StorageSeeds#14612 dist=19992 | ⭐⭐ NON-DEPOT WON WITH A NEARER ASSIGNABLE DEPOT AVAILABLE
[C48P] PAIR Seeds :: drone=Drone#2000038816 | chose veg-offer(VegetationTaskRequester) dist=25347 amt=280 flags=rfSupply | dest building(ForestationPlant) | nearest ASSIGNABLE depot=StorageSeeds#14612 dist=19992 | ⭐⭐ NON-DEPOT WON WITH A NEARER ASSIGNABLE DEPOT AVAILABLE
						Lua 0:00:47:271
[mod] [C48P] PAIR Seeds :: drone=Drone#2000000919 | chose veg-offer(VegetationTaskRequester) dist=41915 amt=280 flags=rfSupply | dest building(OpenFarm) | nearest ASSIGNABLE depot=UniversalStorageDepot#2870 dist=5733 | ⭐⭐ NON-DEPOT WON WITH A NEARER ASSIGNABLE DEPOT AVAILABLE
[C48P] PAIR Seeds :: drone=Drone#2000000919 | chose veg-offer(VegetationTaskRequester) dist=41915 amt=280 flags=rfSupply | dest building(OpenFarm) | nearest ASSIGNABLE depot=UniversalStorageDepot#2870 dist=5733 | ⭐⭐ NON-DEPOT WON WITH A NEARER ASSIGNABLE DEPOT AVAILABLE
						Lua 0:00:47:280
[mod] [C48P] PAIR Seeds :: drone=Drone#2000000947 | chose veg-offer(VegetationTaskRequester) dist=34432 amt=280 flags=rfSupply | dest building(OpenFarm) | nearest ASSIGNABLE depot=UniversalStorageDepot#2870 dist=5391 | ⭐⭐ NON-DEPOT WON WITH A NEARER ASSIGNABLE DEPOT AVAILABLE
[C48P] PAIR Seeds :: drone=Drone#2000000947 | chose veg-offer(VegetationTaskRequester) dist=34432 amt=280 flags=rfSupply | dest building(OpenFarm) | nearest ASSIGNABLE depot=UniversalStorageDepot#2870 dist=5391 | ⭐⭐ NON-DEPOT WON WITH A NEARER ASSIGNABLE DEPOT AVAILABLE
						Lua 0:00:47:315
[mod] [C48P] PAIR Seeds :: drone=Drone#2000000877 | chose veg-offer(VegetationTaskRequester) dist=17949 amt=280 flags=rfSupply | dest building(OpenFarm) | nearest ASSIGNABLE depot=UniversalStorageDepot#1073 dist=6186 | ⭐⭐ NON-DEPOT WON WITH A NEARER ASSIGNABLE DEPOT AVAILABLE
[C48P] PAIR Seeds :: drone=Drone#2000000877 | chose veg-offer(VegetationTaskRequester) dist=17949 amt=280 flags=rfSupply | dest building(OpenFarm) | nearest ASSIGNABLE depot=UniversalStorageDepot#1073 dist=6186 | ⭐⭐ NON-DEPOT WON WITH A NEARER ASSIGNABLE DEPOT AVAILABLE
						Lua 0:00:47:318
[mod] [C48P] PAIR Seeds :: drone=Drone#2000040068 | chose veg-offer(VegetationTaskRequester) dist=53825 amt=280 flags=rfSupply | dest building(ForestationPlant) | nearest ASSIGNABLE depot=UniversalStorageDepot#15036 dist=41134 | ⭐⭐ NON-DEPOT WON WITH A NEARER ASSIGNABLE DEPOT AVAILABLE
[C48P] PAIR Seeds :: drone=Drone#2000040068 | chose veg-offer(VegetationTaskRequester) dist=53825 amt=280 flags=rfSupply | dest building(ForestationPlant) | nearest ASSIGNABLE depot=UniversalStorageDepot#15036 dist=41134 | ⭐⭐ NON-DEPOT WON WITH A NEARER ASSIGNABLE DEPOT AVAILABLE
						Lua 0:00:47:521
[mod] [C48P] PAIR Food :: drone=Drone#2000008792 | chose depot(StationSmall) dist=33937 amt=1000 flags=rfSupply+rfStorageDepot | dest building(ShopsFood) | nearest ASSIGNABLE depot=StorageFood#3562 dist=20174 | -
[C48P] PAIR Food :: drone=Drone#2000008792 | chose depot(StationSmall) dist=33937 amt=1000 flags=rfSupply+rfStorageDepot | dest building(ShopsFood) | nearest ASSIGNABLE depot=StorageFood#3562 dist=20174 | -
						Lua 0:00:47:712
[mod] [C48P] PAIR Seeds :: drone=Drone#2000040065 | chose veg-offer(VegetationTaskRequester) dist=34360 amt=280 flags=rfSupply | dest building(ForestationPlant) | nearest ASSIGNABLE depot=UniversalStorageDepot#15036 dist=40830 | -
[C48P] PAIR Seeds :: drone=Drone#2000040065 | chose veg-offer(VegetationTaskRequester) dist=34360 amt=280 flags=rfSupply | dest building(ForestationPlant) | nearest ASSIGNABLE depot=UniversalStorageDepot#15036 dist=40830 | -
						Lua 0:00:47:767
[mod] [C48P] PAIR Seeds :: drone=Drone#2000018583 | chose veg-offer(VegetationTaskRequester) dist=8882 amt=6 flags=rfSupply | dest depot(StorageSeeds) | nearest ASSIGNABLE depot=StorageSeeds#6617 dist=3757 | ⭐⭐ NON-DEPOT WON WITH A NEARER ASSIGNABLE DEPOT AVAILABLE
[C48P] PAIR Seeds :: drone=Drone#2000018583 | chose veg-offer(VegetationTaskRequester) dist=8882 amt=6 flags=rfSupply | dest depot(StorageSeeds) | nearest ASSIGNABLE depot=StorageSeeds#6617 dist=3757 | ⭐⭐ NON-DEPOT WON WITH A NEARER ASSIGNABLE DEPOT AVAILABLE
						Lua 0:00:48:141
[mod] [C48P] PAIR Seeds :: drone=Drone#2000040064 | chose veg-offer(VegetationTaskRequester) dist=60316 amt=280 flags=rfSupply | dest building(ForestationPlant) | nearest ASSIGNABLE depot=UniversalStorageDepot#15036 dist=41054 | ⭐⭐ NON-DEPOT WON WITH A NEARER ASSIGNABLE DEPOT AVAILABLE
[C48P] PAIR Seeds :: drone=Drone#2000040064 | chose veg-offer(VegetationTaskRequester) dist=60316 amt=280 flags=rfSupply | dest building(ForestationPlant) | nearest ASSIGNABLE depot=UniversalStorageDepot#15036 dist=41054 | ⭐⭐ NON-DEPOT WON WITH A NEARER ASSIGNABLE DEPOT AVAILABLE
						Lua 0:00:48:219
[mod] [C48P] PAIR Seeds :: drone=Drone#2000038820 | chose veg-offer(VegetationTaskRequester) dist=36000 amt=280 flags=rfSupply | dest building(ForestationPlant) | nearest ASSIGNABLE depot=StorageSeeds#14612 dist=1952 | ⭐⭐ NON-DEPOT WON WITH A NEARER ASSIGNABLE DEPOT AVAILABLE
[C48P] PAIR Seeds :: drone=Drone#2000038820 | chose veg-offer(VegetationTaskRequester) dist=36000 amt=280 flags=rfSupply | dest building(ForestationPlant) | nearest ASSIGNABLE depot=StorageSeeds#14612 dist=1952 | ⭐⭐ NON-DEPOT WON WITH A NEARER ASSIGNABLE DEPOT AVAILABLE
						Lua 0:00:48:241
[mod] [C48P] PAIR Seeds :: drone=Drone#2000032098 | chose veg-offer(VegetationTaskRequester) dist=42594 amt=280 flags=rfSupply | dest building(ForestationPlant) | nearest ASSIGNABLE depot=UniversalStorageDepot#9296 dist=8147 | ⭐⭐ NON-DEPOT WON WITH A NEARER ASSIGNABLE DEPOT AVAILABLE
[C48P] PAIR Seeds :: drone=Drone#2000032098 | chose veg-offer(VegetationTaskRequester) dist=42594 amt=280 flags=rfSupply | dest building(ForestationPlant) | nearest ASSIGNABLE depot=UniversalStorageDepot#9296 dist=8147 | ⭐⭐ NON-DEPOT WON WITH A NEARER ASSIGNABLE DEPOT AVAILABLE
						Lua 0:00:49:150
[mod] [C48P] PAIR Seeds :: drone=Drone#2000038819 | chose veg-offer(VegetationTaskRequester) dist=10213 amt=280 flags=rfSupply | dest building(ForestationPlant) | nearest ASSIGNABLE depot=StorageSeeds#14612 dist=6681 | ⭐⭐ NON-DEPOT WON WITH A NEARER ASSIGNABLE DEPOT AVAILABLE
[C48P] PAIR Seeds :: drone=Drone#2000038819 | chose veg-offer(VegetationTaskRequester) dist=10213 amt=280 flags=rfSupply | dest building(ForestationPlant) | nearest ASSIGNABLE depot=StorageSeeds#14612 dist=6681 | ⭐⭐ NON-DEPOT WON WITH A NEARER ASSIGNABLE DEPOT AVAILABLE
						Lua 0:00:49:339
[mod] [C48P] PAIR Seeds :: drone=Drone#2000038817 | chose veg-offer(VegetationTaskRequester) dist=54507 amt=280 flags=rfSupply | dest building(ForestationPlant) | nearest ASSIGNABLE depot=StorageSeeds#14612 dist=41141 | ⭐⭐ NON-DEPOT WON WITH A NEARER ASSIGNABLE DEPOT AVAILABLE
[C48P] PAIR Seeds :: drone=Drone#2000038817 | chose veg-offer(VegetationTaskRequester) dist=54507 amt=280 flags=rfSupply | dest building(ForestationPlant) | nearest ASSIGNABLE depot=StorageSeeds#14612 dist=41141 | ⭐⭐ NON-DEPOT WON WITH A NEARER ASSIGNABLE DEPOT AVAILABLE
						Lua 0:00:49:340
[mod] [C48P] PAIR Seeds :: drone=Drone#2000013711 | chose veg-offer(VegetationTaskRequester) dist=16911 amt=27 flags=rfSupply | dest depot(StorageSeeds) | nearest ASSIGNABLE depot=UniversalStorageDepot#4532 dist=6029 | ⭐⭐ NON-DEPOT WON WITH A NEARER ASSIGNABLE DEPOT AVAILABLE
[C48P] PAIR Seeds :: drone=Drone#2000013711 | chose veg-offer(VegetationTaskRequester) dist=16911 amt=27 flags=rfSupply | dest depot(StorageSeeds) | nearest ASSIGNABLE depot=UniversalStorageDepot#4532 dist=6029 | ⭐⭐ NON-DEPOT WON WITH A NEARER ASSIGNABLE DEPOT AVAILABLE
						Lua 0:00:49:401
[mod] [C48P] PAIR Seeds :: drone=Drone#2000018582 | chose veg-offer(VegetationTaskRequester) dist=4820 amt=6 flags=rfSupply | dest depot(StorageSeeds) | nearest ASSIGNABLE depot=UniversalStorageDepot#6615 dist=3690 | ⭐⭐ NON-DEPOT WON WITH A NEARER ASSIGNABLE DEPOT AVAILABLE
[C48P] PAIR Seeds :: drone=Drone#2000018582 | chose veg-offer(VegetationTaskRequester) dist=4820 amt=6 flags=rfSupply | dest depot(StorageSeeds) | nearest ASSIGNABLE depot=UniversalStorageDepot#6615 dist=3690 | ⭐⭐ NON-DEPOT WON WITH A NEARER ASSIGNABLE DEPOT AVAILABLE
						Lua 0:00:49:546
[mod] [C48P] PAIR Seeds :: drone=Drone#2000028590 | chose veg-offer(VegetationTaskRequester) dist=37550 amt=280 flags=rfSupply | dest building(OpenFarm) | nearest ASSIGNABLE depot=UniversalStorageDepot#4544 dist=5271 | ⭐⭐ NON-DEPOT WON WITH A NEARER ASSIGNABLE DEPOT AVAILABLE
[C48P] PAIR Seeds :: drone=Drone#2000028590 | chose veg-offer(VegetationTaskRequester) dist=37550 amt=280 flags=rfSupply | dest building(OpenFarm) | nearest ASSIGNABLE depot=UniversalStorageDepot#4544 dist=5271 | ⭐⭐ NON-DEPOT WON WITH A NEARER ASSIGNABLE DEPOT AVAILABLE
						Lua 0:00:49:600
[mod] [C48P] PAIR Seeds :: drone=Drone#2000003964 | chose veg-offer(VegetationTaskRequester) dist=29252 amt=280 flags=rfSupply | dest building(ForestationPlant) | nearest ASSIGNABLE depot=StationSmall#12631 dist=20322 | ⭐⭐ NON-DEPOT WON WITH A NEARER ASSIGNABLE DEPOT AVAILABLE
[C48P] PAIR Seeds :: drone=Drone#2000003964 | chose veg-offer(VegetationTaskRequester) dist=29252 amt=280 flags=rfSupply | dest building(ForestationPlant) | nearest ASSIGNABLE depot=StationSmall#12631 dist=20322 | ⭐⭐ NON-DEPOT WON WITH A NEARER ASSIGNABLE DEPOT AVAILABLE
						Lua 0:00:49:612
[mod] [C48P] PAIR Seeds :: drone=Drone#2000008764 | chose veg-offer(VegetationTaskRequester) dist=30447 amt=280 flags=rfSupply | dest building(ForestationPlant) | nearest ASSIGNABLE depot=StationSmall#12631 dist=19465 | ⭐⭐ NON-DEPOT WON WITH A NEARER ASSIGNABLE DEPOT AVAILABLE
[C48P] PAIR Seeds :: drone=Drone#2000008764 | chose veg-offer(VegetationTaskRequester) dist=30447 amt=280 flags=rfSupply | dest building(ForestationPlant) | nearest ASSIGNABLE depot=StationSmall#12631 dist=19465 | ⭐⭐ NON-DEPOT WON WITH A NEARER ASSIGNABLE DEPOT AVAILABLE
[mod] [C48P] PAIR Seeds :: drone=Drone#2000040066 | chose veg-offer(VegetationTaskRequester) dist=24774 amt=280 flags=rfSupply | dest building(ForestationPlant) | nearest ASSIGNABLE depot=StorageSeeds#15037 dist=3829 | ⭐⭐ NON-DEPOT WON WITH A NEARER ASSIGNABLE DEPOT AVAILABLE
[C48P] PAIR Seeds :: drone=Drone#2000040066 | chose veg-offer(VegetationTaskRequester) dist=24774 amt=280 flags=rfSupply | dest building(ForestationPlant) | nearest ASSIGNABLE depot=StorageSeeds#15037 dist=3829 | ⭐⭐ NON-DEPOT WON WITH A NEARER ASSIGNABLE DEPOT AVAILABLE
						Lua 0:00:49:647
[mod] [C48P] PAIR Seeds :: drone=Drone#2000028595 | chose veg-offer(VegetationTaskRequester) dist=23593 amt=280 flags=rfSupply | dest building(OpenFarm) | nearest ASSIGNABLE depot=StationSmall#4552 dist=3041 | ⭐⭐ NON-DEPOT WON WITH A NEARER ASSIGNABLE DEPOT AVAILABLE
[C48P] PAIR Seeds :: drone=Drone#2000028595 | chose veg-offer(VegetationTaskRequester) dist=23593 amt=280 flags=rfSupply | dest building(OpenFarm) | nearest ASSIGNABLE depot=StationSmall#4552 dist=3041 | ⭐⭐ NON-DEPOT WON WITH A NEARER ASSIGNABLE DEPOT AVAILABLE
						Lua 0:00:49:714
[mod] [C48P] PAIR Seeds :: drone=Drone#2000028600 | chose veg-offer(VegetationTaskRequester) dist=19648 amt=280 flags=rfSupply | dest building(OpenFarm) | nearest ASSIGNABLE depot=StationSmall#4552 dist=6068 | ⭐⭐ NON-DEPOT WON WITH A NEARER ASSIGNABLE DEPOT AVAILABLE
[C48P] PAIR Seeds :: drone=Drone#2000028600 | chose veg-offer(VegetationTaskRequester) dist=19648 amt=280 flags=rfSupply | dest building(OpenFarm) | nearest ASSIGNABLE depot=StationSmall#4552 dist=6068 | ⭐⭐ NON-DEPOT WON WITH A NEARER ASSIGNABLE DEPOT AVAILABLE
						Lua 0:00:49:756
[mod] [C48P] PAIR Seeds :: drone=Drone#2000028599 | chose veg-offer(VegetationTaskRequester) dist=29283 amt=280 flags=rfSupply | dest building(OpenFarm) | nearest ASSIGNABLE depot=UniversalStorageDepot#4544 dist=4752 | ⭐⭐ NON-DEPOT WON WITH A NEARER ASSIGNABLE DEPOT AVAILABLE
[C48P] PAIR Seeds :: drone=Drone#2000028599 | chose veg-offer(VegetationTaskRequester) dist=29283 amt=280 flags=rfSupply | dest building(OpenFarm) | nearest ASSIGNABLE depot=UniversalStorageDepot#4544 dist=4752 | ⭐⭐ NON-DEPOT WON WITH A NEARER ASSIGNABLE DEPOT AVAILABLE
						Lua 0:00:50:049
[mod] [C48P] PAIR Seeds :: drone=Drone#2000022159 | chose veg-offer(VegetationTaskRequester) dist=22479 amt=280 flags=rfSupply | dest building(ForestationPlant) | nearest ASSIGNABLE depot=StationSmall#12496 dist=25746 | -
[C48P] PAIR Seeds :: drone=Drone#2000022159 | chose veg-offer(VegetationTaskRequester) dist=22479 amt=280 flags=rfSupply | dest building(ForestationPlant) | nearest ASSIGNABLE depot=StationSmall#12496 dist=25746 | -
						Lua 0:00:50:058
[mod] [C48P] PAIR Seeds :: drone=Drone#2000022165 | chose veg-offer(VegetationTaskRequester) dist=19089 amt=280 flags=rfSupply | dest building(ForestationPlant) | nearest ASSIGNABLE depot=StationSmall#12496 dist=24802 | -
[C48P] PAIR Seeds :: drone=Drone#2000022165 | chose veg-offer(VegetationTaskRequester) dist=19089 amt=280 flags=rfSupply | dest building(ForestationPlant) | nearest ASSIGNABLE depot=StationSmall#12496 dist=24802 | -
						Lua 0:00:50:250
[mod] [C48P] PAIR Seeds :: drone=Drone#2000000910 | chose veg-offer(VegetationTaskRequester) dist=38182 amt=280 flags=rfSupply | dest building(OpenFarm) | nearest ASSIGNABLE depot=UniversalStorageDepot#2870 dist=6992 | ⭐⭐ NON-DEPOT WON WITH A NEARER ASSIGNABLE DEPOT AVAILABLE
[C48P] PAIR Seeds :: drone=Drone#2000000910 | chose veg-offer(VegetationTaskRequester) dist=38182 amt=280 flags=rfSupply | dest building(OpenFarm) | nearest ASSIGNABLE depot=UniversalStorageDepot#2870 dist=6992 | ⭐⭐ NON-DEPOT WON WITH A NEARER ASSIGNABLE DEPOT AVAILABLE
						Lua 0:00:50:251
[mod] [C48P] PAIR Seeds :: drone=Drone#2000000923 | chose veg-offer(VegetationTaskRequester) dist=39962 amt=280 flags=rfSupply | dest building(OpenFarm) | nearest ASSIGNABLE depot=UniversalStorageDepot#2870 dist=3188 | ⭐⭐ NON-DEPOT WON WITH A NEARER ASSIGNABLE DEPOT AVAILABLE
[C48P] PAIR Seeds :: drone=Drone#2000000923 | chose veg-offer(VegetationTaskRequester) dist=39962 amt=280 flags=rfSupply | dest building(OpenFarm) | nearest ASSIGNABLE depot=UniversalStorageDepot#2870 dist=3188 | ⭐⭐ NON-DEPOT WON WITH A NEARER ASSIGNABLE DEPOT AVAILABLE
						Lua 0:00:50:754
[mod] [C48P] PAIR Seeds :: drone=Drone#2000018574 | chose veg-offer(VegetationTaskRequester) dist=10937 amt=6 flags=rfSupply | dest depot(StorageSeeds) | nearest ASSIGNABLE depot=UniversalStorageDepot#6615 dist=6336 | ⭐⭐ NON-DEPOT WON WITH A NEARER ASSIGNABLE DEPOT AVAILABLE
[C48P] PAIR Seeds :: drone=Drone#2000018574 | chose veg-offer(VegetationTaskRequester) dist=10937 amt=6 flags=rfSupply | dest depot(StorageSeeds) | nearest ASSIGNABLE depot=UniversalStorageDepot#6615 dist=6336 | ⭐⭐ NON-DEPOT WON WITH A NEARER ASSIGNABLE DEPOT AVAILABLE
						Lua 0:00:50:856
[mod] [C48P] PAIR Seeds :: drone=Drone#2000000877 | chose veg-offer(VegetationTaskRequester) dist=14692 amt=280 flags=rfSupply | dest building(OpenFarm) | nearest ASSIGNABLE depot=StorageSeeds#15963 dist=7859 | ⭐⭐ NON-DEPOT WON WITH A NEARER ASSIGNABLE DEPOT AVAILABLE
[C48P] PAIR Seeds :: drone=Drone#2000000877 | chose veg-offer(VegetationTaskRequester) dist=14692 amt=280 flags=rfSupply | dest building(OpenFarm) | nearest ASSIGNABLE depot=StorageSeeds#15963 dist=7859 | ⭐⭐ NON-DEPOT WON WITH A NEARER ASSIGNABLE DEPOT AVAILABLE
						Lua 0:00:51:369
[mod] [C48P] PAIR Seeds :: drone=Drone#2000013714 | chose veg-offer(VegetationTaskRequester) dist=5827 amt=280 flags=rfSupply | dest building(ForestationPlant) | nearest ASSIGNABLE depot=UniversalStorageDepot#4532 dist=4842 | ⭐⭐ NON-DEPOT WON WITH A NEARER ASSIGNABLE DEPOT AVAILABLE
[C48P] PAIR Seeds :: drone=Drone#2000013714 | chose veg-offer(VegetationTaskRequester) dist=5827 amt=280 flags=rfSupply | dest building(ForestationPlant) | nearest ASSIGNABLE depot=UniversalStorageDepot#4532 dist=4842 | ⭐⭐ NON-DEPOT WON WITH A NEARER ASSIGNABLE DEPOT AVAILABLE
						Lua 0:00:51:416
[mod] [C48P] PAIR Seeds :: drone=Drone#2000013713 | chose veg-offer(VegetationTaskRequester) dist=9265 amt=280 flags=rfSupply | dest building(ForestationPlant) | nearest ASSIGNABLE depot=UniversalStorageDepot#4532 dist=8681 | ⭐⭐ NON-DEPOT WON WITH A NEARER ASSIGNABLE DEPOT AVAILABLE
[C48P] PAIR Seeds :: drone=Drone#2000013713 | chose veg-offer(VegetationTaskRequester) dist=9265 amt=280 flags=rfSupply | dest building(ForestationPlant) | nearest ASSIGNABLE depot=UniversalStorageDepot#4532 dist=8681 | ⭐⭐ NON-DEPOT WON WITH A NEARER ASSIGNABLE DEPOT AVAILABLE
						Lua 0:00:51:461
[mod] [C48P] PAIR Seeds :: drone=Drone#2000040069 | chose veg-offer(VegetationTaskRequester) dist=25335 amt=280 flags=rfSupply | dest building(ForestationPlant) | nearest ASSIGNABLE depot=StorageSeeds#15037 dist=6028 | ⭐⭐ NON-DEPOT WON WITH A NEARER ASSIGNABLE DEPOT AVAILABLE
[C48P] PAIR Seeds :: drone=Drone#2000040069 | chose veg-offer(VegetationTaskRequester) dist=25335 amt=280 flags=rfSupply | dest building(ForestationPlant) | nearest ASSIGNABLE depot=StorageSeeds#15037 dist=6028 | ⭐⭐ NON-DEPOT WON WITH A NEARER ASSIGNABLE DEPOT AVAILABLE
						Lua 0:00:52:001
[mod] [C48P] PAIR Seeds :: drone=Drone#2000040065 | chose veg-offer(VegetationTaskRequester) dist=1711 amt=280 flags=rfSupply | dest building(ForestationPlant) | nearest ASSIGNABLE depot=UniversalStorageDepot#15036 dist=8404 | -
[C48P] PAIR Seeds :: drone=Drone#2000040065 | chose veg-offer(VegetationTaskRequester) dist=1711 amt=280 flags=rfSupply | dest building(ForestationPlant) | nearest ASSIGNABLE depot=UniversalStorageDepot#15036 dist=8404 | -
						Lua 0:00:52:319
[mod] [C48P] PAIR Seeds :: drone=Drone#2000013710 | chose veg-offer(VegetationTaskRequester) dist=18028 amt=3 flags=rfSupply | dest depot(StorageSeeds) | nearest ASSIGNABLE depot=UniversalStorageDepot#4532 dist=2710 | ⭐⭐ NON-DEPOT WON WITH A NEARER ASSIGNABLE DEPOT AVAILABLE
[C48P] PAIR Seeds :: drone=Drone#2000013710 | chose veg-offer(VegetationTaskRequester) dist=18028 amt=3 flags=rfSupply | dest depot(StorageSeeds) | nearest ASSIGNABLE depot=UniversalStorageDepot#4532 dist=2710 | ⭐⭐ NON-DEPOT WON WITH A NEARER ASSIGNABLE DEPOT AVAILABLE
						Lua 0:00:52:414
[mod] [C48P] PAIR Seeds :: drone=Drone#2000013709 | chose veg-offer(VegetationTaskRequester) dist=18564 amt=24 flags=rfSupply | dest depot(StorageSeeds) | nearest ASSIGNABLE depot=UniversalStorageDepot#4532 dist=7189 | ⭐⭐ NON-DEPOT WON WITH A NEARER ASSIGNABLE DEPOT AVAILABLE
[C48P] PAIR Seeds :: drone=Drone#2000013709 | chose veg-offer(VegetationTaskRequester) dist=18564 amt=24 flags=rfSupply | dest depot(StorageSeeds) | nearest ASSIGNABLE depot=UniversalStorageDepot#4532 dist=7189 | ⭐⭐ NON-DEPOT WON WITH A NEARER ASSIGNABLE DEPOT AVAILABLE
						Lua 0:00:52:454
[mod] [C48P] PAIR Seeds :: drone=Drone#2000040067 | chose veg-offer(VegetationTaskRequester) dist=37853 amt=280 flags=rfSupply | dest building(ForestationPlant) | nearest ASSIGNABLE depot=StorageSeeds#15037 dist=19400 | ⭐⭐ NON-DEPOT WON WITH A NEARER ASSIGNABLE DEPOT AVAILABLE
[C48P] PAIR Seeds :: drone=Drone#2000040067 | chose veg-offer(VegetationTaskRequester) dist=37853 amt=280 flags=rfSupply | dest building(ForestationPlant) | nearest ASSIGNABLE depot=StorageSeeds#15037 dist=19400 | ⭐⭐ NON-DEPOT WON WITH A NEARER ASSIGNABLE DEPOT AVAILABLE
						Lua 0:00:52:571
[mod] [C48P] PAIR Seeds :: drone=Drone#2000028601 | chose veg-offer(VegetationTaskRequester) dist=30685 amt=280 flags=rfSupply | dest building(OpenFarm) | nearest ASSIGNABLE depot=UniversalStorageDepot#4544 dist=3633 | ⭐⭐ NON-DEPOT WON WITH A NEARER ASSIGNABLE DEPOT AVAILABLE
[C48P] PAIR Seeds :: drone=Drone#2000028601 | chose veg-offer(VegetationTaskRequester) dist=30685 amt=280 flags=rfSupply | dest building(OpenFarm) | nearest ASSIGNABLE depot=UniversalStorageDepot#4544 dist=3633 | ⭐⭐ NON-DEPOT WON WITH A NEARER ASSIGNABLE DEPOT AVAILABLE
						Lua 0:00:52:773
[mod] [C48P] PAIR Seeds :: drone=Drone#2000018577 | chose veg-offer(VegetationTaskRequester) dist=8866 amt=6 flags=rfSupply | dest depot(StorageSeeds) | nearest ASSIGNABLE depot=StorageSeeds#6617 dist=3810 | ⭐⭐ NON-DEPOT WON WITH A NEARER ASSIGNABLE DEPOT AVAILABLE
[C48P] PAIR Seeds :: drone=Drone#2000018577 | chose veg-offer(VegetationTaskRequester) dist=8866 amt=6 flags=rfSupply | dest depot(StorageSeeds) | nearest ASSIGNABLE depot=StorageSeeds#6617 dist=3810 | ⭐⭐ NON-DEPOT WON WITH A NEARER ASSIGNABLE DEPOT AVAILABLE
						Lua 0:00:52:884
[mod] [C48P] PAIR Seeds :: drone=Drone#2000000909 | chose veg-offer(VegetationTaskRequester) dist=79964 amt=280 flags=rfSupply | dest building(OpenFarm) | nearest ASSIGNABLE depot=StationSmall#4842 dist=20164 | ⭐⭐ NON-DEPOT WON WITH A NEARER ASSIGNABLE DEPOT AVAILABLE
[C48P] PAIR Seeds :: drone=Drone#2000000909 | chose veg-offer(VegetationTaskRequester) dist=79964 amt=280 flags=rfSupply | dest building(OpenFarm) | nearest ASSIGNABLE depot=StationSmall#4842 dist=20164 | ⭐⭐ NON-DEPOT WON WITH A NEARER ASSIGNABLE DEPOT AVAILABLE
						Lua 0:00:52:994
[mod] [C48P] PAIR Seeds :: drone=Drone#2000040065 | chose veg-offer(VegetationTaskRequester) dist=25537 amt=280 flags=rfSupply | dest building(ForestationPlant) | nearest ASSIGNABLE depot=UniversalStorageDepot#15036 dist=9648 | ⭐⭐ NON-DEPOT WON WITH A NEARER ASSIGNABLE DEPOT AVAILABLE
[C48P] PAIR Seeds :: drone=Drone#2000040065 | chose veg-offer(VegetationTaskRequester) dist=25537 amt=280 flags=rfSupply | dest building(ForestationPlant) | nearest ASSIGNABLE depot=UniversalStorageDepot#15036 dist=9648 | ⭐⭐ NON-DEPOT WON WITH A NEARER ASSIGNABLE DEPOT AVAILABLE
						Lua 0:00:53:415
[mod] [C48P] PAIR Seeds :: drone=Drone#2000000919 | chose veg-offer(VegetationTaskRequester) dist=18985 amt=280 flags=rfSupply | dest building(OpenFarm) | nearest ASSIGNABLE depot=StorageSeeds#15963 dist=3307 | ⭐⭐ NON-DEPOT WON WITH A NEARER ASSIGNABLE DEPOT AVAILABLE
[C48P] PAIR Seeds :: drone=Drone#2000000919 | chose veg-offer(VegetationTaskRequester) dist=18985 amt=280 flags=rfSupply | dest building(OpenFarm) | nearest ASSIGNABLE depot=StorageSeeds#15963 dist=3307 | ⭐⭐ NON-DEPOT WON WITH A NEARER ASSIGNABLE DEPOT AVAILABLE
						Lua 0:00:53:435
[mod] [C48P] PAIR Food :: drone=Drone#2000000903 | chose loose-pile(ResourceStockpile) dist=19398 amt=400 flags=rfSupply+rfPostInQueue+rfWaitToFill | dest building(Diner) | nearest ASSIGNABLE depot=StorageFood#4666 dist=20059 | -
[C48P] PAIR Food :: drone=Drone#2000000903 | chose loose-pile(ResourceStockpile) dist=19398 amt=400 flags=rfSupply+rfPostInQueue+rfWaitToFill | dest building(Diner) | nearest ASSIGNABLE depot=StorageFood#4666 dist=20059 | -
						Lua 0:00:53:494
[mod] [C48P] PAIR Seeds :: drone=Drone#2000028595 | chose veg-offer(VegetationTaskRequester) dist=5548 amt=280 flags=rfSupply | dest building(OpenFarm) | nearest ASSIGNABLE depot=StorageSeeds#15986 dist=2324 | ⭐⭐ NON-DEPOT WON WITH A NEARER ASSIGNABLE DEPOT AVAILABLE
[C48P] PAIR Seeds :: drone=Drone#2000028595 | chose veg-offer(VegetationTaskRequester) dist=5548 amt=280 flags=rfSupply | dest building(OpenFarm) | nearest ASSIGNABLE depot=StorageSeeds#15986 dist=2324 | ⭐⭐ NON-DEPOT WON WITH A NEARER ASSIGNABLE DEPOT AVAILABLE
						Lua 0:00:53:526
[mod] [C48P] PAIR Food :: drone=Drone#2000016023 | chose depot(StorageFood) dist=6424 amt=1000 flags=rfSupply+rfStorageDepot | dest building(Diner) | nearest ASSIGNABLE depot=StorageFood#5298 dist=6424 | -
[C48P] PAIR Food :: drone=Drone#2000016023 | chose depot(StorageFood) dist=6424 amt=1000 flags=rfSupply+rfStorageDepot | dest building(Diner) | nearest ASSIGNABLE depot=StorageFood#5298 dist=6424 | -
						Lua 0:00:54:179
[mod] [C48P] PAIR Food :: drone=Drone#2000034615 | chose depot(StationSmall) dist=16651 amt=1452 flags=rfSupply+rfStorageDepot | dest depot(UniversalStorageDepot) | nearest ASSIGNABLE depot=StationSmall#12472 dist=2147483647 | -
[C48P] PAIR Food :: drone=Drone#2000034615 | chose depot(StationSmall) dist=16651 amt=1452 flags=rfSupply+rfStorageDepot | dest depot(UniversalStorageDepot) | nearest ASSIGNABLE depot=StationSmall#12472 dist=2147483647 | -
						Lua 0:00:54:188
[mod] [C48P] PAIR Food :: drone=Drone#2000034614 | chose depot(StationSmall) dist=14109 amt=1393 flags=rfSupply+rfStorageDepot | dest depot(StorageFood) | nearest ASSIGNABLE depot=StationSmall#12472 dist=2147483647 | -
[C48P] PAIR Food :: drone=Drone#2000034614 | chose depot(StationSmall) dist=14109 amt=1393 flags=rfSupply+rfStorageDepot | dest depot(StorageFood) | nearest ASSIGNABLE depot=StationSmall#12472 dist=2147483647 | -
						Lua 0:00:54:196
[mod] [C48P] PAIR Seeds :: drone=Drone#2000000932 | chose veg-offer(VegetationTaskRequester) dist=20076 amt=280 flags=rfSupply | dest building(OpenFarm) | nearest ASSIGNABLE depot=UniversalStorageDepot#2870 dist=6796 | ⭐⭐ NON-DEPOT WON WITH A NEARER ASSIGNABLE DEPOT AVAILABLE
[C48P] PAIR Seeds :: drone=Drone#2000000932 | chose veg-offer(VegetationTaskRequester) dist=20076 amt=280 flags=rfSupply | dest building(OpenFarm) | nearest ASSIGNABLE depot=UniversalStorageDepot#2870 dist=6796 | ⭐⭐ NON-DEPOT WON WITH A NEARER ASSIGNABLE DEPOT AVAILABLE
						Lua 0:00:54:496
[mod] [C48P] PAIR Seeds :: drone=Drone#2000040068 | chose veg-offer(VegetationTaskRequester) dist=26067 amt=280 flags=rfSupply | dest building(ForestationPlant) | nearest ASSIGNABLE depot=StorageSeeds#15037 dist=19400 | ⭐⭐ NON-DEPOT WON WITH A NEARER ASSIGNABLE DEPOT AVAILABLE
[C48P] PAIR Seeds :: drone=Drone#2000040068 | chose veg-offer(VegetationTaskRequester) dist=26067 amt=280 flags=rfSupply | dest building(ForestationPlant) | nearest ASSIGNABLE depot=StorageSeeds#15037 dist=19400 | ⭐⭐ NON-DEPOT WON WITH A NEARER ASSIGNABLE DEPOT AVAILABLE
						Lua 0:00:54:505
[mod] [C48P] PAIR Seeds :: drone=Drone#2000018583 | chose veg-offer(VegetationTaskRequester) dist=48559 amt=6 flags=rfSupply | dest depot(StorageSeeds) | nearest ASSIGNABLE depot=StationSmall#12496 dist=38408 | ⭐⭐ NON-DEPOT WON WITH A NEARER ASSIGNABLE DEPOT AVAILABLE
[C48P] PAIR Seeds :: drone=Drone#2000018583 | chose veg-offer(VegetationTaskRequester) dist=48559 amt=6 flags=rfSupply | dest depot(StorageSeeds) | nearest ASSIGNABLE depot=StationSmall#12496 dist=38408 | ⭐⭐ NON-DEPOT WON WITH A NEARER ASSIGNABLE DEPOT AVAILABLE
						Lua 0:00:54:817
[mod] [C48P] PAIR Seeds :: drone=Drone#2000013714 | chose veg-offer(VegetationTaskRequester) dist=18222 amt=3 flags=rfSupply | dest depot(StorageSeeds) | nearest ASSIGNABLE depot=UniversalStorageDepot#4532 dist=7015 | ⭐⭐ NON-DEPOT WON WITH A NEARER ASSIGNABLE DEPOT AVAILABLE						Lua 0:00:54:818

[C48P] PAIR Seeds :: drone=Drone#2000013714 | chose veg-offer(VegetationTaskRequester) dist=18222 amt=3 flags=rfSupply | dest depot(StorageSeeds) | nearest ASSIGNABLE depot=UniversalStorageDepot#4532 dist=7015 | ⭐⭐ NON-DEPOT WON WITH A NEARER ASSIGNABLE DEPOT AVAILABLE
						Lua 0:00:54:935
[mod] [C48P] PAIR Seeds :: drone=Drone#2000016031 | chose veg-offer(VegetationTaskRequester) dist=25420 amt=1000 flags=rfSupply | dest building(ForestationPlant) | nearest ASSIGNABLE depot=StorageSeeds#6315 dist=25847 | -
[C48P] PAIR Seeds :: drone=Drone#2000016031 | chose veg-offer(VegetationTaskRequester) dist=25420 amt=1000 flags=rfSupply | dest building(ForestationPlant) | nearest ASSIGNABLE depot=StorageSeeds#6315 dist=25847 | -
						Lua 0:00:54:975
[mod] [C48P] PAIR Seeds :: drone=Drone#2000013711 | chose veg-offer(VegetationTaskRequester) dist=49324 amt=280 flags=rfSupply | dest building(ForestationPlant) | nearest ASSIGNABLE depot=StorageSeeds#16009 dist=21346 | ⭐⭐ NON-DEPOT WON WITH A NEARER ASSIGNABLE DEPOT AVAILABLE
[C48P] PAIR Seeds :: drone=Drone#2000013711 | chose veg-offer(VegetationTaskRequester) dist=49324 amt=280 flags=rfSupply | dest building(ForestationPlant) | nearest ASSIGNABLE depot=StorageSeeds#16009 dist=21346 | ⭐⭐ NON-DEPOT WON WITH A NEARER ASSIGNABLE DEPOT AVAILABLE
						Lua 0:00:54:987
[mod] [C48P] PAIR Seeds :: drone=Drone#2000040066 | chose veg-offer(VegetationTaskRequester) dist=42381 amt=40 flags=rfSupply | dest depot(StorageSeeds) | nearest ASSIGNABLE depot=StorageSeeds#15037 dist=40917 | ⭐⭐ NON-DEPOT WON WITH A NEARER ASSIGNABLE DEPOT AVAILABLE
[C48P] PAIR Seeds :: drone=Drone#2000040066 | chose veg-offer(VegetationTaskRequester) dist=42381 amt=40 flags=rfSupply | dest depot(StorageSeeds) | nearest ASSIGNABLE depot=StorageSeeds#15037 dist=40917 | ⭐⭐ NON-DEPOT WON WITH A NEARER ASSIGNABLE DEPOT AVAILABLE
						Lua 0:00:55:405
[mod] [C48P] PAIR Seeds :: drone=Drone#2000013713 | chose veg-offer(VegetationTaskRequester) dist=18538 amt=24 flags=rfSupply | dest depot(StorageSeeds) | nearest ASSIGNABLE depot=UniversalStorageDepot#4532 dist=7115 | ⭐⭐ NON-DEPOT WON WITH A NEARER ASSIGNABLE DEPOT AVAILABLE
[C48P] PAIR Seeds :: drone=Drone#2000013713 | chose veg-offer(VegetationTaskRequester) dist=18538 amt=24 flags=rfSupply | dest depot(StorageSeeds) | nearest ASSIGNABLE depot=UniversalStorageDepot#4532 dist=7115 | ⭐⭐ NON-DEPOT WON WITH A NEARER ASSIGNABLE DEPOT AVAILABLE
						Lua 0:00:55:538
[mod] [C48P] PAIR Seeds :: drone=Drone#2000028597 | chose veg-offer(VegetationTaskRequester) dist=17695 amt=280 flags=rfSupply | dest building(OpenFarm) | nearest ASSIGNABLE depot=StationSmall#4552 dist=5001 | ⭐⭐ NON-DEPOT WON WITH A NEARER ASSIGNABLE DEPOT AVAILABLE
[C48P] PAIR Seeds :: drone=Drone#2000028597 | chose veg-offer(VegetationTaskRequester) dist=17695 amt=280 flags=rfSupply | dest building(OpenFarm) | nearest ASSIGNABLE depot=StationSmall#4552 dist=5001 | ⭐⭐ NON-DEPOT WON WITH A NEARER ASSIGNABLE DEPOT AVAILABLE
						Lua 0:00:55:618
[mod] [C48P] PAIR Seeds :: drone=Drone#2000028596 | chose veg-offer(VegetationTaskRequester) dist=29201 amt=280 flags=rfSupply | dest building(OpenFarm) | nearest ASSIGNABLE depot=UniversalStorageDepot#4544 dist=3857 | ⭐⭐ NON-DEPOT WON WITH A NEARER ASSIGNABLE DEPOT AVAILABLE
[C48P] PAIR Seeds :: drone=Drone#2000028596 | chose veg-offer(VegetationTaskRequester) dist=29201 amt=280 flags=rfSupply | dest building(OpenFarm) | nearest ASSIGNABLE depot=UniversalStorageDepot#4544 dist=3857 | ⭐⭐ NON-DEPOT WON WITH A NEARER ASSIGNABLE DEPOT AVAILABLE
						Lua 0:00:55:844
[mod] [C48P] PAIR Seeds :: drone=Drone#2000028602 | chose veg-offer(VegetationTaskRequester) dist=39269 amt=280 flags=rfSupply | dest building(OpenFarm) | nearest ASSIGNABLE depot=StationSmall#4552 dist=3543 | ⭐⭐ NON-DEPOT WON WITH A NEARER ASSIGNABLE DEPOT AVAILABLE
[C48P] PAIR Seeds :: drone=Drone#2000028602 | chose veg-offer(VegetationTaskRequester) dist=39269 amt=280 flags=rfSupply | dest building(OpenFarm) | nearest ASSIGNABLE depot=StationSmall#4552 dist=3543 | ⭐⭐ NON-DEPOT WON WITH A NEARER ASSIGNABLE DEPOT AVAILABLE
						Lua 0:00:56:214
[mod] [C48P] PAIR Seeds :: drone=Drone#2000000910 | chose veg-offer(VegetationTaskRequester) dist=13566 amt=280 flags=rfSupply | dest building(OpenFarm) | nearest ASSIGNABLE depot=StorageSeeds#15963 dist=10520 | ⭐⭐ NON-DEPOT WON WITH A NEARER ASSIGNABLE DEPOT AVAILABLE
[C48P] PAIR Seeds :: drone=Drone#2000000910 | chose veg-offer(VegetationTaskRequester) dist=13566 amt=280 flags=rfSupply | dest building(OpenFarm) | nearest ASSIGNABLE depot=StorageSeeds#15963 dist=10520 | ⭐⭐ NON-DEPOT WON WITH A NEARER ASSIGNABLE DEPOT AVAILABLE
						Lua 0:00:56:716
[mod] [C48P] PAIR Seeds :: drone=Drone#2000000923 | chose veg-offer(VegetationTaskRequester) dist=12956 amt=280 flags=rfSupply | dest building(OpenFarm) | nearest ASSIGNABLE depot=StorageSeeds#15963 dist=10811 | ⭐⭐ NON-DEPOT WON WITH A NEARER ASSIGNABLE DEPOT AVAILABLE
[C48P] PAIR Seeds :: drone=Drone#2000000923 | chose veg-offer(VegetationTaskRequester) dist=12956 amt=280 flags=rfSupply | dest building(OpenFarm) | nearest ASSIGNABLE depot=StorageSeeds#15963 dist=10811 | ⭐⭐ NON-DEPOT WON WITH A NEARER ASSIGNABLE DEPOT AVAILABLE
						Lua 0:00:57:109
[mod] [C48P] PAIR Food :: drone=Drone#2000000880 | chose loose-pile(ResourceStockpile) dist=33362 amt=200 flags=rfSupply+rfPostInQueue+rfWaitToFill | dest building(Diner) | nearest ASSIGNABLE depot=StorageFood#4666 dist=27638 | ⭐⭐ NON-DEPOT WON WITH A NEARER ASSIGNABLE DEPOT AVAILABLE
[C48P] PAIR Food :: drone=Drone#2000000880 | chose loose-pile(ResourceStockpile) dist=33362 amt=200 flags=rfSupply+rfPostInQueue+rfWaitToFill | dest building(Diner) | nearest ASSIGNABLE depot=StorageFood#4666 dist=27638 | ⭐⭐ NON-DEPOT WON WITH A NEARER ASSIGNABLE DEPOT AVAILABLE
						Lua 0:00:57:415
[mod] [C48P] PAIR Seeds :: drone=Drone#2000013712 | chose veg-offer(VegetationTaskRequester) dist=18320 amt=3 flags=rfSupply | dest depot(StorageSeeds) | nearest ASSIGNABLE depot=UniversalStorageDepot#4532 dist=7536 | ⭐⭐ NON-DEPOT WON WITH A NEARER ASSIGNABLE DEPOT AVAILABLE
[C48P] PAIR Seeds :: drone=Drone#2000013712 | chose veg-offer(VegetationTaskRequester) dist=18320 amt=3 flags=rfSupply | dest depot(StorageSeeds) | nearest ASSIGNABLE depot=UniversalStorageDepot#4532 dist=7536 | ⭐⭐ NON-DEPOT WON WITH A NEARER ASSIGNABLE DEPOT AVAILABLE
						Lua 0:00:57:451
[mod] [C48P] PAIR Food :: drone=Drone#2000000947 | chose loose-pile(ResourceStockpile) dist=19112 amt=3000 flags=rfSupply+rfPostInQueue+rfWaitToFill | dest depot(StationSmall) | nearest ASSIGNABLE depot=UniversalStorageDepot#2870 dist=2225 | ⭐⭐ NON-DEPOT WON WITH A NEARER ASSIGNABLE DEPOT AVAILABLE
[C48P] PAIR Food :: drone=Drone#2000000947 | chose loose-pile(ResourceStockpile) dist=19112 amt=3000 flags=rfSupply+rfPostInQueue+rfWaitToFill | dest depot(StationSmall) | nearest ASSIGNABLE depot=UniversalStorageDepot#2870 dist=2225 | ⭐⭐ NON-DEPOT WON WITH A NEARER ASSIGNABLE DEPOT AVAILABLE
						Lua 0:00:57:516
[mod] [C48P] PAIR Seeds :: drone=Drone#2000000919 | chose veg-offer(VegetationTaskRequester) dist=13050 amt=280 flags=rfSupply | dest building(OpenFarm) | nearest ASSIGNABLE depot=StorageSeeds#15963 dist=10811 | ⭐⭐ NON-DEPOT WON WITH A NEARER ASSIGNABLE DEPOT AVAILABLE
[C48P] PAIR Seeds :: drone=Drone#2000000919 | chose veg-offer(VegetationTaskRequester) dist=13050 amt=280 flags=rfSupply | dest building(OpenFarm) | nearest ASSIGNABLE depot=StorageSeeds#15963 dist=10811 | ⭐⭐ NON-DEPOT WON WITH A NEARER ASSIGNABLE DEPOT AVAILABLE
						Lua 0:00:57:815
[mod] [C48P] PAIR Food :: drone=Drone#2000034611 | chose depot(UniversalStorageDepot) dist=26041 amt=1790 flags=rfSupply+rfStorageDepot | dest depot(StorageFood) | nearest ASSIGNABLE depot=StationSmall#12472 dist=2147483647 | -
[C48P] PAIR Food :: drone=Drone#2000034611 | chose depot(UniversalStorageDepot) dist=26041 amt=1790 flags=rfSupply+rfStorageDepot | dest depot(StorageFood) | nearest ASSIGNABLE depot=StationSmall#12472 dist=2147483647 | -
						Lua 0:00:58:142
[mod] [C48P] PAIR Seeds :: drone=Drone#2000013709 | chose veg-offer(VegetationTaskRequester) dist=23628 amt=24 flags=rfSupply | dest depot(StorageSeeds) | nearest ASSIGNABLE depot=UniversalStorageDepot#4532 dist=861 | ⭐⭐ NON-DEPOT WON WITH A NEARER ASSIGNABLE DEPOT AVAILABLE
[C48P] PAIR Seeds :: drone=Drone#2000013709 | chose veg-offer(VegetationTaskRequester) dist=23628 amt=24 flags=rfSupply | dest depot(StorageSeeds) | nearest ASSIGNABLE depot=UniversalStorageDepot#4532 dist=861 | ⭐⭐ NON-DEPOT WON WITH A NEARER ASSIGNABLE DEPOT AVAILABLE
						Lua 0:00:58:278
[mod] [C48P] PAIR Seeds :: drone=Drone#2000000932 | chose veg-offer(VegetationTaskRequester) dist=14346 amt=280 flags=rfSupply | dest building(OpenFarm) | nearest ASSIGNABLE depot=StorageSeeds#15963 dist=9399 | ⭐⭐ NON-DEPOT WON WITH A NEARER ASSIGNABLE DEPOT AVAILABLE
[C48P] PAIR Seeds :: drone=Drone#2000000932 | chose veg-offer(VegetationTaskRequester) dist=14346 amt=280 flags=rfSupply | dest building(OpenFarm) | nearest ASSIGNABLE depot=StorageSeeds#15963 dist=9399 | ⭐⭐ NON-DEPOT WON WITH A NEARER ASSIGNABLE DEPOT AVAILABLE
						Lua 0:00:58:304
[mod] [C48P] PAIR Food :: drone=Drone#2000000494 | chose loose-pile(ResourceStockpile) dist=16287 amt=200 flags=rfSupply+rfPostInQueue+rfWaitToFill | dest building(Diner) | nearest ASSIGNABLE depot=StorageFood#4666 dist=21714 | -
[C48P] PAIR Food :: drone=Drone#2000000494 | chose loose-pile(ResourceStockpile) dist=16287 amt=200 flags=rfSupply+rfPostInQueue+rfWaitToFill | dest building(Diner) | nearest ASSIGNABLE depot=StorageFood#4666 dist=21714 | -
						Lua 0:00:58:546
[mod] [C48P] PAIR Seeds :: drone=Drone#2000028594 | chose veg-offer(VegetationTaskRequester) dist=18442 amt=280 flags=rfSupply | dest building(OpenFarm) | nearest ASSIGNABLE depot=StationSmall#4552 dist=4344 | ⭐⭐ NON-DEPOT WON WITH A NEARER ASSIGNABLE DEPOT AVAILABLE
[C48P] PAIR Seeds :: drone=Drone#2000028594 | chose veg-offer(VegetationTaskRequester) dist=18442 amt=280 flags=rfSupply | dest building(OpenFarm) | nearest ASSIGNABLE depot=StationSmall#4552 dist=4344 | ⭐⭐ NON-DEPOT WON WITH A NEARER ASSIGNABLE DEPOT AVAILABLE
						Lua 0:00:58:695
[mod] [C48P] PAIR Seeds :: drone=Drone#2000028589 | chose veg-offer(VegetationTaskRequester) dist=28346 amt=280 flags=rfSupply | dest building(OpenFarm) | nearest ASSIGNABLE depot=StationSmall#4552 dist=3585 | ⭐⭐ NON-DEPOT WON WITH A NEARER ASSIGNABLE DEPOT AVAILABLE
[C48P] PAIR Seeds :: drone=Drone#2000028589 | chose veg-offer(VegetationTaskRequester) dist=28346 amt=280 flags=rfSupply | dest building(OpenFarm) | nearest ASSIGNABLE depot=StationSmall#4552 dist=3585 | ⭐⭐ NON-DEPOT WON WITH A NEARER ASSIGNABLE DEPOT AVAILABLE
						Lua 0:00:58:897
[mod] [C48P] PAIR Food :: drone=Drone#2000037481 | chose building(Elevator) dist=4790 amt=2207 flags=rfSupply+rfStorageDepot | dest depot(UniversalStorageDepot) | nearest ASSIGNABLE depot=StationSmall#12472 dist=2147483647 | -
[C48P] PAIR Food :: drone=Drone#2000037481 | chose building(Elevator) dist=4790 amt=2207 flags=rfSupply+rfStorageDepot | dest depot(UniversalStorageDepot) | nearest ASSIGNABLE depot=StationSmall#12472 dist=2147483647 | -
						Lua 0:00:59:541
[mod] [C48P] PAIR Seeds :: drone=Drone#2000000349 | chose veg-offer(VegetationTaskRequester) dist=17276 amt=280 flags=rfSupply | dest building(OpenFarm) | nearest ASSIGNABLE depot=UniversalStorageDepot#1073 dist=5128 | ⭐⭐ NON-DEPOT WON WITH A NEARER ASSIGNABLE DEPOT AVAILABLE
[C48P] PAIR Seeds :: drone=Drone#2000000349 | chose veg-offer(VegetationTaskRequester) dist=17276 amt=280 flags=rfSupply | dest building(OpenFarm) | nearest ASSIGNABLE depot=UniversalStorageDepot#1073 dist=5128 | ⭐⭐ NON-DEPOT WON WITH A NEARER ASSIGNABLE DEPOT AVAILABLE
						Lua 0:00:59:604
[mod] [C48P] PAIR Seeds :: drone=Drone#2000000701 | chose veg-offer(VegetationTaskRequester) dist=41075 amt=280 flags=rfSupply | dest building(ForestationPlant) | nearest ASSIGNABLE depot=UniversalStorageDepot#1073 dist=6341 | ⭐⭐ NON-DEPOT WON WITH A NEARER ASSIGNABLE DEPOT AVAILABLE
[C48P] PAIR Seeds :: drone=Drone#2000000701 | chose veg-offer(VegetationTaskRequester) dist=41075 amt=280 flags=rfSupply | dest building(ForestationPlant) | nearest ASSIGNABLE depot=UniversalStorageDepot#1073 dist=6341 | ⭐⭐ NON-DEPOT WON WITH A NEARER ASSIGNABLE DEPOT AVAILABLE
						Lua 0:00:59:615
[mod] [C48P] PAIR Seeds :: drone=Drone#2000000879 | chose veg-offer(VegetationTaskRequester) dist=42599 amt=280 flags=rfSupply | dest building(ForestationPlant) | nearest ASSIGNABLE depot=UniversalStorageDepot#1073 dist=2339 | ⭐⭐ NON-DEPOT WON WITH A NEARER ASSIGNABLE DEPOT AVAILABLE
[C48P] PAIR Seeds :: drone=Drone#2000000879 | chose veg-offer(VegetationTaskRequester) dist=42599 amt=280 flags=rfSupply | dest building(ForestationPlant) | nearest ASSIGNABLE depot=UniversalStorageDepot#1073 dist=2339 | ⭐⭐ NON-DEPOT WON WITH A NEARER ASSIGNABLE DEPOT AVAILABLE
						Lua 0:01:00:037
[mod] [C48P] PAIR Seeds :: drone=Drone#2000013713 | chose veg-offer(VegetationTaskRequester) dist=34720 amt=280 flags=rfSupply | dest building(ForestationPlant) | nearest ASSIGNABLE depot=StationSmall#6286 dist=23115 | ⭐⭐ NON-DEPOT WON WITH A NEARER ASSIGNABLE DEPOT AVAILABLE
[C48P] PAIR Seeds :: drone=Drone#2000013713 | chose veg-offer(VegetationTaskRequester) dist=34720 amt=280 flags=rfSupply | dest building(ForestationPlant) | nearest ASSIGNABLE depot=StationSmall#6286 dist=23115 | ⭐⭐ NON-DEPOT WON WITH A NEARER ASSIGNABLE DEPOT AVAILABLE
						Lua 0:01:00:160
[mod] [C48P] PAIR Seeds :: drone=Drone#2000018584 | chose veg-offer(VegetationTaskRequester) dist=11039 amt=6 flags=rfSupply | dest depot(StorageSeeds) | nearest ASSIGNABLE depot=UniversalStorageDepot#6615 dist=5999 | ⭐⭐ NON-DEPOT WON WITH A NEARER ASSIGNABLE DEPOT AVAILABLE
[C48P] PAIR Seeds :: drone=Drone#2000018584 | chose veg-offer(VegetationTaskRequester) dist=11039 amt=6 flags=rfSupply | dest depot(StorageSeeds) | nearest ASSIGNABLE depot=UniversalStorageDepot#6615 dist=5999 | ⭐⭐ NON-DEPOT WON WITH A NEARER ASSIGNABLE DEPOT AVAILABLE
						Lua 0:01:00:211
[mod] [C48P] PAIR Seeds :: drone=Drone#2000000923 | chose veg-offer(VegetationTaskRequester) dist=16659 amt=280 flags=rfSupply | dest building(OpenFarm) | nearest ASSIGNABLE depot=StorageSeeds#15963 dist=5366 | ⭐⭐ NON-DEPOT WON WITH A NEARER ASSIGNABLE DEPOT AVAILABLE
[C48P] PAIR Seeds :: drone=Drone#2000000923 | chose veg-offer(VegetationTaskRequester) dist=16659 amt=280 flags=rfSupply | dest building(OpenFarm) | nearest ASSIGNABLE depot=StorageSeeds#15963 dist=5366 | ⭐⭐ NON-DEPOT WON WITH A NEARER ASSIGNABLE DEPOT AVAILABLE
						Lua 0:01:00:221
[mod] [C48P] PAIR Seeds :: drone=Drone#2000040068 | chose veg-offer(VegetationTaskRequester) dist=40763 amt=40 flags=rfSupply | dest depot(StorageSeeds) | nearest ASSIGNABLE depot=UniversalStorageDepot#15036 dist=41054 | -
[C48P] PAIR Seeds :: drone=Drone#2000040068 | chose veg-offer(VegetationTaskRequester) dist=40763 amt=40 flags=rfSupply | dest depot(StorageSeeds) | nearest ASSIGNABLE depot=UniversalStorageDepot#15036 dist=41054 | -
						Lua 0:01:00:872
[mod] [C48P] PAIR Seeds :: drone=Drone#2000038820 | chose veg-offer(VegetationTaskRequester) dist=45368 amt=280 flags=rfSupply | dest building(ForestationPlant) | nearest ASSIGNABLE depot=StorageSeeds#14612 dist=6630 | ⭐⭐ NON-DEPOT WON WITH A NEARER ASSIGNABLE DEPOT AVAILABLE
[C48P] PAIR Seeds :: drone=Drone#2000038820 | chose veg-offer(VegetationTaskRequester) dist=45368 amt=280 flags=rfSupply | dest building(ForestationPlant) | nearest ASSIGNABLE depot=StorageSeeds#14612 dist=6630 | ⭐⭐ NON-DEPOT WON WITH A NEARER ASSIGNABLE DEPOT AVAILABLE
						Lua 0:01:00:893
[mod] [C48P] PAIR Seeds :: drone=Drone#2000038818 | chose veg-offer(VegetationTaskRequester) dist=41201 amt=280 flags=rfSupply | dest building(ForestationPlant) | nearest ASSIGNABLE depot=StorageSeeds#14612 dist=3121 | ⭐⭐ NON-DEPOT WON WITH A NEARER ASSIGNABLE DEPOT AVAILABLE
[C48P] PAIR Seeds :: drone=Drone#2000038818 | chose veg-offer(VegetationTaskRequester) dist=41201 amt=280 flags=rfSupply | dest building(ForestationPlant) | nearest ASSIGNABLE depot=StorageSeeds#14612 dist=3121 | ⭐⭐ NON-DEPOT WON WITH A NEARER ASSIGNABLE DEPOT AVAILABLE
						Lua 0:01:01:294
[mod] [C48P] PAIR Seeds :: drone=Drone#2000013710 | chose veg-offer(VegetationTaskRequester) dist=14372 amt=280 flags=rfSupply | dest building(ForestationPlant) | nearest ASSIGNABLE depot=UniversalStorageDepot#4532 dist=6289 | ⭐⭐ NON-DEPOT WON WITH A NEARER ASSIGNABLE DEPOT AVAILABLE
[C48P] PAIR Seeds :: drone=Drone#2000013710 | chose veg-offer(VegetationTaskRequester) dist=14372 amt=280 flags=rfSupply | dest building(ForestationPlant) | nearest ASSIGNABLE depot=UniversalStorageDepot#4532 dist=6289 | ⭐⭐ NON-DEPOT WON WITH A NEARER ASSIGNABLE DEPOT AVAILABLE
						Lua 0:01:01:530
[mod] [C48P] PAIR Seeds :: drone=Drone#2000013711 | chose veg-offer(VegetationTaskRequester) dist=20465 amt=27 flags=rfSupply | dest depot(StorageSeeds) | nearest ASSIGNABLE depot=StationSmall#6286 dist=22170 | -
[C48P] PAIR Seeds :: drone=Drone#2000013711 | chose veg-offer(VegetationTaskRequester) dist=20465 amt=27 flags=rfSupply | dest depot(StorageSeeds) | nearest ASSIGNABLE depot=StationSmall#6286 dist=22170 | -
						Lua 0:01:01:582
[mod] [C48P] PAIR Seeds :: drone=Drone#2000028601 | chose veg-offer(VegetationTaskRequester) dist=17697 amt=280 flags=rfSupply | dest building(OpenFarm) | nearest ASSIGNABLE depot=StationSmall#4552 dist=5398 | ⭐⭐ NON-DEPOT WON WITH A NEARER ASSIGNABLE DEPOT AVAILABLE
[C48P] PAIR Seeds :: drone=Drone#2000028601 | chose veg-offer(VegetationTaskRequester) dist=17697 amt=280 flags=rfSupply | dest building(OpenFarm) | nearest ASSIGNABLE depot=StationSmall#4552 dist=5398 | ⭐⭐ NON-DEPOT WON WITH A NEARER ASSIGNABLE DEPOT AVAILABLE
						Lua 0:01:01:716
[mod] [C48P] PAIR Seeds :: drone=Drone#2000028600 | chose veg-offer(VegetationTaskRequester) dist=33247 amt=280 flags=rfSupply | dest building(OpenFarm) | nearest ASSIGNABLE depot=UniversalStorageDepot#4544 dist=3951 | ⭐⭐ NON-DEPOT WON WITH A NEARER ASSIGNABLE DEPOT AVAILABLE
[C48P] PAIR Seeds :: drone=Drone#2000028600 | chose veg-offer(VegetationTaskRequester) dist=33247 amt=280 flags=rfSupply | dest building(OpenFarm) | nearest ASSIGNABLE depot=UniversalStorageDepot#4544 dist=3951 | ⭐⭐ NON-DEPOT WON WITH A NEARER ASSIGNABLE DEPOT AVAILABLE
						Lua 0:01:01:999
[mod] [C48P] PAIR Seeds :: drone=Drone#2000028602 | chose veg-offer(VegetationTaskRequester) dist=12299 amt=280 flags=rfSupply | dest building(OpenFarm) | nearest ASSIGNABLE depot=StorageSeeds#15986 dist=8207 | ⭐⭐ NON-DEPOT WON WITH A NEARER ASSIGNABLE DEPOT AVAILABLE
[C48P] PAIR Seeds :: drone=Drone#2000028602 | chose veg-offer(VegetationTaskRequester) dist=12299 amt=280 flags=rfSupply | dest building(OpenFarm) | nearest ASSIGNABLE depot=StorageSeeds#15986 dist=8207 | ⭐⭐ NON-DEPOT WON WITH A NEARER ASSIGNABLE DEPOT AVAILABLE
						Lua 0:01:02:059
[mod] [C48P] PAIR Seeds :: drone=Drone#2000018582 | chose veg-offer(VegetationTaskRequester) dist=8960 amt=6 flags=rfSupply | dest depot(StorageSeeds) | nearest ASSIGNABLE depot=UniversalStorageDepot#6615 dist=3692 | ⭐⭐ NON-DEPOT WON WITH A NEARER ASSIGNABLE DEPOT AVAILABLE
[C48P] PAIR Seeds :: drone=Drone#2000018582 | chose veg-offer(VegetationTaskRequester) dist=8960 amt=6 flags=rfSupply | dest depot(StorageSeeds) | nearest ASSIGNABLE depot=UniversalStorageDepot#6615 dist=3692 | ⭐⭐ NON-DEPOT WON WITH A NEARER ASSIGNABLE DEPOT AVAILABLE
						Lua 0:01:02:238
[mod] [C48P] PAIR Seeds :: drone=Drone#2000000931 | chose veg-offer(VegetationTaskRequester) dist=19165 amt=280 flags=rfSupply | dest building(OpenFarm) | nearest ASSIGNABLE depot=UniversalStorageDepot#2870 dist=6988 | ⭐⭐ NON-DEPOT WON WITH A NEARER ASSIGNABLE DEPOT AVAILABLE
[C48P] PAIR Seeds :: drone=Drone#2000000931 | chose veg-offer(VegetationTaskRequester) dist=19165 amt=280 flags=rfSupply | dest building(OpenFarm) | nearest ASSIGNABLE depot=UniversalStorageDepot#2870 dist=6988 | ⭐⭐ NON-DEPOT WON WITH A NEARER ASSIGNABLE DEPOT AVAILABLE
						Lua 0:01:02:280
[mod] [C48P] PAIR Seeds :: drone=Drone#2000000927 | chose veg-offer(VegetationTaskRequester) dist=14213 amt=280 flags=rfSupply | dest building(OpenFarm) | nearest ASSIGNABLE depot=UniversalStorageDepot#2870 dist=5668 | ⭐⭐ NON-DEPOT WON WITH A NEARER ASSIGNABLE DEPOT AVAILABLE
[C48P] PAIR Seeds :: drone=Drone#2000000927 | chose veg-offer(VegetationTaskRequester) dist=14213 amt=280 flags=rfSupply | dest building(OpenFarm) | nearest ASSIGNABLE depot=UniversalStorageDepot#2870 dist=5668 | ⭐⭐ NON-DEPOT WON WITH A NEARER ASSIGNABLE DEPOT AVAILABLE
						Lua 0:01:02:339
[mod] [C48P] PAIR Seeds :: drone=Drone#2000000704 | chose veg-offer(VegetationTaskRequester) dist=60388 amt=280 flags=rfSupply | dest building(ForestationPlant) | nearest ASSIGNABLE depot=UniversalStorageDepot#1073 dist=7288 | ⭐⭐ NON-DEPOT WON WITH A NEARER ASSIGNABLE DEPOT AVAILABLE
[C48P] PAIR Seeds :: drone=Drone#2000000704 | chose veg-offer(VegetationTaskRequester) dist=60388 amt=280 flags=rfSupply | dest building(ForestationPlant) | nearest ASSIGNABLE depot=UniversalStorageDepot#1073 dist=7288 | ⭐⭐ NON-DEPOT WON WITH A NEARER ASSIGNABLE DEPOT AVAILABLE
						Lua 0:01:02:416
[mod] [C48P] PAIR Seeds :: drone=Drone#2000000907 | chose veg-offer(VegetationTaskRequester) dist=67394 amt=280 flags=rfSupply | dest building(ForestationPlant) | nearest ASSIGNABLE depot=UniversalStorageDepot#1073 dist=1155 | ⭐⭐ NON-DEPOT WON WITH A NEARER ASSIGNABLE DEPOT AVAILABLE
[C48P] PAIR Seeds :: drone=Drone#2000000907 | chose veg-offer(VegetationTaskRequester) dist=67394 amt=280 flags=rfSupply | dest building(ForestationPlant) | nearest ASSIGNABLE depot=UniversalStorageDepot#1073 dist=1155 | ⭐⭐ NON-DEPOT WON WITH A NEARER ASSIGNABLE DEPOT AVAILABLE
						Lua 0:01:02:450
[mod] [C48P] PAIR Seeds :: drone=Drone#2000040064 | chose veg-offer(VegetationTaskRequester) dist=15455 amt=280 flags=rfSupply | dest building(ForestationPlant) | nearest ASSIGNABLE depot=UniversalStorageDepot#15036 dist=2059 | ⭐⭐ NON-DEPOT WON WITH A NEARER ASSIGNABLE DEPOT AVAILABLE
[C48P] PAIR Seeds :: drone=Drone#2000040064 | chose veg-offer(VegetationTaskRequester) dist=15455 amt=280 flags=rfSupply | dest building(ForestationPlant) | nearest ASSIGNABLE depot=UniversalStorageDepot#15036 dist=2059 | ⭐⭐ NON-DEPOT WON WITH A NEARER ASSIGNABLE DEPOT AVAILABLE
						Lua 0:01:02:638
[mod] [C48P] PAIR Seeds :: drone=Drone#2000000909 | chose veg-offer(VegetationTaskRequester) dist=20166 amt=280 flags=rfSupply | dest building(OpenFarm) | nearest ASSIGNABLE depot=StorageSeeds#15963 dist=3307 | ⭐⭐ NON-DEPOT WON WITH A NEARER ASSIGNABLE DEPOT AVAILABLE
[C48P] PAIR Seeds :: drone=Drone#2000000909 | chose veg-offer(VegetationTaskRequester) dist=20166 amt=280 flags=rfSupply | dest building(OpenFarm) | nearest ASSIGNABLE depot=StorageSeeds#15963 dist=3307 | ⭐⭐ NON-DEPOT WON WITH A NEARER ASSIGNABLE DEPOT AVAILABLE
						Lua 0:01:02:657
[mod] [C48P] PAIR Seeds :: drone=Drone#2000000349 | chose veg-offer(VegetationTaskRequester) dist=21114 amt=280 flags=rfSupply | dest building(OpenFarm) | nearest ASSIGNABLE depot=StorageSeeds#15963 dist=4081 | ⭐⭐ NON-DEPOT WON WITH A NEARER ASSIGNABLE DEPOT AVAILABLE
						Lua 0:01:02:658
[C48P] PAIR Seeds :: drone=Drone#2000000349 | chose veg-offer(VegetationTaskRequester) dist=21114 amt=280 flags=rfSupply | dest building(OpenFarm) | nearest ASSIGNABLE depot=StorageSeeds#15963 dist=4081 | ⭐⭐ NON-DEPOT WON WITH A NEARER ASSIGNABLE DEPOT AVAILABLE
						Lua 0:01:03:695
[mod] [C48P] PAIR Seeds :: drone=Drone#2000018573 | chose veg-offer(VegetationTaskRequester) dist=7499 amt=6 flags=rfSupply | dest depot(StorageSeeds) | nearest ASSIGNABLE depot=UniversalStorageDepot#6615 dist=2993 | ⭐⭐ NON-DEPOT WON WITH A NEARER ASSIGNABLE DEPOT AVAILABLE
[C48P] PAIR Seeds :: drone=Drone#2000018573 | chose veg-offer(VegetationTaskRequester) dist=7499 amt=6 flags=rfSupply | dest depot(StorageSeeds) | nearest ASSIGNABLE depot=UniversalStorageDepot#6615 dist=2993 | ⭐⭐ NON-DEPOT WON WITH A NEARER ASSIGNABLE DEPOT AVAILABLE
						Lua 0:01:03:992
[mod] [C48P] PAIR Seeds :: drone=Drone#2000038816 | chose veg-offer(VegetationTaskRequester) dist=14997 amt=280 flags=rfSupply | dest building(ForestationPlant) | nearest ASSIGNABLE depot=UniversalStorageDepot#14619 dist=3342 | ⭐⭐ NON-DEPOT WON WITH A NEARER ASSIGNABLE DEPOT AVAILABLE
[C48P] PAIR Seeds :: drone=Drone#2000038816 | chose veg-offer(VegetationTaskRequester) dist=14997 amt=280 flags=rfSupply | dest building(ForestationPlant) | nearest ASSIGNABLE depot=UniversalStorageDepot#14619 dist=3342 | ⭐⭐ NON-DEPOT WON WITH A NEARER ASSIGNABLE DEPOT AVAILABLE
						Lua 0:01:04:177
[mod] [C48P] PAIR Seeds :: drone=Drone#2000037362 | chose veg-offer(VegetationTaskRequester) dist=21201 amt=280 flags=rfSupply | dest building(ForestationPlant) | nearest ASSIGNABLE depot=StationSmall#12496 dist=21925 | -
[C48P] PAIR Seeds :: drone=Drone#2000037362 | chose veg-offer(VegetationTaskRequester) dist=21201 amt=280 flags=rfSupply | dest building(ForestationPlant) | nearest ASSIGNABLE depot=StationSmall#12496 dist=21925 | -
						Lua 0:01:04:191
[mod] [C48P] PAIR Seeds :: drone=Drone#2000000923 | chose veg-offer(VegetationTaskRequester) dist=13960 amt=280 flags=rfSupply | dest building(OpenFarm) | nearest ASSIGNABLE depot=StorageSeeds#15963 dist=9399 | ⭐⭐ NON-DEPOT WON WITH A NEARER ASSIGNABLE DEPOT AVAILABLE
[C48P] PAIR Seeds :: drone=Drone#2000000923 | chose veg-offer(VegetationTaskRequester) dist=13960 amt=280 flags=rfSupply | dest building(OpenFarm) | nearest ASSIGNABLE depot=StorageSeeds#15963 dist=9399 | ⭐⭐ NON-DEPOT WON WITH A NEARER ASSIGNABLE DEPOT AVAILABLE
[mod] [C48P] PAIR Food :: drone=Drone#2000000700 | chose loose-pile(ResourceStockpile) dist=23539 amt=200 flags=rfSupply+rfPostInQueue+rfWaitToFill | dest building(Diner) | nearest ASSIGNABLE depot=StorageFood#4666 dist=21519 | ⭐⭐ NON-DEPOT WON WITH A NEARER ASSIGNABLE DEPOT AVAILABLE
[C48P] PAIR Food :: drone=Drone#2000000700 | chose loose-pile(ResourceStockpile) dist=23539 amt=200 flags=rfSupply+rfPostInQueue+rfWaitToFill | dest building(Diner) | nearest ASSIGNABLE depot=StorageFood#4666 dist=21519 | ⭐⭐ NON-DEPOT WON WITH A NEARER ASSIGNABLE DEPOT AVAILABLE
						Lua 0:01:04:480
[mod] [C48P] PAIR Seeds :: drone=Drone#2000013712 | chose veg-offer(VegetationTaskRequester) dist=19211 amt=27 flags=rfSupply | dest depot(StorageSeeds) | nearest ASSIGNABLE depot=UniversalStorageDepot#4532 dist=6776 | ⭐⭐ NON-DEPOT WON WITH A NEARER ASSIGNABLE DEPOT AVAILABLE
[C48P] PAIR Seeds :: drone=Drone#2000013712 | chose veg-offer(VegetationTaskRequester) dist=19211 amt=27 flags=rfSupply | dest depot(StorageSeeds) | nearest ASSIGNABLE depot=UniversalStorageDepot#4532 dist=6776 | ⭐⭐ NON-DEPOT WON WITH A NEARER ASSIGNABLE DEPOT AVAILABLE
						Lua 0:01:04:936
[mod] [C48P] PAIR Seeds :: drone=Drone#2000022163 | chose veg-offer(VegetationTaskRequester) dist=20427 amt=280 flags=rfSupply | dest building(ForestationPlant) | nearest ASSIGNABLE depot=StationSmall#12496 dist=21567 | -
[C48P] PAIR Seeds :: drone=Drone#2000022163 | chose veg-offer(VegetationTaskRequester) dist=20427 amt=280 flags=rfSupply | dest building(ForestationPlant) | nearest ASSIGNABLE depot=StationSmall#12496 dist=21567 | -
						Lua 0:01:04:971
[mod] [C48P] PAIR Seeds :: drone=Drone#2000000912 | chose veg-offer(VegetationTaskRequester) dist=36495 amt=280 flags=rfSupply | dest building(ForestationPlant) | nearest ASSIGNABLE depot=UniversalStorageDepot#2870 dist=2714 | ⭐⭐ NON-DEPOT WON WITH A NEARER ASSIGNABLE DEPOT AVAILABLE
[C48P] PAIR Seeds :: drone=Drone#2000000912 | chose veg-offer(VegetationTaskRequester) dist=36495 amt=280 flags=rfSupply | dest building(ForestationPlant) | nearest ASSIGNABLE depot=UniversalStorageDepot#2870 dist=2714 | ⭐⭐ NON-DEPOT WON WITH A NEARER ASSIGNABLE DEPOT AVAILABLE
						Lua 0:01:05:036
[mod] [C48P] PAIR Seeds :: drone=Drone#2000000494 | chose veg-offer(VegetationTaskRequester) dist=23216 amt=280 flags=rfSupply | dest building(ForestationPlant) | nearest ASSIGNABLE depot=StationSmall#4842 dist=9049 | ⭐⭐ NON-DEPOT WON WITH A NEARER ASSIGNABLE DEPOT AVAILABLE
[C48P] PAIR Seeds :: drone=Drone#2000000494 | chose veg-offer(VegetationTaskRequester) dist=23216 amt=280 flags=rfSupply | dest building(ForestationPlant) | nearest ASSIGNABLE depot=StationSmall#4842 dist=9049 | ⭐⭐ NON-DEPOT WON WITH A NEARER ASSIGNABLE DEPOT AVAILABLE
						Lua 0:01:05:137
[mod] [C48P] PAIR Seeds :: drone=Drone#2000040069 | chose veg-offer(VegetationTaskRequester) dist=5545 amt=40 flags=rfSupply | dest depot(StorageSeeds) | nearest ASSIGNABLE depot=UniversalStorageDepot#15036 dist=2610 | ⭐⭐ NON-DEPOT WON WITH A NEARER ASSIGNABLE DEPOT AVAILABLE
[C48P] PAIR Seeds :: drone=Drone#2000040069 | chose veg-offer(VegetationTaskRequester) dist=5545 amt=40 flags=rfSupply | dest depot(StorageSeeds) | nearest ASSIGNABLE depot=UniversalStorageDepot#15036 dist=2610 | ⭐⭐ NON-DEPOT WON WITH A NEARER ASSIGNABLE DEPOT AVAILABLE
						Lua 0:01:05:197
[mod] [C48P] PAIR Seeds :: drone=Drone#2000018577 | chose veg-offer(VegetationTaskRequester) dist=7998 amt=6 flags=rfSupply | dest depot(StorageSeeds) | nearest ASSIGNABLE depot=StorageSeeds#6617 dist=3287 | ⭐⭐ NON-DEPOT WON WITH A NEARER ASSIGNABLE DEPOT AVAILABLE
[C48P] PAIR Seeds :: drone=Drone#2000018577 | chose veg-offer(VegetationTaskRequester) dist=7998 amt=6 flags=rfSupply | dest depot(StorageSeeds) | nearest ASSIGNABLE depot=StorageSeeds#6617 dist=3287 | ⭐⭐ NON-DEPOT WON WITH A NEARER ASSIGNABLE DEPOT AVAILABLE
						Lua 0:01:05:635
[mod] [C48P] PAIR Seeds :: drone=Drone#2000037361 | chose veg-offer(VegetationTaskRequester) dist=27848 amt=280 flags=rfSupply | dest building(ForestationPlant) | nearest ASSIGNABLE depot=StationSmall#12496 dist=25661 | ⭐⭐ NON-DEPOT WON WITH A NEARER ASSIGNABLE DEPOT AVAILABLE
[C48P] PAIR Seeds :: drone=Drone#2000037361 | chose veg-offer(VegetationTaskRequester) dist=27848 amt=280 flags=rfSupply | dest building(ForestationPlant) | nearest ASSIGNABLE depot=StationSmall#12496 dist=25661 | ⭐⭐ NON-DEPOT WON WITH A NEARER ASSIGNABLE DEPOT AVAILABLE
						Lua 0:01:05:641
[mod] [C48P] PAIR Seeds :: drone=Drone#2000022168 | chose veg-offer(VegetationTaskRequester) dist=17825 amt=280 flags=rfSupply | dest building(ForestationPlant) | nearest ASSIGNABLE depot=StationSmall#12496 dist=21282 | -
[C48P] PAIR Seeds :: drone=Drone#2000022168 | chose veg-offer(VegetationTaskRequester) dist=17825 amt=280 flags=rfSupply | dest building(ForestationPlant) | nearest ASSIGNABLE depot=StationSmall#12496 dist=21282 | -
						Lua 0:01:05:747
[mod] [C48P] PAIR Seeds :: drone=Drone#2000022169 | chose veg-offer(VegetationTaskRequester) dist=24055 amt=280 flags=rfSupply | dest building(ForestationPlant) | nearest ASSIGNABLE depot=StationSmall#12496 dist=23498 | ⭐⭐ NON-DEPOT WON WITH A NEARER ASSIGNABLE DEPOT AVAILABLE
[C48P] PAIR Seeds :: drone=Drone#2000022169 | chose veg-offer(VegetationTaskRequester) dist=24055 amt=280 flags=rfSupply | dest building(ForestationPlant) | nearest ASSIGNABLE depot=StationSmall#12496 dist=23498 | ⭐⭐ NON-DEPOT WON WITH A NEARER ASSIGNABLE DEPOT AVAILABLE
						Lua 0:01:05:906
[mod] [C48P] PAIR Food :: drone=Drone#2000000917 | chose loose-pile(ResourceStockpile) dist=19606 amt=400 flags=rfSupply+rfPostInQueue+rfWaitToFill | dest building(MegaMall) | nearest ASSIGNABLE depot=UniversalStorageDepot#2870 dist=2555 | ⭐⭐ NON-DEPOT WON WITH A NEARER ASSIGNABLE DEPOT AVAILABLE
[C48P] PAIR Food :: drone=Drone#2000000917 | chose loose-pile(ResourceStockpile) dist=19606 amt=400 flags=rfSupply+rfPostInQueue+rfWaitToFill | dest building(MegaMall) | nearest ASSIGNABLE depot=UniversalStorageDepot#2870 dist=2555 | ⭐⭐ NON-DEPOT WON WITH A NEARER ASSIGNABLE DEPOT AVAILABLE
						Lua 0:01:06:208
[mod] [C48P] PAIR Seeds :: drone=Drone#2000000948 | chose veg-offer(VegetationTaskRequester) dist=48429 amt=280 flags=rfSupply | dest building(OpenFarm) | nearest ASSIGNABLE depot=UniversalStorageDepot#2870 dist=3966 | ⭐⭐ NON-DEPOT WON WITH A NEARER ASSIGNABLE DEPOT AVAILABLE
[C48P] PAIR Seeds :: drone=Drone#2000000948 | chose veg-offer(VegetationTaskRequester) dist=48429 amt=280 flags=rfSupply | dest building(OpenFarm) | nearest ASSIGNABLE depot=UniversalStorageDepot#2870 dist=3966 | ⭐⭐ NON-DEPOT WON WITH A NEARER ASSIGNABLE DEPOT AVAILABLE
						Lua 0:01:06:382
[mod] [C48P] PAIR Seeds :: drone=Drone#2000000931 | chose veg-offer(VegetationTaskRequester) dist=15185 amt=280 flags=rfSupply | dest building(OpenFarm) | nearest ASSIGNABLE depot=StorageSeeds#15963 dist=10634 | ⭐⭐ NON-DEPOT WON WITH A NEARER ASSIGNABLE DEPOT AVAILABLE
[C48P] PAIR Seeds :: drone=Drone#2000000931 | chose veg-offer(VegetationTaskRequester) dist=15185 amt=280 flags=rfSupply | dest building(OpenFarm) | nearest ASSIGNABLE depot=StorageSeeds#15963 dist=10634 | ⭐⭐ NON-DEPOT WON WITH A NEARER ASSIGNABLE DEPOT AVAILABLE
						Lua 0:01:06:392
[mod] [C48P] PAIR Seeds :: drone=Drone#2000000877 | chose veg-offer(VegetationTaskRequester) dist=46780 amt=280 flags=rfSupply | dest building(ForestationPlant) | nearest ASSIGNABLE depot=UniversalStorageDepot#1073 dist=4447 | ⭐⭐ NON-DEPOT WON WITH A NEARER ASSIGNABLE DEPOT AVAILABLE
[C48P] PAIR Seeds :: drone=Drone#2000000877 | chose veg-offer(VegetationTaskRequester) dist=46780 amt=280 flags=rfSupply | dest building(ForestationPlant) | nearest ASSIGNABLE depot=UniversalStorageDepot#1073 dist=4447 | ⭐⭐ NON-DEPOT WON WITH A NEARER ASSIGNABLE DEPOT AVAILABLE
						Lua 0:01:06:493
[mod] [C48P] PAIR Seeds :: drone=Drone#2000040067 | chose veg-offer(VegetationTaskRequester) dist=6727 amt=40 flags=rfSupply | dest depot(StorageSeeds) | nearest ASSIGNABLE depot=UniversalStorageDepot#15036 dist=2458 | ⭐⭐ NON-DEPOT WON WITH A NEARER ASSIGNABLE DEPOT AVAILABLE
[C48P] PAIR Seeds :: drone=Drone#2000040067 | chose veg-offer(VegetationTaskRequester) dist=6727 amt=40 flags=rfSupply | dest depot(StorageSeeds) | nearest ASSIGNABLE depot=UniversalStorageDepot#15036 dist=2458 | ⭐⭐ NON-DEPOT WON WITH A NEARER ASSIGNABLE DEPOT AVAILABLE
						Lua 0:01:06:543
[mod] [C48P] PAIR Food :: drone=Drone#2000008599 | chose loose-pile(ResourceStockpile) dist=37316 amt=1000 flags=rfSupply+rfPostInQueue+rfWaitToFill | dest building(ShopsFood_Small) | nearest ASSIGNABLE depot=StorageFood#3562 dist=18156 | ⭐⭐ NON-DEPOT WON WITH A NEARER ASSIGNABLE DEPOT AVAILABLE
[C48P] PAIR Food :: drone=Drone#2000008599 | chose loose-pile(ResourceStockpile) dist=37316 amt=1000 flags=rfSupply+rfPostInQueue+rfWaitToFill | dest building(ShopsFood_Small) | nearest ASSIGNABLE depot=StorageFood#3562 dist=18156 | ⭐⭐ NON-DEPOT WON WITH A NEARER ASSIGNABLE DEPOT AVAILABLE
						Lua 0:01:06:651
[mod] [C48P] PAIR Food :: drone=Drone#2000034612 | chose depot(StationSmall) dist=16778 amt=1080 flags=rfSupply+rfStorageDepot | dest depot(UniversalStorageDepot) | nearest ASSIGNABLE depot=StationSmall#12472 dist=2147483647 | -
[C48P] PAIR Food :: drone=Drone#2000034612 | chose depot(StationSmall) dist=16778 amt=1080 flags=rfSupply+rfStorageDepot | dest depot(UniversalStorageDepot) | nearest ASSIGNABLE depot=StationSmall#12472 dist=2147483647 | -
						Lua 0:01:06:736
[mod] [C48P] PAIR Food :: drone=Drone#2000028591 | chose veg-offer(VegetationTaskRequester) dist=26049 amt=600 flags=rfSupply | dest depot(StationSmall) | nearest ASSIGNABLE depot=UniversalStorageDepot#4544 dist=5448 | ⭐⭐ NON-DEPOT WON WITH A NEARER ASSIGNABLE DEPOT AVAILABLE
[C48P] PAIR Food :: drone=Drone#2000028591 | chose veg-offer(VegetationTaskRequester) dist=26049 amt=600 flags=rfSupply | dest depot(StationSmall) | nearest ASSIGNABLE depot=UniversalStorageDepot#4544 dist=5448 | ⭐⭐ NON-DEPOT WON WITH A NEARER ASSIGNABLE DEPOT AVAILABLE
						Lua 0:01:06:786
[mod] [C48P] PAIR Food :: drone=Drone#2000028592 | chose veg-offer(VegetationTaskRequester) dist=25536 amt=1320 flags=rfSupply | dest depot(StationSmall) | nearest ASSIGNABLE depot=UniversalStorageDepot#4544 dist=3710 | ⭐⭐ NON-DEPOT WON WITH A NEARER ASSIGNABLE DEPOT AVAILABLE
[C48P] PAIR Food :: drone=Drone#2000028592 | chose veg-offer(VegetationTaskRequester) dist=25536 amt=1320 flags=rfSupply | dest depot(StationSmall) | nearest ASSIGNABLE depot=UniversalStorageDepot#4544 dist=3710 | ⭐⭐ NON-DEPOT WON WITH A NEARER ASSIGNABLE DEPOT AVAILABLE
						Lua 0:01:06:799
[mod] [C48P] PAIR Food :: drone=Drone#2000028598 | chose loose-pile(ResourceStockpile) dist=46112 amt=80 flags=rfSupply+rfPostInQueue+rfWaitToFill | dest depot(StationSmall) | nearest ASSIGNABLE depot=StationSmall#4552 dist=2393 | ⭐⭐ NON-DEPOT WON WITH A NEARER ASSIGNABLE DEPOT AVAILABLE
[C48P] PAIR Food :: drone=Drone#2000028598 | chose loose-pile(ResourceStockpile) dist=46112 amt=80 flags=rfSupply+rfPostInQueue+rfWaitToFill | dest depot(StationSmall) | nearest ASSIGNABLE depot=StationSmall#4552 dist=2393 | ⭐⭐ NON-DEPOT WON WITH A NEARER ASSIGNABLE DEPOT AVAILABLE
						Lua 0:01:06:816
[mod] [C48P] PAIR Seeds :: drone=Drone#2000018574 | chose veg-offer(VegetationTaskRequester) dist=5325 amt=6 flags=rfSupply | dest depot(StorageSeeds) | nearest ASSIGNABLE depot=StorageSeeds#6617 dist=1007 | ⭐⭐ NON-DEPOT WON WITH A NEARER ASSIGNABLE DEPOT AVAILABLE
[C48P] PAIR Seeds :: drone=Drone#2000018574 | chose veg-offer(VegetationTaskRequester) dist=5325 amt=6 flags=rfSupply | dest depot(StorageSeeds) | nearest ASSIGNABLE depot=StorageSeeds#6617 dist=1007 | ⭐⭐ NON-DEPOT WON WITH A NEARER ASSIGNABLE DEPOT AVAILABLE
						Lua 0:01:07:128
[mod] [C48P] PAIR Seeds :: drone=Drone#2000013714 | chose veg-offer(VegetationTaskRequester) dist=12634 amt=27 flags=rfSupply | dest depot(StorageSeeds) | nearest ASSIGNABLE depot=StorageSeeds#16009 dist=9818 | ⭐⭐ NON-DEPOT WON WITH A NEARER ASSIGNABLE DEPOT AVAILABLE
[C48P] PAIR Seeds :: drone=Drone#2000013714 | chose veg-offer(VegetationTaskRequester) dist=12634 amt=27 flags=rfSupply | dest depot(StorageSeeds) | nearest ASSIGNABLE depot=StorageSeeds#16009 dist=9818 | ⭐⭐ NON-DEPOT WON WITH A NEARER ASSIGNABLE DEPOT AVAILABLE
						Lua 0:01:07:175
[mod] [C48P] PAIR Seeds :: drone=Drone#2000040066 | chose veg-offer(VegetationTaskRequester) dist=14378 amt=280 flags=rfSupply | dest building(ForestationPlant) | nearest ASSIGNABLE depot=StorageSeeds#15037 dist=3813 | ⭐⭐ NON-DEPOT WON WITH A NEARER ASSIGNABLE DEPOT AVAILABLE
[C48P] PAIR Seeds :: drone=Drone#2000040066 | chose veg-offer(VegetationTaskRequester) dist=14378 amt=280 flags=rfSupply | dest building(ForestationPlant) | nearest ASSIGNABLE depot=StorageSeeds#15037 dist=3813 | ⭐⭐ NON-DEPOT WON WITH A NEARER ASSIGNABLE DEPOT AVAILABLE
						Lua 0:01:07:240
[mod] [C48P] PAIR Seeds :: drone=Drone#2000038816 | chose veg-offer(VegetationTaskRequester) dist=19385 amt=280 flags=rfSupply | dest building(ForestationPlant) | nearest ASSIGNABLE depot=StorageSeeds#14612 dist=20277 | -
[C48P] PAIR Seeds :: drone=Drone#2000038816 | chose veg-offer(VegetationTaskRequester) dist=19385 amt=280 flags=rfSupply | dest building(ForestationPlant) | nearest ASSIGNABLE depot=StorageSeeds#14612 dist=20277 | -
						Lua 0:01:07:542
[mod] [C48P] PAIR Seeds :: drone=Drone#2000028589 | chose veg-offer(VegetationTaskRequester) dist=35043 amt=280 flags=rfSupply | dest building(OpenFarm) | nearest ASSIGNABLE depot=UniversalStorageDepot#4544 dist=6508 | ⭐⭐ NON-DEPOT WON WITH A NEARER ASSIGNABLE DEPOT AVAILABLE
[C48P] PAIR Seeds :: drone=Drone#2000028589 | chose veg-offer(VegetationTaskRequester) dist=35043 amt=280 flags=rfSupply | dest building(OpenFarm) | nearest ASSIGNABLE depot=UniversalStorageDepot#4544 dist=6508 | ⭐⭐ NON-DEPOT WON WITH A NEARER ASSIGNABLE DEPOT AVAILABLE
						Lua 0:01:08:116
[mod] [C48P] PAIR Seeds :: drone=Drone#2000038815 | chose veg-offer(VegetationTaskRequester) dist=33825 amt=280 flags=rfSupply | dest building(ForestationPlant) | nearest ASSIGNABLE depot=StorageSeeds#14612 dist=2663 | ⭐⭐ NON-DEPOT WON WITH A NEARER ASSIGNABLE DEPOT AVAILABLE
[C48P] PAIR Seeds :: drone=Drone#2000038815 | chose veg-offer(VegetationTaskRequester) dist=33825 amt=280 flags=rfSupply | dest building(ForestationPlant) | nearest ASSIGNABLE depot=StorageSeeds#14612 dist=2663 | ⭐⭐ NON-DEPOT WON WITH A NEARER ASSIGNABLE DEPOT AVAILABLE
						Lua 0:01:08:206
[mod] [C48P] PAIR Seeds :: drone=Drone#2000018576 | chose veg-offer(VegetationTaskRequester) dist=10173 amt=6 flags=rfSupply | dest depot(StorageSeeds) | nearest ASSIGNABLE depot=UniversalStorageDepot#6615 dist=4950 | ⭐⭐ NON-DEPOT WON WITH A NEARER ASSIGNABLE DEPOT AVAILABLE
[C48P] PAIR Seeds :: drone=Drone#2000018576 | chose veg-offer(VegetationTaskRequester) dist=10173 amt=6 flags=rfSupply | dest depot(StorageSeeds) | nearest ASSIGNABLE depot=UniversalStorageDepot#6615 dist=4950 | ⭐⭐ NON-DEPOT WON WITH A NEARER ASSIGNABLE DEPOT AVAILABLE
						Lua 0:01:08:240
[mod] [C48P] PAIR Seeds :: drone=Drone#2000000940 | chose veg-offer(VegetationTaskRequester) dist=12577 amt=280 flags=rfSupply | dest building(OpenFarm) | nearest ASSIGNABLE depot=UniversalStorageDepot#2870 dist=5893 | ⭐⭐ NON-DEPOT WON WITH A NEARER ASSIGNABLE DEPOT AVAILABLE
[C48P] PAIR Seeds :: drone=Drone#2000000940 | chose veg-offer(VegetationTaskRequester) dist=12577 amt=280 flags=rfSupply | dest building(OpenFarm) | nearest ASSIGNABLE depot=UniversalStorageDepot#2870 dist=5893 | ⭐⭐ NON-DEPOT WON WITH A NEARER ASSIGNABLE DEPOT AVAILABLE
[mod] [C48P] PAIR Seeds :: drone=Drone#2000000928 | chose veg-offer(VegetationTaskRequester) dist=17691 amt=280 flags=rfSupply | dest building(OpenFarm) | nearest ASSIGNABLE depot=UniversalStorageDepot#2870 dist=6925 | ⭐⭐ NON-DEPOT WON WITH A NEARER ASSIGNABLE DEPOT AVAILABLE
[C48P] PAIR Seeds :: drone=Drone#2000000928 | chose veg-offer(VegetationTaskRequester) dist=17691 amt=280 flags=rfSupply | dest building(OpenFarm) | nearest ASSIGNABLE depot=UniversalStorageDepot#2870 dist=6925 | ⭐⭐ NON-DEPOT WON WITH A NEARER ASSIGNABLE DEPOT AVAILABLE
						Lua 0:01:08:253
[mod] [C48P] PAIR Seeds :: drone=Drone#2000000918 | chose veg-offer(VegetationTaskRequester) dist=31986 amt=280 flags=rfSupply | dest building(OpenFarm) | nearest ASSIGNABLE depot=UniversalStorageDepot#2870 dist=3248 | ⭐⭐ NON-DEPOT WON WITH A NEARER ASSIGNABLE DEPOT AVAILABLE
[C48P] PAIR Seeds :: drone=Drone#2000000918 | chose veg-offer(VegetationTaskRequester) dist=31986 amt=280 flags=rfSupply | dest building(OpenFarm) | nearest ASSIGNABLE depot=UniversalStorageDepot#2870 dist=3248 | ⭐⭐ NON-DEPOT WON WITH A NEARER ASSIGNABLE DEPOT AVAILABLE
						Lua 0:01:08:301
[mod] [C48P] PAIR Seeds :: drone=Drone#2000038819 | chose veg-offer(VegetationTaskRequester) dist=29900 amt=280 flags=rfSupply | dest building(ForestationPlant) | nearest ASSIGNABLE depot=StorageSeeds#14612 dist=4677 | ⭐⭐ NON-DEPOT WON WITH A NEARER ASSIGNABLE DEPOT AVAILABLE
[C48P] PAIR Seeds :: drone=Drone#2000038819 | chose veg-offer(VegetationTaskRequester) dist=29900 amt=280 flags=rfSupply | dest building(ForestationPlant) | nearest ASSIGNABLE depot=StorageSeeds#14612 dist=4677 | ⭐⭐ NON-DEPOT WON WITH A NEARER ASSIGNABLE DEPOT AVAILABLE
						Lua 0:01:08:536
[mod] [C48P] PAIR Seeds :: drone=Drone#2000040065 | chose veg-offer(VegetationTaskRequester) dist=16036 amt=280 flags=rfSupply | dest building(ForestationPlant) | nearest ASSIGNABLE depot=StorageSeeds#15037 dist=3477 | ⭐⭐ NON-DEPOT WON WITH A NEARER ASSIGNABLE DEPOT AVAILABLE
[C48P] PAIR Seeds :: drone=Drone#2000040065 | chose veg-offer(VegetationTaskRequester) dist=16036 amt=280 flags=rfSupply | dest building(ForestationPlant) | nearest ASSIGNABLE depot=StorageSeeds#15037 dist=3477 | ⭐⭐ NON-DEPOT WON WITH A NEARER ASSIGNABLE DEPOT AVAILABLE
						Lua 0:01:09:074
[mod] [C48P] PAIR Seeds :: drone=Drone#2000038820 | chose veg-offer(VegetationTaskRequester) dist=54485 amt=280 flags=rfSupply | dest building(ForestationPlant) | nearest ASSIGNABLE depot=StorageSeeds#14612 dist=41033 | ⭐⭐ NON-DEPOT WON WITH A NEARER ASSIGNABLE DEPOT AVAILABLE
[C48P] PAIR Seeds :: drone=Drone#2000038820 | chose veg-offer(VegetationTaskRequester) dist=54485 amt=280 flags=rfSupply | dest building(ForestationPlant) | nearest ASSIGNABLE depot=StorageSeeds#14612 dist=41033 | ⭐⭐ NON-DEPOT WON WITH A NEARER ASSIGNABLE DEPOT AVAILABLE
						Lua 0:01:09:184
[mod] [C48P] PAIR Seeds :: drone=Drone#2000013712 | chose veg-offer(VegetationTaskRequester) dist=19992 amt=27 flags=rfSupply | dest depot(StorageSeeds) | nearest ASSIGNABLE depot=UniversalStorageDepot#4532 dist=4446 | ⭐⭐ NON-DEPOT WON WITH A NEARER ASSIGNABLE DEPOT AVAILABLE
[C48P] PAIR Seeds :: drone=Drone#2000013712 | chose veg-offer(VegetationTaskRequester) dist=19992 amt=27 flags=rfSupply | dest depot(StorageSeeds) | nearest ASSIGNABLE depot=UniversalStorageDepot#4532 dist=4446 | ⭐⭐ NON-DEPOT WON WITH A NEARER ASSIGNABLE DEPOT AVAILABLE
						Lua 0:01:09:207
[mod] [C48P] PAIR Seeds :: drone=Drone#2000022164 | chose veg-offer(VegetationTaskRequester) dist=21129 amt=280 flags=rfSupply | dest building(ForestationPlant) | nearest ASSIGNABLE depot=StationSmall#12496 dist=23223 | -
[C48P] PAIR Seeds :: drone=Drone#2000022164 | chose veg-offer(VegetationTaskRequester) dist=21129 amt=280 flags=rfSupply | dest building(ForestationPlant) | nearest ASSIGNABLE depot=StationSmall#12496 dist=23223 | -
						Lua 0:01:09:307
[mod] [C48P] PAIR Seeds :: drone=Drone#2000037357 | chose veg-offer(VegetationTaskRequester) dist=21480 amt=280 flags=rfSupply | dest building(ForestationPlant) | nearest ASSIGNABLE depot=StationSmall#12496 dist=19283 | ⭐⭐ NON-DEPOT WON WITH A NEARER ASSIGNABLE DEPOT AVAILABLE
[C48P] PAIR Seeds :: drone=Drone#2000037357 | chose veg-offer(VegetationTaskRequester) dist=21480 amt=280 flags=rfSupply | dest building(ForestationPlant) | nearest ASSIGNABLE depot=StationSmall#12496 dist=19283 | ⭐⭐ NON-DEPOT WON WITH A NEARER ASSIGNABLE DEPOT AVAILABLE
						Lua 0:01:09:405
[mod] [C48P] PAIR Food :: drone=Drone#2000037486 | chose depot(UniversalStorageDepot) dist=2993 amt=1117 flags=rfSupply+rfStorageDepot | dest depot(StationSmall) | nearest ASSIGNABLE depot=StationSmall#12472 dist=2147483647 | -
[C48P] PAIR Food :: drone=Drone#2000037486 | chose depot(UniversalStorageDepot) dist=2993 amt=1117 flags=rfSupply+rfStorageDepot | dest depot(StationSmall) | nearest ASSIGNABLE depot=StationSmall#12472 dist=2147483647 | -
						Lua 0:01:09:419
[mod] [C48P] PAIR Seeds :: drone=Drone#2000038817 | chose veg-offer(VegetationTaskRequester) dist=14490 amt=280 flags=rfSupply | dest building(ForestationPlant) | nearest ASSIGNABLE depot=StorageSeeds#14612 dist=4525 | ⭐⭐ NON-DEPOT WON WITH A NEARER ASSIGNABLE DEPOT AVAILABLE
[C48P] PAIR Seeds :: drone=Drone#2000038817 | chose veg-offer(VegetationTaskRequester) dist=14490 amt=280 flags=rfSupply | dest building(ForestationPlant) | nearest ASSIGNABLE depot=StorageSeeds#14612 dist=4525 | ⭐⭐ NON-DEPOT WON WITH A NEARER ASSIGNABLE DEPOT AVAILABLE
						Lua 0:01:09:515
[mod] [C48P] PAIR Seeds :: drone=Drone#2000040066 | chose veg-offer(VegetationTaskRequester) dist=24626 amt=280 flags=rfSupply | dest building(ForestationPlant) | nearest ASSIGNABLE depot=UniversalStorageDepot#15036 dist=9648 | ⭐⭐ NON-DEPOT WON WITH A NEARER ASSIGNABLE DEPOT AVAILABLE
[C48P] PAIR Seeds :: drone=Drone#2000040066 | chose veg-offer(VegetationTaskRequester) dist=24626 amt=280 flags=rfSupply | dest building(ForestationPlant) | nearest ASSIGNABLE depot=UniversalStorageDepot#15036 dist=9648 | ⭐⭐ NON-DEPOT WON WITH A NEARER ASSIGNABLE DEPOT AVAILABLE
						Lua 0:01:09:690
[mod] [C48P] PAIR Seeds :: drone=Drone#2000004137 | chose veg-offer(VegetationTaskRequester) dist=20478 amt=280 flags=rfSupply | dest building(ForestationPlant) | nearest ASSIGNABLE depot=StationSmall#12631 dist=21461 | -
[C48P] PAIR Seeds :: drone=Drone#2000004137 | chose veg-offer(VegetationTaskRequester) dist=20478 amt=280 flags=rfSupply | dest building(ForestationPlant) | nearest ASSIGNABLE depot=StationSmall#12631 dist=21461 | -
						Lua 0:01:09:691
[mod] [C48P] PAIR Seeds :: drone=Drone#2000003958 | chose veg-offer(VegetationTaskRequester) dist=25156 amt=280 flags=rfSupply | dest building(ForestationPlant) | nearest ASSIGNABLE depot=StationSmall#12631 dist=16941 | ⭐⭐ NON-DEPOT WON WITH A NEARER ASSIGNABLE DEPOT AVAILABLE
[C48P] PAIR Seeds :: drone=Drone#2000003958 | chose veg-offer(VegetationTaskRequester) dist=25156 amt=280 flags=rfSupply | dest building(ForestationPlant) | nearest ASSIGNABLE depot=StationSmall#12631 dist=16941 | ⭐⭐ NON-DEPOT WON WITH A NEARER ASSIGNABLE DEPOT AVAILABLE
						Lua 0:01:09:800
[mod] [C48P] PAIR Seeds :: drone=Drone#2000022168 | chose veg-offer(VegetationTaskRequester) dist=42078 amt=280 flags=rfSupply | dest building(ForestationPlant) | nearest ASSIGNABLE depot=StationSmall#12496 dist=29736 | ⭐⭐ NON-DEPOT WON WITH A NEARER ASSIGNABLE DEPOT AVAILABLE
[C48P] PAIR Seeds :: drone=Drone#2000022168 | chose veg-offer(VegetationTaskRequester) dist=42078 amt=280 flags=rfSupply | dest building(ForestationPlant) | nearest ASSIGNABLE depot=StationSmall#12496 dist=29736 | ⭐⭐ NON-DEPOT WON WITH A NEARER ASSIGNABLE DEPOT AVAILABLE
						Lua 0:01:09:943
[mod] [C48P] PAIR Food :: drone=Drone#2000000935 | chose loose-pile(ResourceStockpile) dist=25972 amt=200 flags=rfSupply+rfPostInQueue+rfWaitToFill | dest building(ShopsFood) | nearest ASSIGNABLE depot=StorageFood#2371 dist=1683 | ⭐⭐ NON-DEPOT WON WITH A NEARER ASSIGNABLE DEPOT AVAILABLE
[C48P] PAIR Food :: drone=Drone#2000000935 | chose loose-pile(ResourceStockpile) dist=25972 amt=200 flags=rfSupply+rfPostInQueue+rfWaitToFill | dest building(ShopsFood) | nearest ASSIGNABLE depot=StorageFood#2371 dist=1683 | ⭐⭐ NON-DEPOT WON WITH A NEARER ASSIGNABLE DEPOT AVAILABLE
						Lua 0:01:10:005
[mod] [C48P] PAIR Seeds :: drone=Drone#2000000908 | chose veg-offer(VegetationTaskRequester) dist=69404 amt=280 flags=rfSupply | dest building(ForestationPlant) | nearest ASSIGNABLE depot=UniversalStorageDepot#1073 dist=2664 | ⭐⭐ NON-DEPOT WON WITH A NEARER ASSIGNABLE DEPOT AVAILABLE
[C48P] PAIR Seeds :: drone=Drone#2000000908 | chose veg-offer(VegetationTaskRequester) dist=69404 amt=280 flags=rfSupply | dest building(ForestationPlant) | nearest ASSIGNABLE depot=UniversalStorageDepot#1073 dist=2664 | ⭐⭐ NON-DEPOT WON WITH A NEARER ASSIGNABLE DEPOT AVAILABLE
						Lua 0:01:10:079
[mod] [C48P] PAIR Seeds :: drone=Drone#2000018583 | chose veg-offer(VegetationTaskRequester) dist=2449 amt=6 flags=rfSupply | dest depot(StorageSeeds) | nearest ASSIGNABLE depot=StorageSeeds#6617 dist=2939 | -
[C48P] PAIR Seeds :: drone=Drone#2000018583 | chose veg-offer(VegetationTaskRequester) dist=2449 amt=6 flags=rfSupply | dest depot(StorageSeeds) | nearest ASSIGNABLE depot=StorageSeeds#6617 dist=2939 | -
						Lua 0:01:10:145
[mod] [C48P] PAIR Seeds :: drone=Drone#2000000705 | chose veg-offer(VegetationTaskRequester) dist=46317 amt=280 flags=rfSupply | dest building(OpenFarm) | nearest ASSIGNABLE depot=UniversalStorageDepot#1073 dist=1582 | ⭐⭐ NON-DEPOT WON WITH A NEARER ASSIGNABLE DEPOT AVAILABLE
[C48P] PAIR Seeds :: drone=Drone#2000000705 | chose veg-offer(VegetationTaskRequester) dist=46317 amt=280 flags=rfSupply | dest building(OpenFarm) | nearest ASSIGNABLE depot=UniversalStorageDepot#1073 dist=1582 | ⭐⭐ NON-DEPOT WON WITH A NEARER ASSIGNABLE DEPOT AVAILABLE
						Lua 0:01:10:530
[mod] [C48P] PAIR Seeds :: drone=Drone#2000040069 | chose veg-offer(VegetationTaskRequester) dist=62880 amt=280 flags=rfSupply | dest building(ForestationPlant) | nearest ASSIGNABLE depot=StorageSeeds#15037 dist=40917 | ⭐⭐ NON-DEPOT WON WITH A NEARER ASSIGNABLE DEPOT AVAILABLE
[C48P] PAIR Seeds :: drone=Drone#2000040069 | chose veg-offer(VegetationTaskRequester) dist=62880 amt=280 flags=rfSupply | dest building(ForestationPlant) | nearest ASSIGNABLE depot=StorageSeeds#15037 dist=40917 | ⭐⭐ NON-DEPOT WON WITH A NEARER ASSIGNABLE DEPOT AVAILABLE
						Lua 0:01:10:547
[mod] [C48P] PAIR Seeds :: drone=Drone#2000028596 | chose veg-offer(VegetationTaskRequester) dist=31081 amt=280 flags=rfSupply | dest building(OpenFarm) | nearest ASSIGNABLE depot=StationSmall#4552 dist=5245 | ⭐⭐ NON-DEPOT WON WITH A NEARER ASSIGNABLE DEPOT AVAILABLE
[C48P] PAIR Seeds :: drone=Drone#2000028596 | chose veg-offer(VegetationTaskRequester) dist=31081 amt=280 flags=rfSupply | dest building(OpenFarm) | nearest ASSIGNABLE depot=StationSmall#4552 dist=5245 | ⭐⭐ NON-DEPOT WON WITH A NEARER ASSIGNABLE DEPOT AVAILABLE
						Lua 0:01:10:548
[mod] [C48P] PAIR Seeds :: drone=Drone#2000028590 | chose veg-offer(VegetationTaskRequester) dist=42587 amt=280 flags=rfSupply | dest building(OpenFarm) | nearest ASSIGNABLE depot=UniversalStorageDepot#4544 dist=4436 | ⭐⭐ NON-DEPOT WON WITH A NEARER ASSIGNABLE DEPOT AVAILABLE
[C48P] PAIR Seeds :: drone=Drone#2000028590 | chose veg-offer(VegetationTaskRequester) dist=42587 amt=280 flags=rfSupply | dest building(OpenFarm) | nearest ASSIGNABLE depot=UniversalStorageDepot#4544 dist=4436 | ⭐⭐ NON-DEPOT WON WITH A NEARER ASSIGNABLE DEPOT AVAILABLE
[mod] [C48P] PAIR Seeds :: drone=Drone#2000028601 | chose veg-offer(VegetationTaskRequester) dist=35388 amt=280 flags=rfSupply | dest building(OpenFarm) | nearest ASSIGNABLE depot=UniversalStorageDepot#4544 dist=6331 | ⭐⭐ NON-DEPOT WON WITH A NEARER ASSIGNABLE DEPOT AVAILABLE
[C48P] PAIR Seeds :: drone=Drone#2000028601 | chose veg-offer(VegetationTaskRequester) dist=35388 amt=280 flags=rfSupply | dest building(OpenFarm) | nearest ASSIGNABLE depot=UniversalStorageDepot#4544 dist=6331 | ⭐⭐ NON-DEPOT WON WITH A NEARER ASSIGNABLE DEPOT AVAILABLE
						Lua 0:01:10:883
[mod] [C48P] PAIR Seeds :: drone=Drone#2000003931 | chose veg-offer(VegetationTaskRequester) dist=20003 amt=280 flags=rfSupply | dest building(ForestationPlant) | nearest ASSIGNABLE depot=UniversalStorageDepot#1471 dist=3427 | ⭐⭐ NON-DEPOT WON WITH A NEARER ASSIGNABLE DEPOT AVAILABLE
[C48P] PAIR Seeds :: drone=Drone#2000003931 | chose veg-offer(VegetationTaskRequester) dist=20003 amt=280 flags=rfSupply | dest building(ForestationPlant) | nearest ASSIGNABLE depot=UniversalStorageDepot#1471 dist=3427 | ⭐⭐ NON-DEPOT WON WITH A NEARER ASSIGNABLE DEPOT AVAILABLE
[mod] [C48P] PAIR Seeds :: drone=Drone#2000002660 | chose veg-offer(VegetationTaskRequester) dist=18586 amt=280 flags=rfSupply | dest building(ForestationPlant) | nearest ASSIGNABLE depot=UniversalStorageDepot#1471 dist=1900 | ⭐⭐ NON-DEPOT WON WITH A NEARER ASSIGNABLE DEPOT AVAILABLE
[C48P] PAIR Seeds :: drone=Drone#2000002660 | chose veg-offer(VegetationTaskRequester) dist=18586 amt=280 flags=rfSupply | dest building(ForestationPlant) | nearest ASSIGNABLE depot=UniversalStorageDepot#1471 dist=1900 | ⭐⭐ NON-DEPOT WON WITH A NEARER ASSIGNABLE DEPOT AVAILABLE
						Lua 0:01:11:141
[mod] [C48P] PAIR Seeds :: drone=Drone#2000018584 | chose veg-offer(VegetationTaskRequester) dist=9891 amt=6 flags=rfSupply | dest depot(StorageSeeds) | nearest ASSIGNABLE depot=UniversalStorageDepot#6615 dist=5388 | ⭐⭐ NON-DEPOT WON WITH A NEARER ASSIGNABLE DEPOT AVAILABLE
[C48P] PAIR Seeds :: drone=Drone#2000018584 | chose veg-offer(VegetationTaskRequester) dist=9891 amt=6 flags=rfSupply | dest depot(StorageSeeds) | nearest ASSIGNABLE depot=UniversalStorageDepot#6615 dist=5388 | ⭐⭐ NON-DEPOT WON WITH A NEARER ASSIGNABLE DEPOT AVAILABLE
						Lua 0:01:11:419
[mod] [C48P] PAIR Seeds :: drone=Drone#2000040064 | chose veg-offer(VegetationTaskRequester) dist=5456 amt=40 flags=rfSupply | dest depot(StorageSeeds) | nearest ASSIGNABLE depot=UniversalStorageDepot#15036 dist=1011 | ⭐⭐ NON-DEPOT WON WITH A NEARER ASSIGNABLE DEPOT AVAILABLE
[C48P] PAIR Seeds :: drone=Drone#2000040064 | chose veg-offer(VegetationTaskRequester) dist=5456 amt=40 flags=rfSupply | dest depot(StorageSeeds) | nearest ASSIGNABLE depot=UniversalStorageDepot#15036 dist=1011 | ⭐⭐ NON-DEPOT WON WITH A NEARER ASSIGNABLE DEPOT AVAILABLE
						Lua 0:01:11:462
[mod] [C48P] PAIR Seeds :: drone=Drone#2000013713 | chose veg-offer(VegetationTaskRequester) dist=2918 amt=280 flags=rfSupply | dest building(ForestationPlant) | nearest ASSIGNABLE depot=UniversalStorageDepot#4532 dist=8665 | -
[C48P] PAIR Seeds :: drone=Drone#2000013713 | chose veg-offer(VegetationTaskRequester) dist=2918 amt=280 flags=rfSupply | dest building(ForestationPlant) | nearest ASSIGNABLE depot=UniversalStorageDepot#4532 dist=8665 | -
						Lua 0:01:11:721
[mod] [C48P] PAIR Seeds :: drone=Drone#2000013710 | chose veg-offer(VegetationTaskRequester) dist=9738 amt=280 flags=rfSupply | dest building(ForestationPlant) | nearest ASSIGNABLE depot=UniversalStorageDepot#4532 dist=7740 | ⭐⭐ NON-DEPOT WON WITH A NEARER ASSIGNABLE DEPOT AVAILABLE
[C48P] PAIR Seeds :: drone=Drone#2000013710 | chose veg-offer(VegetationTaskRequester) dist=9738 amt=280 flags=rfSupply | dest building(ForestationPlant) | nearest ASSIGNABLE depot=UniversalStorageDepot#4532 dist=7740 | ⭐⭐ NON-DEPOT WON WITH A NEARER ASSIGNABLE DEPOT AVAILABLE
						Lua 0:01:11:824
[mod] [C48P] PAIR Food :: drone=Drone#2000028595 | chose loose-pile(ResourceStockpile) dist=44329 amt=80 flags=rfSupply+rfPostInQueue+rfWaitToFill | dest depot(StationSmall) | nearest ASSIGNABLE depot=UniversalStorageDepot#4544 dist=1448 | ⭐⭐ NON-DEPOT WON WITH A NEARER ASSIGNABLE DEPOT AVAILABLE
[C48P] PAIR Food :: drone=Drone#2000028595 | chose loose-pile(ResourceStockpile) dist=44329 amt=80 flags=rfSupply+rfPostInQueue+rfWaitToFill | dest depot(StationSmall) | nearest ASSIGNABLE depot=UniversalStorageDepot#4544 dist=1448 | ⭐⭐ NON-DEPOT WON WITH A NEARER ASSIGNABLE DEPOT AVAILABLE
						Lua 0:01:12:280
[mod] [C48P] PAIR Seeds :: drone=Drone#2000000928 | chose veg-offer(VegetationTaskRequester) dist=16000 amt=280 flags=rfSupply | dest building(OpenFarm) | nearest ASSIGNABLE depot=StorageSeeds#15963 dist=9399 | ⭐⭐ NON-DEPOT WON WITH A NEARER ASSIGNABLE DEPOT AVAILABLE
[C48P] PAIR Seeds :: drone=Drone#2000000928 | chose veg-offer(VegetationTaskRequester) dist=16000 amt=280 flags=rfSupply | dest building(OpenFarm) | nearest ASSIGNABLE depot=StorageSeeds#15963 dist=9399 | ⭐⭐ NON-DEPOT WON WITH A NEARER ASSIGNABLE DEPOT AVAILABLE
						Lua 0:01:12:291
[mod] [C48P] PAIR Food :: drone=Drone#2000003939 | chose loose-pile(ResourceStockpile) dist=20118 amt=1000 flags=rfSupply+rfPostInQueue+rfWaitToFill | dest depot(StationSmall) | nearest ASSIGNABLE depot=UniversalStorageDepot#1471 dist=9652 | ⭐⭐ NON-DEPOT WON WITH A NEARER ASSIGNABLE DEPOT AVAILABLE
[C48P] PAIR Food :: drone=Drone#2000003939 | chose loose-pile(ResourceStockpile) dist=20118 amt=1000 flags=rfSupply+rfPostInQueue+rfWaitToFill | dest depot(StationSmall) | nearest ASSIGNABLE depot=UniversalStorageDepot#1471 dist=9652 | ⭐⭐ NON-DEPOT WON WITH A NEARER ASSIGNABLE DEPOT AVAILABLE
[mod] [C48P] PAIR Food :: drone=Drone#2000000339 | chose loose-pile(ResourceStockpile) dist=23954 amt=3000 flags=rfSupply+rfPostInQueue+rfWaitToFill | dest depot(StationSmall) | nearest ASSIGNABLE depot=StorageFood#4666 dist=21143 | ⭐⭐ NON-DEPOT WON WITH A NEARER ASSIGNABLE DEPOT AVAILABLE
[C48P] PAIR Food :: drone=Drone#2000000339 | chose loose-pile(ResourceStockpile) dist=23954 amt=3000 flags=rfSupply+rfPostInQueue+rfWaitToFill | dest depot(StationSmall) | nearest ASSIGNABLE depot=StorageFood#4666 dist=21143 | ⭐⭐ NON-DEPOT WON WITH A NEARER ASSIGNABLE DEPOT AVAILABLE
						Lua 0:01:12:328
[mod] [C48P] PAIR Seeds :: drone=Drone#2000000903 | chose veg-offer(VegetationTaskRequester) dist=28334 amt=280 flags=rfSupply | dest building(OpenFarm) | nearest ASSIGNABLE depot=UniversalStorageDepot#1073 dist=2760 | ⭐⭐ NON-DEPOT WON WITH A NEARER ASSIGNABLE DEPOT AVAILABLE
[C48P] PAIR Seeds :: drone=Drone#2000000903 | chose veg-offer(VegetationTaskRequester) dist=28334 amt=280 flags=rfSupply | dest building(OpenFarm) | nearest ASSIGNABLE depot=UniversalStorageDepot#1073 dist=2760 | ⭐⭐ NON-DEPOT WON WITH A NEARER ASSIGNABLE DEPOT AVAILABLE
						Lua 0:01:12:406
[mod] [C48P] PAIR Seeds :: drone=Drone#2000013709 | chose veg-offer(VegetationTaskRequester) dist=17863 amt=27 flags=rfSupply | dest depot(StorageSeeds) | nearest ASSIGNABLE depot=UniversalStorageDepot#4532 dist=6973 | ⭐⭐ NON-DEPOT WON WITH A NEARER ASSIGNABLE DEPOT AVAILABLE
[C48P] PAIR Seeds :: drone=Drone#2000013709 | chose veg-offer(VegetationTaskRequester) dist=17863 amt=27 flags=rfSupply | dest depot(StorageSeeds) | nearest ASSIGNABLE depot=UniversalStorageDepot#4532 dist=6973 | ⭐⭐ NON-DEPOT WON WITH A NEARER ASSIGNABLE DEPOT AVAILABLE
						Lua 0:01:12:612
[mod] [C48P] PAIR Seeds :: drone=Drone#2000018581 | chose veg-offer(VegetationTaskRequester) dist=24777 amt=280 flags=rfSupply | dest building(ForestationPlant) | nearest ASSIGNABLE depot=UniversalStorageDepot#6615 dist=4964 | ⭐⭐ NON-DEPOT WON WITH A NEARER ASSIGNABLE DEPOT AVAILABLE
[C48P] PAIR Seeds :: drone=Drone#2000018581 | chose veg-offer(VegetationTaskRequester) dist=24777 amt=280 flags=rfSupply | dest building(ForestationPlant) | nearest ASSIGNABLE depot=UniversalStorageDepot#6615 dist=4964 | ⭐⭐ NON-DEPOT WON WITH A NEARER ASSIGNABLE DEPOT AVAILABLE
						Lua 0:01:13:033
[mod] [C48P] PAIR Seeds :: drone=Drone#2000018576 | chose veg-offer(VegetationTaskRequester) dist=9485 amt=6 flags=rfSupply | dest depot(StorageSeeds) | nearest ASSIGNABLE depot=UniversalStorageDepot#6615 dist=4658 | ⭐⭐ NON-DEPOT WON WITH A NEARER ASSIGNABLE DEPOT AVAILABLE
[C48P] PAIR Seeds :: drone=Drone#2000018576 | chose veg-offer(VegetationTaskRequester) dist=9485 amt=6 flags=rfSupply | dest depot(StorageSeeds) | nearest ASSIGNABLE depot=UniversalStorageDepot#6615 dist=4658 | ⭐⭐ NON-DEPOT WON WITH A NEARER ASSIGNABLE DEPOT AVAILABLE
						Lua 0:01:13:572
[mod] [C48P] PAIR Seeds :: drone=Drone#2000028591 | chose veg-offer(VegetationTaskRequester) dist=34775 amt=280 flags=rfSupply | dest building(OpenFarm) | nearest ASSIGNABLE depot=UniversalStorageDepot#4544 dist=6240 | ⭐⭐ NON-DEPOT WON WITH A NEARER ASSIGNABLE DEPOT AVAILABLE
[C48P] PAIR Seeds :: drone=Drone#2000028591 | chose veg-offer(VegetationTaskRequester) dist=34775 amt=280 flags=rfSupply | dest building(OpenFarm) | nearest ASSIGNABLE depot=UniversalStorageDepot#4544 dist=6240 | ⭐⭐ NON-DEPOT WON WITH A NEARER ASSIGNABLE DEPOT AVAILABLE
						Lua 0:01:13:574
[mod] [C48P] PAIR Seeds :: drone=Drone#2000028599 | chose veg-offer(VegetationTaskRequester) dist=12988 amt=280 flags=rfSupply | dest building(OpenFarm) | nearest ASSIGNABLE depot=UniversalStorageDepot#4544 dist=6018 | ⭐⭐ NON-DEPOT WON WITH A NEARER ASSIGNABLE DEPOT AVAILABLE
[C48P] PAIR Seeds :: drone=Drone#2000028599 | chose veg-offer(VegetationTaskRequester) dist=12988 amt=280 flags=rfSupply | dest building(OpenFarm) | nearest ASSIGNABLE depot=UniversalStorageDepot#4544 dist=6018 | ⭐⭐ NON-DEPOT WON WITH A NEARER ASSIGNABLE DEPOT AVAILABLE
						Lua 0:01:13:683
[mod] [C48P] PAIR Seeds :: drone=Drone#2000000948 | chose veg-offer(VegetationTaskRequester) dist=21104 amt=280 flags=rfSupply | dest building(OpenFarm) | nearest ASSIGNABLE depot=StorageSeeds#15963 dist=3560 | ⭐⭐ NON-DEPOT WON WITH A NEARER ASSIGNABLE DEPOT AVAILABLE
[C48P] PAIR Seeds :: drone=Drone#2000000948 | chose veg-offer(VegetationTaskRequester) dist=21104 amt=280 flags=rfSupply | dest building(OpenFarm) | nearest ASSIGNABLE depot=StorageSeeds#15963 dist=3560 | ⭐⭐ NON-DEPOT WON WITH A NEARER ASSIGNABLE DEPOT AVAILABLE
						Lua 0:01:13:946
[mod] [C48P] PAIR Seeds :: drone=Drone#2000000918 | chose veg-offer(VegetationTaskRequester) dist=15641 amt=280 flags=rfSupply | dest building(OpenFarm) | nearest ASSIGNABLE depot=StorageSeeds#15963 dist=10811 | ⭐⭐ NON-DEPOT WON WITH A NEARER ASSIGNABLE DEPOT AVAILABLE
[C48P] PAIR Seeds :: drone=Drone#2000000918 | chose veg-offer(VegetationTaskRequester) dist=15641 amt=280 flags=rfSupply | dest building(OpenFarm) | nearest ASSIGNABLE depot=StorageSeeds#15963 dist=10811 | ⭐⭐ NON-DEPOT WON WITH A NEARER ASSIGNABLE DEPOT AVAILABLE
						Lua 0:01:13:960
[mod] [C48P] PAIR Seeds :: drone=Drone#2000040065 | chose veg-offer(VegetationTaskRequester) dist=47417 amt=40 flags=rfSupply | dest depot(StorageSeeds) | nearest ASSIGNABLE depot=UniversalStorageDepot#15036 dist=46690 | ⭐⭐ NON-DEPOT WON WITH A NEARER ASSIGNABLE DEPOT AVAILABLE
[C48P] PAIR Seeds :: drone=Drone#2000040065 | chose veg-offer(VegetationTaskRequester) dist=47417 amt=40 flags=rfSupply | dest depot(StorageSeeds) | nearest ASSIGNABLE depot=UniversalStorageDepot#15036 dist=46690 | ⭐⭐ NON-DEPOT WON WITH A NEARER ASSIGNABLE DEPOT AVAILABLE
						Lua 0:01:14:824
[mod] [C48P] PAIR Seeds :: drone=Drone#2000018573 | chose veg-offer(VegetationTaskRequester) dist=3398 amt=6 flags=rfSupply | dest depot(StorageSeeds) | nearest ASSIGNABLE depot=StorageSeeds#6617 dist=1865 | ⭐⭐ NON-DEPOT WON WITH A NEARER ASSIGNABLE DEPOT AVAILABLE
[C48P] PAIR Seeds :: drone=Drone#2000018573 | chose veg-offer(VegetationTaskRequester) dist=3398 amt=6 flags=rfSupply | dest depot(StorageSeeds) | nearest ASSIGNABLE depot=StorageSeeds#6617 dist=1865 | ⭐⭐ NON-DEPOT WON WITH A NEARER ASSIGNABLE DEPOT AVAILABLE
						Lua 0:01:14:980
[mod] [C48P] PAIR Seeds :: drone=Drone#2000016030 | chose veg-offer(VegetationTaskRequester) dist=18858 amt=1040 flags=rfSupply | dest building(ForestationPlant) | nearest ASSIGNABLE depot=StorageSeeds#6315 dist=23978 | -
[C48P] PAIR Seeds :: drone=Drone#2000016030 | chose veg-offer(VegetationTaskRequester) dist=18858 amt=1040 flags=rfSupply | dest building(ForestationPlant) | nearest ASSIGNABLE depot=StorageSeeds#6315 dist=23978 | -
						Lua 0:01:15:019
[mod] [C48P] PAIR Seeds :: drone=Drone#2000013710 | chose veg-offer(VegetationTaskRequester) dist=32835 amt=280 flags=rfSupply | dest building(ForestationPlant) | nearest ASSIGNABLE depot=UniversalStorageDepot#4532 dist=8524 | ⭐⭐ NON-DEPOT WON WITH A NEARER ASSIGNABLE DEPOT AVAILABLE
[C48P] PAIR Seeds :: drone=Drone#2000013710 | chose veg-offer(VegetationTaskRequester) dist=32835 amt=280 flags=rfSupply | dest building(ForestationPlant) | nearest ASSIGNABLE depot=UniversalStorageDepot#4532 dist=8524 | ⭐⭐ NON-DEPOT WON WITH A NEARER ASSIGNABLE DEPOT AVAILABLE
						Lua 0:01:15:106
[mod] [C48P] PAIR Seeds :: drone=Drone#2000013711 | chose veg-offer(VegetationTaskRequester) dist=42142 amt=280 flags=rfSupply | dest building(ForestationPlant) | nearest ASSIGNABLE depot=UniversalStorageDepot#4532 dist=6200 | ⭐⭐ NON-DEPOT WON WITH A NEARER ASSIGNABLE DEPOT AVAILABLE
[C48P] PAIR Seeds :: drone=Drone#2000013711 | chose veg-offer(VegetationTaskRequester) dist=42142 amt=280 flags=rfSupply | dest building(ForestationPlant) | nearest ASSIGNABLE depot=UniversalStorageDepot#4532 dist=6200 | ⭐⭐ NON-DEPOT WON WITH A NEARER ASSIGNABLE DEPOT AVAILABLE
						Lua 0:01:15:410
[mod] [C48P] PAIR Seeds :: drone=Drone#2000013713 | chose veg-offer(VegetationTaskRequester) dist=15399 amt=27 flags=rfSupply | dest depot(StorageSeeds) | nearest ASSIGNABLE depot=UniversalStorageDepot#4532 dist=9036 | ⭐⭐ NON-DEPOT WON WITH A NEARER ASSIGNABLE DEPOT AVAILABLE
[C48P] PAIR Seeds :: drone=Drone#2000013713 | chose veg-offer(VegetationTaskRequester) dist=15399 amt=27 flags=rfSupply | dest depot(StorageSeeds) | nearest ASSIGNABLE depot=UniversalStorageDepot#4532 dist=9036 | ⭐⭐ NON-DEPOT WON WITH A NEARER ASSIGNABLE DEPOT AVAILABLE
						Lua 0:01:15:801
[mod] [C48P] PAIR Food :: drone=Drone#2000000919 | chose loose-pile(ResourceStockpile) dist=24744 amt=400 flags=rfSupply+rfPostInQueue+rfWaitToFill | dest building(MegaMall) | nearest ASSIGNABLE depot=UniversalStorageDepot#2870 dist=2979 | ⭐⭐ NON-DEPOT WON WITH A NEARER ASSIGNABLE DEPOT AVAILABLE
[C48P] PAIR Food :: drone=Drone#2000000919 | chose loose-pile(ResourceStockpile) dist=24744 amt=400 flags=rfSupply+rfPostInQueue+rfWaitToFill | dest building(MegaMall) | nearest ASSIGNABLE depot=UniversalStorageDepot#2870 dist=2979 | ⭐⭐ NON-DEPOT WON WITH A NEARER ASSIGNABLE DEPOT AVAILABLE
						Lua 0:01:15:902
[mod] [C48P] PAIR Seeds :: drone=Drone#2000018577 | chose veg-offer(VegetationTaskRequester) dist=8961 amt=6 flags=rfSupply | dest depot(StorageSeeds) | nearest ASSIGNABLE depot=UniversalStorageDepot#6615 dist=3754 | ⭐⭐ NON-DEPOT WON WITH A NEARER ASSIGNABLE DEPOT AVAILABLE
[C48P] PAIR Seeds :: drone=Drone#2000018577 | chose veg-offer(VegetationTaskRequester) dist=8961 amt=6 flags=rfSupply | dest depot(StorageSeeds) | nearest ASSIGNABLE depot=UniversalStorageDepot#6615 dist=3754 | ⭐⭐ NON-DEPOT WON WITH A NEARER ASSIGNABLE DEPOT AVAILABLE
						Lua 0:01:16:100
[mod] [C48P] PAIR Seeds :: drone=Drone#2000000928 | chose veg-offer(VegetationTaskRequester) dist=16583 amt=280 flags=rfSupply | dest building(OpenFarm) | nearest ASSIGNABLE depot=StorageSeeds#15963 dist=10634 | ⭐⭐ NON-DEPOT WON WITH A NEARER ASSIGNABLE DEPOT AVAILABLE
[C48P] PAIR Seeds :: drone=Drone#2000000928 | chose veg-offer(VegetationTaskRequester) dist=16583 amt=280 flags=rfSupply | dest building(OpenFarm) | nearest ASSIGNABLE depot=StorageSeeds#15963 dist=10634 | ⭐⭐ NON-DEPOT WON WITH A NEARER ASSIGNABLE DEPOT AVAILABLE
						Lua 0:01:16:344
[mod] [C48P] PAIR Food :: drone=Drone#2000008788 | chose loose-pile(ResourceStockpile) dist=36767 amt=1200 flags=rfSupply+rfPostInQueue+rfWaitToFill | dest building(Diner) | nearest ASSIGNABLE depot=StorageFood#3562 dist=17171 | ⭐⭐ NON-DEPOT WON WITH A NEARER ASSIGNABLE DEPOT AVAILABLE
[C48P] PAIR Food :: drone=Drone#2000008788 | chose loose-pile(ResourceStockpile) dist=36767 amt=1200 flags=rfSupply+rfPostInQueue+rfWaitToFill | dest building(Diner) | nearest ASSIGNABLE depot=StorageFood#3562 dist=17171 | ⭐⭐ NON-DEPOT WON WITH A NEARER ASSIGNABLE DEPOT AVAILABLE
						Lua 0:01:16:626
[mod] [C48P] PAIR Seeds :: drone=Drone#2000028594 | chose veg-offer(VegetationTaskRequester) dist=30077 amt=280 flags=rfSupply | dest building(OpenFarm) | nearest ASSIGNABLE depot=UniversalStorageDepot#4544 dist=1612 | ⭐⭐ NON-DEPOT WON WITH A NEARER ASSIGNABLE DEPOT AVAILABLE
[C48P] PAIR Seeds :: drone=Drone#2000028594 | chose veg-offer(VegetationTaskRequester) dist=30077 amt=280 flags=rfSupply | dest building(OpenFarm) | nearest ASSIGNABLE depot=UniversalStorageDepot#4544 dist=1612 | ⭐⭐ NON-DEPOT WON WITH A NEARER ASSIGNABLE DEPOT AVAILABLE
						Lua 0:01:16:638
[mod] [C48P] PAIR Seeds :: drone=Drone#2000028597 | chose veg-offer(VegetationTaskRequester) dist=38725 amt=280 flags=rfSupply | dest building(OpenFarm) | nearest ASSIGNABLE depot=StationSmall#4552 dist=2227 | ⭐⭐ NON-DEPOT WON WITH A NEARER ASSIGNABLE DEPOT AVAILABLE
[C48P] PAIR Seeds :: drone=Drone#2000028597 | chose veg-offer(VegetationTaskRequester) dist=38725 amt=280 flags=rfSupply | dest building(OpenFarm) | nearest ASSIGNABLE depot=StationSmall#4552 dist=2227 | ⭐⭐ NON-DEPOT WON WITH A NEARER ASSIGNABLE DEPOT AVAILABLE
						Lua 0:01:16:957
[mod] [C48P] PAIR Food :: drone=Drone#2000028589 | chose veg-offer(VegetationTaskRequester) dist=18668 amt=3000 flags=rfSupply | dest depot(StationSmall) | nearest ASSIGNABLE depot=StationSmall#4552 dist=2876 | ⭐⭐ NON-DEPOT WON WITH A NEARER ASSIGNABLE DEPOT AVAILABLE
[C48P] PAIR Food :: drone=Drone#2000028589 | chose veg-offer(VegetationTaskRequester) dist=18668 amt=3000 flags=rfSupply | dest depot(StationSmall) | nearest ASSIGNABLE depot=StationSmall#4552 dist=2876 | ⭐⭐ NON-DEPOT WON WITH A NEARER ASSIGNABLE DEPOT AVAILABLE
						Lua 0:01:17:292
[mod] [C48P] PAIR Seeds :: drone=Drone#2000028590 | chose veg-offer(VegetationTaskRequester) dist=17349 amt=280 flags=rfSupply | dest building(OpenFarm) | nearest ASSIGNABLE depot=StorageSeeds#15986 dist=10451 | ⭐⭐ NON-DEPOT WON WITH A NEARER ASSIGNABLE DEPOT AVAILABLE
[C48P] PAIR Seeds :: drone=Drone#2000028590 | chose veg-offer(VegetationTaskRequester) dist=17349 amt=280 flags=rfSupply | dest building(OpenFarm) | nearest ASSIGNABLE depot=StorageSeeds#15986 dist=10451 | ⭐⭐ NON-DEPOT WON WITH A NEARER ASSIGNABLE DEPOT AVAILABLE
						Lua 0:01:17:329
[mod] [C48P] PAIR Seeds :: drone=Drone#2000000705 | chose veg-offer(VegetationTaskRequester) dist=16008 amt=280 flags=rfSupply | dest building(OpenFarm) | nearest ASSIGNABLE depot=StorageSeeds#15963 dist=10520 | ⭐⭐ NON-DEPOT WON WITH A NEARER ASSIGNABLE DEPOT AVAILABLE						Lua 0:01:17:330

[C48P] PAIR Seeds :: drone=Drone#2000000705 | chose veg-offer(VegetationTaskRequester) dist=16008 amt=280 flags=rfSupply | dest building(OpenFarm) | nearest ASSIGNABLE depot=StorageSeeds#15963 dist=10520 | ⭐⭐ NON-DEPOT WON WITH A NEARER ASSIGNABLE DEPOT AVAILABLE
						Lua 0:01:17:476
[mod] [C48P] PAIR Seeds :: drone=Drone#2000000903 | chose veg-offer(VegetationTaskRequester) dist=17839 amt=280 flags=rfSupply | dest building(OpenFarm) | nearest ASSIGNABLE depot=StorageSeeds#15963 dist=9399 | ⭐⭐ NON-DEPOT WON WITH A NEARER ASSIGNABLE DEPOT AVAILABLE
[C48P] PAIR Seeds :: drone=Drone#2000000903 | chose veg-offer(VegetationTaskRequester) dist=17839 amt=280 flags=rfSupply | dest building(OpenFarm) | nearest ASSIGNABLE depot=StorageSeeds#15963 dist=9399 | ⭐⭐ NON-DEPOT WON WITH A NEARER ASSIGNABLE DEPOT AVAILABLE
						Lua 0:01:17:575
[mod] [C48P] PAIR Seeds :: drone=Drone#2000000482 | chose veg-offer(VegetationTaskRequester) dist=67182 amt=280 flags=rfSupply | dest building(ForestationPlant) | nearest ASSIGNABLE depot=UniversalStorageDepot#1073 dist=1454 | ⭐⭐ NON-DEPOT WON WITH A NEARER ASSIGNABLE DEPOT AVAILABLE
[C48P] PAIR Seeds :: drone=Drone#2000000482 | chose veg-offer(VegetationTaskRequester) dist=67182 amt=280 flags=rfSupply | dest building(ForestationPlant) | nearest ASSIGNABLE depot=UniversalStorageDepot#1073 dist=1454 | ⭐⭐ NON-DEPOT WON WITH A NEARER ASSIGNABLE DEPOT AVAILABLE
						Lua 0:01:17:647
[mod] [C48P] PAIR Seeds :: drone=Drone#2000000935 | chose veg-offer(VegetationTaskRequester) dist=37749 amt=280 flags=rfSupply | dest building(ForestationPlant) | nearest ASSIGNABLE depot=UniversalStorageDepot#2870 dist=5066 | ⭐⭐ NON-DEPOT WON WITH A NEARER ASSIGNABLE DEPOT AVAILABLE
[C48P] PAIR Seeds :: drone=Drone#2000000935 | chose veg-offer(VegetationTaskRequester) dist=37749 amt=280 flags=rfSupply | dest building(ForestationPlant) | nearest ASSIGNABLE depot=UniversalStorageDepot#2870 dist=5066 | ⭐⭐ NON-DEPOT WON WITH A NEARER ASSIGNABLE DEPOT AVAILABLE
						Lua 0:01:17:709
[mod] [C48P] PAIR Seeds :: drone=Drone#2000013714 | chose veg-offer(VegetationTaskRequester) dist=17209 amt=27 flags=rfSupply | dest depot(StorageSeeds) | nearest ASSIGNABLE depot=UniversalStorageDepot#4532 dist=8816 | ⭐⭐ NON-DEPOT WON WITH A NEARER ASSIGNABLE DEPOT AVAILABLE
[C48P] PAIR Seeds :: drone=Drone#2000013714 | chose veg-offer(VegetationTaskRequester) dist=17209 amt=27 flags=rfSupply | dest depot(StorageSeeds) | nearest ASSIGNABLE depot=UniversalStorageDepot#4532 dist=8816 | ⭐⭐ NON-DEPOT WON WITH A NEARER ASSIGNABLE DEPOT AVAILABLE
						Lua 0:01:17:776
[mod] [C48P] PAIR Seeds :: drone=Drone#2000018573 | chose veg-offer(VegetationTaskRequester) dist=4679 amt=6 flags=rfSupply | dest depot(StorageSeeds) | nearest ASSIGNABLE depot=StorageSeeds#6617 dist=1568 | ⭐⭐ NON-DEPOT WON WITH A NEARER ASSIGNABLE DEPOT AVAILABLE
[C48P] PAIR Seeds :: drone=Drone#2000018573 | chose veg-offer(VegetationTaskRequester) dist=4679 amt=6 flags=rfSupply | dest depot(StorageSeeds) | nearest ASSIGNABLE depot=StorageSeeds#6617 dist=1568 | ⭐⭐ NON-DEPOT WON WITH A NEARER ASSIGNABLE DEPOT AVAILABLE
						Lua 0:01:18:855
[mod] [C48P] PAIR Seeds :: drone=Drone#2000022159 | chose veg-offer(VegetationTaskRequester) dist=19449 amt=280 flags=rfSupply | dest building(ForestationPlant) | nearest ASSIGNABLE depot=StationSmall#12496 dist=17484 | ⭐⭐ NON-DEPOT WON WITH A NEARER ASSIGNABLE DEPOT AVAILABLE
[C48P] PAIR Seeds :: drone=Drone#2000022159 | chose veg-offer(VegetationTaskRequester) dist=19449 amt=280 flags=rfSupply | dest building(ForestationPlant) | nearest ASSIGNABLE depot=StationSmall#12496 dist=17484 | ⭐⭐ NON-DEPOT WON WITH A NEARER ASSIGNABLE DEPOT AVAILABLE
						Lua 0:01:19:152
[mod] [C48P] PAIR Seeds :: drone=Drone#2000018574 | chose veg-offer(VegetationTaskRequester) dist=7617 amt=6 flags=rfSupply | dest depot(StorageSeeds) | nearest ASSIGNABLE depot=StorageSeeds#6617 dist=2611 | ⭐⭐ NON-DEPOT WON WITH A NEARER ASSIGNABLE DEPOT AVAILABLE
[C48P] PAIR Seeds :: drone=Drone#2000018574 | chose veg-offer(VegetationTaskRequester) dist=7617 amt=6 flags=rfSupply | dest depot(StorageSeeds) | nearest ASSIGNABLE depot=StorageSeeds#6617 dist=2611 | ⭐⭐ NON-DEPOT WON WITH A NEARER ASSIGNABLE DEPOT AVAILABLE
						Lua 0:01:19:553
[mod] [C48P] PAIR Seeds :: drone=Drone#2000028602 | chose veg-offer(VegetationTaskRequester) dist=3152 amt=280 flags=rfSupply | dest building(OpenFarm) | nearest ASSIGNABLE depot=UniversalStorageDepot#4544 dist=2921 | ⭐⭐ NON-DEPOT WON WITH A NEARER ASSIGNABLE DEPOT AVAILABLE
[C48P] PAIR Seeds :: drone=Drone#2000028602 | chose veg-offer(VegetationTaskRequester) dist=3152 amt=280 flags=rfSupply | dest building(OpenFarm) | nearest ASSIGNABLE depot=UniversalStorageDepot#4544 dist=2921 | ⭐⭐ NON-DEPOT WON WITH A NEARER ASSIGNABLE DEPOT AVAILABLE
						Lua 0:01:19:576
[mod] [C48P] PAIR Seeds :: drone=Drone#2000040067 | chose veg-offer(VegetationTaskRequester) dist=2508 amt=40 flags=rfSupply | dest depot(StorageSeeds) | nearest ASSIGNABLE depot=StorageSeeds#15037 dist=2477 | ⭐⭐ NON-DEPOT WON WITH A NEARER ASSIGNABLE DEPOT AVAILABLE
[C48P] PAIR Seeds :: drone=Drone#2000040067 | chose veg-offer(VegetationTaskRequester) dist=2508 amt=40 flags=rfSupply | dest depot(StorageSeeds) | nearest ASSIGNABLE depot=StorageSeeds#15037 dist=2477 | ⭐⭐ NON-DEPOT WON WITH A NEARER ASSIGNABLE DEPOT AVAILABLE
						Lua 0:01:19:611
[mod] [C48P] PAIR Seeds :: drone=Drone#2000000344 | chose veg-offer(VegetationTaskRequester) dist=38557 amt=280 flags=rfSupply | dest building(ForestationPlant) | nearest ASSIGNABLE depot=UniversalStorageDepot#1073 dist=3421 | ⭐⭐ NON-DEPOT WON WITH A NEARER ASSIGNABLE DEPOT AVAILABLE
[C48P] PAIR Seeds :: drone=Drone#2000000344 | chose veg-offer(VegetationTaskRequester) dist=38557 amt=280 flags=rfSupply | dest building(ForestationPlant) | nearest ASSIGNABLE depot=UniversalStorageDepot#1073 dist=3421 | ⭐⭐ NON-DEPOT WON WITH A NEARER ASSIGNABLE DEPOT AVAILABLE
						Lua 0:01:19:615
[mod] [C48P] PAIR Seeds :: drone=Drone#2000000481 | chose veg-offer(VegetationTaskRequester) dist=46649 amt=280 flags=rfSupply | dest building(ForestationPlant) | nearest ASSIGNABLE depot=UniversalStorageDepot#1073 dist=6865 | ⭐⭐ NON-DEPOT WON WITH A NEARER ASSIGNABLE DEPOT AVAILABLE
						Lua 0:01:19:616
[C48P] PAIR Seeds :: drone=Drone#2000000481 | chose veg-offer(VegetationTaskRequester) dist=46649 amt=280 flags=rfSupply | dest building(ForestationPlant) | nearest ASSIGNABLE depot=UniversalStorageDepot#1073 dist=6865 | ⭐⭐ NON-DEPOT WON WITH A NEARER ASSIGNABLE DEPOT AVAILABLE
						Lua 0:01:19:716
[mod] [C48P] PAIR Seeds :: drone=Drone#2000028592 | chose veg-offer(VegetationTaskRequester) dist=11973 amt=280 flags=rfSupply | dest building(OpenFarm) | nearest ASSIGNABLE depot=UniversalStorageDepot#4544 dist=5312 | ⭐⭐ NON-DEPOT WON WITH A NEARER ASSIGNABLE DEPOT AVAILABLE
[C48P] PAIR Seeds :: drone=Drone#2000028592 | chose veg-offer(VegetationTaskRequester) dist=11973 amt=280 flags=rfSupply | dest building(OpenFarm) | nearest ASSIGNABLE depot=UniversalStorageDepot#4544 dist=5312 | ⭐⭐ NON-DEPOT WON WITH A NEARER ASSIGNABLE DEPOT AVAILABLE
						Lua 0:01:19:772
[mod] [C48P] PAIR Seeds :: drone=Drone#2000013712 | chose veg-offer(VegetationTaskRequester) dist=15045 amt=280 flags=rfSupply | dest building(ForestationPlant) | nearest ASSIGNABLE depot=UniversalStorageDepot#4532 dist=6772 | ⭐⭐ NON-DEPOT WON WITH A NEARER ASSIGNABLE DEPOT AVAILABLE
[C48P] PAIR Seeds :: drone=Drone#2000013712 | chose veg-offer(VegetationTaskRequester) dist=15045 amt=280 flags=rfSupply | dest building(ForestationPlant) | nearest ASSIGNABLE depot=UniversalStorageDepot#4532 dist=6772 | ⭐⭐ NON-DEPOT WON WITH A NEARER ASSIGNABLE DEPOT AVAILABLE
						Lua 0:01:20:258
[mod] [C48P] PAIR Food :: drone=Drone#2000016031 | chose depot(StorageFood) dist=6593 amt=1200 flags=rfSupply+rfStorageDepot | dest building(MegaMall) | nearest ASSIGNABLE depot=StorageFood#5298 dist=6593 | -
[C48P] PAIR Food :: drone=Drone#2000016031 | chose depot(StorageFood) dist=6593 amt=1200 flags=rfSupply+rfStorageDepot | dest building(MegaMall) | nearest ASSIGNABLE depot=StorageFood#5298 dist=6593 | -
						Lua 0:01:20:277
[mod] [C48P] PAIR Seeds :: drone=Drone#2000000937 | chose veg-offer(VegetationTaskRequester) dist=16688 amt=280 flags=rfSupply | dest building(OpenFarm) | nearest ASSIGNABLE depot=UniversalStorageDepot#2870 dist=6049 | ⭐⭐ NON-DEPOT WON WITH A NEARER ASSIGNABLE DEPOT AVAILABLE
[C48P] PAIR Seeds :: drone=Drone#2000000937 | chose veg-offer(VegetationTaskRequester) dist=16688 amt=280 flags=rfSupply | dest building(OpenFarm) | nearest ASSIGNABLE depot=UniversalStorageDepot#2870 dist=6049 | ⭐⭐ NON-DEPOT WON WITH A NEARER ASSIGNABLE DEPOT AVAILABLE
						Lua 0:01:20:278
[mod] [C48P] PAIR Food :: drone=Drone#2000003939 | chose depot(StorageFood) dist=9970 amt=1600 flags=rfSupply+rfStorageDepot | dest building(MegaMall) | nearest ASSIGNABLE depot=UniversalStorageDepot#1471 dist=2077 | -
[C48P] PAIR Food :: drone=Drone#2000003939 | chose depot(StorageFood) dist=9970 amt=1600 flags=rfSupply+rfStorageDepot | dest building(MegaMall) | nearest ASSIGNABLE depot=UniversalStorageDepot#1471 dist=2077 | -
						Lua 0:01:20:288
[mod] [C48P] PAIR Seeds :: drone=Drone#2000000934 | chose veg-offer(VegetationTaskRequester) dist=46278 amt=280 flags=rfSupply | dest building(OpenFarm) | nearest ASSIGNABLE depot=UniversalStorageDepot#2870 dist=1100 | ⭐⭐ NON-DEPOT WON WITH A NEARER ASSIGNABLE DEPOT AVAILABLE
[C48P] PAIR Seeds :: drone=Drone#2000000934 | chose veg-offer(VegetationTaskRequester) dist=46278 amt=280 flags=rfSupply | dest building(OpenFarm) | nearest ASSIGNABLE depot=UniversalStorageDepot#2870 dist=1100 | ⭐⭐ NON-DEPOT WON WITH A NEARER ASSIGNABLE DEPOT AVAILABLE
						Lua 0:01:20:299
[mod] [C48P] PAIR Food :: drone=Drone#2000033517 | chose loose-pile(ResourceStockpile) dist=23909 amt=2600 flags=rfSupply+rfPostInQueue+rfWaitToFill | dest building(MegaMall) | nearest ASSIGNABLE depot=StationSmall#12472 dist=2147483647 | -
[C48P] PAIR Food :: drone=Drone#2000033517 | chose loose-pile(ResourceStockpile) dist=23909 amt=2600 flags=rfSupply+rfPostInQueue+rfWaitToFill | dest building(MegaMall) | nearest ASSIGNABLE depot=StationSmall#12472 dist=2147483647 | -
						Lua 0:01:20:398
[mod] [C48P] PAIR Seeds :: drone=Drone#2000000707 | chose veg-offer(VegetationTaskRequester) dist=44210 amt=280 flags=rfSupply | dest building(OpenFarm) | nearest ASSIGNABLE depot=UniversalStorageDepot#2870 dist=18641 | ⭐⭐ NON-DEPOT WON WITH A NEARER ASSIGNABLE DEPOT AVAILABLE
[C48P] PAIR Seeds :: drone=Drone#2000000707 | chose veg-offer(VegetationTaskRequester) dist=44210 amt=280 flags=rfSupply | dest building(OpenFarm) | nearest ASSIGNABLE depot=UniversalStorageDepot#2870 dist=18641 | ⭐⭐ NON-DEPOT WON WITH A NEARER ASSIGNABLE DEPOT AVAILABLE
						Lua 0:01:20:417
[mod] [C48P] PAIR Food :: drone=Drone#2000016026 | chose depot(StationSmall) dist=32386 amt=4000 flags=rfSupply+rfStorageDepot | dest depot(StorageFood) | nearest ASSIGNABLE depot=StorageFood#5298 dist=5388 | -
[C48P] PAIR Food :: drone=Drone#2000016026 | chose depot(StationSmall) dist=32386 amt=4000 flags=rfSupply+rfStorageDepot | dest depot(StorageFood) | nearest ASSIGNABLE depot=StorageFood#5298 dist=5388 | -
						Lua 0:01:20:486
[mod] [C48P] PAIR Food :: drone=Drone#2000028600 | chose veg-offer(VegetationTaskRequester) dist=25095 amt=1000 flags=rfSupply | dest building(MegaMall) | nearest ASSIGNABLE depot=UniversalStorageDepot#4544 dist=2072 | ⭐⭐ NON-DEPOT WON WITH A NEARER ASSIGNABLE DEPOT AVAILABLE
[C48P] PAIR Food :: drone=Drone#2000028600 | chose veg-offer(VegetationTaskRequester) dist=25095 amt=1000 flags=rfSupply | dest building(MegaMall) | nearest ASSIGNABLE depot=UniversalStorageDepot#4544 dist=2072 | ⭐⭐ NON-DEPOT WON WITH A NEARER ASSIGNABLE DEPOT AVAILABLE
						Lua 0:01:20:659
[mod] [C48P] PAIR Seeds :: drone=Drone#2000013709 | chose veg-offer(VegetationTaskRequester) dist=18201 amt=13 flags=rfSupply | dest depot(StorageSeeds) | nearest ASSIGNABLE depot=UniversalStorageDepot#4532 dist=6872 | ⭐⭐ NON-DEPOT WON WITH A NEARER ASSIGNABLE DEPOT AVAILABLE
[C48P] PAIR Seeds :: drone=Drone#2000013709 | chose veg-offer(VegetationTaskRequester) dist=18201 amt=13 flags=rfSupply | dest depot(StorageSeeds) | nearest ASSIGNABLE depot=UniversalStorageDepot#4532 dist=6872 | ⭐⭐ NON-DEPOT WON WITH A NEARER ASSIGNABLE DEPOT AVAILABLE
						Lua 0:01:20:671
[mod] [C48P] PAIR Seeds :: drone=Drone#2000018582 | chose veg-offer(VegetationTaskRequester) dist=2776 amt=6 flags=rfSupply | dest depot(StorageSeeds) | nearest ASSIGNABLE depot=UniversalStorageDepot#6615 dist=2767 | ⭐⭐ NON-DEPOT WON WITH A NEARER ASSIGNABLE DEPOT AVAILABLE
[C48P] PAIR Seeds :: drone=Drone#2000018582 | chose veg-offer(VegetationTaskRequester) dist=2776 amt=6 flags=rfSupply | dest depot(StorageSeeds) | nearest ASSIGNABLE depot=UniversalStorageDepot#6615 dist=2767 | ⭐⭐ NON-DEPOT WON WITH A NEARER ASSIGNABLE DEPOT AVAILABLE
						Lua 0:01:20:866
[mod] [C48P] PAIR Seeds :: drone=Drone#2000038819 | chose veg-offer(VegetationTaskRequester) dist=41946 amt=280 flags=rfSupply | dest building(ForestationPlant) | nearest ASSIGNABLE depot=UniversalStorageDepot#14619 dist=1648 | ⭐⭐ NON-DEPOT WON WITH A NEARER ASSIGNABLE DEPOT AVAILABLE
[C48P] PAIR Seeds :: drone=Drone#2000038819 | chose veg-offer(VegetationTaskRequester) dist=41946 amt=280 flags=rfSupply | dest building(ForestationPlant) | nearest ASSIGNABLE depot=UniversalStorageDepot#14619 dist=1648 | ⭐⭐ NON-DEPOT WON WITH A NEARER ASSIGNABLE DEPOT AVAILABLE
						Lua 0:01:20:936
[mod] [C48P] PAIR Seeds :: drone=Drone#2000040068 | chose veg-offer(VegetationTaskRequester) dist=5586 amt=40 flags=rfSupply | dest depot(StorageSeeds) | nearest ASSIGNABLE depot=UniversalStorageDepot#15036 dist=2495 | ⭐⭐ NON-DEPOT WON WITH A NEARER ASSIGNABLE DEPOT AVAILABLE
[C48P] PAIR Seeds :: drone=Drone#2000040068 | chose veg-offer(VegetationTaskRequester) dist=5586 amt=40 flags=rfSupply | dest depot(StorageSeeds) | nearest ASSIGNABLE depot=UniversalStorageDepot#15036 dist=2495 | ⭐⭐ NON-DEPOT WON WITH A NEARER ASSIGNABLE DEPOT AVAILABLE
						Lua 0:01:20:978
[mod] [C48P] PAIR Seeds :: drone=Drone#2000038820 | chose veg-offer(VegetationTaskRequester) dist=38243 amt=280 flags=rfSupply | dest building(ForestationPlant) | nearest ASSIGNABLE depot=StorageSeeds#14612 dist=2327 | ⭐⭐ NON-DEPOT WON WITH A NEARER ASSIGNABLE DEPOT AVAILABLE
[C48P] PAIR Seeds :: drone=Drone#2000038820 | chose veg-offer(VegetationTaskRequester) dist=38243 amt=280 flags=rfSupply | dest building(ForestationPlant) | nearest ASSIGNABLE depot=StorageSeeds#14612 dist=2327 | ⭐⭐ NON-DEPOT WON WITH A NEARER ASSIGNABLE DEPOT AVAILABLE
						Lua 0:01:21:033
[mod] [C48P] PAIR Food :: drone=Drone#2000033510 | chose depot(StationSmall) dist=7742 amt=1040 flags=rfSupply+rfStorageDepot | dest depot(UniversalStorageDepot) | nearest ASSIGNABLE depot=StationSmall#12472 dist=2147483647 | -
[C48P] PAIR Food :: drone=Drone#2000033510 | chose depot(StationSmall) dist=7742 amt=1040 flags=rfSupply+rfStorageDepot | dest depot(UniversalStorageDepot) | nearest ASSIGNABLE depot=StationSmall#12472 dist=2147483647 | -
						Lua 0:01:21:113
[mod] [C48P] PAIR Seeds :: drone=Drone#2000013713 | chose veg-offer(VegetationTaskRequester) dist=30716 amt=14 flags=rfSupply | dest depot(StorageSeeds) | nearest ASSIGNABLE depot=StorageSeeds#16009 dist=21346 | ⭐⭐ NON-DEPOT WON WITH A NEARER ASSIGNABLE DEPOT AVAILABLE
[C48P] PAIR Seeds :: drone=Drone#2000013713 | chose veg-offer(VegetationTaskRequester) dist=30716 amt=14 flags=rfSupply | dest depot(StorageSeeds) | nearest ASSIGNABLE depot=StorageSeeds#16009 dist=21346 | ⭐⭐ NON-DEPOT WON WITH A NEARER ASSIGNABLE DEPOT AVAILABLE
						Lua 0:01:21:868
[mod] [C48P] PAIR Food :: drone=Drone#2000037481 | chose building(Elevator) dist=8733 amt=1372 flags=rfSupply+rfStorageDepot | dest depot(StationSmall) | nearest ASSIGNABLE depot=StationSmall#12472 dist=2147483647 | -
[C48P] PAIR Food :: drone=Drone#2000037481 | chose building(Elevator) dist=8733 amt=1372 flags=rfSupply+rfStorageDepot | dest depot(StationSmall) | nearest ASSIGNABLE depot=StationSmall#12472 dist=2147483647 | -
						Lua 0:01:22:011
[mod] [C48P] PAIR Seeds :: drone=Drone#2000018572 | chose veg-offer(VegetationTaskRequester) dist=8194 amt=6 flags=rfSupply | dest depot(StorageSeeds) | nearest ASSIGNABLE depot=StorageSeeds#6617 dist=3253 | ⭐⭐ NON-DEPOT WON WITH A NEARER ASSIGNABLE DEPOT AVAILABLE
[C48P] PAIR Seeds :: drone=Drone#2000018572 | chose veg-offer(VegetationTaskRequester) dist=8194 amt=6 flags=rfSupply | dest depot(StorageSeeds) | nearest ASSIGNABLE depot=StorageSeeds#6617 dist=3253 | ⭐⭐ NON-DEPOT WON WITH A NEARER ASSIGNABLE DEPOT AVAILABLE
						Lua 0:01:22:407
[mod] [C48P] PAIR Food :: drone=Drone#2000033510 | chose depot(UniversalStorageDepot) dist=939 amt=1233 flags=rfSupply+rfStorageDepot | dest depot(StorageFood) | nearest ASSIGNABLE depot=StationSmall#12472 dist=2147483647 | -						Lua 0:01:22:408

[C48P] PAIR Food :: drone=Drone#2000033510 | chose depot(UniversalStorageDepot) dist=939 amt=1233 flags=rfSupply+rfStorageDepot | dest depot(StorageFood) | nearest ASSIGNABLE depot=StationSmall#12472 dist=2147483647 | -
						Lua 0:01:22:438
[mod] [C48P] PAIR Seeds :: drone=Drone#2000000706 | chose veg-offer(VegetationTaskRequester) dist=55576 amt=280 flags=rfSupply | dest building(ForestationPlant) | nearest ASSIGNABLE depot=UniversalStorageDepot#1073 dist=3696 | ⭐⭐ NON-DEPOT WON WITH A NEARER ASSIGNABLE DEPOT AVAILABLE
[C48P] PAIR Seeds :: drone=Drone#2000000706 | chose veg-offer(VegetationTaskRequester) dist=55576 amt=280 flags=rfSupply | dest building(ForestationPlant) | nearest ASSIGNABLE depot=UniversalStorageDepot#1073 dist=3696 | ⭐⭐ NON-DEPOT WON WITH A NEARER ASSIGNABLE DEPOT AVAILABLE
						Lua 0:01:22:448
[mod] [C48P] PAIR Seeds :: drone=Drone#2000040066 | chose veg-offer(VegetationTaskRequester) dist=15572 amt=280 flags=rfSupply | dest building(ForestationPlant) | nearest ASSIGNABLE depot=UniversalStorageDepot#15036 dist=1809 | ⭐⭐ NON-DEPOT WON WITH A NEARER ASSIGNABLE DEPOT AVAILABLE
[C48P] PAIR Seeds :: drone=Drone#2000040066 | chose veg-offer(VegetationTaskRequester) dist=15572 amt=280 flags=rfSupply | dest building(ForestationPlant) | nearest ASSIGNABLE depot=UniversalStorageDepot#15036 dist=1809 | ⭐⭐ NON-DEPOT WON WITH A NEARER ASSIGNABLE DEPOT AVAILABLE
						Lua 0:01:22:520
[mod] [C48P] PAIR Seeds :: drone=Drone#2000040067 | chose veg-offer(VegetationTaskRequester) dist=15848 amt=280 flags=rfSupply | dest building(ForestationPlant) | nearest ASSIGNABLE depot=UniversalStorageDepot#15036 dist=3226 | ⭐⭐ NON-DEPOT WON WITH A NEARER ASSIGNABLE DEPOT AVAILABLE
[C48P] PAIR Seeds :: drone=Drone#2000040067 | chose veg-offer(VegetationTaskRequester) dist=15848 amt=280 flags=rfSupply | dest building(ForestationPlant) | nearest ASSIGNABLE depot=UniversalStorageDepot#15036 dist=3226 | ⭐⭐ NON-DEPOT WON WITH A NEARER ASSIGNABLE DEPOT AVAILABLE
						Lua 0:01:22:719
[mod] [C48P] PAIR Seeds :: drone=Drone#2000028601 | chose veg-offer(VegetationTaskRequester) dist=32364 amt=280 flags=rfSupply | dest building(OpenFarm) | nearest ASSIGNABLE depot=StationSmall#4552 dist=5917 | ⭐⭐ NON-DEPOT WON WITH A NEARER ASSIGNABLE DEPOT AVAILABLE
[C48P] PAIR Seeds :: drone=Drone#2000028601 | chose veg-offer(VegetationTaskRequester) dist=32364 amt=280 flags=rfSupply | dest building(OpenFarm) | nearest ASSIGNABLE depot=StationSmall#4552 dist=5917 | ⭐⭐ NON-DEPOT WON WITH A NEARER ASSIGNABLE DEPOT AVAILABLE
						Lua 0:01:22:720
[mod] [C48P] PAIR Food :: drone=Drone#2000033510 | chose depot(StationSmall) dist=8106 amt=1000 flags=rfSupply+rfStorageDepot | dest building(Diner) | nearest ASSIGNABLE depot=StationSmall#12472 dist=2147483647 | -
[C48P] PAIR Food :: drone=Drone#2000033510 | chose depot(StationSmall) dist=8106 amt=1000 flags=rfSupply+rfStorageDepot | dest building(Diner) | nearest ASSIGNABLE depot=StationSmall#12472 dist=2147483647 | -
						Lua 0:01:23:244
[mod] [C48P] PAIR Seeds :: drone=Drone#2000000921 | chose veg-offer(VegetationTaskRequester) dist=49917 amt=280 flags=rfSupply | dest building(OpenFarm) | nearest ASSIGNABLE depot=UniversalStorageDepot#2870 dist=3107 | ⭐⭐ NON-DEPOT WON WITH A NEARER ASSIGNABLE DEPOT AVAILABLE
[C48P] PAIR Seeds :: drone=Drone#2000000921 | chose veg-offer(VegetationTaskRequester) dist=49917 amt=280 flags=rfSupply | dest building(OpenFarm) | nearest ASSIGNABLE depot=UniversalStorageDepot#2870 dist=3107 | ⭐⭐ NON-DEPOT WON WITH A NEARER ASSIGNABLE DEPOT AVAILABLE
						Lua 0:01:23:278
[mod] [C48P] PAIR Seeds :: drone=Drone#2000000925 | chose veg-offer(VegetationTaskRequester) dist=15188 amt=280 flags=rfSupply | dest building(OpenFarm) | nearest ASSIGNABLE depot=UniversalStorageDepot#2870 dist=1330 | ⭐⭐ NON-DEPOT WON WITH A NEARER ASSIGNABLE DEPOT AVAILABLE
[C48P] PAIR Seeds :: drone=Drone#2000000925 | chose veg-offer(VegetationTaskRequester) dist=15188 amt=280 flags=rfSupply | dest building(OpenFarm) | nearest ASSIGNABLE depot=UniversalStorageDepot#2870 dist=1330 | ⭐⭐ NON-DEPOT WON WITH A NEARER ASSIGNABLE DEPOT AVAILABLE
						Lua 0:01:23:306
[mod] [C48P] PAIR Food :: drone=Drone#2000000917 | chose loose-pile(ResourceStockpile) dist=23706 amt=200 flags=rfSupply+rfPostInQueue+rfWaitToFill | dest building(Diner) | nearest ASSIGNABLE depot=StorageFood#2371 dist=2109 | ⭐⭐ NON-DEPOT WON WITH A NEARER ASSIGNABLE DEPOT AVAILABLE
[C48P] PAIR Food :: drone=Drone#2000000917 | chose loose-pile(ResourceStockpile) dist=23706 amt=200 flags=rfSupply+rfPostInQueue+rfWaitToFill | dest building(Diner) | nearest ASSIGNABLE depot=StorageFood#2371 dist=2109 | ⭐⭐ NON-DEPOT WON WITH A NEARER ASSIGNABLE DEPOT AVAILABLE
						Lua 0:01:23:726
[mod] [C48P] PAIR Seeds :: drone=Drone#2000018582 | chose veg-offer(VegetationTaskRequester) dist=7993 amt=6 flags=rfSupply | dest depot(StorageSeeds) | nearest ASSIGNABLE depot=UniversalStorageDepot#6615 dist=5534 | ⭐⭐ NON-DEPOT WON WITH A NEARER ASSIGNABLE DEPOT AVAILABLE
[C48P] PAIR Seeds :: drone=Drone#2000018582 | chose veg-offer(VegetationTaskRequester) dist=7993 amt=6 flags=rfSupply | dest depot(StorageSeeds) | nearest ASSIGNABLE depot=UniversalStorageDepot#6615 dist=5534 | ⭐⭐ NON-DEPOT WON WITH A NEARER ASSIGNABLE DEPOT AVAILABLE
						Lua 0:01:23:900
[mod] [C48P] PAIR Seeds :: drone=Drone#2000038815 | chose veg-offer(VegetationTaskRequester) dist=8738 amt=280 flags=rfSupply | dest building(ForestationPlant) | nearest ASSIGNABLE depot=StorageSeeds#14612 dist=5650 | ⭐⭐ NON-DEPOT WON WITH A NEARER ASSIGNABLE DEPOT AVAILABLE						Lua 0:01:23:901

[C48P] PAIR Seeds :: drone=Drone#2000038815 | chose veg-offer(VegetationTaskRequester) dist=8738 amt=280 flags=rfSupply | dest building(ForestationPlant) | nearest ASSIGNABLE depot=StorageSeeds#14612 dist=5650 | ⭐⭐ NON-DEPOT WON WITH A NEARER ASSIGNABLE DEPOT AVAILABLE
						Lua 0:01:23:916
[mod] [C48P] PAIR Seeds :: drone=Drone#2000022170 | chose veg-offer(VegetationTaskRequester) dist=23024 amt=280 flags=rfSupply | dest building(ForestationPlant) | nearest ASSIGNABLE depot=StationSmall#12496 dist=20240 | ⭐⭐ NON-DEPOT WON WITH A NEARER ASSIGNABLE DEPOT AVAILABLE
[C48P] PAIR Seeds :: drone=Drone#2000022170 | chose veg-offer(VegetationTaskRequester) dist=23024 amt=280 flags=rfSupply | dest building(ForestationPlant) | nearest ASSIGNABLE depot=StationSmall#12496 dist=20240 | ⭐⭐ NON-DEPOT WON WITH A NEARER ASSIGNABLE DEPOT AVAILABLE
						Lua 0:01:23:949
[mod] [C48P] PAIR Seeds :: drone=Drone#2000022172 | chose veg-offer(VegetationTaskRequester) dist=19524 amt=280 flags=rfSupply | dest building(ForestationPlant) | nearest ASSIGNABLE depot=StationSmall#12496 dist=24101 | -
[C48P] PAIR Seeds :: drone=Drone#2000022172 | chose veg-offer(VegetationTaskRequester) dist=19524 amt=280 flags=rfSupply | dest building(ForestationPlant) | nearest ASSIGNABLE depot=StationSmall#12496 dist=24101 | -
						Lua 0:01:23:988
[mod] [C48P] PAIR Seeds :: drone=Drone#2000038816 | chose veg-offer(VegetationTaskRequester) dist=6352 amt=280 flags=rfSupply | dest building(ForestationPlant) | nearest ASSIGNABLE depot=StorageSeeds#14612 dist=5769 | ⭐⭐ NON-DEPOT WON WITH A NEARER ASSIGNABLE DEPOT AVAILABLE
[C48P] PAIR Seeds :: drone=Drone#2000038816 | chose veg-offer(VegetationTaskRequester) dist=6352 amt=280 flags=rfSupply | dest building(ForestationPlant) | nearest ASSIGNABLE depot=StorageSeeds#14612 dist=5769 | ⭐⭐ NON-DEPOT WON WITH A NEARER ASSIGNABLE DEPOT AVAILABLE
						Lua 0:01:24:031
[mod] [C48P] PAIR Seeds :: drone=Drone#2000040065 | chose veg-offer(VegetationTaskRequester) dist=5037 amt=40 flags=rfSupply | dest depot(StorageSeeds) | nearest ASSIGNABLE depot=UniversalStorageDepot#15036 dist=3923 | ⭐⭐ NON-DEPOT WON WITH A NEARER ASSIGNABLE DEPOT AVAILABLE
[C48P] PAIR Seeds :: drone=Drone#2000040065 | chose veg-offer(VegetationTaskRequester) dist=5037 amt=40 flags=rfSupply | dest depot(StorageSeeds) | nearest ASSIGNABLE depot=UniversalStorageDepot#15036 dist=3923 | ⭐⭐ NON-DEPOT WON WITH A NEARER ASSIGNABLE DEPOT AVAILABLE
						Lua 0:01:24:066
[mod] [C48P] PAIR Food :: drone=Drone#2000037355 | chose depot(StorageFood) dist=4145 amt=1000 flags=rfSupply+rfStorageDepot | dest building(Diner) | nearest ASSIGNABLE depot=StorageFood#8292 dist=4145 | -
[C48P] PAIR Food :: drone=Drone#2000037355 | chose depot(StorageFood) dist=4145 amt=1000 flags=rfSupply+rfStorageDepot | dest building(Diner) | nearest ASSIGNABLE depot=StorageFood#8292 dist=4145 | -
						Lua 0:01:24:418
[mod] [C48P] PAIR Seeds :: drone=Drone#2000000937 | chose veg-offer(VegetationTaskRequester) dist=18832 amt=280 flags=rfSupply | dest building(OpenFarm) | nearest ASSIGNABLE depot=StorageSeeds#15963 dist=9399 | ⭐⭐ NON-DEPOT WON WITH A NEARER ASSIGNABLE DEPOT AVAILABLE
[C48P] PAIR Seeds :: drone=Drone#2000000937 | chose veg-offer(VegetationTaskRequester) dist=18832 amt=280 flags=rfSupply | dest building(OpenFarm) | nearest ASSIGNABLE depot=StorageSeeds#15963 dist=9399 | ⭐⭐ NON-DEPOT WON WITH A NEARER ASSIGNABLE DEPOT AVAILABLE
						Lua 0:01:24:526
[mod] [C48P] PAIR Food :: drone=Drone#2000037361 | chose depot(StorageFood) dist=49177 amt=1000 flags=rfSupply+rfStorageDepot | dest building(ShopsFood) | nearest ASSIGNABLE depot=StorageFood#8292 dist=4733 | -
[C48P] PAIR Food :: drone=Drone#2000037361 | chose depot(StorageFood) dist=49177 amt=1000 flags=rfSupply+rfStorageDepot | dest building(ShopsFood) | nearest ASSIGNABLE depot=StorageFood#8292 dist=4733 | -
						Lua 0:01:24:632
[mod] [C48P] PAIR Seeds :: drone=Drone#2000022166 | chose veg-offer(VegetationTaskRequester) dist=21670 amt=280 flags=rfSupply | dest building(ForestationPlant) | nearest ASSIGNABLE depot=StationSmall#12496 dist=24427 | -
[C48P] PAIR Seeds :: drone=Drone#2000022166 | chose veg-offer(VegetationTaskRequester) dist=21670 amt=280 flags=rfSupply | dest building(ForestationPlant) | nearest ASSIGNABLE depot=StationSmall#12496 dist=24427 | -
						Lua 0:01:24:639
[mod] [C48P] PAIR Seeds :: drone=Drone#2000022173 | chose veg-offer(VegetationTaskRequester) dist=13908 amt=280 flags=rfSupply | dest building(ForestationPlant) | nearest ASSIGNABLE depot=StationSmall#12496 dist=18800 | -
[C48P] PAIR Seeds :: drone=Drone#2000022173 | chose veg-offer(VegetationTaskRequester) dist=13908 amt=280 flags=rfSupply | dest building(ForestationPlant) | nearest ASSIGNABLE depot=StationSmall#12496 dist=18800 | -
						Lua 0:01:24:985
[mod] [C48P] PAIR Seeds :: drone=Drone#2000000705 | chose veg-offer(VegetationTaskRequester) dist=58946 amt=280 flags=rfSupply | dest building(ForestationPlant) | nearest ASSIGNABLE depot=UniversalStorageDepot#1073 dist=3625 | ⭐⭐ NON-DEPOT WON WITH A NEARER ASSIGNABLE DEPOT AVAILABLE
[C48P] PAIR Seeds :: drone=Drone#2000000705 | chose veg-offer(VegetationTaskRequester) dist=58946 amt=280 flags=rfSupply | dest building(ForestationPlant) | nearest ASSIGNABLE depot=UniversalStorageDepot#1073 dist=3625 | ⭐⭐ NON-DEPOT WON WITH A NEARER ASSIGNABLE DEPOT AVAILABLE
						Lua 0:01:25:048
[mod] [C48P] PAIR Seeds :: drone=Drone#2000000344 | chose veg-offer(VegetationTaskRequester) dist=98138 amt=280 flags=rfSupply | dest building(ForestationPlant) | nearest ASSIGNABLE depot=UniversalStorageDepot#1073 dist=33097 | ⭐⭐ NON-DEPOT WON WITH A NEARER ASSIGNABLE DEPOT AVAILABLE
[C48P] PAIR Seeds :: drone=Drone#2000000344 | chose veg-offer(VegetationTaskRequester) dist=98138 amt=280 flags=rfSupply | dest building(ForestationPlant) | nearest ASSIGNABLE depot=UniversalStorageDepot#1073 dist=33097 | ⭐⭐ NON-DEPOT WON WITH A NEARER ASSIGNABLE DEPOT AVAILABLE
						Lua 0:01:25:102
[mod] [C48P] PAIR Seeds :: drone=Drone#2000000709 | chose veg-offer(VegetationTaskRequester) dist=61315 amt=280 flags=rfSupply | dest building(ForestationPlant) | nearest ASSIGNABLE depot=UniversalStorageDepot#1073 dist=6067 | ⭐⭐ NON-DEPOT WON WITH A NEARER ASSIGNABLE DEPOT AVAILABLE
[C48P] PAIR Seeds :: drone=Drone#2000000709 | chose veg-offer(VegetationTaskRequester) dist=61315 amt=280 flags=rfSupply | dest building(ForestationPlant) | nearest ASSIGNABLE depot=UniversalStorageDepot#1073 dist=6067 | ⭐⭐ NON-DEPOT WON WITH A NEARER ASSIGNABLE DEPOT AVAILABLE
						Lua 0:01:25:169
[mod] [C48P] PAIR Seeds :: drone=Drone#2000013712 | chose veg-offer(VegetationTaskRequester) dist=30716 amt=27 flags=rfSupply | dest depot(StorageSeeds) | nearest ASSIGNABLE depot=StorageSeeds#16009 dist=21346 | ⭐⭐ NON-DEPOT WON WITH A NEARER ASSIGNABLE DEPOT AVAILABLE
[C48P] PAIR Seeds :: drone=Drone#2000013712 | chose veg-offer(VegetationTaskRequester) dist=30716 amt=27 flags=rfSupply | dest depot(StorageSeeds) | nearest ASSIGNABLE depot=StorageSeeds#16009 dist=21346 | ⭐⭐ NON-DEPOT WON WITH A NEARER ASSIGNABLE DEPOT AVAILABLE
						Lua 0:01:25:232
[mod] [C48P] PAIR Seeds :: drone=Drone#2000018576 | chose veg-offer(VegetationTaskRequester) dist=2670 amt=6 flags=rfSupply | dest depot(StorageSeeds) | nearest ASSIGNABLE depot=UniversalStorageDepot#6615 dist=4053 | -
[C48P] PAIR Seeds :: drone=Drone#2000018576 | chose veg-offer(VegetationTaskRequester) dist=2670 amt=6 flags=rfSupply | dest depot(StorageSeeds) | nearest ASSIGNABLE depot=UniversalStorageDepot#6615 dist=4053 | -
						Lua 0:01:25:316
[mod] [C48P] PAIR Food :: drone=Drone#2000008764 | chose loose-pile(ResourceStockpile) dist=25500 amt=1000 flags=rfSupply+rfPostInQueue+rfWaitToFill | dest building(MegaMall) | nearest ASSIGNABLE depot=StationSmall#12631 dist=17982 | ⭐⭐ NON-DEPOT WON WITH A NEARER ASSIGNABLE DEPOT AVAILABLE
[C48P] PAIR Food :: drone=Drone#2000008764 | chose loose-pile(ResourceStockpile) dist=25500 amt=1000 flags=rfSupply+rfPostInQueue+rfWaitToFill | dest building(MegaMall) | nearest ASSIGNABLE depot=StationSmall#12631 dist=17982 | ⭐⭐ NON-DEPOT WON WITH A NEARER ASSIGNABLE DEPOT AVAILABLE
						Lua 0:01:25:435
[mod] [C48P] PAIR Seeds :: drone=Drone#2000040069 | chose veg-offer(VegetationTaskRequester) dist=662 amt=40 flags=rfSupply | dest depot(StorageSeeds) | nearest ASSIGNABLE depot=StorageSeeds#15037 dist=2988 | -
[C48P] PAIR Seeds :: drone=Drone#2000040069 | chose veg-offer(VegetationTaskRequester) dist=662 amt=40 flags=rfSupply | dest depot(StorageSeeds) | nearest ASSIGNABLE depot=StorageSeeds#15037 dist=2988 | -
						Lua 0:01:25:459
[mod] [C48P] PAIR Food :: drone=Drone#2000004139 | chose loose-pile(ResourceStockpile) dist=34246 amt=1000 flags=rfSupply+rfPostInQueue+rfWaitToFill | dest building(Diner) | nearest ASSIGNABLE depot=StationSmall#12631 dist=16785 | ⭐⭐ NON-DEPOT WON WITH A NEARER ASSIGNABLE DEPOT AVAILABLE
[C48P] PAIR Food :: drone=Drone#2000004139 | chose loose-pile(ResourceStockpile) dist=34246 amt=1000 flags=rfSupply+rfPostInQueue+rfWaitToFill | dest building(Diner) | nearest ASSIGNABLE depot=StationSmall#12631 dist=16785 | ⭐⭐ NON-DEPOT WON WITH A NEARER ASSIGNABLE DEPOT AVAILABLE
						Lua 0:01:25:629
[mod] [C48P] PAIR Seeds :: drone=Drone#2000037362 | chose veg-offer(VegetationTaskRequester) dist=26008 amt=280 flags=rfSupply | dest building(ForestationPlant) | nearest ASSIGNABLE depot=StationSmall#12496 dist=24022 | ⭐⭐ NON-DEPOT WON WITH A NEARER ASSIGNABLE DEPOT AVAILABLE
[C48P] PAIR Seeds :: drone=Drone#2000037362 | chose veg-offer(VegetationTaskRequester) dist=26008 amt=280 flags=rfSupply | dest building(ForestationPlant) | nearest ASSIGNABLE depot=StationSmall#12496 dist=24022 | ⭐⭐ NON-DEPOT WON WITH A NEARER ASSIGNABLE DEPOT AVAILABLE
						Lua 0:01:25:647
[mod] [C48P] PAIR Food :: drone=Drone#2000003986 | chose loose-pile(ResourceStockpile) dist=32130 amt=1000 flags=rfSupply+rfPostInQueue+rfWaitToFill | dest building(MegaMall) | nearest ASSIGNABLE depot=StationSmall#12631 dist=20438 | ⭐⭐ NON-DEPOT WON WITH A NEARER ASSIGNABLE DEPOT AVAILABLE
[C48P] PAIR Food :: drone=Drone#2000003986 | chose loose-pile(ResourceStockpile) dist=32130 amt=1000 flags=rfSupply+rfPostInQueue+rfWaitToFill | dest building(MegaMall) | nearest ASSIGNABLE depot=StationSmall#12631 dist=20438 | ⭐⭐ NON-DEPOT WON WITH A NEARER ASSIGNABLE DEPOT AVAILABLE
						Lua 0:01:25:806
[mod] [C48P] PAIR Food :: drone=Drone#2000037357 | chose depot(StationSmall) dist=19389 amt=1000 flags=rfSupply+rfStorageDepot | dest building(MegaMall) | nearest ASSIGNABLE depot=StorageFood#8292 dist=1259 | -
[C48P] PAIR Food :: drone=Drone#2000037357 | chose depot(StationSmall) dist=19389 amt=1000 flags=rfSupply+rfStorageDepot | dest building(MegaMall) | nearest ASSIGNABLE depot=StorageFood#8292 dist=1259 | -
						Lua 0:01:25:985
[mod] [C48P] PAIR Seeds :: drone=Drone#2000022167 | chose veg-offer(VegetationTaskRequester) dist=19158 amt=280 flags=rfSupply | dest building(ForestationPlant) | nearest ASSIGNABLE depot=StationSmall#12496 dist=17984 | ⭐⭐ NON-DEPOT WON WITH A NEARER ASSIGNABLE DEPOT AVAILABLE
[C48P] PAIR Seeds :: drone=Drone#2000022167 | chose veg-offer(VegetationTaskRequester) dist=19158 amt=280 flags=rfSupply | dest building(ForestationPlant) | nearest ASSIGNABLE depot=StationSmall#12496 dist=17984 | ⭐⭐ NON-DEPOT WON WITH A NEARER ASSIGNABLE DEPOT AVAILABLE
						Lua 0:01:26:243
[mod] [C48P] PAIR Food :: drone=Drone#2000003933 | chose depot(StorageFood) dist=12187 amt=1000 flags=rfSupply+rfStorageDepot | dest building(MegaMall) | nearest ASSIGNABLE depot=UniversalStorageDepot#1471 dist=7856 | -
[C48P] PAIR Food :: drone=Drone#2000003933 | chose depot(StorageFood) dist=12187 amt=1000 flags=rfSupply+rfStorageDepot | dest building(MegaMall) | nearest ASSIGNABLE depot=UniversalStorageDepot#1471 dist=7856 | -
						Lua 0:01:26:653
[mod] [C48P] PAIR Seeds :: drone=Drone#2000018581 | chose veg-offer(VegetationTaskRequester) dist=8412 amt=6 flags=rfSupply | dest depot(StorageSeeds) | nearest ASSIGNABLE depot=StorageSeeds#6617 dist=3217 | ⭐⭐ NON-DEPOT WON WITH A NEARER ASSIGNABLE DEPOT AVAILABLE
[C48P] PAIR Seeds :: drone=Drone#2000018581 | chose veg-offer(VegetationTaskRequester) dist=8412 amt=6 flags=rfSupply | dest depot(StorageSeeds) | nearest ASSIGNABLE depot=StorageSeeds#6617 dist=3217 | ⭐⭐ NON-DEPOT WON WITH A NEARER ASSIGNABLE DEPOT AVAILABLE
						Lua 0:01:27:070
[mod] [C48P] PAIR Seeds :: drone=Drone#2000040068 | chose veg-offer(VegetationTaskRequester) dist=40168 amt=280 flags=rfSupply | dest building(ForestationPlant) | nearest ASSIGNABLE depot=UniversalStorageDepot#15036 dist=46690 | -
[C48P] PAIR Seeds :: drone=Drone#2000040068 | chose veg-offer(VegetationTaskRequester) dist=40168 amt=280 flags=rfSupply | dest building(ForestationPlant) | nearest ASSIGNABLE depot=UniversalStorageDepot#15036 dist=46690 | -
						Lua 0:01:27:096
[mod] [C48P] PAIR Seeds :: drone=Drone#2000038818 | chose veg-offer(VegetationTaskRequester) dist=6889 amt=280 flags=rfSupply | dest building(ForestationPlant) | nearest ASSIGNABLE depot=StorageSeeds#14612 dist=5503 | ⭐⭐ NON-DEPOT WON WITH A NEARER ASSIGNABLE DEPOT AVAILABLE
[C48P] PAIR Seeds :: drone=Drone#2000038818 | chose veg-offer(VegetationTaskRequester) dist=6889 amt=280 flags=rfSupply | dest building(ForestationPlant) | nearest ASSIGNABLE depot=StorageSeeds#14612 dist=5503 | ⭐⭐ NON-DEPOT WON WITH A NEARER ASSIGNABLE DEPOT AVAILABLE
						Lua 0:01:27:161
[mod] [C48P] PAIR Food :: drone=Drone#2000016025 | chose depot(StorageFood) dist=1029 amt=1000 flags=rfSupply+rfStorageDepot | dest building(Diner) | nearest ASSIGNABLE depot=StorageFood#5298 dist=1029 | -
[C48P] PAIR Food :: drone=Drone#2000016025 | chose depot(StorageFood) dist=1029 amt=1000 flags=rfSupply+rfStorageDepot | dest building(Diner) | nearest ASSIGNABLE depot=StorageFood#5298 dist=1029 | -
						Lua 0:01:27:177
[mod] [C48P] PAIR Food :: drone=Drone#2000022168 | chose depot(StorageFood) dist=5197 amt=1000 flags=rfSupply+rfStorageDepot | dest building(Diner) | nearest ASSIGNABLE depot=StorageFood#8292 dist=5197 | -
[C48P] PAIR Food :: drone=Drone#2000022168 | chose depot(StorageFood) dist=5197 amt=1000 flags=rfSupply+rfStorageDepot | dest building(Diner) | nearest ASSIGNABLE depot=StorageFood#8292 dist=5197 | -
						Lua 0:01:27:345
[mod] [C48P] PAIR Seeds :: drone=Drone#2000040066 | chose veg-offer(VegetationTaskRequester) dist=32645 amt=280 flags=rfSupply | dest building(ForestationPlant) | nearest ASSIGNABLE depot=UniversalStorageDepot#15036 dist=40830 | -
[C48P] PAIR Seeds :: drone=Drone#2000040066 | chose veg-offer(VegetationTaskRequester) dist=32645 amt=280 flags=rfSupply | dest building(ForestationPlant) | nearest ASSIGNABLE depot=UniversalStorageDepot#15036 dist=40830 | -
						Lua 0:01:27:360
[mod] [C48P] PAIR Food :: drone=Drone#2000022161 | chose depot(StorageFood) dist=47115 amt=1000 flags=rfSupply+rfStorageDepot | dest building(MegaMall) | nearest ASSIGNABLE depot=StorageFood#8292 dist=2974 | -
[C48P] PAIR Food :: drone=Drone#2000022161 | chose depot(StorageFood) dist=47115 amt=1000 flags=rfSupply+rfStorageDepot | dest building(MegaMall) | nearest ASSIGNABLE depot=StorageFood#8292 dist=2974 | -
						Lua 0:01:27:361
[mod] [C48P] PAIR Food :: drone=Drone#2000022165 | chose depot(StationSmall) dist=23553 amt=4000 flags=rfSupply+rfStorageDepot | dest depot(StorageFood) | nearest ASSIGNABLE depot=StorageFood#8292 dist=4647 | -
[C48P] PAIR Food :: drone=Drone#2000022165 | chose depot(StationSmall) dist=23553 amt=4000 flags=rfSupply+rfStorageDepot | dest depot(StorageFood) | nearest ASSIGNABLE depot=StorageFood#8292 dist=4647 | -
						Lua 0:01:27:429
[mod] [C48P] PAIR Food :: drone=Drone#2000002663 | chose depot(StorageFood) dist=14937 amt=1000 flags=rfSupply+rfStorageDepot | dest building(ShopsFood_Small) | nearest ASSIGNABLE depot=UniversalStorageDepot#1471 dist=8772 | -
[C48P] PAIR Food :: drone=Drone#2000002663 | chose depot(StorageFood) dist=14937 amt=1000 flags=rfSupply+rfStorageDepot | dest building(ShopsFood_Small) | nearest ASSIGNABLE depot=UniversalStorageDepot#1471 dist=8772 | -
						Lua 0:01:27:431
[mod] [C48P] PAIR Seeds :: drone=Drone#2000038817 | chose veg-offer(VegetationTaskRequester) dist=7332 amt=280 flags=rfSupply | dest building(ForestationPlant) | nearest ASSIGNABLE depot=StorageSeeds#14612 dist=6350 | ⭐⭐ NON-DEPOT WON WITH A NEARER ASSIGNABLE DEPOT AVAILABLE
[C48P] PAIR Seeds :: drone=Drone#2000038817 | chose veg-offer(VegetationTaskRequester) dist=7332 amt=280 flags=rfSupply | dest building(ForestationPlant) | nearest ASSIGNABLE depot=StorageSeeds#14612 dist=6350 | ⭐⭐ NON-DEPOT WON WITH A NEARER ASSIGNABLE DEPOT AVAILABLE
						Lua 0:01:27:443
[mod] [C48P] PAIR Food :: drone=Drone#2000003927 | chose depot(StationSmall) dist=20416 amt=4000 flags=rfSupply+rfStorageDepot | dest depot(StorageFood) | nearest ASSIGNABLE depot=UniversalStorageDepot#1471 dist=1248 | -
[C48P] PAIR Food :: drone=Drone#2000003927 | chose depot(StationSmall) dist=20416 amt=4000 flags=rfSupply+rfStorageDepot | dest depot(StorageFood) | nearest ASSIGNABLE depot=UniversalStorageDepot#1471 dist=1248 | -
						Lua 0:01:27:550
[mod] [C48P] PAIR Seeds :: drone=Drone#2000040067 | chose veg-offer(VegetationTaskRequester) dist=48061 amt=40 flags=rfSupply | dest depot(StorageSeeds) | nearest ASSIGNABLE depot=UniversalStorageDepot#15036 dist=41134 | ⭐⭐ NON-DEPOT WON WITH A NEARER ASSIGNABLE DEPOT AVAILABLE
[C48P] PAIR Seeds :: drone=Drone#2000040067 | chose veg-offer(VegetationTaskRequester) dist=48061 amt=40 flags=rfSupply | dest depot(StorageSeeds) | nearest ASSIGNABLE depot=UniversalStorageDepot#15036 dist=41134 | ⭐⭐ NON-DEPOT WON WITH A NEARER ASSIGNABLE DEPOT AVAILABLE
						Lua 0:01:27:670
[mod] [C48P] PAIR Seeds :: drone=Drone#2000000925 | chose veg-offer(VegetationTaskRequester) dist=18823 amt=280 flags=rfSupply | dest building(OpenFarm) | nearest ASSIGNABLE depot=StorageSeeds#15963 dist=9399 | ⭐⭐ NON-DEPOT WON WITH A NEARER ASSIGNABLE DEPOT AVAILABLE
[C48P] PAIR Seeds :: drone=Drone#2000000925 | chose veg-offer(VegetationTaskRequester) dist=18823 amt=280 flags=rfSupply | dest building(OpenFarm) | nearest ASSIGNABLE depot=StorageSeeds#15963 dist=9399 | ⭐⭐ NON-DEPOT WON WITH A NEARER ASSIGNABLE DEPOT AVAILABLE
						Lua 0:01:27:769
[mod] [C48P] PAIR Seeds :: drone=Drone#2000000934 | chose veg-offer(VegetationTaskRequester) dist=18079 amt=280 flags=rfSupply | dest building(OpenFarm) | nearest ASSIGNABLE depot=StorageSeeds#15963 dist=10520 | ⭐⭐ NON-DEPOT WON WITH A NEARER ASSIGNABLE DEPOT AVAILABLE
[C48P] PAIR Seeds :: drone=Drone#2000000934 | chose veg-offer(VegetationTaskRequester) dist=18079 amt=280 flags=rfSupply | dest building(OpenFarm) | nearest ASSIGNABLE depot=StorageSeeds#15963 dist=10520 | ⭐⭐ NON-DEPOT WON WITH A NEARER ASSIGNABLE DEPOT AVAILABLE
						Lua 0:01:27:780
[mod] [C48P] PAIR Seeds :: drone=Drone#2000000707 | chose veg-offer(VegetationTaskRequester) dist=19857 amt=280 flags=rfSupply | dest building(OpenFarm) | nearest ASSIGNABLE depot=StorageSeeds#15963 dist=7293 | ⭐⭐ NON-DEPOT WON WITH A NEARER ASSIGNABLE DEPOT AVAILABLE
[C48P] PAIR Seeds :: drone=Drone#2000000707 | chose veg-offer(VegetationTaskRequester) dist=19857 amt=280 flags=rfSupply | dest building(OpenFarm) | nearest ASSIGNABLE depot=StorageSeeds#15963 dist=7293 | ⭐⭐ NON-DEPOT WON WITH A NEARER ASSIGNABLE DEPOT AVAILABLE
						Lua 0:01:27:896
[mod] [C48P] PAIR Food :: drone=Drone#2000022170 | chose depot(StorageFood) dist=56731 amt=1000 flags=rfSupply+rfStorageDepot | dest building(ShopsFood) | nearest ASSIGNABLE depot=StationSmall#12496 dist=5748 | -
[C48P] PAIR Food :: drone=Drone#2000022170 | chose depot(StorageFood) dist=56731 amt=1000 flags=rfSupply+rfStorageDepot | dest building(ShopsFood) | nearest ASSIGNABLE depot=StationSmall#12496 dist=5748 | -
						Lua 0:01:27:964
[mod] [C48P] PAIR Food :: drone=Drone#2000034614 | chose loose-pile(ResourceStockpile) dist=23389 amt=1000 flags=rfSupply+rfPostInQueue+rfWaitToFill | dest building(Diner) | nearest ASSIGNABLE depot=StationSmall#12472 dist=2147483647 | -
[C48P] PAIR Food :: drone=Drone#2000034614 | chose loose-pile(ResourceStockpile) dist=23389 amt=1000 flags=rfSupply+rfPostInQueue+rfWaitToFill | dest building(Diner) | nearest ASSIGNABLE depot=StationSmall#12472 dist=2147483647 | -
						Lua 0:01:28:052
[mod] [C48P] PAIR Food :: drone=Drone#2000028597 | chose veg-offer(VegetationTaskRequester) dist=28183 amt=1000 flags=rfSupply | dest building(MegaMall) | nearest ASSIGNABLE depot=UniversalStorageDepot#4544 dist=4262 | ⭐⭐ NON-DEPOT WON WITH A NEARER ASSIGNABLE DEPOT AVAILABLE
[C48P] PAIR Food :: drone=Drone#2000028597 | chose veg-offer(VegetationTaskRequester) dist=28183 amt=1000 flags=rfSupply | dest building(MegaMall) | nearest ASSIGNABLE depot=UniversalStorageDepot#4544 dist=4262 | ⭐⭐ NON-DEPOT WON WITH A NEARER ASSIGNABLE DEPOT AVAILABLE
						Lua 0:01:28:111
[mod] [C48P] PAIR Food :: drone=Drone#2000028594 | chose veg-offer(VegetationTaskRequester) dist=25800 amt=1040 flags=rfSupply | dest building(ShopsFood) | nearest ASSIGNABLE depot=StationSmall#4552 dist=3502 | ⭐⭐ NON-DEPOT WON WITH A NEARER ASSIGNABLE DEPOT AVAILABLE
[C48P] PAIR Food :: drone=Drone#2000028594 | chose veg-offer(VegetationTaskRequester) dist=25800 amt=1040 flags=rfSupply | dest building(ShopsFood) | nearest ASSIGNABLE depot=StationSmall#4552 dist=3502 | ⭐⭐ NON-DEPOT WON WITH A NEARER ASSIGNABLE DEPOT AVAILABLE
						Lua 0:01:28:121
[mod] [C48P] PAIR Food :: drone=Drone#2000008762 | chose loose-pile(ResourceStockpileLR) dist=17968 amt=1200 flags=rfSupply+rfWaitToFill+rfStorageDepot | dest building(Diner) | nearest ASSIGNABLE depot=StationSmall#12631 dist=17547 | ⭐⭐ NON-DEPOT WON WITH A NEARER ASSIGNABLE DEPOT AVAILABLE
[C48P] PAIR Food :: drone=Drone#2000008762 | chose loose-pile(ResourceStockpileLR) dist=17968 amt=1200 flags=rfSupply+rfWaitToFill+rfStorageDepot | dest building(Diner) | nearest ASSIGNABLE depot=StationSmall#12631 dist=17547 | ⭐⭐ NON-DEPOT WON WITH A NEARER ASSIGNABLE DEPOT AVAILABLE
						Lua 0:01:28:191
[mod] [C48P] PAIR Seeds :: drone=Drone#2000032096 | chose veg-offer(VegetationTaskRequester) dist=43005 amt=280 flags=rfSupply | dest building(ForestationPlant) | nearest ASSIGNABLE depot=UniversalStorageDepot#9296 dist=2865 | ⭐⭐ NON-DEPOT WON WITH A NEARER ASSIGNABLE DEPOT AVAILABLE
[C48P] PAIR Seeds :: drone=Drone#2000032096 | chose veg-offer(VegetationTaskRequester) dist=43005 amt=280 flags=rfSupply | dest building(ForestationPlant) | nearest ASSIGNABLE depot=UniversalStorageDepot#9296 dist=2865 | ⭐⭐ NON-DEPOT WON WITH A NEARER ASSIGNABLE DEPOT AVAILABLE
						Lua 0:01:28:354
[mod] [C48P] PAIR Food :: drone=Drone#2000000879 | chose loose-pile(ResourceStockpile) dist=15560 amt=800 flags=rfSupply+rfPostInQueue+rfWaitToFill | dest building(Diner) | nearest ASSIGNABLE depot=UniversalStorageDepot#2870 dist=23906 | -
[C48P] PAIR Food :: drone=Drone#2000000879 | chose loose-pile(ResourceStockpile) dist=15560 amt=800 flags=rfSupply+rfPostInQueue+rfWaitToFill | dest building(Diner) | nearest ASSIGNABLE depot=UniversalStorageDepot#2870 dist=23906 | -
						Lua 0:01:28:728
[mod] [C48P] PAIR Seeds :: drone=Drone#2000018575 | chose veg-offer(VegetationTaskRequester) dist=7047 amt=6 flags=rfSupply | dest depot(StorageSeeds) | nearest ASSIGNABLE depot=StorageSeeds#6617 dist=2081 | ⭐⭐ NON-DEPOT WON WITH A NEARER ASSIGNABLE DEPOT AVAILABLE
[C48P] PAIR Seeds :: drone=Drone#2000018575 | chose veg-offer(VegetationTaskRequester) dist=7047 amt=6 flags=rfSupply | dest depot(StorageSeeds) | nearest ASSIGNABLE depot=StorageSeeds#6617 dist=2081 | ⭐⭐ NON-DEPOT WON WITH A NEARER ASSIGNABLE DEPOT AVAILABLE
						Lua 0:01:28:756
[mod] [C48P] PAIR Food :: drone=Drone#2000034612 | chose depot(StationSmall) dist=12984 amt=1549 flags=rfSupply+rfStorageDepot | dest depot(StorageFood) | nearest ASSIGNABLE depot=StationSmall#12472 dist=2147483647 | -
[C48P] PAIR Food :: drone=Drone#2000034612 | chose depot(StationSmall) dist=12984 amt=1549 flags=rfSupply+rfStorageDepot | dest depot(StorageFood) | nearest ASSIGNABLE depot=StationSmall#12472 dist=2147483647 | -
						Lua 0:01:28:775
[mod] [C48P] PAIR Seeds :: drone=Drone#2000018584 | chose veg-offer(VegetationTaskRequester) dist=23755 amt=280 flags=rfSupply | dest building(ForestationPlant) | nearest ASSIGNABLE depot=UniversalStorageDepot#6615 dist=6363 | ⭐⭐ NON-DEPOT WON WITH A NEARER ASSIGNABLE DEPOT AVAILABLE
[C48P] PAIR Seeds :: drone=Drone#2000018584 | chose veg-offer(VegetationTaskRequester) dist=23755 amt=280 flags=rfSupply | dest building(ForestationPlant) | nearest ASSIGNABLE depot=UniversalStorageDepot#6615 dist=6363 | ⭐⭐ NON-DEPOT WON WITH A NEARER ASSIGNABLE DEPOT AVAILABLE
						Lua 0:01:28:804
[mod] [C48P] PAIR Food :: drone=Drone#2000008788 | chose loose-pile(ResourceStockpile) dist=16161 amt=1000 flags=rfSupply+rfPostInQueue+rfWaitToFill | dest building(MegaMall) | nearest ASSIGNABLE depot=StorageFood#3562 dist=23660 | -
[C48P] PAIR Food :: drone=Drone#2000008788 | chose loose-pile(ResourceStockpile) dist=16161 amt=1000 flags=rfSupply+rfPostInQueue+rfWaitToFill | dest building(MegaMall) | nearest ASSIGNABLE depot=StorageFood#3562 dist=23660 | -
						Lua 0:01:28:927
[mod] [C48P] PAIR Food :: drone=Drone#2000002662 | chose depot(StorageFood) dist=14385 amt=1000 flags=rfSupply+rfStorageDepot | dest building(MegaMall) | nearest ASSIGNABLE depot=UniversalStorageDepot#1471 dist=8068 | -
[C48P] PAIR Food :: drone=Drone#2000002662 | chose depot(StorageFood) dist=14385 amt=1000 flags=rfSupply+rfStorageDepot | dest building(MegaMall) | nearest ASSIGNABLE depot=UniversalStorageDepot#1471 dist=8068 | -
						Lua 0:01:29:012
[mod] [C48P] PAIR Seeds :: drone=Drone#2000000937 | chose veg-offer(VegetationTaskRequester) dist=18595 amt=280 flags=rfSupply | dest building(OpenFarm) | nearest ASSIGNABLE depot=StorageSeeds#15963 dist=9122 | ⭐⭐ NON-DEPOT WON WITH A NEARER ASSIGNABLE DEPOT AVAILABLE
[C48P] PAIR Seeds :: drone=Drone#2000000937 | chose veg-offer(VegetationTaskRequester) dist=18595 amt=280 flags=rfSupply | dest building(OpenFarm) | nearest ASSIGNABLE depot=StorageSeeds#15963 dist=9122 | ⭐⭐ NON-DEPOT WON WITH A NEARER ASSIGNABLE DEPOT AVAILABLE
						Lua 0:01:29:110
[mod] [C48P] PAIR Food :: drone=Drone#2000033508 | chose depot(StationSmall) dist=14949 amt=1000 flags=rfSupply+rfStorageDepot | dest building(MegaMall) | nearest ASSIGNABLE depot=StationSmall#12472 dist=2147483647 | -
[C48P] PAIR Food :: drone=Drone#2000033508 | chose depot(StationSmall) dist=14949 amt=1000 flags=rfSupply+rfStorageDepot | dest building(MegaMall) | nearest ASSIGNABLE depot=StationSmall#12472 dist=2147483647 | -
						Lua 0:01:29:211
[mod] [C48P] PAIR Seeds :: drone=Drone#2000038815 | chose veg-offer(VegetationTaskRequester) dist=12374 amt=280 flags=rfSupply | dest building(ForestationPlant) | nearest ASSIGNABLE depot=StorageSeeds#14612 dist=7141 | ⭐⭐ NON-DEPOT WON WITH A NEARER ASSIGNABLE DEPOT AVAILABLE
[C48P] PAIR Seeds :: drone=Drone#2000038815 | chose veg-offer(VegetationTaskRequester) dist=12374 amt=280 flags=rfSupply | dest building(ForestationPlant) | nearest ASSIGNABLE depot=StorageSeeds#14612 dist=7141 | ⭐⭐ NON-DEPOT WON WITH A NEARER ASSIGNABLE DEPOT AVAILABLE
						Lua 0:01:29:340
[mod] [C48P] PAIR Food :: drone=Drone#2000034610 | chose loose-pile(ResourceStockpile) dist=21766 amt=1000 flags=rfSupply+rfPostInQueue+rfWaitToFill | dest building(Diner) | nearest ASSIGNABLE depot=StationSmall#12472 dist=2147483647 | -
[C48P] PAIR Food :: drone=Drone#2000034610 | chose loose-pile(ResourceStockpile) dist=21766 amt=1000 flags=rfSupply+rfPostInQueue+rfWaitToFill | dest building(Diner) | nearest ASSIGNABLE depot=StationSmall#12472 dist=2147483647 | -
						Lua 0:01:29:405
[mod] [C48P] PAIR Seeds :: drone=Drone#2000040065 | chose veg-offer(VegetationTaskRequester) dist=30398 amt=280 flags=rfSupply | dest building(ForestationPlant) | nearest ASSIGNABLE depot=StorageSeeds#15037 dist=40917 | -
[C48P] PAIR Seeds :: drone=Drone#2000040065 | chose veg-offer(VegetationTaskRequester) dist=30398 amt=280 flags=rfSupply | dest building(ForestationPlant) | nearest ASSIGNABLE depot=StorageSeeds#15037 dist=40917 | -
						Lua 0:01:29:510
[mod] [C48P] PAIR Food :: drone=Drone#2000015998 | chose depot(StorageFood) dist=6666 amt=1000 flags=rfSupply+rfStorageDepot | dest building(Diner) | nearest ASSIGNABLE depot=StorageFood#5298 dist=6666 | -
[C48P] PAIR Food :: drone=Drone#2000015998 | chose depot(StorageFood) dist=6666 amt=1000 flags=rfSupply+rfStorageDepot | dest building(Diner) | nearest ASSIGNABLE depot=StorageFood#5298 dist=6666 | -
						Lua 0:01:29:530
[mod] [C48P] PAIR Seeds :: drone=Drone#2000038816 | chose veg-offer(VegetationTaskRequester) dist=6568 amt=280 flags=rfSupply | dest building(ForestationPlant) | nearest ASSIGNABLE depot=StorageSeeds#14612 dist=7207 | -
[C48P] PAIR Seeds :: drone=Drone#2000038816 | chose veg-offer(VegetationTaskRequester) dist=6568 amt=280 flags=rfSupply | dest building(ForestationPlant) | nearest ASSIGNABLE depot=StorageSeeds#14612 dist=7207 | -
						Lua 0:01:29:576
[mod] [C48P] PAIR Seeds :: drone=Drone#2000003964 | chose veg-offer(VegetationTaskRequester) dist=30649 amt=280 flags=rfSupply | dest building(ForestationPlant) | nearest ASSIGNABLE depot=StationSmall#12631 dist=12934 | ⭐⭐ NON-DEPOT WON WITH A NEARER ASSIGNABLE DEPOT AVAILABLE
[C48P] PAIR Seeds :: drone=Drone#2000003964 | chose veg-offer(VegetationTaskRequester) dist=30649 amt=280 flags=rfSupply | dest building(ForestationPlant) | nearest ASSIGNABLE depot=StationSmall#12631 dist=12934 | ⭐⭐ NON-DEPOT WON WITH A NEARER ASSIGNABLE DEPOT AVAILABLE
						Lua 0:01:29:578
[mod] [C48P] PAIR Seeds :: drone=Drone#2000004127 | chose veg-offer(VegetationTaskRequester) dist=26464 amt=280 flags=rfSupply | dest building(ForestationPlant) | nearest ASSIGNABLE depot=StationSmall#12631 dist=14838 | ⭐⭐ NON-DEPOT WON WITH A NEARER ASSIGNABLE DEPOT AVAILABLE
[C48P] PAIR Seeds :: drone=Drone#2000004127 | chose veg-offer(VegetationTaskRequester) dist=26464 amt=280 flags=rfSupply | dest building(ForestationPlant) | nearest ASSIGNABLE depot=StationSmall#12631 dist=14838 | ⭐⭐ NON-DEPOT WON WITH A NEARER ASSIGNABLE DEPOT AVAILABLE
						Lua 0:01:29:624
[mod] [C48P] PAIR Seeds :: drone=Drone#2000013710 | chose veg-offer(VegetationTaskRequester) dist=17003 amt=27 flags=rfSupply | dest depot(StorageSeeds) | nearest ASSIGNABLE depot=UniversalStorageDepot#4532 dist=4204 | ⭐⭐ NON-DEPOT WON WITH A NEARER ASSIGNABLE DEPOT AVAILABLE
[C48P] PAIR Seeds :: drone=Drone#2000013710 | chose veg-offer(VegetationTaskRequester) dist=17003 amt=27 flags=rfSupply | dest depot(StorageSeeds) | nearest ASSIGNABLE depot=UniversalStorageDepot#4532 dist=4204 | ⭐⭐ NON-DEPOT WON WITH A NEARER ASSIGNABLE DEPOT AVAILABLE
						Lua 0:01:29:937
[mod] [C48P] PAIR Seeds :: drone=Drone#2000037357 | chose veg-offer(VegetationTaskRequester) dist=32032 amt=280 flags=rfSupply | dest building(ForestationPlant) | nearest ASSIGNABLE depot=StationSmall#12496 dist=9771 | ⭐⭐ NON-DEPOT WON WITH A NEARER ASSIGNABLE DEPOT AVAILABLE
[C48P] PAIR Seeds :: drone=Drone#2000037357 | chose veg-offer(VegetationTaskRequester) dist=32032 amt=280 flags=rfSupply | dest building(ForestationPlant) | nearest ASSIGNABLE depot=StationSmall#12496 dist=9771 | ⭐⭐ NON-DEPOT WON WITH A NEARER ASSIGNABLE DEPOT AVAILABLE
						Lua 0:01:29:962
[mod] [C48P] PAIR Food :: drone=Drone#2000022172 | chose depot(StorageFood) dist=799 amt=1000 flags=rfSupply+rfStorageDepot | dest building(Diner) | nearest ASSIGNABLE depot=StorageFood#8292 dist=799 | -
[C48P] PAIR Food :: drone=Drone#2000022172 | chose depot(StorageFood) dist=799 amt=1000 flags=rfSupply+rfStorageDepot | dest building(Diner) | nearest ASSIGNABLE depot=StorageFood#8292 dist=799 | -
						Lua 0:01:29:981
[mod] [C48P] PAIR Seeds :: drone=Drone#2000022173 | chose veg-offer(VegetationTaskRequester) dist=23282 amt=280 flags=rfSupply | dest building(ForestationPlant) | nearest ASSIGNABLE depot=StationSmall#12496 dist=22854 | ⭐⭐ NON-DEPOT WON WITH A NEARER ASSIGNABLE DEPOT AVAILABLE
[C48P] PAIR Seeds :: drone=Drone#2000022173 | chose veg-offer(VegetationTaskRequester) dist=23282 amt=280 flags=rfSupply | dest building(ForestationPlant) | nearest ASSIGNABLE depot=StationSmall#12496 dist=22854 | ⭐⭐ NON-DEPOT WON WITH A NEARER ASSIGNABLE DEPOT AVAILABLE
						Lua 0:01:30:073
[mod] [C48P] PAIR Food :: drone=Drone#2000000924 | chose loose-pile(ResourceStockpile) dist=23601 amt=1000 flags=rfSupply+rfPostInQueue+rfWaitToFill | dest building(Diner) | nearest ASSIGNABLE depot=UniversalStorageDepot#2870 dist=2113 | ⭐⭐ NON-DEPOT WON WITH A NEARER ASSIGNABLE DEPOT AVAILABLE
[C48P] PAIR Food :: drone=Drone#2000000924 | chose loose-pile(ResourceStockpile) dist=23601 amt=1000 flags=rfSupply+rfPostInQueue+rfWaitToFill | dest building(Diner) | nearest ASSIGNABLE depot=UniversalStorageDepot#2870 dist=2113 | ⭐⭐ NON-DEPOT WON WITH A NEARER ASSIGNABLE DEPOT AVAILABLE
						Lua 0:01:30:104
[mod] [C48P] PAIR Food :: drone=Drone#2000022168 | chose depot(StorageFood) dist=57349 amt=1000 flags=rfSupply+rfStorageDepot | dest building(ShopsFood) | nearest ASSIGNABLE depot=StorageFood#8292 dist=11305 | -
[C48P] PAIR Food :: drone=Drone#2000022168 | chose depot(StorageFood) dist=57349 amt=1000 flags=rfSupply+rfStorageDepot | dest building(ShopsFood) | nearest ASSIGNABLE depot=StorageFood#8292 dist=11305 | -
						Lua 0:01:30:180
[mod] [C48P] PAIR Seeds :: drone=Drone#2000018573 | chose veg-offer(VegetationTaskRequester) dist=6496 amt=6 flags=rfSupply | dest depot(StorageSeeds) | nearest ASSIGNABLE depot=UniversalStorageDepot#6615 dist=4941 | ⭐⭐ NON-DEPOT WON WITH A NEARER ASSIGNABLE DEPOT AVAILABLE
[C48P] PAIR Seeds :: drone=Drone#2000018573 | chose veg-offer(VegetationTaskRequester) dist=6496 amt=6 flags=rfSupply | dest depot(StorageSeeds) | nearest ASSIGNABLE depot=UniversalStorageDepot#6615 dist=4941 | ⭐⭐ NON-DEPOT WON WITH A NEARER ASSIGNABLE DEPOT AVAILABLE
						Lua 0:01:30:361
[mod] [C48P] PAIR Food :: drone=Drone#2000034611 | chose loose-pile(ResourceStockpile) dist=17689 amt=1000 flags=rfSupply+rfPostInQueue+rfWaitToFill | dest building(Diner) | nearest ASSIGNABLE depot=StationSmall#12472 dist=2147483647 | -
[C48P] PAIR Food :: drone=Drone#2000034611 | chose loose-pile(ResourceStockpile) dist=17689 amt=1000 flags=rfSupply+rfPostInQueue+rfWaitToFill | dest building(Diner) | nearest ASSIGNABLE depot=StationSmall#12472 dist=2147483647 | -
						Lua 0:01:30:407
[mod] [C48P] PAIR Food :: drone=Drone#2000003931 | chose depot(StorageFood) dist=9454 amt=1200 flags=rfSupply+rfStorageDepot | dest building(ShopsFood_Small) | nearest ASSIGNABLE depot=UniversalStorageDepot#1471 dist=1730 | -
[C48P] PAIR Food :: drone=Drone#2000003931 | chose depot(StorageFood) dist=9454 amt=1200 flags=rfSupply+rfStorageDepot | dest building(ShopsFood_Small) | nearest ASSIGNABLE depot=UniversalStorageDepot#1471 dist=1730 | -
						Lua 0:01:30:511
[mod] [C48P] PAIR Food :: drone=Drone#2000028595 | chose veg-offer(VegetationTaskRequester) dist=22597 amt=320 flags=rfSupply | dest building(MegaMall) | nearest ASSIGNABLE depot=UniversalStorageDepot#4544 dist=2976 | ⭐⭐ NON-DEPOT WON WITH A NEARER ASSIGNABLE DEPOT AVAILABLE
[C48P] PAIR Food :: drone=Drone#2000028595 | chose veg-offer(VegetationTaskRequester) dist=22597 amt=320 flags=rfSupply | dest building(MegaMall) | nearest ASSIGNABLE depot=UniversalStorageDepot#4544 dist=2976 | ⭐⭐ NON-DEPOT WON WITH A NEARER ASSIGNABLE DEPOT AVAILABLE
						Lua 0:01:30:530
[mod] [C48P] PAIR Food :: drone=Drone#2000022166 | chose depot(StationSmall) dist=25521 amt=1400 flags=rfSupply+rfStorageDepot | dest building(MegaMall) | nearest ASSIGNABLE depot=StorageFood#8292 dist=6723 | -
[C48P] PAIR Food :: drone=Drone#2000022166 | chose depot(StationSmall) dist=25521 amt=1400 flags=rfSupply+rfStorageDepot | dest building(MegaMall) | nearest ASSIGNABLE depot=StorageFood#8292 dist=6723 | -
						Lua 0:01:30:807
[mod] [C48P] PAIR Food :: drone=Drone#2000034615 | chose depot(StationSmall) dist=15188 amt=1000 flags=rfSupply+rfStorageDepot | dest building(MegaMall) | nearest ASSIGNABLE depot=StationSmall#12472 dist=2147483647 | -
[C48P] PAIR Food :: drone=Drone#2000034615 | chose depot(StationSmall) dist=15188 amt=1000 flags=rfSupply+rfStorageDepot | dest building(MegaMall) | nearest ASSIGNABLE depot=StationSmall#12472 dist=2147483647 | -
						Lua 0:01:30:878
[mod] [C48P] PAIR Food :: drone=Drone#2000008789 | chose depot(StationSmall) dist=36879 amt=1000 flags=rfSupply+rfStorageDepot | dest building(MegaMall) | nearest ASSIGNABLE depot=StorageFood#3562 dist=22356 | -
[C48P] PAIR Food :: drone=Drone#2000008789 | chose depot(StationSmall) dist=36879 amt=1000 flags=rfSupply+rfStorageDepot | dest building(MegaMall) | nearest ASSIGNABLE depot=StorageFood#3562 dist=22356 | -
						Lua 0:01:30:889
[mod] [C48P] PAIR Food :: drone=Drone#2000008794 | chose depot(StationSmall) dist=37786 amt=1200 flags=rfSupply+rfStorageDepot | dest building(ShopsFood_Small) | nearest ASSIGNABLE depot=StorageFood#3562 dist=23492 | -
[C48P] PAIR Food :: drone=Drone#2000008794 | chose depot(StationSmall) dist=37786 amt=1200 flags=rfSupply+rfStorageDepot | dest building(ShopsFood_Small) | nearest ASSIGNABLE depot=StorageFood#3562 dist=23492 | -
						Lua 0:01:30:935
[mod] [C48P] PAIR Food :: drone=Drone#2000034613 | chose depot(StationSmall) dist=11603 amt=1000 flags=rfSupply+rfStorageDepot | dest building(ShopsFood) | nearest ASSIGNABLE depot=StationSmall#12472 dist=2147483647 | -
[C48P] PAIR Food :: drone=Drone#2000034613 | chose depot(StationSmall) dist=11603 amt=1000 flags=rfSupply+rfStorageDepot | dest building(ShopsFood) | nearest ASSIGNABLE depot=StationSmall#12472 dist=2147483647 | -
						Lua 0:01:30:946
[mod] [C48P] PAIR Food :: drone=Drone#2000002661 | chose depot(StorageFood) dist=7065 amt=1000 flags=rfSupply+rfStorageDepot | dest building(MegaMall) | nearest ASSIGNABLE depot=UniversalStorageDepot#1471 dist=1383 | -
[C48P] PAIR Food :: drone=Drone#2000002661 | chose depot(StorageFood) dist=7065 amt=1000 flags=rfSupply+rfStorageDepot | dest building(MegaMall) | nearest ASSIGNABLE depot=UniversalStorageDepot#1471 dist=1383 | -
[mod] [C48P] PAIR Food :: drone=Drone#2000003929 | chose depot(StorageFood) dist=11027 amt=1000 flags=rfSupply+rfStorageDepot | dest building(MegaMall) | nearest ASSIGNABLE depot=UniversalStorageDepot#1471 dist=2848 | -
[C48P] PAIR Food :: drone=Drone#2000003929 | chose depot(StorageFood) dist=11027 amt=1000 flags=rfSupply+rfStorageDepot | dest building(MegaMall) | nearest ASSIGNABLE depot=UniversalStorageDepot#1471 dist=2848 | -
						Lua 0:01:31:028
[mod] [C48P] PAIR Food :: drone=Drone#2000037355 | chose depot(StorageFood) dist=49877 amt=1000 flags=rfSupply+rfStorageDepot | dest building(ShopsFood) | nearest ASSIGNABLE depot=StorageFood#8292 dist=602 | -
[C48P] PAIR Food :: drone=Drone#2000037355 | chose depot(StorageFood) dist=49877 amt=1000 flags=rfSupply+rfStorageDepot | dest building(ShopsFood) | nearest ASSIGNABLE depot=StorageFood#8292 dist=602 | -
						Lua 0:01:31:060
[mod] [C48P] PAIR Food :: drone=Drone#2000028588 | chose veg-offer(VegetationTaskRequester) dist=26543 amt=1080 flags=rfSupply | dest building(MegaMall) | nearest ASSIGNABLE depot=StationSmall#4552 dist=3149 | ⭐⭐ NON-DEPOT WON WITH A NEARER ASSIGNABLE DEPOT AVAILABLE
[C48P] PAIR Food :: drone=Drone#2000028588 | chose veg-offer(VegetationTaskRequester) dist=26543 amt=1080 flags=rfSupply | dest building(MegaMall) | nearest ASSIGNABLE depot=StationSmall#4552 dist=3149 | ⭐⭐ NON-DEPOT WON WITH A NEARER ASSIGNABLE DEPOT AVAILABLE
						Lua 0:01:31:215
[mod] [C48P] PAIR Food :: drone=Drone#2000008792 | chose loose-pile(ResourceStockpileLR) dist=28886 amt=1000 flags=rfSupply+rfWaitToFill+rfStorageDepot | dest building(Diner) | nearest ASSIGNABLE depot=StorageFood#3562 dist=16789 | ⭐⭐ NON-DEPOT WON WITH A NEARER ASSIGNABLE DEPOT AVAILABLE
[C48P] PAIR Food :: drone=Drone#2000008792 | chose loose-pile(ResourceStockpileLR) dist=28886 amt=1000 flags=rfSupply+rfWaitToFill+rfStorageDepot | dest building(Diner) | nearest ASSIGNABLE depot=StorageFood#3562 dist=16789 | ⭐⭐ NON-DEPOT WON WITH A NEARER ASSIGNABLE DEPOT AVAILABLE
						Lua 0:01:31:245
[mod] [C48P] PAIR Seeds :: drone=Drone#2000000921 | chose veg-offer(VegetationTaskRequester) dist=19428 amt=280 flags=rfSupply | dest building(OpenFarm) | nearest ASSIGNABLE depot=StorageSeeds#15963 dist=10520 | ⭐⭐ NON-DEPOT WON WITH A NEARER ASSIGNABLE DEPOT AVAILABLE
[C48P] PAIR Seeds :: drone=Drone#2000000921 | chose veg-offer(VegetationTaskRequester) dist=19428 amt=280 flags=rfSupply | dest building(OpenFarm) | nearest ASSIGNABLE depot=StorageSeeds#15963 dist=10520 | ⭐⭐ NON-DEPOT WON WITH A NEARER ASSIGNABLE DEPOT AVAILABLE
						Lua 0:01:31:295
[mod] [C48P] PAIR Seeds :: drone=Drone#2000013714 | chose veg-offer(VegetationTaskRequester) dist=9428 amt=280 flags=rfSupply | dest building(ForestationPlant) | nearest ASSIGNABLE depot=UniversalStorageDepot#4532 dist=6887 | ⭐⭐ NON-DEPOT WON WITH A NEARER ASSIGNABLE DEPOT AVAILABLE
[C48P] PAIR Seeds :: drone=Drone#2000013714 | chose veg-offer(VegetationTaskRequester) dist=9428 amt=280 flags=rfSupply | dest building(ForestationPlant) | nearest ASSIGNABLE depot=UniversalStorageDepot#4532 dist=6887 | ⭐⭐ NON-DEPOT WON WITH A NEARER ASSIGNABLE DEPOT AVAILABLE
						Lua 0:01:31:341
[mod] [C48P] PAIR Seeds :: drone=Drone#2000040069 | chose veg-offer(VegetationTaskRequester) dist=55505 amt=280 flags=rfSupply | dest building(ForestationPlant) | nearest ASSIGNABLE depot=UniversalStorageDepot#15036 dist=40830 | ⭐⭐ NON-DEPOT WON WITH A NEARER ASSIGNABLE DEPOT AVAILABLE
[C48P] PAIR Seeds :: drone=Drone#2000040069 | chose veg-offer(VegetationTaskRequester) dist=55505 amt=280 flags=rfSupply | dest building(ForestationPlant) | nearest ASSIGNABLE depot=UniversalStorageDepot#15036 dist=40830 | ⭐⭐ NON-DEPOT WON WITH A NEARER ASSIGNABLE DEPOT AVAILABLE
						Lua 0:01:31:446
[mod] [C48P] PAIR Food :: drone=Drone#2000016022 | chose depot(StorageFood) dist=5836 amt=1000 flags=rfSupply+rfStorageDepot | dest building(Diner) | nearest ASSIGNABLE depot=StorageFood#5298 dist=5836 | -
						Lua 0:01:31:447
[C48P] PAIR Food :: drone=Drone#2000016022 | chose depot(StorageFood) dist=5836 amt=1000 flags=rfSupply+rfStorageDepot | dest building(Diner) | nearest ASSIGNABLE depot=StorageFood#5298 dist=5836 | -
						Lua 0:01:31:473
[mod] [C48P] PAIR Food :: drone=Drone#2000028593 | chose veg-offer(VegetationTaskRequester) dist=30880 amt=1000 flags=rfSupply | dest building(ShopsFood) | nearest ASSIGNABLE depot=UniversalStorageDepot#4544 dist=5821 | ⭐⭐ NON-DEPOT WON WITH A NEARER ASSIGNABLE DEPOT AVAILABLE
[C48P] PAIR Food :: drone=Drone#2000028593 | chose veg-offer(VegetationTaskRequester) dist=30880 amt=1000 flags=rfSupply | dest building(ShopsFood) | nearest ASSIGNABLE depot=UniversalStorageDepot#4544 dist=5821 | ⭐⭐ NON-DEPOT WON WITH A NEARER ASSIGNABLE DEPOT AVAILABLE
						Lua 0:01:31:500
[mod] [C48P] PAIR Food :: drone=Drone#2000037358 | chose depot(StorageFood) dist=48733 amt=1200 flags=rfSupply+rfStorageDepot | dest building(MegaMall) | nearest ASSIGNABLE depot=StorageFood#8292 dist=5995 | -
[C48P] PAIR Food :: drone=Drone#2000037358 | chose depot(StorageFood) dist=48733 amt=1200 flags=rfSupply+rfStorageDepot | dest building(MegaMall) | nearest ASSIGNABLE depot=StorageFood#8292 dist=5995 | -
						Lua 0:01:31:502
[mod] [C48P] PAIR Food :: drone=Drone#2000015997 | chose depot(StorageFood) dist=7078 amt=1000 flags=rfSupply+rfStorageDepot | dest building(MegaMall) | nearest ASSIGNABLE depot=StorageFood#5298 dist=7078 | -
[C48P] PAIR Food :: drone=Drone#2000015997 | chose depot(StorageFood) dist=7078 amt=1000 flags=rfSupply+rfStorageDepot | dest building(MegaMall) | nearest ASSIGNABLE depot=StorageFood#5298 dist=7078 | -
						Lua 0:01:31:545
[mod] [C48P] PAIR Food :: drone=Drone#2000016029 | chose depot(StationSmall) dist=30774 amt=4000 flags=rfSupply+rfStorageDepot | dest depot(StorageFood) | nearest ASSIGNABLE depot=StorageFood#5298 dist=2840 | -
[C48P] PAIR Food :: drone=Drone#2000016029 | chose depot(StationSmall) dist=30774 amt=4000 flags=rfSupply+rfStorageDepot | dest depot(StorageFood) | nearest ASSIGNABLE depot=StorageFood#5298 dist=2840 | -
						Lua 0:01:31:559
[mod] [C48P] PAIR Food :: drone=Drone#2000022159 | chose depot(StationSmall) dist=22383 amt=4000 flags=rfSupply+rfStorageDepot | dest depot(StorageFood) | nearest ASSIGNABLE depot=StorageFood#8292 dist=4480 | -
[C48P] PAIR Food :: drone=Drone#2000022159 | chose depot(StationSmall) dist=22383 amt=4000 flags=rfSupply+rfStorageDepot | dest depot(StorageFood) | nearest ASSIGNABLE depot=StorageFood#8292 dist=4480 | -
						Lua 0:01:31:705
[mod] [C48P] PAIR Seeds :: drone=Drone#2000018574 | chose veg-offer(VegetationTaskRequester) dist=11089 amt=4 flags=rfSupply | dest depot(StorageSeeds) | nearest ASSIGNABLE depot=UniversalStorageDepot#6615 dist=5976 | ⭐⭐ NON-DEPOT WON WITH A NEARER ASSIGNABLE DEPOT AVAILABLE
[C48P] PAIR Seeds :: drone=Drone#2000018574 | chose veg-offer(VegetationTaskRequester) dist=11089 amt=4 flags=rfSupply | dest depot(StorageSeeds) | nearest ASSIGNABLE depot=UniversalStorageDepot#6615 dist=5976 | ⭐⭐ NON-DEPOT WON WITH A NEARER ASSIGNABLE DEPOT AVAILABLE
						Lua 0:01:31:798
[mod] [C48P] PAIR Seeds :: drone=Drone#2000018581 | chose veg-offer(VegetationTaskRequester) dist=6511 amt=2 flags=rfSupply | dest depot(StorageSeeds) | nearest ASSIGNABLE depot=StorageSeeds#6617 dist=978 | ⭐⭐ NON-DEPOT WON WITH A NEARER ASSIGNABLE DEPOT AVAILABLE
[C48P] PAIR Seeds :: drone=Drone#2000018581 | chose veg-offer(VegetationTaskRequester) dist=6511 amt=2 flags=rfSupply | dest depot(StorageSeeds) | nearest ASSIGNABLE depot=StorageSeeds#6617 dist=978 | ⭐⭐ NON-DEPOT WON WITH A NEARER ASSIGNABLE DEPOT AVAILABLE
						Lua 0:01:31:817
[mod] [C48P] PAIR Food :: drone=Drone#2000034612 | chose depot(StationSmall) dist=12644 amt=1600 flags=rfSupply+rfStorageDepot | dest building(Diner) | nearest ASSIGNABLE depot=StationSmall#12472 dist=2147483647 | -
[C48P] PAIR Food :: drone=Drone#2000034612 | chose depot(StationSmall) dist=12644 amt=1600 flags=rfSupply+rfStorageDepot | dest building(Diner) | nearest ASSIGNABLE depot=StationSmall#12472 dist=2147483647 | -
						Lua 0:01:31:821
[mod] [C48P] PAIR Seeds :: drone=Drone#2000040066 | chose veg-offer(VegetationTaskRequester) dist=24404 amt=280 flags=rfSupply | dest building(ForestationPlant) | nearest ASSIGNABLE depot=UniversalStorageDepot#15036 dist=8520 | ⭐⭐ NON-DEPOT WON WITH A NEARER ASSIGNABLE DEPOT AVAILABLE
[C48P] PAIR Seeds :: drone=Drone#2000040066 | chose veg-offer(VegetationTaskRequester) dist=24404 amt=280 flags=rfSupply | dest building(ForestationPlant) | nearest ASSIGNABLE depot=UniversalStorageDepot#15036 dist=8520 | ⭐⭐ NON-DEPOT WON WITH A NEARER ASSIGNABLE DEPOT AVAILABLE
						Lua 0:01:31:864
[mod] [C48P] PAIR Food :: drone=Drone#2000015995 | chose depot(StorageFood) dist=2912 amt=1000 flags=rfSupply+rfStorageDepot | dest building(ShopsFood) | nearest ASSIGNABLE depot=StorageFood#5298 dist=2912 | -
[C48P] PAIR Food :: drone=Drone#2000015995 | chose depot(StorageFood) dist=2912 amt=1000 flags=rfSupply+rfStorageDepot | dest building(ShopsFood) | nearest ASSIGNABLE depot=StorageFood#5298 dist=2912 | -
						Lua 0:01:32:110
[mod] [C48P] PAIR Food :: drone=Drone#2000000915 | chose loose-pile(ResourceStockpile) dist=23101 amt=1000 flags=rfSupply+rfPostInQueue+rfWaitToFill | dest building(Diner) | nearest ASSIGNABLE depot=UniversalStorageDepot#2870 dist=2096 | ⭐⭐ NON-DEPOT WON WITH A NEARER ASSIGNABLE DEPOT AVAILABLE
[C48P] PAIR Food :: drone=Drone#2000000915 | chose loose-pile(ResourceStockpile) dist=23101 amt=1000 flags=rfSupply+rfPostInQueue+rfWaitToFill | dest building(Diner) | nearest ASSIGNABLE depot=UniversalStorageDepot#2870 dist=2096 | ⭐⭐ NON-DEPOT WON WITH A NEARER ASSIGNABLE DEPOT AVAILABLE
						Lua 0:01:32:172
[mod] [C48P] PAIR Seeds :: drone=Drone#2000040068 | chose veg-offer(VegetationTaskRequester) dist=15812 amt=280 flags=rfSupply | dest building(ForestationPlant) | nearest ASSIGNABLE depot=UniversalStorageDepot#15036 dist=9149 | ⭐⭐ NON-DEPOT WON WITH A NEARER ASSIGNABLE DEPOT AVAILABLE
[C48P] PAIR Seeds :: drone=Drone#2000040068 | chose veg-offer(VegetationTaskRequester) dist=15812 amt=280 flags=rfSupply | dest building(ForestationPlant) | nearest ASSIGNABLE depot=UniversalStorageDepot#15036 dist=9149 | ⭐⭐ NON-DEPOT WON WITH A NEARER ASSIGNABLE DEPOT AVAILABLE
						Lua 0:01:32:221
[mod] [C48P] PAIR Food :: drone=Drone#2000033509 | chose depot(StationSmall) dist=13228 amt=1000 flags=rfSupply+rfStorageDepot | dest building(MegaMall) | nearest ASSIGNABLE depot=StationSmall#12472 dist=2147483647 | -
[C48P] PAIR Food :: drone=Drone#2000033509 | chose depot(StationSmall) dist=13228 amt=1000 flags=rfSupply+rfStorageDepot | dest building(MegaMall) | nearest ASSIGNABLE depot=StationSmall#12472 dist=2147483647 | -
						Lua 0:01:32:244
[mod] [C48P] PAIR Seeds :: drone=Drone#2000013712 | chose veg-offer(VegetationTaskRequester) dist=26410 amt=27 flags=rfSupply | dest depot(StorageSeeds) | nearest ASSIGNABLE depot=StationSmall#6286 dist=23115 | ⭐⭐ NON-DEPOT WON WITH A NEARER ASSIGNABLE DEPOT AVAILABLE
[C48P] PAIR Seeds :: drone=Drone#2000013712 | chose veg-offer(VegetationTaskRequester) dist=26410 amt=27 flags=rfSupply | dest depot(StorageSeeds) | nearest ASSIGNABLE depot=StationSmall#6286 dist=23115 | ⭐⭐ NON-DEPOT WON WITH A NEARER ASSIGNABLE DEPOT AVAILABLE
						Lua 0:01:32:287
[mod] [C48P] PAIR Food :: drone=Drone#2000033512 | chose depot(StorageFood) dist=26311 amt=1958 flags=rfSupply+rfStorageDepot | dest depot(StationSmall) | nearest ASSIGNABLE depot=StationSmall#12472 dist=2147483647 | -
[C48P] PAIR Food :: drone=Drone#2000033512 | chose depot(StorageFood) dist=26311 amt=1958 flags=rfSupply+rfStorageDepot | dest depot(StationSmall) | nearest ASSIGNABLE depot=StationSmall#12472 dist=2147483647 | -
						Lua 0:01:32:513
[mod] [C48P] PAIR Food :: drone=Drone#2000008781 | chose loose-pile(ResourceStockpileLR) dist=34368 amt=1000 flags=rfSupply+rfWaitToFill+rfStorageDepot | dest building(Diner) | nearest ASSIGNABLE depot=StorageFood#3562 dist=23742 | ⭐⭐ NON-DEPOT WON WITH A NEARER ASSIGNABLE DEPOT AVAILABLE
[C48P] PAIR Food :: drone=Drone#2000008781 | chose loose-pile(ResourceStockpileLR) dist=34368 amt=1000 flags=rfSupply+rfWaitToFill+rfStorageDepot | dest building(Diner) | nearest ASSIGNABLE depot=StorageFood#3562 dist=23742 | ⭐⭐ NON-DEPOT WON WITH A NEARER ASSIGNABLE DEPOT AVAILABLE
						Lua 0:01:32:723
[mod] [C48P] PAIR Food :: drone=Drone#2000034614 | chose depot(StationSmall) dist=20262 amt=2000 flags=rfSupply+rfStorageDepot | dest building(MegaMall) | nearest ASSIGNABLE depot=StationSmall#12472 dist=2147483647 | -
[C48P] PAIR Food :: drone=Drone#2000034614 | chose depot(StationSmall) dist=20262 amt=2000 flags=rfSupply+rfStorageDepot | dest building(MegaMall) | nearest ASSIGNABLE depot=StationSmall#12472 dist=2147483647 | -
[mod] [C48P] PAIR Food :: drone=Drone#2000037356 | chose depot(StorageFood) dist=5797 amt=1200 flags=rfSupply+rfStorageDepot | dest building(Diner) | nearest ASSIGNABLE depot=StorageFood#8292 dist=5797 | -
[C48P] PAIR Food :: drone=Drone#2000037356 | chose depot(StorageFood) dist=5797 amt=1200 flags=rfSupply+rfStorageDepot | dest building(Diner) | nearest ASSIGNABLE depot=StorageFood#8292 dist=5797 | -
						Lua 0:01:32:737
[mod] [C48P] PAIR Food :: drone=Drone#2000022164 | chose depot(StationSmall) dist=25988 amt=4000 flags=rfSupply+rfStorageDepot | dest depot(StorageFood) | nearest ASSIGNABLE depot=StorageFood#8292 dist=6527 | -
[C48P] PAIR Food :: drone=Drone#2000022164 | chose depot(StationSmall) dist=25988 amt=4000 flags=rfSupply+rfStorageDepot | dest depot(StorageFood) | nearest ASSIGNABLE depot=StorageFood#8292 dist=6527 | -
						Lua 0:01:32:784
[mod] [C48P] PAIR Food :: drone=Drone#2000037484 | chose depot(UniversalStorageDepot) dist=2442 amt=2176 flags=rfSupply+rfStorageDepot | dest depot(StationSmall) | nearest ASSIGNABLE depot=StationSmall#12472 dist=2147483647 | -
[C48P] PAIR Food :: drone=Drone#2000037484 | chose depot(UniversalStorageDepot) dist=2442 amt=2176 flags=rfSupply+rfStorageDepot | dest depot(StationSmall) | nearest ASSIGNABLE depot=StationSmall#12472 dist=2147483647 | -
						Lua 0:01:32:810
[mod] [C48P] PAIR Food :: drone=Drone#2000037359 | chose depot(StorageFood) dist=47308 amt=1000 flags=rfSupply+rfStorageDepot | dest building(ShopsFood) | nearest ASSIGNABLE depot=StorageFood#8292 dist=5172 | -
[C48P] PAIR Food :: drone=Drone#2000037359 | chose depot(StorageFood) dist=47308 amt=1000 flags=rfSupply+rfStorageDepot | dest building(ShopsFood) | nearest ASSIGNABLE depot=StorageFood#8292 dist=5172 | -
						Lua 0:01:32:815
[mod] [C48P] PAIR Food :: drone=Drone#2000037481 | chose building(Elevator) dist=4237 amt=1500 flags=rfSupply+rfStorageDepot | dest depot(StationSmall) | nearest ASSIGNABLE depot=StationSmall#12472 dist=2147483647 | -
[C48P] PAIR Food :: drone=Drone#2000037481 | chose building(Elevator) dist=4237 amt=1500 flags=rfSupply+rfStorageDepot | dest depot(StationSmall) | nearest ASSIGNABLE depot=StationSmall#12472 dist=2147483647 | -
						Lua 0:01:32:883
[mod] [C48P] PAIR Food :: drone=Drone#2000028602 | chose veg-offer(VegetationTaskRequester) dist=26203 amt=1000 flags=rfSupply | dest building(Diner) | nearest ASSIGNABLE depot=UniversalStorageDepot#4544 dist=1902 | ⭐⭐ NON-DEPOT WON WITH A NEARER ASSIGNABLE DEPOT AVAILABLE
[C48P] PAIR Food :: drone=Drone#2000028602 | chose veg-offer(VegetationTaskRequester) dist=26203 amt=1000 flags=rfSupply | dest building(Diner) | nearest ASSIGNABLE depot=UniversalStorageDepot#4544 dist=1902 | ⭐⭐ NON-DEPOT WON WITH A NEARER ASSIGNABLE DEPOT AVAILABLE
						Lua 0:01:32:953
[mod] [C48P] PAIR Food :: drone=Drone#2000031803 | chose depot(StationSmall) dist=27349 amt=4000 flags=rfSupply+rfStorageDepot | dest building(Elevator) | nearest ASSIGNABLE depot=UniversalStorageDepot#9296 dist=7848 | -
[C48P] PAIR Food :: drone=Drone#2000031803 | chose depot(StationSmall) dist=27349 amt=4000 flags=rfSupply+rfStorageDepot | dest building(Elevator) | nearest ASSIGNABLE depot=UniversalStorageDepot#9296 dist=7848 | -
						Lua 0:01:33:239
[mod] [C48P] PAIR Food :: drone=Drone#2000008601 | chose depot(StationSmall) dist=33083 amt=1000 flags=rfSupply+rfStorageDepot | dest building(Diner) | nearest ASSIGNABLE depot=StorageFood#3562 dist=18564 | -
[C48P] PAIR Food :: drone=Drone#2000008601 | chose depot(StationSmall) dist=33083 amt=1000 flags=rfSupply+rfStorageDepot | dest building(Diner) | nearest ASSIGNABLE depot=StorageFood#3562 dist=18564 | -
[mod] [C48P] PAIR Food :: drone=Drone#2000028600 | chose veg-offer(VegetationTaskRequester) dist=29513 amt=1000 flags=rfSupply | dest building(ShopsFood) | nearest ASSIGNABLE depot=StationSmall#4552 dist=6050 | ⭐⭐ NON-DEPOT WON WITH A NEARER ASSIGNABLE DEPOT AVAILABLE
[C48P] PAIR Food :: drone=Drone#2000028600 | chose veg-offer(VegetationTaskRequester) dist=29513 amt=1000 flags=rfSupply | dest building(ShopsFood) | nearest ASSIGNABLE depot=StationSmall#4552 dist=6050 | ⭐⭐ NON-DEPOT WON WITH A NEARER ASSIGNABLE DEPOT AVAILABLE
						Lua 0:01:33:302
[mod] [C48P] PAIR Food :: drone=Drone#2000016024 | chose depot(StorageFood) dist=4380 amt=1000 flags=rfSupply+rfStorageDepot | dest building(MegaMall) | nearest ASSIGNABLE depot=StorageFood#5298 dist=4380 | -
[C48P] PAIR Food :: drone=Drone#2000016024 | chose depot(StorageFood) dist=4380 amt=1000 flags=rfSupply+rfStorageDepot | dest building(MegaMall) | nearest ASSIGNABLE depot=StorageFood#5298 dist=4380 | -
						Lua 0:01:33:323
[mod] [C48P] PAIR Seeds :: drone=Drone#2000018572 | chose veg-offer(VegetationTaskRequester) dist=9317 amt=2 flags=rfSupply | dest depot(StorageSeeds) | nearest ASSIGNABLE depot=UniversalStorageDepot#6615 dist=5713 | ⭐⭐ NON-DEPOT WON WITH A NEARER ASSIGNABLE DEPOT AVAILABLE
[C48P] PAIR Seeds :: drone=Drone#2000018572 | chose veg-offer(VegetationTaskRequester) dist=9317 amt=2 flags=rfSupply | dest depot(StorageSeeds) | nearest ASSIGNABLE depot=UniversalStorageDepot#6615 dist=5713 | ⭐⭐ NON-DEPOT WON WITH A NEARER ASSIGNABLE DEPOT AVAILABLE
						Lua 0:01:33:454
[mod] [C48P] PAIR Food :: drone=Drone#2000022174 | chose depot(StationSmall) dist=18046 amt=1000 flags=rfSupply+rfStorageDepot | dest building(MegaMall) | nearest ASSIGNABLE depot=StorageFood#8292 dist=1661 | -
[C48P] PAIR Food :: drone=Drone#2000022174 | chose depot(StationSmall) dist=18046 amt=1000 flags=rfSupply+rfStorageDepot | dest building(MegaMall) | nearest ASSIGNABLE depot=StorageFood#8292 dist=1661 | -
						Lua 0:01:33:456
[mod] [C48P] PAIR Food :: drone=Drone#2000022162 | chose depot(StorageFood) dist=48550 amt=1000 flags=rfSupply+rfStorageDepot | dest building(MegaMall) | nearest ASSIGNABLE depot=StorageFood#8292 dist=5678 | -
[C48P] PAIR Food :: drone=Drone#2000022162 | chose depot(StorageFood) dist=48550 amt=1000 flags=rfSupply+rfStorageDepot | dest building(MegaMall) | nearest ASSIGNABLE depot=StorageFood#8292 dist=5678 | -
						Lua 0:01:33:523
[mod] [C48P] PAIR Food :: drone=Drone#2000028601 | chose veg-offer(VegetationTaskRequester) dist=28114 amt=1200 flags=rfSupply | dest building(MegaMall) | nearest ASSIGNABLE depot=StationSmall#4552 dist=3504 | ⭐⭐ NON-DEPOT WON WITH A NEARER ASSIGNABLE DEPOT AVAILABLE
[C48P] PAIR Food :: drone=Drone#2000028601 | chose veg-offer(VegetationTaskRequester) dist=28114 amt=1200 flags=rfSupply | dest building(MegaMall) | nearest ASSIGNABLE depot=StationSmall#4552 dist=3504 | ⭐⭐ NON-DEPOT WON WITH A NEARER ASSIGNABLE DEPOT AVAILABLE
						Lua 0:01:33:572
[mod] [C48P] PAIR Food :: drone=Drone#2000008599 | chose depot(StationSmall) dist=36886 amt=1000 flags=rfSupply+rfStorageDepot | dest building(ShopsFood_Small) | nearest ASSIGNABLE depot=StorageFood#3562 dist=22424 | -
[C48P] PAIR Food :: drone=Drone#2000008599 | chose depot(StationSmall) dist=36886 amt=1000 flags=rfSupply+rfStorageDepot | dest building(ShopsFood_Small) | nearest ASSIGNABLE depot=StorageFood#3562 dist=22424 | -
						Lua 0:01:33:603
[mod] [C48P] PAIR Food :: drone=Drone#2000008780 | chose depot(StorageFood) dist=26036 amt=1000 flags=rfSupply+rfStorageDepot | dest building(MegaMall) | nearest ASSIGNABLE depot=StorageFood#3562 dist=23067 | -
[C48P] PAIR Food :: drone=Drone#2000008780 | chose depot(StorageFood) dist=26036 amt=1000 flags=rfSupply+rfStorageDepot | dest building(MegaMall) | nearest ASSIGNABLE depot=StorageFood#3562 dist=23067 | -
						Lua 0:01:33:638
[mod] [C48P] PAIR Food :: drone=Drone#2000033516 | chose depot(StationSmall) dist=8177 amt=1000 flags=rfSupply+rfStorageDepot | dest building(Diner) | nearest ASSIGNABLE depot=StationSmall#12472 dist=2147483647 | -
[C48P] PAIR Food :: drone=Drone#2000033516 | chose depot(StationSmall) dist=8177 amt=1000 flags=rfSupply+rfStorageDepot | dest building(Diner) | nearest ASSIGNABLE depot=StationSmall#12472 dist=2147483647 | -
						Lua 0:01:33:792
[mod] [C48P] PAIR Seeds :: drone=Drone#2000018575 | chose veg-offer(VegetationTaskRequester) dist=37029 amt=4 flags=rfSupply | dest depot(StorageSeeds) | nearest ASSIGNABLE depot=UniversalStorageDepot#6615 dist=40459 | -
[C48P] PAIR Seeds :: drone=Drone#2000018575 | chose veg-offer(VegetationTaskRequester) dist=37029 amt=4 flags=rfSupply | dest depot(StorageSeeds) | nearest ASSIGNABLE depot=UniversalStorageDepot#6615 dist=40459 | -
						Lua 0:01:33:876
[mod] [C48P] PAIR Food :: drone=Drone#2000034610 | chose depot(StationSmall) dist=20262 amt=363 flags=rfSupply+rfStorageDepot | dest building(Diner) | nearest ASSIGNABLE depot=StationSmall#12472 dist=2147483647 | -
[C48P] PAIR Food :: drone=Drone#2000034610 | chose depot(StationSmall) dist=20262 amt=363 flags=rfSupply+rfStorageDepot | dest building(Diner) | nearest ASSIGNABLE depot=StationSmall#12472 dist=2147483647 | -
						Lua 0:01:34:136
[mod] [C48P] PAIR Food :: drone=Drone#2000016028 | chose depot(StorageFood) dist=6425 amt=1000 flags=rfSupply+rfStorageDepot | dest building(Diner) | nearest ASSIGNABLE depot=StorageFood#5298 dist=6425 | -
[C48P] PAIR Food :: drone=Drone#2000016028 | chose depot(StorageFood) dist=6425 amt=1000 flags=rfSupply+rfStorageDepot | dest building(Diner) | nearest ASSIGNABLE depot=StorageFood#5298 dist=6425 | -
						Lua 0:01:34:165
[mod] [C48P] PAIR Food :: drone=Drone#2000022160 | chose depot(StorageFood) dist=55262 amt=1000 flags=rfSupply+rfStorageDepot | dest building(MegaMall) | nearest ASSIGNABLE depot=StorageFood#8292 dist=6784 | -
[C48P] PAIR Food :: drone=Drone#2000022160 | chose depot(StorageFood) dist=55262 amt=1000 flags=rfSupply+rfStorageDepot | dest building(MegaMall) | nearest ASSIGNABLE depot=StorageFood#8292 dist=6784 | -
						Lua 0:01:34:174
[mod] [C48P] PAIR Food :: drone=Drone#2000037360 | chose depot(StorageFood) dist=53603 amt=1000 flags=rfSupply+rfStorageDepot | dest building(ShopsFood) | nearest ASSIGNABLE depot=StorageFood#8292 dist=7162 | -
[C48P] PAIR Food :: drone=Drone#2000037360 | chose depot(StorageFood) dist=53603 amt=1000 flags=rfSupply+rfStorageDepot | dest building(ShopsFood) | nearest ASSIGNABLE depot=StorageFood#8292 dist=7162 | -
						Lua 0:01:34:292
[mod] [C48P] PAIR Food :: drone=Drone#2000000337 | chose loose-pile(ResourceStockpile) dist=16660 amt=1000 flags=rfSupply+rfPostInQueue+rfWaitToFill | dest building(Diner) | nearest ASSIGNABLE depot=StorageFood#4666 dist=27099 | -
[C48P] PAIR Food :: drone=Drone#2000000337 | chose loose-pile(ResourceStockpile) dist=16660 amt=1000 flags=rfSupply+rfPostInQueue+rfWaitToFill | dest building(Diner) | nearest ASSIGNABLE depot=StorageFood#4666 dist=27099 | -
						Lua 0:01:34:383
[mod] [C48P] PAIR Food :: drone=Drone#2000022172 | chose depot(StationSmall) dist=17270 amt=4000 flags=rfSupply+rfStorageDepot | dest depot(StorageFood) | nearest ASSIGNABLE depot=StorageFood#8292 dist=2301 | -
[C48P] PAIR Food :: drone=Drone#2000022172 | chose depot(StationSmall) dist=17270 amt=4000 flags=rfSupply+rfStorageDepot | dest depot(StorageFood) | nearest ASSIGNABLE depot=StorageFood#8292 dist=2301 | -
						Lua 0:01:34:489
[mod] [C48P] PAIR Food :: drone=Drone#2000022167 | chose depot(StorageFood) dist=6796 amt=1000 flags=rfSupply+rfStorageDepot | dest building(Diner) | nearest ASSIGNABLE depot=StorageFood#8292 dist=6796 | -						Lua 0:01:34:490

[C48P] PAIR Food :: drone=Drone#2000022167 | chose depot(StorageFood) dist=6796 amt=1000 flags=rfSupply+rfStorageDepot | dest building(Diner) | nearest ASSIGNABLE depot=StorageFood#8292 dist=6796 | -
						Lua 0:01:34:508
[mod] [C48P] PAIR Food :: drone=Drone#2000034611 | chose depot(StorageFood) dist=21532 amt=1800 flags=rfSupply+rfStorageDepot | dest building(MegaMall) | nearest ASSIGNABLE depot=StationSmall#12472 dist=2147483647 | -
[C48P] PAIR Food :: drone=Drone#2000034611 | chose depot(StorageFood) dist=21532 amt=1800 flags=rfSupply+rfStorageDepot | dest building(MegaMall) | nearest ASSIGNABLE depot=StationSmall#12472 dist=2147483647 | -
						Lua 0:01:34:527
[mod] [C48P] PAIR Food :: drone=Drone#2000008596 | chose loose-pile(ResourceStockpile) dist=13792 amt=1000 flags=rfSupply+rfPostInQueue+rfWaitToFill | dest building(Diner) | nearest ASSIGNABLE depot=StorageFood#3562 dist=22231 | -
[C48P] PAIR Food :: drone=Drone#2000008596 | chose loose-pile(ResourceStockpile) dist=13792 amt=1000 flags=rfSupply+rfPostInQueue+rfWaitToFill | dest building(Diner) | nearest ASSIGNABLE depot=StorageFood#3562 dist=22231 | -
						Lua 0:01:34:657
[mod] [C48P] PAIR Food :: drone=Drone#2000034615 | chose depot(StorageFood) dist=21650 amt=1837 flags=rfSupply+rfStorageDepot | dest building(Diner) | nearest ASSIGNABLE depot=StationSmall#12472 dist=2147483647 | -
[C48P] PAIR Food :: drone=Drone#2000034615 | chose depot(StorageFood) dist=21650 amt=1837 flags=rfSupply+rfStorageDepot | dest building(Diner) | nearest ASSIGNABLE depot=StationSmall#12472 dist=2147483647 | -
						Lua 0:01:34:931
[mod] [C48P] PAIR Food :: drone=Drone#2000028599 | chose loose-pile(ResourceStockpile) dist=42700 amt=1000 flags=rfSupply+rfPostInQueue+rfWaitToFill | dest building(ShopsFood) | nearest ASSIGNABLE depot=UniversalStorageDepot#4544 dist=2678 | ⭐⭐ NON-DEPOT WON WITH A NEARER ASSIGNABLE DEPOT AVAILABLE
[C48P] PAIR Food :: drone=Drone#2000028599 | chose loose-pile(ResourceStockpile) dist=42700 amt=1000 flags=rfSupply+rfPostInQueue+rfWaitToFill | dest building(ShopsFood) | nearest ASSIGNABLE depot=UniversalStorageDepot#4544 dist=2678 | ⭐⭐ NON-DEPOT WON WITH A NEARER ASSIGNABLE DEPOT AVAILABLE
[mod] [C48P] PAIR Food :: drone=Drone#2000034613 | chose depot(StorageFood) dist=21747 amt=4000 flags=rfSupply+rfStorageDepot | dest depot(StationSmall) | nearest ASSIGNABLE depot=StationSmall#12472 dist=2147483647 | -
[C48P] PAIR Food :: drone=Drone#2000034613 | chose depot(StorageFood) dist=21747 amt=4000 flags=rfSupply+rfStorageDepot | dest depot(StationSmall) | nearest ASSIGNABLE depot=StationSmall#12472 dist=2147483647 | -
						Lua 0:01:35:047
[mod] [C48P] PAIR Seeds :: drone=Drone#2000013714 | chose veg-offer(VegetationTaskRequester) dist=37786 amt=280 flags=rfSupply | dest building(ForestationPlant) | nearest ASSIGNABLE depot=UniversalStorageDepot#4532 dist=3799 | ⭐⭐ NON-DEPOT WON WITH A NEARER ASSIGNABLE DEPOT AVAILABLE
[C48P] PAIR Seeds :: drone=Drone#2000013714 | chose veg-offer(VegetationTaskRequester) dist=37786 amt=280 flags=rfSupply | dest building(ForestationPlant) | nearest ASSIGNABLE depot=UniversalStorageDepot#4532 dist=3799 | ⭐⭐ NON-DEPOT WON WITH A NEARER ASSIGNABLE DEPOT AVAILABLE
						Lua 0:01:35:058
[mod] [C48P] PAIR Seeds :: drone=Drone#2000013711 | chose veg-offer(VegetationTaskRequester) dist=39861 amt=280 flags=rfSupply | dest building(ForestationPlant) | nearest ASSIGNABLE depot=UniversalStorageDepot#4532 dist=2801 | ⭐⭐ NON-DEPOT WON WITH A NEARER ASSIGNABLE DEPOT AVAILABLE
[C48P] PAIR Seeds :: drone=Drone#2000013711 | chose veg-offer(VegetationTaskRequester) dist=39861 amt=280 flags=rfSupply | dest building(ForestationPlant) | nearest ASSIGNABLE depot=UniversalStorageDepot#4532 dist=2801 | ⭐⭐ NON-DEPOT WON WITH A NEARER ASSIGNABLE DEPOT AVAILABLE
						Lua 0:01:35:126
[mod] [C48P] PAIR Seeds :: drone=Drone#2000016000 | chose veg-offer(VegetationTaskRequester) dist=26574 amt=180 flags=rfSupply | dest building(ForestationPlant) | nearest ASSIGNABLE depot=StorageSeeds#6315 dist=27098 | -
[C48P] PAIR Seeds :: drone=Drone#2000016000 | chose veg-offer(VegetationTaskRequester) dist=26574 amt=180 flags=rfSupply | dest building(ForestationPlant) | nearest ASSIGNABLE depot=StorageSeeds#6315 dist=27098 | -
						Lua 0:01:35:146
[mod] [C48P] PAIR Food :: drone=Drone#2000022165 | chose depot(StorageFood) dist=1408 amt=1200 flags=rfSupply+rfStorageDepot | dest building(ShopsFood) | nearest ASSIGNABLE depot=StorageFood#9001 dist=1408 | -
[C48P] PAIR Food :: drone=Drone#2000022165 | chose depot(StorageFood) dist=1408 amt=1200 flags=rfSupply+rfStorageDepot | dest building(ShopsFood) | nearest ASSIGNABLE depot=StorageFood#9001 dist=1408 | -
						Lua 0:01:35:156
[mod] [C48P] PAIR Seeds :: drone=Drone#2000018582 | chose veg-offer(VegetationTaskRequester) dist=7791 amt=2 flags=rfSupply | dest depot(StorageSeeds) | nearest ASSIGNABLE depot=UniversalStorageDepot#6615 dist=5194 | ⭐⭐ NON-DEPOT WON WITH A NEARER ASSIGNABLE DEPOT AVAILABLE
[C48P] PAIR Seeds :: drone=Drone#2000018582 | chose veg-offer(VegetationTaskRequester) dist=7791 amt=2 flags=rfSupply | dest depot(StorageSeeds) | nearest ASSIGNABLE depot=UniversalStorageDepot#6615 dist=5194 | ⭐⭐ NON-DEPOT WON WITH A NEARER ASSIGNABLE DEPOT AVAILABLE
						Lua 0:01:35:186
[mod] [C48P] PAIR Food :: drone=Drone#2000022170 | chose depot(StorageFood) dist=55566 amt=1000 flags=rfSupply+rfStorageDepot | dest building(ShopsFood) | nearest ASSIGNABLE depot=StorageFood#9001 dist=7307 | -
[C48P] PAIR Food :: drone=Drone#2000022170 | chose depot(StorageFood) dist=55566 amt=1000 flags=rfSupply+rfStorageDepot | dest building(ShopsFood) | nearest ASSIGNABLE depot=StorageFood#9001 dist=7307 | -
						Lua 0:01:35:524
[mod] [C48P] PAIR Food :: drone=Drone#2000008600 | chose depot(StationSmall) dist=25842 amt=1000 flags=rfSupply+rfStorageDepot | dest building(ShopsFood_Small) | nearest ASSIGNABLE depot=StorageFood#3562 dist=11458 | -
[C48P] PAIR Food :: drone=Drone#2000008600 | chose depot(StationSmall) dist=25842 amt=1000 flags=rfSupply+rfStorageDepot | dest building(ShopsFood_Small) | nearest ASSIGNABLE depot=StorageFood#3562 dist=11458 | -
						Lua 0:01:35:689
[mod] [C48P] PAIR Food :: drone=Drone#2000004139 | chose depot(StationSmall) dist=19234 amt=1000 flags=rfSupply+rfStorageDepot | dest building(MegaMall) | nearest ASSIGNABLE depot=StationSmall#12631 dist=19234 | -
[C48P] PAIR Food :: drone=Drone#2000004139 | chose depot(StationSmall) dist=19234 amt=1000 flags=rfSupply+rfStorageDepot | dest building(MegaMall) | nearest ASSIGNABLE depot=StationSmall#12631 dist=19234 | -
						Lua 0:01:35:720
[mod] [C48P] PAIR Food :: drone=Drone#2000037356 | chose depot(StorageFood) dist=11305 amt=1000 flags=rfSupply+rfStorageDepot | dest building(Diner) | nearest ASSIGNABLE depot=StorageFood#8292 dist=11305 | -
[C48P] PAIR Food :: drone=Drone#2000037356 | chose depot(StorageFood) dist=11305 amt=1000 flags=rfSupply+rfStorageDepot | dest building(Diner) | nearest ASSIGNABLE depot=StorageFood#8292 dist=11305 | -
						Lua 0:01:35:877
[mod] [C48P] PAIR Seeds :: drone=Drone#2000013710 | chose veg-offer(VegetationTaskRequester) dist=14046 amt=27 flags=rfSupply | dest depot(StorageSeeds) | nearest ASSIGNABLE depot=UniversalStorageDepot#4532 dist=6538 | ⭐⭐ NON-DEPOT WON WITH A NEARER ASSIGNABLE DEPOT AVAILABLE
[C48P] PAIR Seeds :: drone=Drone#2000013710 | chose veg-offer(VegetationTaskRequester) dist=14046 amt=27 flags=rfSupply | dest depot(StorageSeeds) | nearest ASSIGNABLE depot=UniversalStorageDepot#4532 dist=6538 | ⭐⭐ NON-DEPOT WON WITH A NEARER ASSIGNABLE DEPOT AVAILABLE
						Lua 0:01:35:965
[mod] [C48P] PAIR Food :: drone=Drone#2000003929 | chose depot(StorageFood) dist=11027 amt=1000 flags=rfSupply+rfStorageDepot | dest building(MegaMall) | nearest ASSIGNABLE depot=UniversalStorageDepot#1471 dist=2848 | -
[C48P] PAIR Food :: drone=Drone#2000003929 | chose depot(StorageFood) dist=11027 amt=1000 flags=rfSupply+rfStorageDepot | dest building(MegaMall) | nearest ASSIGNABLE depot=UniversalStorageDepot#1471 dist=2848 | -
						Lua 0:01:35:966
[mod] [C48P] PAIR Food :: drone=Drone#2000002659 | chose depot(StationSmall) dist=19662 amt=4000 flags=rfSupply+rfStorageDepot | dest depot(StorageFood) | nearest ASSIGNABLE depot=UniversalStorageDepot#1471 dist=2070 | -
[C48P] PAIR Food :: drone=Drone#2000002659 | chose depot(StationSmall) dist=19662 amt=4000 flags=rfSupply+rfStorageDepot | dest depot(StorageFood) | nearest ASSIGNABLE depot=UniversalStorageDepot#1471 dist=2070 | -
						Lua 0:01:36:089
[mod] [C48P] PAIR Food :: drone=Drone#2000016019 | chose depot(StorageFood) dist=2954 amt=1000 flags=rfSupply+rfStorageDepot | dest building(Diner) | nearest ASSIGNABLE depot=StorageFood#5298 dist=2954 | -
[C48P] PAIR Food :: drone=Drone#2000016019 | chose depot(StorageFood) dist=2954 amt=1000 flags=rfSupply+rfStorageDepot | dest building(Diner) | nearest ASSIGNABLE depot=StorageFood#5298 dist=2954 | -
						Lua 0:01:36:346
[mod] [C48P] PAIR Food :: drone=Drone#2000034612 | chose depot(StorageFood) dist=21403 amt=1600 flags=rfSupply+rfStorageDepot | dest building(Diner) | nearest ASSIGNABLE depot=StationSmall#12472 dist=2147483647 | -
[C48P] PAIR Food :: drone=Drone#2000034612 | chose depot(StorageFood) dist=21403 amt=1600 flags=rfSupply+rfStorageDepot | dest building(Diner) | nearest ASSIGNABLE depot=StationSmall#12472 dist=2147483647 | -
						Lua 0:01:36:376
[mod] [C48P] PAIR Seeds :: drone=Drone#2000040065 | chose veg-offer(VegetationTaskRequester) dist=40204 amt=280 flags=rfSupply | dest building(ForestationPlant) | nearest ASSIGNABLE depot=UniversalStorageDepot#15036 dist=46690 | -
[C48P] PAIR Seeds :: drone=Drone#2000040065 | chose veg-offer(VegetationTaskRequester) dist=40204 amt=280 flags=rfSupply | dest building(ForestationPlant) | nearest ASSIGNABLE depot=UniversalStorageDepot#15036 dist=46690 | -
						Lua 0:01:36:430
[mod] [C48P] PAIR Food :: drone=Drone#2000004123 | chose loose-pile(ResourceStockpileLR) dist=30383 amt=1000 flags=rfSupply+rfWaitToFill+rfStorageDepot | dest building(Diner) | nearest ASSIGNABLE depot=StationSmall#12631 dist=1579 | ⭐⭐ NON-DEPOT WON WITH A NEARER ASSIGNABLE DEPOT AVAILABLE
[C48P] PAIR Food :: drone=Drone#2000004123 | chose loose-pile(ResourceStockpileLR) dist=30383 amt=1000 flags=rfSupply+rfWaitToFill+rfStorageDepot | dest building(Diner) | nearest ASSIGNABLE depot=StationSmall#12631 dist=1579 | ⭐⭐ NON-DEPOT WON WITH A NEARER ASSIGNABLE DEPOT AVAILABLE
						Lua 0:01:36:691
[mod] [C48P] PAIR Seeds :: drone=Drone#2000018573 | chose veg-offer(VegetationTaskRequester) dist=47147 amt=2 flags=rfSupply | dest depot(StorageSeeds) | nearest ASSIGNABLE depot=StationSmall#12496 dist=38408 | ⭐⭐ NON-DEPOT WON WITH A NEARER ASSIGNABLE DEPOT AVAILABLE
[C48P] PAIR Seeds :: drone=Drone#2000018573 | chose veg-offer(VegetationTaskRequester) dist=47147 amt=2 flags=rfSupply | dest depot(StorageSeeds) | nearest ASSIGNABLE depot=StationSmall#12496 dist=38408 | ⭐⭐ NON-DEPOT WON WITH A NEARER ASSIGNABLE DEPOT AVAILABLE
						Lua 0:01:36:717
[mod] [C48P] PAIR Food :: drone=Drone#2000003933 | chose depot(StorageFood) dist=11833 amt=1000 flags=rfSupply+rfStorageDepot | dest building(ShopsFood_Small) | nearest ASSIGNABLE depot=UniversalStorageDepot#1471 dist=3727 | -
[C48P] PAIR Food :: drone=Drone#2000003933 | chose depot(StorageFood) dist=11833 amt=1000 flags=rfSupply+rfStorageDepot | dest building(ShopsFood_Small) | nearest ASSIGNABLE depot=UniversalStorageDepot#1471 dist=3727 | -
						Lua 0:01:36:855
[mod] [C48P] PAIR Food :: drone=Drone#2000028591 | chose veg-offer(VegetationTaskRequester) dist=24001 amt=1000 flags=rfSupply | dest building(MegaMall) | nearest ASSIGNABLE depot=UniversalStorageDepot#4544 dist=1424 | ⭐⭐ NON-DEPOT WON WITH A NEARER ASSIGNABLE DEPOT AVAILABLE
[C48P] PAIR Food :: drone=Drone#2000028591 | chose veg-offer(VegetationTaskRequester) dist=24001 amt=1000 flags=rfSupply | dest building(MegaMall) | nearest ASSIGNABLE depot=UniversalStorageDepot#4544 dist=1424 | ⭐⭐ NON-DEPOT WON WITH A NEARER ASSIGNABLE DEPOT AVAILABLE
						Lua 0:01:37:076
[mod] [C48P] PAIR Food :: drone=Drone#2000015997 | chose depot(StorageFood) dist=7464 amt=1000 flags=rfSupply+rfStorageDepot | dest building(Diner) | nearest ASSIGNABLE depot=StorageFood#5298 dist=7464 | -
[C48P] PAIR Food :: drone=Drone#2000015997 | chose depot(StorageFood) dist=7464 amt=1000 flags=rfSupply+rfStorageDepot | dest building(Diner) | nearest ASSIGNABLE depot=StorageFood#5298 dist=7464 | -
						Lua 0:01:37:166
[mod] [C48P] PAIR Food :: drone=Drone#2000033511 | chose depot(StationSmall) dist=14016 amt=1000 flags=rfSupply+rfStorageDepot | dest building(Diner) | nearest ASSIGNABLE depot=StationSmall#12472 dist=2147483647 | -
[C48P] PAIR Food :: drone=Drone#2000033511 | chose depot(StationSmall) dist=14016 amt=1000 flags=rfSupply+rfStorageDepot | dest building(Diner) | nearest ASSIGNABLE depot=StationSmall#12472 dist=2147483647 | -
						Lua 0:01:37:251
[mod] [C48P] PAIR Food :: drone=Drone#2000037483 | chose building(Elevator) dist=8849 amt=1994 flags=rfSupply+rfStorageDepot | dest depot(UniversalStorageDepot) | nearest ASSIGNABLE depot=StationSmall#12472 dist=2147483647 | -
[C48P] PAIR Food :: drone=Drone#2000037483 | chose building(Elevator) dist=8849 amt=1994 flags=rfSupply+rfStorageDepot | dest depot(UniversalStorageDepot) | nearest ASSIGNABLE depot=StationSmall#12472 dist=2147483647 | -
						Lua 0:01:37:330
[mod] [C48P] PAIR Food :: drone=Drone#2000022166 | chose depot(StorageFood) dist=49452 amt=1200 flags=rfSupply+rfStorageDepot | dest building(MegaMall) | nearest ASSIGNABLE depot=StorageFood#8292 dist=650 | -
[C48P] PAIR Food :: drone=Drone#2000022166 | chose depot(StorageFood) dist=49452 amt=1200 flags=rfSupply+rfStorageDepot | dest building(MegaMall) | nearest ASSIGNABLE depot=StorageFood#8292 dist=650 | -
						Lua 0:01:37:348
[mod] [C48P] PAIR Food :: drone=Drone#2000003964 | chose depot(StorageFood) dist=27439 amt=1000 flags=rfSupply+rfStorageDepot | dest building(MegaMall) | nearest ASSIGNABLE depot=StationSmall#12631 dist=20082 | -
[C48P] PAIR Food :: drone=Drone#2000003964 | chose depot(StorageFood) dist=27439 amt=1000 flags=rfSupply+rfStorageDepot | dest building(MegaMall) | nearest ASSIGNABLE depot=StationSmall#12631 dist=20082 | -
						Lua 0:01:37:383
[mod] [C48P] PAIR Food :: drone=Drone#2000037362 | chose depot(StorageFood) dist=52529 amt=1400 flags=rfSupply+rfStorageDepot | dest building(ShopsFood) | nearest ASSIGNABLE depot=StorageFood#8292 dist=5910 | -
[C48P] PAIR Food :: drone=Drone#2000037362 | chose depot(StorageFood) dist=52529 amt=1400 flags=rfSupply+rfStorageDepot | dest building(ShopsFood) | nearest ASSIGNABLE depot=StorageFood#8292 dist=5910 | -
						Lua 0:01:37:412
[mod] [C48P] PAIR Food :: drone=Drone#2000037361 | chose depot(StationSmall) dist=18661 amt=4000 flags=rfSupply+rfStorageDepot | dest depot(StorageFood) | nearest ASSIGNABLE depot=StorageFood#8292 dist=879 | -
[C48P] PAIR Food :: drone=Drone#2000037361 | chose depot(StationSmall) dist=18661 amt=4000 flags=rfSupply+rfStorageDepot | dest depot(StorageFood) | nearest ASSIGNABLE depot=StorageFood#8292 dist=879 | -
						Lua 0:01:37:453
[mod] [C48P] PAIR Seeds :: drone=Drone#2000040066 | chose veg-offer(VegetationTaskRequester) dist=24400 amt=280 flags=rfSupply | dest building(ForestationPlant) | nearest ASSIGNABLE depot=UniversalStorageDepot#15036 dist=41054 | -
[C48P] PAIR Seeds :: drone=Drone#2000040066 | chose veg-offer(VegetationTaskRequester) dist=24400 amt=280 flags=rfSupply | dest building(ForestationPlant) | nearest ASSIGNABLE depot=UniversalStorageDepot#15036 dist=41054 | -
						Lua 0:01:37:462
[mod] [C48P] PAIR Food :: drone=Drone#2000008788 | chose loose-pile(ResourceStockpileLR) dist=29172 amt=1000 flags=rfSupply+rfWaitToFill+rfStorageDepot | dest building(Diner) | nearest ASSIGNABLE depot=StorageFood#3562 dist=19847 | ⭐⭐ NON-DEPOT WON WITH A NEARER ASSIGNABLE DEPOT AVAILABLE
[C48P] PAIR Food :: drone=Drone#2000008788 | chose loose-pile(ResourceStockpileLR) dist=29172 amt=1000 flags=rfSupply+rfWaitToFill+rfStorageDepot | dest building(Diner) | nearest ASSIGNABLE depot=StorageFood#3562 dist=19847 | ⭐⭐ NON-DEPOT WON WITH A NEARER ASSIGNABLE DEPOT AVAILABLE
						Lua 0:01:37:531
[mod] [C48P] PAIR Food :: drone=Drone#2000000931 | chose loose-pile(ResourceStockpile) dist=25147 amt=800 flags=rfSupply+rfPostInQueue+rfWaitToFill | dest building(Diner) | nearest ASSIGNABLE depot=StorageFood#2371 dist=4560 | ⭐⭐ NON-DEPOT WON WITH A NEARER ASSIGNABLE DEPOT AVAILABLE
[C48P] PAIR Food :: drone=Drone#2000000931 | chose loose-pile(ResourceStockpile) dist=25147 amt=800 flags=rfSupply+rfPostInQueue+rfWaitToFill | dest building(Diner) | nearest ASSIGNABLE depot=StorageFood#2371 dist=4560 | ⭐⭐ NON-DEPOT WON WITH A NEARER ASSIGNABLE DEPOT AVAILABLE
						Lua 0:01:37:540
[mod] [C48P] PAIR Food :: drone=Drone#2000028594 | chose veg-offer(VegetationTaskRequester) dist=22313 amt=4000 flags=rfSupply | dest depot(StationSmall) | nearest ASSIGNABLE depot=UniversalStorageDepot#4544 dist=4102 | ⭐⭐ NON-DEPOT WON WITH A NEARER ASSIGNABLE DEPOT AVAILABLE
[C48P] PAIR Food :: drone=Drone#2000028594 | chose veg-offer(VegetationTaskRequester) dist=22313 amt=4000 flags=rfSupply | dest depot(StationSmall) | nearest ASSIGNABLE depot=UniversalStorageDepot#4544 dist=4102 | ⭐⭐ NON-DEPOT WON WITH A NEARER ASSIGNABLE DEPOT AVAILABLE
[mod] [C48P] PAIR Food :: drone=Drone#2000034614 | chose depot(StorageFood) dist=21650 amt=1400 flags=rfSupply+rfStorageDepot | dest building(Diner) | nearest ASSIGNABLE depot=StationSmall#12472 dist=2147483647 | -
[C48P] PAIR Food :: drone=Drone#2000034614 | chose depot(StorageFood) dist=21650 amt=1400 flags=rfSupply+rfStorageDepot | dest building(Diner) | nearest ASSIGNABLE depot=StationSmall#12472 dist=2147483647 | -
						Lua 0:01:37:549
[mod] [C48P] PAIR Food :: drone=Drone#2000028596 | chose veg-offer(VegetationTaskRequester) dist=18117 amt=3000 flags=rfSupply | dest depot(StationSmall) | nearest ASSIGNABLE depot=UniversalStorageDepot#4544 dist=2937 | ⭐⭐ NON-DEPOT WON WITH A NEARER ASSIGNABLE DEPOT AVAILABLE
[C48P] PAIR Food :: drone=Drone#2000028596 | chose veg-offer(VegetationTaskRequester) dist=18117 amt=3000 flags=rfSupply | dest depot(StationSmall) | nearest ASSIGNABLE depot=UniversalStorageDepot#4544 dist=2937 | ⭐⭐ NON-DEPOT WON WITH A NEARER ASSIGNABLE DEPOT AVAILABLE
						Lua 0:01:37:600
[mod] [C48P] PAIR Food :: drone=Drone#2000022163 | chose depot(StorageFood) dist=2409 amt=1200 flags=rfSupply+rfStorageDepot | dest building(Diner) | nearest ASSIGNABLE depot=StorageFood#8292 dist=2409 | -
[C48P] PAIR Food :: drone=Drone#2000022163 | chose depot(StorageFood) dist=2409 amt=1200 flags=rfSupply+rfStorageDepot | dest building(Diner) | nearest ASSIGNABLE depot=StorageFood#8292 dist=2409 | -
						Lua 0:01:37:664
[mod] [C48P] PAIR Food :: drone=Drone#2000028598 | chose veg-offer(VegetationTaskRequester) dist=29008 amt=320 flags=rfSupply | dest building(ShopsFood) | nearest ASSIGNABLE depot=UniversalStorageDepot#4544 dist=4956 | ⭐⭐ NON-DEPOT WON WITH A NEARER ASSIGNABLE DEPOT AVAILABLE
[C48P] PAIR Food :: drone=Drone#2000028598 | chose veg-offer(VegetationTaskRequester) dist=29008 amt=320 flags=rfSupply | dest building(ShopsFood) | nearest ASSIGNABLE depot=UniversalStorageDepot#4544 dist=4956 | ⭐⭐ NON-DEPOT WON WITH A NEARER ASSIGNABLE DEPOT AVAILABLE
						Lua 0:01:37:703
[mod] [C48P] PAIR Seeds :: drone=Drone#2000040068 | chose veg-offer(VegetationTaskRequester) dist=46661 amt=40 flags=rfSupply | dest depot(StorageSeeds) | nearest ASSIGNABLE depot=UniversalStorageDepot#15036 dist=46690 | -
[C48P] PAIR Seeds :: drone=Drone#2000040068 | chose veg-offer(VegetationTaskRequester) dist=46661 amt=40 flags=rfSupply | dest depot(StorageSeeds) | nearest ASSIGNABLE depot=UniversalStorageDepot#15036 dist=46690 | -
						Lua 0:01:37:707
[mod] [C48P] PAIR Food :: drone=Drone#2000008762 | chose depot(StationSmall) dist=20244 amt=1000 flags=rfSupply+rfStorageDepot | dest building(Diner) | nearest ASSIGNABLE depot=StationSmall#12631 dist=20244 | -
[C48P] PAIR Food :: drone=Drone#2000008762 | chose depot(StationSmall) dist=20244 amt=1000 flags=rfSupply+rfStorageDepot | dest building(Diner) | nearest ASSIGNABLE depot=StationSmall#12631 dist=20244 | -
						Lua 0:01:37:921
[mod] [C48P] PAIR Food :: drone=Drone#2000000934 | chose loose-pile(ResourceStockpile) dist=27597 amt=1000 flags=rfSupply+rfPostInQueue+rfWaitToFill | dest building(MegaMall) | nearest ASSIGNABLE depot=StorageFood#2371 dist=1846 | ⭐⭐ NON-DEPOT WON WITH A NEARER ASSIGNABLE DEPOT AVAILABLE
[C48P] PAIR Food :: drone=Drone#2000000934 | chose loose-pile(ResourceStockpile) dist=27597 amt=1000 flags=rfSupply+rfPostInQueue+rfWaitToFill | dest building(MegaMall) | nearest ASSIGNABLE depot=StorageFood#2371 dist=1846 | ⭐⭐ NON-DEPOT WON WITH A NEARER ASSIGNABLE DEPOT AVAILABLE
						Lua 0:01:38:039
[mod] [C48P] PAIR Seeds :: drone=Drone#2000013713 | chose veg-offer(VegetationTaskRequester) dist=13847 amt=27 flags=rfSupply | dest depot(StorageSeeds) | nearest ASSIGNABLE depot=UniversalStorageDepot#4532 dist=7758 | ⭐⭐ NON-DEPOT WON WITH A NEARER ASSIGNABLE DEPOT AVAILABLE
[C48P] PAIR Seeds :: drone=Drone#2000013713 | chose veg-offer(VegetationTaskRequester) dist=13847 amt=27 flags=rfSupply | dest depot(StorageSeeds) | nearest ASSIGNABLE depot=UniversalStorageDepot#4532 dist=7758 | ⭐⭐ NON-DEPOT WON WITH A NEARER ASSIGNABLE DEPOT AVAILABLE
						Lua 0:01:38:114
[mod] [C48P] PAIR Food :: drone=Drone#2000028595 | chose veg-offer(VegetationTaskRequester) dist=31599 amt=1080 flags=rfSupply | dest building(ShopsFood) | nearest ASSIGNABLE depot=UniversalStorageDepot#4544 dist=6519 | ⭐⭐ NON-DEPOT WON WITH A NEARER ASSIGNABLE DEPOT AVAILABLE
[C48P] PAIR Food :: drone=Drone#2000028595 | chose veg-offer(VegetationTaskRequester) dist=31599 amt=1080 flags=rfSupply | dest building(ShopsFood) | nearest ASSIGNABLE depot=UniversalStorageDepot#4544 dist=6519 | ⭐⭐ NON-DEPOT WON WITH A NEARER ASSIGNABLE DEPOT AVAILABLE
						Lua 0:01:38:297
[mod] [C48P] PAIR Food :: drone=Drone#2000016024 | chose depot(StorageFood) dist=1362 amt=1000 flags=rfSupply+rfStorageDepot | dest building(Diner) | nearest ASSIGNABLE depot=StorageFood#5298 dist=1362 | -
[C48P] PAIR Food :: drone=Drone#2000016024 | chose depot(StorageFood) dist=1362 amt=1000 flags=rfSupply+rfStorageDepot | dest building(Diner) | nearest ASSIGNABLE depot=StorageFood#5298 dist=1362 | -
						Lua 0:01:38:518
[mod] [C48P] PAIR Seeds :: drone=Drone#2000018574 | chose veg-offer(VegetationTaskRequester) dist=561 amt=4 flags=rfSupply | dest depot(StorageSeeds) | nearest ASSIGNABLE depot=UniversalStorageDepot#6615 dist=5415 | -
[C48P] PAIR Seeds :: drone=Drone#2000018574 | chose veg-offer(VegetationTaskRequester) dist=561 amt=4 flags=rfSupply | dest depot(StorageSeeds) | nearest ASSIGNABLE depot=UniversalStorageDepot#6615 dist=5415 | -
						Lua 0:01:38:828
[mod] [C48P] PAIR Food :: drone=Drone#2000000912 | chose loose-pile(ResourceStockpile) dist=24133 amt=1000 flags=rfSupply+rfPostInQueue+rfWaitToFill | dest building(Diner) | nearest ASSIGNABLE depot=UniversalStorageDepot#2870 dist=4061 | ⭐⭐ NON-DEPOT WON WITH A NEARER ASSIGNABLE DEPOT AVAILABLE
[C48P] PAIR Food :: drone=Drone#2000000912 | chose loose-pile(ResourceStockpile) dist=24133 amt=1000 flags=rfSupply+rfPostInQueue+rfWaitToFill | dest building(Diner) | nearest ASSIGNABLE depot=UniversalStorageDepot#2870 dist=4061 | ⭐⭐ NON-DEPOT WON WITH A NEARER ASSIGNABLE DEPOT AVAILABLE
						Lua 0:01:38:901
[mod] [C48P] PAIR Food :: drone=Drone#2000022164 | chose depot(StorageFood) dist=48400 amt=1000 flags=rfSupply+rfStorageDepot | dest building(MegaMall) | nearest ASSIGNABLE depot=StorageFood#8292 dist=6023 | -
[C48P] PAIR Food :: drone=Drone#2000022164 | chose depot(StorageFood) dist=48400 amt=1000 flags=rfSupply+rfStorageDepot | dest building(MegaMall) | nearest ASSIGNABLE depot=StorageFood#8292 dist=6023 | -
						Lua 0:01:39:012
[mod] [C48P] PAIR Food :: drone=Drone#2000037357 | chose depot(StorageFood) dist=87472 amt=2000 flags=rfSupply+rfStorageDepot | dest building(ShopsFood) | nearest ASSIGNABLE depot=StorageFood#8292 dist=64602 | -
[C48P] PAIR Food :: drone=Drone#2000037357 | chose depot(StorageFood) dist=87472 amt=2000 flags=rfSupply+rfStorageDepot | dest building(ShopsFood) | nearest ASSIGNABLE depot=StorageFood#8292 dist=64602 | -
						Lua 0:01:39:013
[mod] [C48P] PAIR Food :: drone=Drone#2000037359 | chose depot(StorageFood) dist=7307 amt=2000 flags=rfSupply+rfStorageDepot | dest building(ShopsFood) | nearest ASSIGNABLE depot=StorageFood#9001 dist=7307 | -
[C48P] PAIR Food :: drone=Drone#2000037359 | chose depot(StorageFood) dist=7307 amt=2000 flags=rfSupply+rfStorageDepot | dest building(ShopsFood) | nearest ASSIGNABLE depot=StorageFood#9001 dist=7307 | -
						Lua 0:01:39:216
[mod] [C48P] PAIR Food :: drone=Drone#2000022159 | chose depot(StorageFood) dist=49031 amt=1200 flags=rfSupply+rfStorageDepot | dest building(Diner) | nearest ASSIGNABLE depot=StorageFood#9001 dist=1408 | -
[C48P] PAIR Food :: drone=Drone#2000022159 | chose depot(StorageFood) dist=49031 amt=1200 flags=rfSupply+rfStorageDepot | dest building(Diner) | nearest ASSIGNABLE depot=StorageFood#9001 dist=1408 | -
						Lua 0:01:39:326
[mod] [C48P] PAIR Food :: drone=Drone#2000034610 | chose loose-pile(ResourceStockpile) dist=14104 amt=1200 flags=rfSupply+rfPostInQueue+rfWaitToFill | dest building(ShopsFood) | nearest ASSIGNABLE depot=StationSmall#12472 dist=2147483647 | -
[C48P] PAIR Food :: drone=Drone#2000034610 | chose loose-pile(ResourceStockpile) dist=14104 amt=1200 flags=rfSupply+rfPostInQueue+rfWaitToFill | dest building(ShopsFood) | nearest ASSIGNABLE depot=StationSmall#12472 dist=2147483647 | -
						Lua 0:01:39:329
[mod] [C48P] PAIR Seeds :: drone=Drone#2000018576 | chose veg-offer(VegetationTaskRequester) dist=8041 amt=4 flags=rfSupply | dest depot(StorageSeeds) | nearest ASSIGNABLE depot=UniversalStorageDepot#6615 dist=6093 | ⭐⭐ NON-DEPOT WON WITH A NEARER ASSIGNABLE DEPOT AVAILABLE
[C48P] PAIR Seeds :: drone=Drone#2000018576 | chose veg-offer(VegetationTaskRequester) dist=8041 amt=4 flags=rfSupply | dest depot(StorageSeeds) | nearest ASSIGNABLE depot=UniversalStorageDepot#6615 dist=6093 | ⭐⭐ NON-DEPOT WON WITH A NEARER ASSIGNABLE DEPOT AVAILABLE
						Lua 0:01:39:510
[mod] [C48P] PAIR Food :: drone=Drone#2000034613 | chose depot(StationSmall) dist=1629 amt=1200 flags=rfSupply+rfStorageDepot | dest building(MegaMall) | nearest ASSIGNABLE depot=StationSmall#12472 dist=2147483647 | -
[C48P] PAIR Food :: drone=Drone#2000034613 | chose depot(StationSmall) dist=1629 amt=1200 flags=rfSupply+rfStorageDepot | dest building(MegaMall) | nearest ASSIGNABLE depot=StationSmall#12472 dist=2147483647 | -
						Lua 0:01:39:596
[mod] [C48P] PAIR Seeds :: drone=Drone#2000000699 | chose veg-offer(VegetationTaskRequester) dist=40949 amt=280 flags=rfSupply | dest building(ForestationPlant) | nearest ASSIGNABLE depot=UniversalStorageDepot#1073 dist=4311 | ⭐⭐ NON-DEPOT WON WITH A NEARER ASSIGNABLE DEPOT AVAILABLE
[C48P] PAIR Seeds :: drone=Drone#2000000699 | chose veg-offer(VegetationTaskRequester) dist=40949 amt=280 flags=rfSupply | dest building(ForestationPlant) | nearest ASSIGNABLE depot=UniversalStorageDepot#1073 dist=4311 | ⭐⭐ NON-DEPOT WON WITH A NEARER ASSIGNABLE DEPOT AVAILABLE
						Lua 0:01:39:924
[mod] [C48P] PAIR Seeds :: drone=Drone#2000013709 | chose veg-offer(VegetationTaskRequester) dist=10525 amt=280 flags=rfSupply | dest building(ForestationPlant) | nearest ASSIGNABLE depot=UniversalStorageDepot#4532 dist=8827 | ⭐⭐ NON-DEPOT WON WITH A NEARER ASSIGNABLE DEPOT AVAILABLE
[C48P] PAIR Seeds :: drone=Drone#2000013709 | chose veg-offer(VegetationTaskRequester) dist=10525 amt=280 flags=rfSupply | dest building(ForestationPlant) | nearest ASSIGNABLE depot=UniversalStorageDepot#4532 dist=8827 | ⭐⭐ NON-DEPOT WON WITH A NEARER ASSIGNABLE DEPOT AVAILABLE
						Lua 0:01:39:969
[mod] [C48P] PAIR Food :: drone=Drone#2000034611 | chose depot(StationSmall) dist=16830 amt=1200 flags=rfSupply+rfStorageDepot | dest building(Diner) | nearest ASSIGNABLE depot=StationSmall#12472 dist=2147483647 | -
[C48P] PAIR Food :: drone=Drone#2000034611 | chose depot(StationSmall) dist=16830 amt=1200 flags=rfSupply+rfStorageDepot | dest building(Diner) | nearest ASSIGNABLE depot=StationSmall#12472 dist=2147483647 | -
						Lua 0:01:40:085
[mod] [C48P] PAIR Food :: drone=Drone#2000034615 | chose depot(UniversalStorageDepot) dist=23381 amt=2224 flags=rfSupply+rfStorageDepot | dest depot(StorageFood) | nearest ASSIGNABLE depot=StationSmall#12472 dist=2147483647 | -
[C48P] PAIR Food :: drone=Drone#2000034615 | chose depot(UniversalStorageDepot) dist=23381 amt=2224 flags=rfSupply+rfStorageDepot | dest depot(StorageFood) | nearest ASSIGNABLE depot=StationSmall#12472 dist=2147483647 | -
						Lua 0:01:40:206
[mod] [C48P] PAIR Food :: drone=Drone#2000022163 | chose depot(StorageFood) dist=11305 amt=1600 flags=rfSupply+rfStorageDepot | dest building(Diner) | nearest ASSIGNABLE depot=StorageFood#8292 dist=11305 | -
[C48P] PAIR Food :: drone=Drone#2000022163 | chose depot(StorageFood) dist=11305 amt=1600 flags=rfSupply+rfStorageDepot | dest building(Diner) | nearest ASSIGNABLE depot=StorageFood#8292 dist=11305 | -
						Lua 0:01:40:295
[mod] [C48P] PAIR Food :: drone=Drone#2000037356 | chose depot(StationSmall) dist=13948 amt=1000 flags=rfSupply+rfStorageDepot | dest building(MegaMall) | nearest ASSIGNABLE depot=StorageFood#8292 dist=11595 | -
[C48P] PAIR Food :: drone=Drone#2000037356 | chose depot(StationSmall) dist=13948 amt=1000 flags=rfSupply+rfStorageDepot | dest building(MegaMall) | nearest ASSIGNABLE depot=StorageFood#8292 dist=11595 | -
						Lua 0:01:40:359
[mod] [C48P] PAIR Food :: drone=Drone#2000028589 | chose veg-offer(VegetationTaskRequester) dist=64709 amt=1000 flags=rfSupply | dest building(ShopsFood) | nearest ASSIGNABLE depot=UniversalStorageDepot#1471 dist=3136 | ⭐⭐ NON-DEPOT WON WITH A NEARER ASSIGNABLE DEPOT AVAILABLE
[C48P] PAIR Food :: drone=Drone#2000028589 | chose veg-offer(VegetationTaskRequester) dist=64709 amt=1000 flags=rfSupply | dest building(ShopsFood) | nearest ASSIGNABLE depot=UniversalStorageDepot#1471 dist=3136 | ⭐⭐ NON-DEPOT WON WITH A NEARER ASSIGNABLE DEPOT AVAILABLE
						Lua 0:01:40:373
[mod] [C48P] PAIR Food :: drone=Drone#2000008600 | chose depot(StorageFood) dist=22498 amt=1200 flags=rfSupply+rfStorageDepot | dest building(MegaMall) | nearest ASSIGNABLE depot=StationSmall#12631 dist=11540 | -
[C48P] PAIR Food :: drone=Drone#2000008600 | chose depot(StorageFood) dist=22498 amt=1200 flags=rfSupply+rfStorageDepot | dest building(MegaMall) | nearest ASSIGNABLE depot=StationSmall#12631 dist=11540 | -
						Lua 0:01:40:576
[mod] [C48P] PAIR Seeds :: drone=Drone#2000028597 | chose veg-offer(VegetationTaskRequester) dist=41790 amt=280 flags=rfSupply | dest building(OpenFarm) | nearest ASSIGNABLE depot=StationSmall#4552 dist=6239 | ⭐⭐ NON-DEPOT WON WITH A NEARER ASSIGNABLE DEPOT AVAILABLE
[C48P] PAIR Seeds :: drone=Drone#2000028597 | chose veg-offer(VegetationTaskRequester) dist=41790 amt=280 flags=rfSupply | dest building(OpenFarm) | nearest ASSIGNABLE depot=StationSmall#4552 dist=6239 | ⭐⭐ NON-DEPOT WON WITH A NEARER ASSIGNABLE DEPOT AVAILABLE
						Lua 0:01:40:703
[mod] [C48P] PAIR Food :: drone=Drone#2000022167 | chose depot(StorageFood) dist=48007 amt=1600 flags=rfSupply+rfStorageDepot | dest building(ShopsFood) | nearest ASSIGNABLE depot=StorageFood#8292 dist=4579 | -
[C48P] PAIR Food :: drone=Drone#2000022167 | chose depot(StorageFood) dist=48007 amt=1600 flags=rfSupply+rfStorageDepot | dest building(ShopsFood) | nearest ASSIGNABLE depot=StorageFood#8292 dist=4579 | -
						Lua 0:01:40:762
[mod] [C48P] PAIR Seeds :: drone=Drone#2000013710 | chose veg-offer(VegetationTaskRequester) dist=26410 amt=131 flags=rfSupply | dest building(ForestationPlant) | nearest ASSIGNABLE depot=StationSmall#6286 dist=23115 | ⭐⭐ NON-DEPOT WON WITH A NEARER ASSIGNABLE DEPOT AVAILABLE
[C48P] PAIR Seeds :: drone=Drone#2000013710 | chose veg-offer(VegetationTaskRequester) dist=26410 amt=131 flags=rfSupply | dest building(ForestationPlant) | nearest ASSIGNABLE depot=StationSmall#6286 dist=23115 | ⭐⭐ NON-DEPOT WON WITH A NEARER ASSIGNABLE DEPOT AVAILABLE
						Lua 0:01:40:866
[mod] [C48P] PAIR Seeds :: drone=Drone#2000018583 | chose veg-offer(VegetationTaskRequester) dist=8900 amt=4 flags=rfSupply | dest depot(StorageSeeds) | nearest ASSIGNABLE depot=UniversalStorageDepot#6615 dist=6078 | ⭐⭐ NON-DEPOT WON WITH A NEARER ASSIGNABLE DEPOT AVAILABLE
[C48P] PAIR Seeds :: drone=Drone#2000018583 | chose veg-offer(VegetationTaskRequester) dist=8900 amt=4 flags=rfSupply | dest depot(StorageSeeds) | nearest ASSIGNABLE depot=UniversalStorageDepot#6615 dist=6078 | ⭐⭐ NON-DEPOT WON WITH A NEARER ASSIGNABLE DEPOT AVAILABLE
						Lua 0:01:40:934
[mod] [C48P] PAIR Seeds :: drone=Drone#2000038816 | chose veg-offer(VegetationTaskRequester) dist=29454 amt=280 flags=rfSupply | dest building(ForestationPlant) | nearest ASSIGNABLE depot=UniversalStorageDepot#14619 dist=1474 | ⭐⭐ NON-DEPOT WON WITH A NEARER ASSIGNABLE DEPOT AVAILABLE
[C48P] PAIR Seeds :: drone=Drone#2000038816 | chose veg-offer(VegetationTaskRequester) dist=29454 amt=280 flags=rfSupply | dest building(ForestationPlant) | nearest ASSIGNABLE depot=UniversalStorageDepot#14619 dist=1474 | ⭐⭐ NON-DEPOT WON WITH A NEARER ASSIGNABLE DEPOT AVAILABLE
						Lua 0:01:40:981
[mod] [C48P] PAIR Seeds :: drone=Drone#2000013714 | chose veg-offer(VegetationTaskRequester) dist=29953 amt=280 flags=rfSupply | dest building(ForestationPlant) | nearest ASSIGNABLE depot=StationSmall#6286 dist=22170 | ⭐⭐ NON-DEPOT WON WITH A NEARER ASSIGNABLE DEPOT AVAILABLE
[C48P] PAIR Seeds :: drone=Drone#2000013714 | chose veg-offer(VegetationTaskRequester) dist=29953 amt=280 flags=rfSupply | dest building(ForestationPlant) | nearest ASSIGNABLE depot=StationSmall#6286 dist=22170 | ⭐⭐ NON-DEPOT WON WITH A NEARER ASSIGNABLE DEPOT AVAILABLE
						Lua 0:01:40:994
[mod] [C48P] PAIR Food :: drone=Drone#2000003938 | chose depot(StorageFood) dist=14334 amt=1000 flags=rfSupply+rfStorageDepot | dest building(Diner) | nearest ASSIGNABLE depot=UniversalStorageDepot#1471 dist=9922 | -
[C48P] PAIR Food :: drone=Drone#2000003938 | chose depot(StorageFood) dist=14334 amt=1000 flags=rfSupply+rfStorageDepot | dest building(Diner) | nearest ASSIGNABLE depot=UniversalStorageDepot#1471 dist=9922 | -
						Lua 0:01:41:016
[mod] [C48P] PAIR Seeds :: drone=Drone#2000038818 | chose veg-offer(VegetationTaskRequester) dist=38441 amt=280 flags=rfSupply | dest building(ForestationPlant) | nearest ASSIGNABLE depot=StorageSeeds#14612 dist=7367 | ⭐⭐ NON-DEPOT WON WITH A NEARER ASSIGNABLE DEPOT AVAILABLE
[C48P] PAIR Seeds :: drone=Drone#2000038818 | chose veg-offer(VegetationTaskRequester) dist=38441 amt=280 flags=rfSupply | dest building(ForestationPlant) | nearest ASSIGNABLE depot=StorageSeeds#14612 dist=7367 | ⭐⭐ NON-DEPOT WON WITH A NEARER ASSIGNABLE DEPOT AVAILABLE
						Lua 0:01:41:107
[mod] [C48P] PAIR Seeds :: drone=Drone#2000028590 | chose veg-offer(VegetationTaskRequester) dist=43122 amt=280 flags=rfSupply | dest building(OpenFarm) | nearest ASSIGNABLE depot=StationSmall#4552 dist=1837 | ⭐⭐ NON-DEPOT WON WITH A NEARER ASSIGNABLE DEPOT AVAILABLE
[C48P] PAIR Seeds :: drone=Drone#2000028590 | chose veg-offer(VegetationTaskRequester) dist=43122 amt=280 flags=rfSupply | dest building(OpenFarm) | nearest ASSIGNABLE depot=StationSmall#4552 dist=1837 | ⭐⭐ NON-DEPOT WON WITH A NEARER ASSIGNABLE DEPOT AVAILABLE
						Lua 0:01:41:140
[mod] [C48P] PAIR Food :: drone=Drone#2000008762 | chose loose-pile(ResourceStockpile) dist=7533 amt=1000 flags=rfSupply+rfPostInQueue+rfWaitToFill | dest building(Diner) | nearest ASSIGNABLE depot=StationSmall#12631 dist=10611 | -
[C48P] PAIR Food :: drone=Drone#2000008762 | chose loose-pile(ResourceStockpile) dist=7533 amt=1000 flags=rfSupply+rfPostInQueue+rfWaitToFill | dest building(Diner) | nearest ASSIGNABLE depot=StationSmall#12631 dist=10611 | -
						Lua 0:01:41:161
[mod] [C48P] PAIR Food :: drone=Drone#2000008784 | chose depot(StationSmall) dist=31568 amt=1000 flags=rfSupply+rfStorageDepot | dest building(Diner) | nearest ASSIGNABLE depot=StorageFood#3562 dist=17448 | -
[C48P] PAIR Food :: drone=Drone#2000008784 | chose depot(StationSmall) dist=31568 amt=1000 flags=rfSupply+rfStorageDepot | dest building(Diner) | nearest ASSIGNABLE depot=StorageFood#3562 dist=17448 | -
						Lua 0:01:41:219
[mod] [C48P] PAIR Food :: drone=Drone#2000016022 | chose depot(StorageFood) dist=6466 amt=1000 flags=rfSupply+rfStorageDepot | dest building(Diner) | nearest ASSIGNABLE depot=StorageFood#5298 dist=6466 | -
[C48P] PAIR Food :: drone=Drone#2000016022 | chose depot(StorageFood) dist=6466 amt=1000 flags=rfSupply+rfStorageDepot | dest building(Diner) | nearest ASSIGNABLE depot=StorageFood#5298 dist=6466 | -
						Lua 0:01:41:249
[mod] [C48P] PAIR Seeds :: drone=Drone#2000028593 | chose veg-offer(VegetationTaskRequester) dist=3586 amt=280 flags=rfSupply | dest building(OpenFarm) | nearest ASSIGNABLE depot=UniversalStorageDepot#4544 dist=2981 | ⭐⭐ NON-DEPOT WON WITH A NEARER ASSIGNABLE DEPOT AVAILABLE						Lua 0:01:41:250

[C48P] PAIR Seeds :: drone=Drone#2000028593 | chose veg-offer(VegetationTaskRequester) dist=3586 amt=280 flags=rfSupply | dest building(OpenFarm) | nearest ASSIGNABLE depot=UniversalStorageDepot#4544 dist=2981 | ⭐⭐ NON-DEPOT WON WITH A NEARER ASSIGNABLE DEPOT AVAILABLE
						Lua 0:01:41:264
[mod] [C48P] PAIR Seeds :: drone=Drone#2000013711 | chose veg-offer(VegetationTaskRequester) dist=19721 amt=27 flags=rfSupply | dest depot(StorageSeeds) | nearest ASSIGNABLE depot=StationSmall#6286 dist=22029 | -
[C48P] PAIR Seeds :: drone=Drone#2000013711 | chose veg-offer(VegetationTaskRequester) dist=19721 amt=27 flags=rfSupply | dest depot(StorageSeeds) | nearest ASSIGNABLE depot=StationSmall#6286 dist=22029 | -
						Lua 0:01:41:284
[mod] [C48P] PAIR Food :: drone=Drone#2000000903 | chose loose-pile(ResourceStockpile) dist=26795 amt=1000 flags=rfSupply+rfPostInQueue+rfWaitToFill | dest building(MegaMall) | nearest ASSIGNABLE depot=StorageFood#4666 dist=21189 | ⭐⭐ NON-DEPOT WON WITH A NEARER ASSIGNABLE DEPOT AVAILABLE
[C48P] PAIR Food :: drone=Drone#2000000903 | chose loose-pile(ResourceStockpile) dist=26795 amt=1000 flags=rfSupply+rfPostInQueue+rfWaitToFill | dest building(MegaMall) | nearest ASSIGNABLE depot=StorageFood#4666 dist=21189 | ⭐⭐ NON-DEPOT WON WITH A NEARER ASSIGNABLE DEPOT AVAILABLE
						Lua 0:01:41:293
[mod] [C48P] PAIR Food :: drone=Drone#2000003982 | chose depot(StationSmall) dist=12290 amt=1400 flags=rfSupply+rfStorageDepot | dest building(MegaMall) | nearest ASSIGNABLE depot=StationSmall#12631 dist=12290 | -
[C48P] PAIR Food :: drone=Drone#2000003982 | chose depot(StationSmall) dist=12290 amt=1400 flags=rfSupply+rfStorageDepot | dest building(MegaMall) | nearest ASSIGNABLE depot=StationSmall#12631 dist=12290 | -
						Lua 0:01:41:302
[mod] [C48P] PAIR Food :: drone=Drone#2000000348 | chose loose-pile(ResourceStockpile) dist=27568 amt=1400 flags=rfSupply+rfPostInQueue+rfWaitToFill | dest building(MegaMall) | nearest ASSIGNABLE depot=StorageFood#4666 dist=22639 | ⭐⭐ NON-DEPOT WON WITH A NEARER ASSIGNABLE DEPOT AVAILABLE
[C48P] PAIR Food :: drone=Drone#2000000348 | chose loose-pile(ResourceStockpile) dist=27568 amt=1400 flags=rfSupply+rfPostInQueue+rfWaitToFill | dest building(MegaMall) | nearest ASSIGNABLE depot=StorageFood#4666 dist=22639 | ⭐⭐ NON-DEPOT WON WITH A NEARER ASSIGNABLE DEPOT AVAILABLE
						Lua 0:01:41:303
[mod] [C48P] PAIR Food :: drone=Drone#2000016027 | chose depot(StorageFood) dist=3453 amt=1200 flags=rfSupply+rfStorageDepot | dest building(MegaMall) | nearest ASSIGNABLE depot=StorageFood#5298 dist=3453 | -
[C48P] PAIR Food :: drone=Drone#2000016027 | chose depot(StorageFood) dist=3453 amt=1200 flags=rfSupply+rfStorageDepot | dest building(MegaMall) | nearest ASSIGNABLE depot=StorageFood#5298 dist=3453 | -
						Lua 0:01:41:320
[mod] [C48P] PAIR Food :: drone=Drone#2000004133 | chose depot(StorageFood) dist=19371 amt=1000 flags=rfSupply+rfStorageDepot | dest building(MegaMall) | nearest ASSIGNABLE depot=StationSmall#12631 dist=11979 | -
[C48P] PAIR Food :: drone=Drone#2000004133 | chose depot(StorageFood) dist=19371 amt=1000 flags=rfSupply+rfStorageDepot | dest building(MegaMall) | nearest ASSIGNABLE depot=StationSmall#12631 dist=11979 | -
						Lua 0:01:41:526
[mod] [C48P] PAIR Food :: drone=Drone#2000033512 | chose loose-pile(ResourceStockpile) dist=27461 amt=1000 flags=rfSupply+rfPostInQueue+rfWaitToFill | dest building(ShopsFood) | nearest ASSIGNABLE depot=StationSmall#12472 dist=2147483647 | -
[C48P] PAIR Food :: drone=Drone#2000033512 | chose loose-pile(ResourceStockpile) dist=27461 amt=1000 flags=rfSupply+rfPostInQueue+rfWaitToFill | dest building(ShopsFood) | nearest ASSIGNABLE depot=StationSmall#12472 dist=2147483647 | -
						Lua 0:01:41:841
[mod] [C48P] PAIR Food :: drone=Drone#2000022172 | chose depot(StorageFood) dist=1408 amt=1000 flags=rfSupply+rfStorageDepot | dest building(Diner) | nearest ASSIGNABLE depot=StorageFood#9001 dist=1408 | -
[C48P] PAIR Food :: drone=Drone#2000022172 | chose depot(StorageFood) dist=1408 amt=1000 flags=rfSupply+rfStorageDepot | dest building(Diner) | nearest ASSIGNABLE depot=StorageFood#9001 dist=1408 | -
						Lua 0:01:41:842
[mod] [C48P] PAIR Food :: drone=Drone#2000003963 | chose depot(StationSmall) dist=19828 amt=1000 flags=rfSupply+rfStorageDepot | dest building(ShopsFood_Small) | nearest ASSIGNABLE depot=StationSmall#12631 dist=19828 | -
[C48P] PAIR Food :: drone=Drone#2000003963 | chose depot(StationSmall) dist=19828 amt=1000 flags=rfSupply+rfStorageDepot | dest building(ShopsFood_Small) | nearest ASSIGNABLE depot=StationSmall#12631 dist=19828 | -
						Lua 0:01:41:916
[mod] [C48P] PAIR Food :: drone=Drone#2000033507 | chose depot(StationSmall) dist=8260 amt=1000 flags=rfSupply+rfStorageDepot | dest building(Diner) | nearest ASSIGNABLE depot=StationSmall#12472 dist=2147483647 | -
[C48P] PAIR Food :: drone=Drone#2000033507 | chose depot(StationSmall) dist=8260 amt=1000 flags=rfSupply+rfStorageDepot | dest building(Diner) | nearest ASSIGNABLE depot=StationSmall#12472 dist=2147483647 | -
						Lua 0:01:41:963
[mod] [C48P] PAIR Food :: drone=Drone#2000022160 | chose depot(StorageFood) dist=62023 amt=1000 flags=rfSupply+rfStorageDepot | dest building(ShopsFood) | nearest ASSIGNABLE depot=StorageFood#9001 dist=12154 | -
[C48P] PAIR Food :: drone=Drone#2000022160 | chose depot(StorageFood) dist=62023 amt=1000 flags=rfSupply+rfStorageDepot | dest building(ShopsFood) | nearest ASSIGNABLE depot=StorageFood#9001 dist=12154 | -
						Lua 0:01:41:974
[mod] [C48P] PAIR Food :: drone=Drone#2000033509 | chose depot(StorageFood) dist=6305 amt=1800 flags=rfSupply+rfStorageDepot | dest depot(StationSmall) | nearest ASSIGNABLE depot=StationSmall#12472 dist=2147483647 | -
[C48P] PAIR Food :: drone=Drone#2000033509 | chose depot(StorageFood) dist=6305 amt=1800 flags=rfSupply+rfStorageDepot | dest depot(StationSmall) | nearest ASSIGNABLE depot=StationSmall#12472 dist=2147483647 | -
						Lua 0:01:42:035
[mod] [C48P] PAIR Food :: drone=Drone#2000033517 | chose depot(StorageFood) dist=12971 amt=1620 flags=rfSupply+rfStorageDepot | dest depot(StationSmall) | nearest ASSIGNABLE depot=StationSmall#12472 dist=2147483647 | -
[C48P] PAIR Food :: drone=Drone#2000033517 | chose depot(StorageFood) dist=12971 amt=1620 flags=rfSupply+rfStorageDepot | dest depot(StationSmall) | nearest ASSIGNABLE depot=StationSmall#12472 dist=2147483647 | -
						Lua 0:01:42:073
[mod] [C48P] PAIR Food :: drone=Drone#2000000911 | chose veg-offer(VegetationTaskRequester) dist=21267 amt=4000 flags=rfSupply | dest depot(StationSmall) | nearest ASSIGNABLE depot=StorageFood#2371 dist=3387 | ⭐⭐ NON-DEPOT WON WITH A NEARER ASSIGNABLE DEPOT AVAILABLE
[C48P] PAIR Food :: drone=Drone#2000000911 | chose veg-offer(VegetationTaskRequester) dist=21267 amt=4000 flags=rfSupply | dest depot(StationSmall) | nearest ASSIGNABLE depot=StorageFood#2371 dist=3387 | ⭐⭐ NON-DEPOT WON WITH A NEARER ASSIGNABLE DEPOT AVAILABLE
						Lua 0:01:42:086
[mod] [C48P] PAIR Food :: drone=Drone#2000034612 | chose depot(StationSmall) dist=20262 amt=1000 flags=rfSupply+rfStorageDepot | dest building(Diner) | nearest ASSIGNABLE depot=StationSmall#12472 dist=2147483647 | -
[C48P] PAIR Food :: drone=Drone#2000034612 | chose depot(StationSmall) dist=20262 amt=1000 flags=rfSupply+rfStorageDepot | dest building(Diner) | nearest ASSIGNABLE depot=StationSmall#12472 dist=2147483647 | -
						Lua 0:01:42:098
[mod] [C48P] PAIR Food :: drone=Drone#2000000937 | chose veg-offer(VegetationTaskRequester) dist=23190 amt=4000 flags=rfSupply | dest depot(StationSmall) | nearest ASSIGNABLE depot=StorageFood#2371 dist=1617 | ⭐⭐ NON-DEPOT WON WITH A NEARER ASSIGNABLE DEPOT AVAILABLE
[C48P] PAIR Food :: drone=Drone#2000000937 | chose veg-offer(VegetationTaskRequester) dist=23190 amt=4000 flags=rfSupply | dest depot(StationSmall) | nearest ASSIGNABLE depot=StorageFood#2371 dist=1617 | ⭐⭐ NON-DEPOT WON WITH A NEARER ASSIGNABLE DEPOT AVAILABLE
						Lua 0:01:42:101
[mod] [C48P] PAIR Food :: drone=Drone#2000000482 | chose veg-offer(VegetationTaskRequester) dist=20032 amt=1380 flags=rfSupply | dest depot(StationSmall) | nearest ASSIGNABLE depot=StorageFood#4666 dist=27736 | -
[C48P] PAIR Food :: drone=Drone#2000000482 | chose veg-offer(VegetationTaskRequester) dist=20032 amt=1380 flags=rfSupply | dest depot(StationSmall) | nearest ASSIGNABLE depot=StorageFood#4666 dist=27736 | -
						Lua 0:01:42:141
[mod] [C48P] PAIR Food :: drone=Drone#2000000940 | chose veg-offer(VegetationTaskRequester) dist=29701 amt=1450 flags=rfSupply | dest depot(StationSmall) | nearest ASSIGNABLE depot=StorageFood#2371 dist=2813 | ⭐⭐ NON-DEPOT WON WITH A NEARER ASSIGNABLE DEPOT AVAILABLE
[C48P] PAIR Food :: drone=Drone#2000000940 | chose veg-offer(VegetationTaskRequester) dist=29701 amt=1450 flags=rfSupply | dest depot(StationSmall) | nearest ASSIGNABLE depot=StorageFood#2371 dist=2813 | ⭐⭐ NON-DEPOT WON WITH A NEARER ASSIGNABLE DEPOT AVAILABLE
						Lua 0:01:42:154
[mod] [C48P] PAIR Food :: drone=Drone#2000000707 | chose veg-offer(VegetationTaskRequester) dist=28007 amt=4000 flags=rfSupply | dest depot(StationSmall) | nearest ASSIGNABLE depot=UniversalStorageDepot#2870 dist=23655 | ⭐⭐ NON-DEPOT WON WITH A NEARER ASSIGNABLE DEPOT AVAILABLE
[C48P] PAIR Food :: drone=Drone#2000000707 | chose veg-offer(VegetationTaskRequester) dist=28007 amt=4000 flags=rfSupply | dest depot(StationSmall) | nearest ASSIGNABLE depot=UniversalStorageDepot#2870 dist=23655 | ⭐⭐ NON-DEPOT WON WITH A NEARER ASSIGNABLE DEPOT AVAILABLE
						Lua 0:01:42:167
[mod] [C48P] PAIR Food :: drone=Drone#2000000481 | chose veg-offer(VegetationTaskRequester) dist=31845 amt=4000 flags=rfSupply | dest depot(StationSmall) | nearest ASSIGNABLE depot=StorageFood#4666 dist=20628 | ⭐⭐ NON-DEPOT WON WITH A NEARER ASSIGNABLE DEPOT AVAILABLE
[C48P] PAIR Food :: drone=Drone#2000000481 | chose veg-offer(VegetationTaskRequester) dist=31845 amt=4000 flags=rfSupply | dest depot(StationSmall) | nearest ASSIGNABLE depot=StorageFood#4666 dist=20628 | ⭐⭐ NON-DEPOT WON WITH A NEARER ASSIGNABLE DEPOT AVAILABLE
						Lua 0:01:42:188
[mod] [C48P] PAIR Food :: drone=Drone#2000000494 | chose veg-offer(VegetationTaskRequester) dist=29324 amt=1450 flags=rfSupply | dest depot(StationSmall) | nearest ASSIGNABLE depot=StorageFood#4666 dist=21223 | ⭐⭐ NON-DEPOT WON WITH A NEARER ASSIGNABLE DEPOT AVAILABLE
[C48P] PAIR Food :: drone=Drone#2000000494 | chose veg-offer(VegetationTaskRequester) dist=29324 amt=1450 flags=rfSupply | dest depot(StationSmall) | nearest ASSIGNABLE depot=StorageFood#4666 dist=21223 | ⭐⭐ NON-DEPOT WON WITH A NEARER ASSIGNABLE DEPOT AVAILABLE
						Lua 0:01:42:199
[mod] [C48P] PAIR Food :: drone=Drone#2000000485 | chose veg-offer(VegetationTaskRequester) dist=29686 amt=2871 flags=rfSupply | dest depot(StationSmall) | nearest ASSIGNABLE depot=StorageFood#4666 dist=20484 | ⭐⭐ NON-DEPOT WON WITH A NEARER ASSIGNABLE DEPOT AVAILABLE
[C48P] PAIR Food :: drone=Drone#2000000485 | chose veg-offer(VegetationTaskRequester) dist=29686 amt=2871 flags=rfSupply | dest depot(StationSmall) | nearest ASSIGNABLE depot=StorageFood#4666 dist=20484 | ⭐⭐ NON-DEPOT WON WITH A NEARER ASSIGNABLE DEPOT AVAILABLE
						Lua 0:01:42:317
[mod] [C48P] PAIR Food :: drone=Drone#2000022165 | chose depot(StorageFood) dist=1026 amt=1200 flags=rfSupply+rfStorageDepot | dest building(Diner) | nearest ASSIGNABLE depot=StorageFood#8292 dist=1026 | -
[C48P] PAIR Food :: drone=Drone#2000022165 | chose depot(StorageFood) dist=1026 amt=1200 flags=rfSupply+rfStorageDepot | dest building(Diner) | nearest ASSIGNABLE depot=StorageFood#8292 dist=1026 | -
						Lua 0:01:42:399
[mod] [C48P] PAIR Seeds :: drone=Drone#2000018574 | chose veg-offer(VegetationTaskRequester) dist=8106 amt=2 flags=rfSupply | dest depot(StorageSeeds) | nearest ASSIGNABLE depot=StorageSeeds#6617 dist=2949 | ⭐⭐ NON-DEPOT WON WITH A NEARER ASSIGNABLE DEPOT AVAILABLE
[C48P] PAIR Seeds :: drone=Drone#2000018574 | chose veg-offer(VegetationTaskRequester) dist=8106 amt=2 flags=rfSupply | dest depot(StorageSeeds) | nearest ASSIGNABLE depot=StorageSeeds#6617 dist=2949 | ⭐⭐ NON-DEPOT WON WITH A NEARER ASSIGNABLE DEPOT AVAILABLE
						Lua 0:01:42:471
[mod] [C48P] PAIR Seeds :: drone=Drone#2000000349 | chose veg-offer(VegetationTaskRequester) dist=71458 amt=280 flags=rfSupply | dest building(ForestationPlant) | nearest ASSIGNABLE depot=UniversalStorageDepot#1073 dist=3960 | ⭐⭐ NON-DEPOT WON WITH A NEARER ASSIGNABLE DEPOT AVAILABLE
[C48P] PAIR Seeds :: drone=Drone#2000000349 | chose veg-offer(VegetationTaskRequester) dist=71458 amt=280 flags=rfSupply | dest building(ForestationPlant) | nearest ASSIGNABLE depot=UniversalStorageDepot#1073 dist=3960 | ⭐⭐ NON-DEPOT WON WITH A NEARER ASSIGNABLE DEPOT AVAILABLE
						Lua 0:01:42:486
[mod] [C48P] PAIR Seeds :: drone=Drone#2000000705 | chose veg-offer(VegetationTaskRequester) dist=57559 amt=280 flags=rfSupply | dest building(ForestationPlant) | nearest ASSIGNABLE depot=UniversalStorageDepot#1073 dist=1642 | ⭐⭐ NON-DEPOT WON WITH A NEARER ASSIGNABLE DEPOT AVAILABLE
[C48P] PAIR Seeds :: drone=Drone#2000000705 | chose veg-offer(VegetationTaskRequester) dist=57559 amt=280 flags=rfSupply | dest building(ForestationPlant) | nearest ASSIGNABLE depot=UniversalStorageDepot#1073 dist=1642 | ⭐⭐ NON-DEPOT WON WITH A NEARER ASSIGNABLE DEPOT AVAILABLE
						Lua 0:01:42:509
[mod] [C48P] PAIR Seeds :: drone=Drone#2000018584 | chose veg-offer(VegetationTaskRequester) dist=8606 amt=4 flags=rfSupply | dest depot(StorageSeeds) | nearest ASSIGNABLE depot=UniversalStorageDepot#6615 dist=4566 | ⭐⭐ NON-DEPOT WON WITH A NEARER ASSIGNABLE DEPOT AVAILABLE
[C48P] PAIR Seeds :: drone=Drone#2000018584 | chose veg-offer(VegetationTaskRequester) dist=8606 amt=4 flags=rfSupply | dest depot(StorageSeeds) | nearest ASSIGNABLE depot=UniversalStorageDepot#6615 dist=4566 | ⭐⭐ NON-DEPOT WON WITH A NEARER ASSIGNABLE DEPOT AVAILABLE
						Lua 0:01:42:525
[mod] [C48P] PAIR Seeds :: drone=Drone#2000040064 | chose veg-offer(VegetationTaskRequester) dist=18180 amt=280 flags=rfSupply | dest building(ForestationPlant) | nearest ASSIGNABLE depot=UniversalStorageDepot#15036 dist=1668 | ⭐⭐ NON-DEPOT WON WITH A NEARER ASSIGNABLE DEPOT AVAILABLE
[C48P] PAIR Seeds :: drone=Drone#2000040064 | chose veg-offer(VegetationTaskRequester) dist=18180 amt=280 flags=rfSupply | dest building(ForestationPlant) | nearest ASSIGNABLE depot=UniversalStorageDepot#15036 dist=1668 | ⭐⭐ NON-DEPOT WON WITH A NEARER ASSIGNABLE DEPOT AVAILABLE
						Lua 0:01:42:678
[mod] [C48P] PAIR Food :: drone=Drone#2000015995 | chose depot(StorageFood) dist=7160 amt=1000 flags=rfSupply+rfStorageDepot | dest building(ShopsFood) | nearest ASSIGNABLE depot=StorageFood#5298 dist=7160 | -
[C48P] PAIR Food :: drone=Drone#2000015995 | chose depot(StorageFood) dist=7160 amt=1000 flags=rfSupply+rfStorageDepot | dest building(ShopsFood) | nearest ASSIGNABLE depot=StorageFood#5298 dist=7160 | -
						Lua 0:01:42:685
[mod] [C48P] PAIR Food :: drone=Drone#2000016021 | chose depot(StationSmall) dist=29788 amt=4000 flags=rfSupply+rfStorageDepot | dest depot(StorageFood) | nearest ASSIGNABLE depot=StorageFood#5298 dist=5658 | -
[C48P] PAIR Food :: drone=Drone#2000016021 | chose depot(StationSmall) dist=29788 amt=4000 flags=rfSupply+rfStorageDepot | dest depot(StorageFood) | nearest ASSIGNABLE depot=StorageFood#5298 dist=5658 | -
						Lua 0:01:42:758
[mod] [C48P] PAIR Food :: drone=Drone#2000003933 | chose depot(StorageFood) dist=11177 amt=1200 flags=rfSupply+rfStorageDepot | dest building(ShopsFood_Small) | nearest ASSIGNABLE depot=UniversalStorageDepot#1471 dist=8806 | -
[C48P] PAIR Food :: drone=Drone#2000003933 | chose depot(StorageFood) dist=11177 amt=1200 flags=rfSupply+rfStorageDepot | dest building(ShopsFood_Small) | nearest ASSIGNABLE depot=UniversalStorageDepot#1471 dist=8806 | -
						Lua 0:01:42:790
[mod] [C48P] PAIR Seeds :: drone=Drone#2000040067 | chose veg-offer(VegetationTaskRequester) dist=18084 amt=280 flags=rfSupply | dest building(ForestationPlant) | nearest ASSIGNABLE depot=StorageSeeds#15037 dist=5037 | ⭐⭐ NON-DEPOT WON WITH A NEARER ASSIGNABLE DEPOT AVAILABLE
[C48P] PAIR Seeds :: drone=Drone#2000040067 | chose veg-offer(VegetationTaskRequester) dist=18084 amt=280 flags=rfSupply | dest building(ForestationPlant) | nearest ASSIGNABLE depot=StorageSeeds#15037 dist=5037 | ⭐⭐ NON-DEPOT WON WITH A NEARER ASSIGNABLE DEPOT AVAILABLE
						Lua 0:01:42:956
[mod] [C48P] PAIR Food :: drone=Drone#2000028596 | chose veg-offer(VegetationTaskRequester) dist=29706 amt=1000 flags=rfSupply | dest building(ShopsFood) | nearest ASSIGNABLE depot=UniversalStorageDepot#4544 dist=3525 | ⭐⭐ NON-DEPOT WON WITH A NEARER ASSIGNABLE DEPOT AVAILABLE
[C48P] PAIR Food :: drone=Drone#2000028596 | chose veg-offer(VegetationTaskRequester) dist=29706 amt=1000 flags=rfSupply | dest building(ShopsFood) | nearest ASSIGNABLE depot=UniversalStorageDepot#4544 dist=3525 | ⭐⭐ NON-DEPOT WON WITH A NEARER ASSIGNABLE DEPOT AVAILABLE
						Lua 0:01:43:032
[mod] [C48P] PAIR Food :: drone=Drone#2000034614 | chose depot(StationSmall) dist=20729 amt=600 flags=rfSupply+rfStorageDepot | dest building(ShopsFood) | nearest ASSIGNABLE depot=StationSmall#12472 dist=2147483647 | -
[C48P] PAIR Food :: drone=Drone#2000034614 | chose depot(StationSmall) dist=20729 amt=600 flags=rfSupply+rfStorageDepot | dest building(ShopsFood) | nearest ASSIGNABLE depot=StationSmall#12472 dist=2147483647 | -
						Lua 0:01:43:048
[mod] [C48P] PAIR Food :: drone=Drone#2000022161 | chose depot(StorageFood) dist=55729 amt=1200 flags=rfSupply+rfStorageDepot | dest building(MegaMall) | nearest ASSIGNABLE depot=StorageFood#8292 dist=9856 | -
[C48P] PAIR Food :: drone=Drone#2000022161 | chose depot(StorageFood) dist=55729 amt=1200 flags=rfSupply+rfStorageDepot | dest building(MegaMall) | nearest ASSIGNABLE depot=StorageFood#8292 dist=9856 | -
						Lua 0:01:43:216
[mod] [C48P] PAIR Food :: drone=Drone#2000022168 | chose depot(StorageFood) dist=3918 amt=1000 flags=rfSupply+rfStorageDepot | dest building(Diner) | nearest ASSIGNABLE depot=StorageFood#8292 dist=3918 | -
[C48P] PAIR Food :: drone=Drone#2000022168 | chose depot(StorageFood) dist=3918 amt=1000 flags=rfSupply+rfStorageDepot | dest building(Diner) | nearest ASSIGNABLE depot=StorageFood#8292 dist=3918 | -
						Lua 0:01:43:233
[mod] [C48P] PAIR Food :: drone=Drone#2000034615 | chose depot(StorageFood) dist=915 amt=4000 flags=rfSupply+rfStorageDepot | dest depot(StationSmall) | nearest ASSIGNABLE depot=StationSmall#12472 dist=2147483647 | -
[C48P] PAIR Food :: drone=Drone#2000034615 | chose depot(StorageFood) dist=915 amt=4000 flags=rfSupply+rfStorageDepot | dest depot(StationSmall) | nearest ASSIGNABLE depot=StationSmall#12472 dist=2147483647 | -
						Lua 0:01:43:260
[mod] [C48P] PAIR Seeds :: drone=Drone#2000040066 | chose veg-offer(VegetationTaskRequester) dist=38838 amt=40 flags=rfSupply | dest depot(StorageSeeds) | nearest ASSIGNABLE depot=UniversalStorageDepot#15036 dist=41054 | -
[C48P] PAIR Seeds :: drone=Drone#2000040066 | chose veg-offer(VegetationTaskRequester) dist=38838 amt=40 flags=rfSupply | dest depot(StorageSeeds) | nearest ASSIGNABLE depot=UniversalStorageDepot#15036 dist=41054 | -
						Lua 0:01:43:333
[mod] [C48P] PAIR Food :: drone=Drone#2000004131 | chose loose-pile(ResourceStockpile) dist=15197 amt=898 flags=rfSupply+rfPostInQueue+rfWaitToFill | dest depot(StationSmall) | nearest ASSIGNABLE depot=StationSmall#12631 dist=18518 | -
[C48P] PAIR Food :: drone=Drone#2000004131 | chose loose-pile(ResourceStockpile) dist=15197 amt=898 flags=rfSupply+rfPostInQueue+rfWaitToFill | dest depot(StationSmall) | nearest ASSIGNABLE depot=StationSmall#12631 dist=18518 | -
[mod] [C48P] PAIR Food :: drone=Drone#2000028601 | chose veg-offer(VegetationTaskRequester) dist=20055 amt=4000 flags=rfSupply | dest depot(StationSmall) | nearest ASSIGNABLE depot=UniversalStorageDepot#4544 dist=1562 | ⭐⭐ NON-DEPOT WON WITH A NEARER ASSIGNABLE DEPOT AVAILABLE
[C48P] PAIR Food :: drone=Drone#2000028601 | chose veg-offer(VegetationTaskRequester) dist=20055 amt=4000 flags=rfSupply | dest depot(StationSmall) | nearest ASSIGNABLE depot=UniversalStorageDepot#4544 dist=1562 | ⭐⭐ NON-DEPOT WON WITH A NEARER ASSIGNABLE DEPOT AVAILABLE
						Lua 0:01:43:387
[mod] [C48P] PAIR Food :: drone=Drone#2000028602 | chose veg-offer(VegetationTaskRequester) dist=24073 amt=400 flags=rfSupply | dest depot(StationSmall) | nearest ASSIGNABLE depot=StationSmall#4552 dist=2827 | ⭐⭐ NON-DEPOT WON WITH A NEARER ASSIGNABLE DEPOT AVAILABLE
[C48P] PAIR Food :: drone=Drone#2000028602 | chose veg-offer(VegetationTaskRequester) dist=24073 amt=400 flags=rfSupply | dest depot(StationSmall) | nearest ASSIGNABLE depot=StationSmall#4552 dist=2827 | ⭐⭐ NON-DEPOT WON WITH A NEARER ASSIGNABLE DEPOT AVAILABLE
						Lua 0:01:43:402
[mod] [C48P] PAIR Food :: drone=Drone#2000028600 | chose veg-offer(VegetationTaskRequester) dist=27157 amt=4000 flags=rfSupply | dest depot(StationSmall) | nearest ASSIGNABLE depot=UniversalStorageDepot#4544 dist=6053 | ⭐⭐ NON-DEPOT WON WITH A NEARER ASSIGNABLE DEPOT AVAILABLE
[C48P] PAIR Food :: drone=Drone#2000028600 | chose veg-offer(VegetationTaskRequester) dist=27157 amt=4000 flags=rfSupply | dest depot(StationSmall) | nearest ASSIGNABLE depot=UniversalStorageDepot#4544 dist=6053 | ⭐⭐ NON-DEPOT WON WITH A NEARER ASSIGNABLE DEPOT AVAILABLE
						Lua 0:01:43:536
[mod] [C48P] PAIR Food :: drone=Drone#2000008792 | chose loose-pile(ResourceStockpileLR) dist=36236 amt=1200 flags=rfSupply+rfWaitToFill+rfStorageDepot | dest building(Diner) | nearest ASSIGNABLE depot=StorageFood#3562 dist=19802 | ⭐⭐ NON-DEPOT WON WITH A NEARER ASSIGNABLE DEPOT AVAILABLE
[C48P] PAIR Food :: drone=Drone#2000008792 | chose loose-pile(ResourceStockpileLR) dist=36236 amt=1200 flags=rfSupply+rfWaitToFill+rfStorageDepot | dest building(Diner) | nearest ASSIGNABLE depot=StorageFood#3562 dist=19802 | ⭐⭐ NON-DEPOT WON WITH A NEARER ASSIGNABLE DEPOT AVAILABLE
						Lua 0:01:43:568
[mod] [C48P] PAIR Seeds :: drone=Drone#2000028588 | chose veg-offer(VegetationTaskRequester) dist=32443 amt=280 flags=rfSupply | dest building(OpenFarm) | nearest ASSIGNABLE depot=StorageSeeds#15986 dist=5292 | ⭐⭐ NON-DEPOT WON WITH A NEARER ASSIGNABLE DEPOT AVAILABLE
[C48P] PAIR Seeds :: drone=Drone#2000028588 | chose veg-offer(VegetationTaskRequester) dist=32443 amt=280 flags=rfSupply | dest building(OpenFarm) | nearest ASSIGNABLE depot=StorageSeeds#15986 dist=5292 | ⭐⭐ NON-DEPOT WON WITH A NEARER ASSIGNABLE DEPOT AVAILABLE
						Lua 0:01:43:599
[mod] [C48P] PAIR Food :: drone=Drone#2000000925 | chose loose-pile(ResourceStockpile) dist=21666 amt=1000 flags=rfSupply+rfPostInQueue+rfWaitToFill | dest building(Diner) | nearest ASSIGNABLE depot=StorageFood#2371 dist=2028 | ⭐⭐ NON-DEPOT WON WITH A NEARER ASSIGNABLE DEPOT AVAILABLE
[C48P] PAIR Food :: drone=Drone#2000000925 | chose loose-pile(ResourceStockpile) dist=21666 amt=1000 flags=rfSupply+rfPostInQueue+rfWaitToFill | dest building(Diner) | nearest ASSIGNABLE depot=StorageFood#2371 dist=2028 | ⭐⭐ NON-DEPOT WON WITH A NEARER ASSIGNABLE DEPOT AVAILABLE
						Lua 0:01:43:614
[mod] [C48P] PAIR Food :: drone=Drone#2000008596 | chose depot(StationSmall) dist=36141 amt=1600 flags=rfSupply+rfStorageDepot | dest building(Diner) | nearest ASSIGNABLE depot=StorageFood#3562 dist=21618 | -
[C48P] PAIR Food :: drone=Drone#2000008596 | chose depot(StationSmall) dist=36141 amt=1600 flags=rfSupply+rfStorageDepot | dest building(Diner) | nearest ASSIGNABLE depot=StorageFood#3562 dist=21618 | -
						Lua 0:01:43:815
[mod] [C48P] PAIR Food :: drone=Drone#2000000921 | chose veg-offer(VegetationTaskRequester) dist=32093 amt=2390 flags=rfSupply | dest depot(StorageFood) | nearest ASSIGNABLE depot=StorageFood#2371 dist=804 | ⭐⭐ NON-DEPOT WON WITH A NEARER ASSIGNABLE DEPOT AVAILABLE
[C48P] PAIR Food :: drone=Drone#2000000921 | chose veg-offer(VegetationTaskRequester) dist=32093 amt=2390 flags=rfSupply | dest depot(StorageFood) | nearest ASSIGNABLE depot=StorageFood#2371 dist=804 | ⭐⭐ NON-DEPOT WON WITH A NEARER ASSIGNABLE DEPOT AVAILABLE
						Lua 0:01:43:837
[mod] [C48P] PAIR Food :: drone=Drone#2000000919 | chose veg-offer(VegetationTaskRequester) dist=28047 amt=3610 flags=rfSupply | dest depot(StorageFood) | nearest ASSIGNABLE depot=StorageFood#2371 dist=1364 | ⭐⭐ NON-DEPOT WON WITH A NEARER ASSIGNABLE DEPOT AVAILABLE
[C48P] PAIR Food :: drone=Drone#2000000919 | chose veg-offer(VegetationTaskRequester) dist=28047 amt=3610 flags=rfSupply | dest depot(StorageFood) | nearest ASSIGNABLE depot=StorageFood#2371 dist=1364 | ⭐⭐ NON-DEPOT WON WITH A NEARER ASSIGNABLE DEPOT AVAILABLE
						Lua 0:01:43:955
[mod] [C48P] PAIR Food :: drone=Drone#2000016018 | chose depot(StorageFood) dist=6825 amt=1000 flags=rfSupply+rfStorageDepot | dest building(Diner) | nearest ASSIGNABLE depot=StorageFood#5298 dist=6825 | -
[C48P] PAIR Food :: drone=Drone#2000016018 | chose depot(StorageFood) dist=6825 amt=1000 flags=rfSupply+rfStorageDepot | dest building(Diner) | nearest ASSIGNABLE depot=StorageFood#5298 dist=6825 | -
						Lua 0:01:44:043
[mod] [C48P] PAIR Seeds :: drone=Drone#2000022173 | chose veg-offer(VegetationTaskRequester) dist=19754 amt=280 flags=rfSupply | dest building(ForestationPlant) | nearest ASSIGNABLE depot=StationSmall#12496 dist=25613 | -
[C48P] PAIR Seeds :: drone=Drone#2000022173 | chose veg-offer(VegetationTaskRequester) dist=19754 amt=280 flags=rfSupply | dest building(ForestationPlant) | nearest ASSIGNABLE depot=StationSmall#12496 dist=25613 | -
						Lua 0:01:44:059
[mod] [C48P] PAIR Seeds :: drone=Drone#2000037355 | chose veg-offer(VegetationTaskRequester) dist=12575 amt=280 flags=rfSupply | dest building(ForestationPlant) | nearest ASSIGNABLE depot=StationSmall#12496 dist=17866 | -
[C48P] PAIR Seeds :: drone=Drone#2000037355 | chose veg-offer(VegetationTaskRequester) dist=12575 amt=280 flags=rfSupply | dest building(ForestationPlant) | nearest ASSIGNABLE depot=StationSmall#12496 dist=17866 | -
						Lua 0:01:44:111
[mod] [C48P] PAIR Seeds :: drone=Drone#2000038815 | chose veg-offer(VegetationTaskRequester) dist=8288 amt=280 flags=rfSupply | dest building(ForestationPlant) | nearest ASSIGNABLE depot=StorageSeeds#14612 dist=1402 | ⭐⭐ NON-DEPOT WON WITH A NEARER ASSIGNABLE DEPOT AVAILABLE
[C48P] PAIR Seeds :: drone=Drone#2000038815 | chose veg-offer(VegetationTaskRequester) dist=8288 amt=280 flags=rfSupply | dest building(ForestationPlant) | nearest ASSIGNABLE depot=StorageSeeds#14612 dist=1402 | ⭐⭐ NON-DEPOT WON WITH A NEARER ASSIGNABLE DEPOT AVAILABLE
						Lua 0:01:44:125
[mod] [C48P] PAIR Food :: drone=Drone#2000028591 | chose veg-offer(VegetationTaskRequester) dist=19533 amt=1480 flags=rfSupply | dest depot(StationSmall) | nearest ASSIGNABLE depot=UniversalStorageDepot#4544 dist=1839 | ⭐⭐ NON-DEPOT WON WITH A NEARER ASSIGNABLE DEPOT AVAILABLE
[C48P] PAIR Food :: drone=Drone#2000028591 | chose veg-offer(VegetationTaskRequester) dist=19533 amt=1480 flags=rfSupply | dest depot(StationSmall) | nearest ASSIGNABLE depot=UniversalStorageDepot#4544 dist=1839 | ⭐⭐ NON-DEPOT WON WITH A NEARER ASSIGNABLE DEPOT AVAILABLE
						Lua 0:01:44:169
[mod] [C48P] PAIR Seeds :: drone=Drone#2000018577 | chose veg-offer(VegetationTaskRequester) dist=4492 amt=6 flags=rfSupply | dest depot(StorageSeeds) | nearest ASSIGNABLE depot=UniversalStorageDepot#6615 dist=5921 | -
[C48P] PAIR Seeds :: drone=Drone#2000018577 | chose veg-offer(VegetationTaskRequester) dist=4492 amt=6 flags=rfSupply | dest depot(StorageSeeds) | nearest ASSIGNABLE depot=UniversalStorageDepot#6615 dist=5921 | -
						Lua 0:01:44:183
[mod] [C48P] PAIR Food :: drone=Drone#2000034610 | chose depot(StorageFood) dist=21747 amt=1000 flags=rfSupply+rfStorageDepot | dest building(ShopsFood) | nearest ASSIGNABLE depot=StationSmall#12472 dist=2147483647 | -
[C48P] PAIR Food :: drone=Drone#2000034610 | chose depot(StorageFood) dist=21747 amt=1000 flags=rfSupply+rfStorageDepot | dest building(ShopsFood) | nearest ASSIGNABLE depot=StationSmall#12472 dist=2147483647 | -
						Lua 0:01:44:194
[mod] [C48P] PAIR Food :: drone=Drone#2000028593 | chose veg-offer(VegetationTaskRequester) dist=3795 amt=4000 flags=rfSupply | dest depot(StationSmall) | nearest ASSIGNABLE depot=StorageFood#8680 dist=12709 | -
[C48P] PAIR Food :: drone=Drone#2000028593 | chose veg-offer(VegetationTaskRequester) dist=3795 amt=4000 flags=rfSupply | dest depot(StationSmall) | nearest ASSIGNABLE depot=StorageFood#8680 dist=12709 | -
						Lua 0:01:44:257
[mod] [C48P] PAIR Food :: drone=Drone#2000028598 | chose veg-offer(VegetationTaskRequester) dist=26118 amt=4000 flags=rfSupply | dest depot(StationSmall) | nearest ASSIGNABLE depot=StorageFood#8680 dist=14723 | ⭐⭐ NON-DEPOT WON WITH A NEARER ASSIGNABLE DEPOT AVAILABLE
[C48P] PAIR Food :: drone=Drone#2000028598 | chose veg-offer(VegetationTaskRequester) dist=26118 amt=4000 flags=rfSupply | dest depot(StationSmall) | nearest ASSIGNABLE depot=StorageFood#8680 dist=14723 | ⭐⭐ NON-DEPOT WON WITH A NEARER ASSIGNABLE DEPOT AVAILABLE
						Lua 0:01:44:277
[mod] [C48P] PAIR Food :: drone=Drone#2000033517 | chose depot(StationSmall) dist=2185 amt=1619 flags=rfSupply+rfStorageDepot | dest depot(StorageFood) | nearest ASSIGNABLE depot=StationSmall#12472 dist=2147483647 | -
[C48P] PAIR Food :: drone=Drone#2000033517 | chose depot(StationSmall) dist=2185 amt=1619 flags=rfSupply+rfStorageDepot | dest depot(StorageFood) | nearest ASSIGNABLE depot=StationSmall#12472 dist=2147483647 | -
						Lua 0:01:44:384
[mod] [C48P] PAIR Seeds :: drone=Drone#2000038817 | chose veg-offer(VegetationTaskRequester) dist=9256 amt=280 flags=rfSupply | dest building(ForestationPlant) | nearest ASSIGNABLE depot=StorageSeeds#14612 dist=6783 | ⭐⭐ NON-DEPOT WON WITH A NEARER ASSIGNABLE DEPOT AVAILABLE
[C48P] PAIR Seeds :: drone=Drone#2000038817 | chose veg-offer(VegetationTaskRequester) dist=9256 amt=280 flags=rfSupply | dest building(ForestationPlant) | nearest ASSIGNABLE depot=StorageSeeds#14612 dist=6783 | ⭐⭐ NON-DEPOT WON WITH A NEARER ASSIGNABLE DEPOT AVAILABLE
[mod] [C48P] PAIR Food :: drone=Drone#2000022166 | chose depot(StorageFood) dist=62023 amt=1000 flags=rfSupply+rfStorageDepot | dest building(Diner) | nearest ASSIGNABLE depot=StorageFood#9001 dist=12154 | -
[C48P] PAIR Food :: drone=Drone#2000022166 | chose depot(StorageFood) dist=62023 amt=1000 flags=rfSupply+rfStorageDepot | dest building(Diner) | nearest ASSIGNABLE depot=StorageFood#9001 dist=12154 | -
						Lua 0:01:44:533
[mod] [C48P] PAIR Seeds :: drone=Drone#2000013712 | chose veg-offer(VegetationTaskRequester) dist=18652 amt=27 flags=rfSupply | dest depot(StorageSeeds) | nearest ASSIGNABLE depot=UniversalStorageDepot#4532 dist=6826 | ⭐⭐ NON-DEPOT WON WITH A NEARER ASSIGNABLE DEPOT AVAILABLE
[C48P] PAIR Seeds :: drone=Drone#2000013712 | chose veg-offer(VegetationTaskRequester) dist=18652 amt=27 flags=rfSupply | dest depot(StorageSeeds) | nearest ASSIGNABLE depot=UniversalStorageDepot#4532 dist=6826 | ⭐⭐ NON-DEPOT WON WITH A NEARER ASSIGNABLE DEPOT AVAILABLE
						Lua 0:01:44:604
[mod] [C48P] PAIR Food :: drone=Drone#2000000709 | chose loose-pile(ResourceStockpile) dist=19409 amt=1000 flags=rfSupply+rfPostInQueue+rfWaitToFill | dest building(Diner) | nearest ASSIGNABLE depot=StorageFood#4666 dist=21536 | -
[C48P] PAIR Food :: drone=Drone#2000000709 | chose loose-pile(ResourceStockpile) dist=19409 amt=1000 flags=rfSupply+rfPostInQueue+rfWaitToFill | dest building(Diner) | nearest ASSIGNABLE depot=StorageFood#4666 dist=21536 | -
						Lua 0:01:44:715
[mod] [C48P] PAIR Seeds :: drone=Drone#2000037361 | chose veg-offer(VegetationTaskRequester) dist=44387 amt=280 flags=rfSupply | dest building(ForestationPlant) | nearest ASSIGNABLE depot=StationSmall#12496 dist=50218 | -
[C48P] PAIR Seeds :: drone=Drone#2000037361 | chose veg-offer(VegetationTaskRequester) dist=44387 amt=280 flags=rfSupply | dest building(ForestationPlant) | nearest ASSIGNABLE depot=StationSmall#12496 dist=50218 | -
						Lua 0:01:44:729
[mod] [C48P] PAIR Seeds :: drone=Drone#2000022163 | chose veg-offer(VegetationTaskRequester) dist=25152 amt=280 flags=rfSupply | dest building(ForestationPlant) | nearest ASSIGNABLE depot=StationSmall#12496 dist=13699 | ⭐⭐ NON-DEPOT WON WITH A NEARER ASSIGNABLE DEPOT AVAILABLE
[C48P] PAIR Seeds :: drone=Drone#2000022163 | chose veg-offer(VegetationTaskRequester) dist=25152 amt=280 flags=rfSupply | dest building(ForestationPlant) | nearest ASSIGNABLE depot=StationSmall#12496 dist=13699 | ⭐⭐ NON-DEPOT WON WITH A NEARER ASSIGNABLE DEPOT AVAILABLE
						Lua 0:01:44:745
[mod] [C48P] PAIR Seeds :: drone=Drone#2000040069 | chose veg-offer(VegetationTaskRequester) dist=13852 amt=280 flags=rfSupply | dest building(ForestationPlant) | nearest ASSIGNABLE depot=UniversalStorageDepot#15036 dist=1675 | ⭐⭐ NON-DEPOT WON WITH A NEARER ASSIGNABLE DEPOT AVAILABLE
[C48P] PAIR Seeds :: drone=Drone#2000040069 | chose veg-offer(VegetationTaskRequester) dist=13852 amt=280 flags=rfSupply | dest building(ForestationPlant) | nearest ASSIGNABLE depot=UniversalStorageDepot#15036 dist=1675 | ⭐⭐ NON-DEPOT WON WITH A NEARER ASSIGNABLE DEPOT AVAILABLE
						Lua 0:01:44:817
[mod] [C48P] PAIR Food :: drone=Drone#2000004139 | chose loose-pile(ResourceStockpileLR) dist=22021 amt=1000 flags=rfSupply+rfWaitToFill+rfStorageDepot | dest building(Diner) | nearest ASSIGNABLE depot=StationSmall#12631 dist=20129 | ⭐⭐ NON-DEPOT WON WITH A NEARER ASSIGNABLE DEPOT AVAILABLE
[C48P] PAIR Food :: drone=Drone#2000004139 | chose loose-pile(ResourceStockpileLR) dist=22021 amt=1000 flags=rfSupply+rfWaitToFill+rfStorageDepot | dest building(Diner) | nearest ASSIGNABLE depot=StationSmall#12631 dist=20129 | ⭐⭐ NON-DEPOT WON WITH A NEARER ASSIGNABLE DEPOT AVAILABLE
						Lua 0:01:44:868
[mod] [C48P] PAIR Food :: drone=Drone#2000000344 | chose loose-pile(ResourceStockpile) dist=33293 amt=1000 flags=rfSupply+rfPostInQueue+rfWaitToFill | dest building(Diner) | nearest ASSIGNABLE depot=StorageFood#4666 dist=27630 | ⭐⭐ NON-DEPOT WON WITH A NEARER ASSIGNABLE DEPOT AVAILABLE
[C48P] PAIR Food :: drone=Drone#2000000344 | chose loose-pile(ResourceStockpile) dist=33293 amt=1000 flags=rfSupply+rfPostInQueue+rfWaitToFill | dest building(Diner) | nearest ASSIGNABLE depot=StorageFood#4666 dist=27630 | ⭐⭐ NON-DEPOT WON WITH A NEARER ASSIGNABLE DEPOT AVAILABLE
						Lua 0:01:44:963
[mod] [C48P] PAIR Seeds :: drone=Drone#2000000907 | chose veg-offer(VegetationTaskRequester) dist=67608 amt=280 flags=rfSupply | dest building(ForestationPlant) | nearest ASSIGNABLE depot=UniversalStorageDepot#1073 dist=4477 | ⭐⭐ NON-DEPOT WON WITH A NEARER ASSIGNABLE DEPOT AVAILABLE
[C48P] PAIR Seeds :: drone=Drone#2000000907 | chose veg-offer(VegetationTaskRequester) dist=67608 amt=280 flags=rfSupply | dest building(ForestationPlant) | nearest ASSIGNABLE depot=UniversalStorageDepot#1073 dist=4477 | ⭐⭐ NON-DEPOT WON WITH A NEARER ASSIGNABLE DEPOT AVAILABLE
						Lua 0:01:44:977
[mod] [C48P] PAIR Seeds :: drone=Drone#2000000915 | chose veg-offer(VegetationTaskRequester) dist=29149 amt=280 flags=rfSupply | dest building(ForestationPlant) | nearest ASSIGNABLE depot=UniversalStorageDepot#2870 dist=5525 | ⭐⭐ NON-DEPOT WON WITH A NEARER ASSIGNABLE DEPOT AVAILABLE
[C48P] PAIR Seeds :: drone=Drone#2000000915 | chose veg-offer(VegetationTaskRequester) dist=29149 amt=280 flags=rfSupply | dest building(ForestationPlant) | nearest ASSIGNABLE depot=UniversalStorageDepot#2870 dist=5525 | ⭐⭐ NON-DEPOT WON WITH A NEARER ASSIGNABLE DEPOT AVAILABLE
						Lua 0:01:45:012
[mod] [C48P] PAIR Food :: drone=Drone#2000028595 | chose veg-offer(VegetationTaskRequester) dist=24847 amt=2120 flags=rfSupply | dest depot(StationSmall) | nearest ASSIGNABLE depot=StorageFood#8680 dist=13305 | ⭐⭐ NON-DEPOT WON WITH A NEARER ASSIGNABLE DEPOT AVAILABLE
[C48P] PAIR Food :: drone=Drone#2000028595 | chose veg-offer(VegetationTaskRequester) dist=24847 amt=2120 flags=rfSupply | dest depot(StationSmall) | nearest ASSIGNABLE depot=StorageFood#8680 dist=13305 | ⭐⭐ NON-DEPOT WON WITH A NEARER ASSIGNABLE DEPOT AVAILABLE
						Lua 0:01:45:263
[mod] [C48P] PAIR Food :: drone=Drone#2000033514 | chose depot(StationSmall) dist=14769 amt=1400 flags=rfSupply+rfStorageDepot | dest building(Diner) | nearest ASSIGNABLE depot=StationSmall#12472 dist=2147483647 | -
[C48P] PAIR Food :: drone=Drone#2000033514 | chose depot(StationSmall) dist=14769 amt=1400 flags=rfSupply+rfStorageDepot | dest building(Diner) | nearest ASSIGNABLE depot=StationSmall#12472 dist=2147483647 | -
						Lua 0:01:45:368
[mod] [C48P] PAIR Food :: drone=Drone#2000033507 | chose depot(StorageFood) dist=25398 amt=1259 flags=rfSupply+rfStorageDepot | dest depot(StationSmall) | nearest ASSIGNABLE depot=StationSmall#12472 dist=2147483647 | -
[C48P] PAIR Food :: drone=Drone#2000033507 | chose depot(StorageFood) dist=25398 amt=1259 flags=rfSupply+rfStorageDepot | dest depot(StationSmall) | nearest ASSIGNABLE depot=StationSmall#12472 dist=2147483647 | -
						Lua 0:01:45:420
[mod] [C48P] PAIR Seeds :: drone=Drone#2000003986 | chose veg-offer(VegetationTaskRequester) dist=51155 amt=280 flags=rfSupply | dest building(ForestationPlant) | nearest ASSIGNABLE depot=StationSmall#12631 dist=14829 | ⭐⭐ NON-DEPOT WON WITH A NEARER ASSIGNABLE DEPOT AVAILABLE
						Lua 0:01:45:421
[C48P] PAIR Seeds :: drone=Drone#2000003986 | chose veg-offer(VegetationTaskRequester) dist=51155 amt=280 flags=rfSupply | dest building(ForestationPlant) | nearest ASSIGNABLE depot=StationSmall#12631 dist=14829 | ⭐⭐ NON-DEPOT WON WITH A NEARER ASSIGNABLE DEPOT AVAILABLE
						Lua 0:01:45:590
[mod] [C48P] PAIR Seeds :: drone=Drone#2000018572 | chose veg-offer(VegetationTaskRequester) dist=2304 amt=6 flags=rfSupply | dest depot(StorageSeeds) | nearest ASSIGNABLE depot=UniversalStorageDepot#6615 dist=4221 | -
[C48P] PAIR Seeds :: drone=Drone#2000018572 | chose veg-offer(VegetationTaskRequester) dist=2304 amt=6 flags=rfSupply | dest depot(StorageSeeds) | nearest ASSIGNABLE depot=UniversalStorageDepot#6615 dist=4221 | -
						Lua 0:01:45:650
[mod] [C48P] PAIR Food :: drone=Drone#2000000704 | chose veg-offer(VegetationTaskRequester) dist=27029 amt=4000 flags=rfSupply | dest depot(StorageFood) | nearest ASSIGNABLE depot=StorageFood#4666 dist=27837 | -
[C48P] PAIR Food :: drone=Drone#2000000704 | chose veg-offer(VegetationTaskRequester) dist=27029 amt=4000 flags=rfSupply | dest depot(StorageFood) | nearest ASSIGNABLE depot=StorageFood#4666 dist=27837 | -
						Lua 0:01:45:651
[mod] [C48P] PAIR Seeds :: drone=Drone#2000022164 | chose veg-offer(VegetationTaskRequester) dist=47640 amt=280 flags=rfSupply | dest building(ForestationPlant) | nearest ASSIGNABLE depot=StationSmall#12496 dist=61447 | -
[C48P] PAIR Seeds :: drone=Drone#2000022164 | chose veg-offer(VegetationTaskRequester) dist=47640 amt=280 flags=rfSupply | dest building(ForestationPlant) | nearest ASSIGNABLE depot=StationSmall#12496 dist=61447 | -
[mod] [C48P] PAIR Food :: drone=Drone#2000037359 | chose depot(StorageFood) dist=54294 amt=1000 flags=rfSupply+rfStorageDepot | dest building(ShopsFood) | nearest ASSIGNABLE depot=StorageFood#8292 dist=7441 | -
[C48P] PAIR Food :: drone=Drone#2000037359 | chose depot(StorageFood) dist=54294 amt=1000 flags=rfSupply+rfStorageDepot | dest building(ShopsFood) | nearest ASSIGNABLE depot=StorageFood#8292 dist=7441 | -
						Lua 0:01:45:654
[mod] [C48P] PAIR Food :: drone=Drone#2000000948 | chose loose-pile(ResourceStockpile) dist=24509 amt=2000 flags=rfSupply+rfPostInQueue+rfWaitToFill | dest depot(StorageFood) | nearest ASSIGNABLE depot=StorageFood#2371 dist=4321 | ⭐⭐ NON-DEPOT WON WITH A NEARER ASSIGNABLE DEPOT AVAILABLE
[C48P] PAIR Food :: drone=Drone#2000000948 | chose loose-pile(ResourceStockpile) dist=24509 amt=2000 flags=rfSupply+rfPostInQueue+rfWaitToFill | dest depot(StorageFood) | nearest ASSIGNABLE depot=StorageFood#2371 dist=4321 | ⭐⭐ NON-DEPOT WON WITH A NEARER ASSIGNABLE DEPOT AVAILABLE
						Lua 0:01:45:780
[mod] [C48P] PAIR Food :: drone=Drone#2000008780 | chose loose-pile(ResourceStockpileLR) dist=31909 amt=1000 flags=rfSupply+rfWaitToFill+rfStorageDepot | dest building(Diner) | nearest ASSIGNABLE depot=StorageFood#3562 dist=15282 | ⭐⭐ NON-DEPOT WON WITH A NEARER ASSIGNABLE DEPOT AVAILABLE
[C48P] PAIR Food :: drone=Drone#2000008780 | chose loose-pile(ResourceStockpileLR) dist=31909 amt=1000 flags=rfSupply+rfWaitToFill+rfStorageDepot | dest building(Diner) | nearest ASSIGNABLE depot=StorageFood#3562 dist=15282 | ⭐⭐ NON-DEPOT WON WITH A NEARER ASSIGNABLE DEPOT AVAILABLE
						Lua 0:01:45:851
[mod] [C48P] PAIR Food :: drone=Drone#2000016029 | chose depot(StorageFood) dist=7352 amt=1000 flags=rfSupply+rfStorageDepot | dest building(Diner) | nearest ASSIGNABLE depot=StorageFood#5298 dist=7352 | -
[C48P] PAIR Food :: drone=Drone#2000016029 | chose depot(StorageFood) dist=7352 amt=1000 flags=rfSupply+rfStorageDepot | dest building(Diner) | nearest ASSIGNABLE depot=StorageFood#5298 dist=7352 | -
						Lua 0:01:45:957
[mod] [C48P] PAIR Food :: drone=Drone#2000000337 | chose loose-pile(ResourceStockpile) dist=31534 amt=1000 flags=rfSupply+rfPostInQueue+rfWaitToFill | dest building(ShopsFood) | nearest ASSIGNABLE depot=UniversalStorageDepot#2870 dist=26279 | ⭐⭐ NON-DEPOT WON WITH A NEARER ASSIGNABLE DEPOT AVAILABLE
[C48P] PAIR Food :: drone=Drone#2000000337 | chose loose-pile(ResourceStockpile) dist=31534 amt=1000 flags=rfSupply+rfPostInQueue+rfWaitToFill | dest building(ShopsFood) | nearest ASSIGNABLE depot=UniversalStorageDepot#2870 dist=26279 | ⭐⭐ NON-DEPOT WON WITH A NEARER ASSIGNABLE DEPOT AVAILABLE
						Lua 0:01:46:050
[mod] [C48P] PAIR Seeds :: drone=Drone#2000022168 | chose veg-offer(VegetationTaskRequester) dist=28253 amt=280 flags=rfSupply | dest building(ForestationPlant) | nearest ASSIGNABLE depot=StationSmall#12496 dist=13699 | ⭐⭐ NON-DEPOT WON WITH A NEARER ASSIGNABLE DEPOT AVAILABLE
[C48P] PAIR Seeds :: drone=Drone#2000022168 | chose veg-offer(VegetationTaskRequester) dist=28253 amt=280 flags=rfSupply | dest building(ForestationPlant) | nearest ASSIGNABLE depot=StationSmall#12496 dist=13699 | ⭐⭐ NON-DEPOT WON WITH A NEARER ASSIGNABLE DEPOT AVAILABLE
						Lua 0:01:46:081
[mod] [C48P] PAIR Seeds :: drone=Drone#2000037358 | chose veg-offer(VegetationTaskRequester) dist=15088 amt=280 flags=rfSupply | dest building(ForestationPlant) | nearest ASSIGNABLE depot=StationSmall#12496 dist=20856 | -
[C48P] PAIR Seeds :: drone=Drone#2000037358 | chose veg-offer(VegetationTaskRequester) dist=15088 amt=280 flags=rfSupply | dest building(ForestationPlant) | nearest ASSIGNABLE depot=StationSmall#12496 dist=20856 | -
						Lua 0:01:46:292
[mod] [C48P] PAIR Food :: drone=Drone#2000028602 | chose veg-offer(VegetationTaskRequester) dist=12160 amt=1800 flags=rfSupply | dest building(ShopsFood) | nearest ASSIGNABLE depot=StorageFood#8680 dist=13073 | -
[C48P] PAIR Food :: drone=Drone#2000028602 | chose veg-offer(VegetationTaskRequester) dist=12160 amt=1800 flags=rfSupply | dest building(ShopsFood) | nearest ASSIGNABLE depot=StorageFood#8680 dist=13073 | -
						Lua 0:01:46:376
[mod] [C48P] PAIR Food :: drone=Drone#2000003920 | chose depot(StorageFood) dist=9785 amt=1000 flags=rfSupply+rfStorageDepot | dest building(MegaMall) | nearest ASSIGNABLE depot=UniversalStorageDepot#1471 dist=7331 | -
						Lua 0:01:46:377
[C48P] PAIR Food :: drone=Drone#2000003920 | chose depot(StorageFood) dist=9785 amt=1000 flags=rfSupply+rfStorageDepot | dest building(MegaMall) | nearest ASSIGNABLE depot=UniversalStorageDepot#1471 dist=7331 | -
						Lua 0:01:46:399
[mod] [C48P] PAIR Food :: drone=Drone#2000003938 | chose depot(StationSmall) dist=19396 amt=4000 flags=rfSupply+rfStorageDepot | dest depot(StorageFood) | nearest ASSIGNABLE depot=UniversalStorageDepot#1471 dist=2410 | -
[C48P] PAIR Food :: drone=Drone#2000003938 | chose depot(StationSmall) dist=19396 amt=4000 flags=rfSupply+rfStorageDepot | dest depot(StorageFood) | nearest ASSIGNABLE depot=UniversalStorageDepot#1471 dist=2410 | -
						Lua 0:01:46:427
[mod] [C48P] PAIR Food :: drone=Drone#2000028594 | chose loose-pile(ResourceStockpile) dist=46965 amt=400 flags=rfSupply+rfPostInQueue+rfWaitToFill | dest depot(StationSmall) | nearest ASSIGNABLE depot=StationSmall#4552 dist=1629 | ⭐⭐ NON-DEPOT WON WITH A NEARER ASSIGNABLE DEPOT AVAILABLE
[C48P] PAIR Food :: drone=Drone#2000028594 | chose loose-pile(ResourceStockpile) dist=46965 amt=400 flags=rfSupply+rfPostInQueue+rfWaitToFill | dest depot(StationSmall) | nearest ASSIGNABLE depot=StationSmall#4552 dist=1629 | ⭐⭐ NON-DEPOT WON WITH A NEARER ASSIGNABLE DEPOT AVAILABLE
						Lua 0:01:46:443
[mod] [C48P] PAIR Seeds :: drone=Drone#2000000879 | chose veg-offer(VegetationTaskRequester) dist=45602 amt=280 flags=rfSupply | dest building(ForestationPlant) | nearest ASSIGNABLE depot=UniversalStorageDepot#1073 dist=4677 | ⭐⭐ NON-DEPOT WON WITH A NEARER ASSIGNABLE DEPOT AVAILABLE
[C48P] PAIR Seeds :: drone=Drone#2000000879 | chose veg-offer(VegetationTaskRequester) dist=45602 amt=280 flags=rfSupply | dest building(ForestationPlant) | nearest ASSIGNABLE depot=UniversalStorageDepot#1073 dist=4677 | ⭐⭐ NON-DEPOT WON WITH A NEARER ASSIGNABLE DEPOT AVAILABLE
						Lua 0:01:46:457
[mod] [C48P] PAIR Food :: drone=Drone#2000000701 | chose veg-offer(VegetationTaskRequester) dist=29527 amt=1700 flags=rfSupply | dest depot(StorageFood) | nearest ASSIGNABLE depot=StorageFood#4666 dist=21102 | ⭐⭐ NON-DEPOT WON WITH A NEARER ASSIGNABLE DEPOT AVAILABLE
[C48P] PAIR Food :: drone=Drone#2000000701 | chose veg-offer(VegetationTaskRequester) dist=29527 amt=1700 flags=rfSupply | dest depot(StorageFood) | nearest ASSIGNABLE depot=StorageFood#4666 dist=21102 | ⭐⭐ NON-DEPOT WON WITH A NEARER ASSIGNABLE DEPOT AVAILABLE
						Lua 0:01:46:540
[mod] [C48P] PAIR Food :: drone=Drone#2000000918 | chose veg-offer(VegetationTaskRequester) dist=32118 amt=4000 flags=rfSupply | dest depot(StorageFood) | nearest ASSIGNABLE depot=UniversalStorageDepot#2870 dist=2178 | ⭐⭐ NON-DEPOT WON WITH A NEARER ASSIGNABLE DEPOT AVAILABLE
[C48P] PAIR Food :: drone=Drone#2000000918 | chose veg-offer(VegetationTaskRequester) dist=32118 amt=4000 flags=rfSupply | dest depot(StorageFood) | nearest ASSIGNABLE depot=UniversalStorageDepot#2870 dist=2178 | ⭐⭐ NON-DEPOT WON WITH A NEARER ASSIGNABLE DEPOT AVAILABLE
						Lua 0:01:46:550
[mod] [C48P] PAIR Food :: drone=Drone#2000000924 | chose loose-pile(ResourceStockpile) dist=25148 amt=300 flags=rfSupply+rfPostInQueue+rfWaitToFill | dest depot(StorageFood) | nearest ASSIGNABLE depot=StorageFood#2371 dist=2314 | ⭐⭐ NON-DEPOT WON WITH A NEARER ASSIGNABLE DEPOT AVAILABLE
[C48P] PAIR Food :: drone=Drone#2000000924 | chose loose-pile(ResourceStockpile) dist=25148 amt=300 flags=rfSupply+rfPostInQueue+rfWaitToFill | dest depot(StorageFood) | nearest ASSIGNABLE depot=StorageFood#2371 dist=2314 | ⭐⭐ NON-DEPOT WON WITH A NEARER ASSIGNABLE DEPOT AVAILABLE
						Lua 0:01:46:551
[mod] [C48P] PAIR Seeds :: drone=Drone#2000018581 | chose veg-offer(VegetationTaskRequester) dist=3633 amt=6 flags=rfSupply | dest depot(StorageSeeds) | nearest ASSIGNABLE depot=UniversalStorageDepot#6615 dist=6044 | -
[C48P] PAIR Seeds :: drone=Drone#2000018581 | chose veg-offer(VegetationTaskRequester) dist=3633 amt=6 flags=rfSupply | dest depot(StorageSeeds) | nearest ASSIGNABLE depot=UniversalStorageDepot#6615 dist=6044 | -
						Lua 0:01:46:632
[mod] [C48P] PAIR Food :: drone=Drone#2000022159 | chose depot(StationSmall) dist=13699 amt=1600 flags=rfSupply+rfStorageDepot | dest building(Diner) | nearest ASSIGNABLE depot=StorageFood#8292 dist=11305 | -
[C48P] PAIR Food :: drone=Drone#2000022159 | chose depot(StationSmall) dist=13699 amt=1600 flags=rfSupply+rfStorageDepot | dest building(Diner) | nearest ASSIGNABLE depot=StorageFood#8292 dist=11305 | -
						Lua 0:01:46:903
[mod] [C48P] PAIR Food :: drone=Drone#2000033508 | chose depot(StationSmall) dist=7583 amt=1000 flags=rfSupply+rfStorageDepot | dest building(Diner) | nearest ASSIGNABLE depot=StationSmall#12472 dist=2147483647 | -
[C48P] PAIR Food :: drone=Drone#2000033508 | chose depot(StationSmall) dist=7583 amt=1000 flags=rfSupply+rfStorageDepot | dest building(Diner) | nearest ASSIGNABLE depot=StationSmall#12472 dist=2147483647 | -
						Lua 0:01:46:947
[mod] [C48P] PAIR Food :: drone=Drone#2000033506 | chose depot(StorageFood) dist=8340 amt=2033 flags=rfSupply+rfStorageDepot | dest depot(StationSmall) | nearest ASSIGNABLE depot=StationSmall#12472 dist=2147483647 | -
[C48P] PAIR Food :: drone=Drone#2000033506 | chose depot(StorageFood) dist=8340 amt=2033 flags=rfSupply+rfStorageDepot | dest depot(StationSmall) | nearest ASSIGNABLE depot=StationSmall#12472 dist=2147483647 | -
						Lua 0:01:46:958
[mod] [C48P] PAIR Food :: drone=Drone#2000033516 | chose depot(UniversalStorageDepot) dist=6305 amt=1007 flags=rfSupply+rfStorageDepot | dest depot(StorageFood) | nearest ASSIGNABLE depot=StationSmall#12472 dist=2147483647 | -
[C48P] PAIR Food :: drone=Drone#2000033516 | chose depot(UniversalStorageDepot) dist=6305 amt=1007 flags=rfSupply+rfStorageDepot | dest depot(StorageFood) | nearest ASSIGNABLE depot=StationSmall#12472 dist=2147483647 | -
						Lua 0:01:47:065
[mod] [C48P] PAIR Food :: drone=Drone#2000016022 | chose depot(StorageFood) dist=5795 amt=1000 flags=rfSupply+rfStorageDepot | dest building(Diner) | nearest ASSIGNABLE depot=StorageFood#5298 dist=5795 | -
[C48P] PAIR Food :: drone=Drone#2000016022 | chose depot(StorageFood) dist=5795 amt=1000 flags=rfSupply+rfStorageDepot | dest building(Diner) | nearest ASSIGNABLE depot=StorageFood#5298 dist=5795 | -
						Lua 0:01:47:103
[mod] [C48P] PAIR Food :: drone=Drone#2000016019 | chose depot(StationSmall) dist=31365 amt=4000 flags=rfSupply+rfStorageDepot | dest depot(StorageFood) | nearest ASSIGNABLE depot=StorageFood#5298 dist=3475 | -
[C48P] PAIR Food :: drone=Drone#2000016019 | chose depot(StationSmall) dist=31365 amt=4000 flags=rfSupply+rfStorageDepot | dest depot(StorageFood) | nearest ASSIGNABLE depot=StorageFood#5298 dist=3475 | -
						Lua 0:01:47:122
[mod] [C48P] PAIR Seeds :: drone=Drone#2000038819 | chose veg-offer(VegetationTaskRequester) dist=5656 amt=280 flags=rfSupply | dest building(ForestationPlant) | nearest ASSIGNABLE depot=StorageSeeds#14612 dist=6149 | -
[C48P] PAIR Seeds :: drone=Drone#2000038819 | chose veg-offer(VegetationTaskRequester) dist=5656 amt=280 flags=rfSupply | dest building(ForestationPlant) | nearest ASSIGNABLE depot=StorageSeeds#14612 dist=6149 | -
						Lua 0:01:47:167
[mod] [C48P] PAIR Food :: drone=Drone#2000034615 | chose depot(StationSmall) dist=1629 amt=2000 flags=rfSupply+rfStorageDepot | dest building(Diner) | nearest ASSIGNABLE depot=StationSmall#12472 dist=2147483647 | -
[C48P] PAIR Food :: drone=Drone#2000034615 | chose depot(StationSmall) dist=1629 amt=2000 flags=rfSupply+rfStorageDepot | dest building(Diner) | nearest ASSIGNABLE depot=StationSmall#12472 dist=2147483647 | -
						Lua 0:01:47:168
[mod] [C48P] PAIR Seeds :: drone=Drone#2000038820 | chose veg-offer(VegetationTaskRequester) dist=12051 amt=280 flags=rfSupply | dest building(ForestationPlant) | nearest ASSIGNABLE depot=StorageSeeds#14612 dist=1173 | ⭐⭐ NON-DEPOT WON WITH A NEARER ASSIGNABLE DEPOT AVAILABLE
[C48P] PAIR Seeds :: drone=Drone#2000038820 | chose veg-offer(VegetationTaskRequester) dist=12051 amt=280 flags=rfSupply | dest building(ForestationPlant) | nearest ASSIGNABLE depot=StorageSeeds#14612 dist=1173 | ⭐⭐ NON-DEPOT WON WITH A NEARER ASSIGNABLE DEPOT AVAILABLE
						Lua 0:01:47:242
[mod] [C48P] PAIR Seeds :: drone=Drone#2000000943 | chose veg-offer(VegetationTaskRequester) dist=47213 amt=280 flags=rfSupply | dest building(OpenFarm) | nearest ASSIGNABLE depot=UniversalStorageDepot#2870 dist=1937 | ⭐⭐ NON-DEPOT WON WITH A NEARER ASSIGNABLE DEPOT AVAILABLE
[C48P] PAIR Seeds :: drone=Drone#2000000943 | chose veg-offer(VegetationTaskRequester) dist=47213 amt=280 flags=rfSupply | dest building(OpenFarm) | nearest ASSIGNABLE depot=UniversalStorageDepot#2870 dist=1937 | ⭐⭐ NON-DEPOT WON WITH A NEARER ASSIGNABLE DEPOT AVAILABLE
						Lua 0:01:47:247
[mod] [C48P] PAIR Seeds :: drone=Drone#2000000928 | chose veg-offer(VegetationTaskRequester) dist=45727 amt=280 flags=rfSupply | dest building(OpenFarm) | nearest ASSIGNABLE depot=UniversalStorageDepot#2870 dist=5327 | ⭐⭐ NON-DEPOT WON WITH A NEARER ASSIGNABLE DEPOT AVAILABLE
[C48P] PAIR Seeds :: drone=Drone#2000000928 | chose veg-offer(VegetationTaskRequester) dist=45727 amt=280 flags=rfSupply | dest building(OpenFarm) | nearest ASSIGNABLE depot=UniversalStorageDepot#2870 dist=5327 | ⭐⭐ NON-DEPOT WON WITH A NEARER ASSIGNABLE DEPOT AVAILABLE
						Lua 0:01:47:248
[mod] [C48P] PAIR Seeds :: drone=Drone#2000040067 | chose veg-offer(VegetationTaskRequester) dist=15036 amt=280 flags=rfSupply | dest building(ForestationPlant) | nearest ASSIGNABLE depot=UniversalStorageDepot#15036 dist=1303 | ⭐⭐ NON-DEPOT WON WITH A NEARER ASSIGNABLE DEPOT AVAILABLE
[C48P] PAIR Seeds :: drone=Drone#2000040067 | chose veg-offer(VegetationTaskRequester) dist=15036 amt=280 flags=rfSupply | dest building(ForestationPlant) | nearest ASSIGNABLE depot=UniversalStorageDepot#15036 dist=1303 | ⭐⭐ NON-DEPOT WON WITH A NEARER ASSIGNABLE DEPOT AVAILABLE
						Lua 0:01:47:312
[mod] [C48P] PAIR Food :: drone=Drone#2000034612 | chose depot(UniversalStorageDepot) dist=23230 amt=1816 flags=rfSupply+rfStorageDepot | dest depot(StationSmall) | nearest ASSIGNABLE depot=StationSmall#12472 dist=2147483647 | -
[C48P] PAIR Food :: drone=Drone#2000034612 | chose depot(UniversalStorageDepot) dist=23230 amt=1816 flags=rfSupply+rfStorageDepot | dest depot(StationSmall) | nearest ASSIGNABLE depot=StationSmall#12472 dist=2147483647 | -
						Lua 0:01:47:327
[mod] [C48P] PAIR Seeds :: drone=Drone#2000013710 | chose veg-offer(VegetationTaskRequester) dist=33411 amt=27 flags=rfSupply | dest depot(StorageSeeds) | nearest ASSIGNABLE depot=StorageSeeds#16009 dist=21346 | ⭐⭐ NON-DEPOT WON WITH A NEARER ASSIGNABLE DEPOT AVAILABLE
[C48P] PAIR Seeds :: drone=Drone#2000013710 | chose veg-offer(VegetationTaskRequester) dist=33411 amt=27 flags=rfSupply | dest depot(StorageSeeds) | nearest ASSIGNABLE depot=StorageSeeds#16009 dist=21346 | ⭐⭐ NON-DEPOT WON WITH A NEARER ASSIGNABLE DEPOT AVAILABLE
						Lua 0:01:47:328
[mod] [C48P] PAIR Seeds :: drone=Drone#2000000917 | chose veg-offer(VegetationTaskRequester) dist=32630 amt=280 flags=rfSupply | dest building(OpenFarm) | nearest ASSIGNABLE depot=UniversalStorageDepot#2870 dist=1543 | ⭐⭐ NON-DEPOT WON WITH A NEARER ASSIGNABLE DEPOT AVAILABLE
[C48P] PAIR Seeds :: drone=Drone#2000000917 | chose veg-offer(VegetationTaskRequester) dist=32630 amt=280 flags=rfSupply | dest building(OpenFarm) | nearest ASSIGNABLE depot=UniversalStorageDepot#2870 dist=1543 | ⭐⭐ NON-DEPOT WON WITH A NEARER ASSIGNABLE DEPOT AVAILABLE
						Lua 0:01:47:338
[mod] [C48P] PAIR Seeds :: drone=Drone#2000000935 | chose veg-offer(VegetationTaskRequester) dist=41740 amt=280 flags=rfSupply | dest building(OpenFarm) | nearest ASSIGNABLE depot=UniversalStorageDepot#2870 dist=4749 | ⭐⭐ NON-DEPOT WON WITH A NEARER ASSIGNABLE DEPOT AVAILABLE
[C48P] PAIR Seeds :: drone=Drone#2000000935 | chose veg-offer(VegetationTaskRequester) dist=41740 amt=280 flags=rfSupply | dest building(OpenFarm) | nearest ASSIGNABLE depot=UniversalStorageDepot#2870 dist=4749 | ⭐⭐ NON-DEPOT WON WITH A NEARER ASSIGNABLE DEPOT AVAILABLE
						Lua 0:01:47:431
[mod] [C48P] PAIR Seeds :: drone=Drone#2000028593 | chose veg-offer(VegetationTaskRequester) dist=28027 amt=280 flags=rfSupply | dest building(OpenFarm) | nearest ASSIGNABLE depot=StationSmall#4552 dist=1629 | ⭐⭐ NON-DEPOT WON WITH A NEARER ASSIGNABLE DEPOT AVAILABLE
[C48P] PAIR Seeds :: drone=Drone#2000028593 | chose veg-offer(VegetationTaskRequester) dist=28027 amt=280 flags=rfSupply | dest building(OpenFarm) | nearest ASSIGNABLE depot=StationSmall#4552 dist=1629 | ⭐⭐ NON-DEPOT WON WITH A NEARER ASSIGNABLE DEPOT AVAILABLE
						Lua 0:01:47:461
[mod] [C48P] PAIR Food :: drone=Drone#2000008779 | chose loose-pile(ResourceStockpile) dist=29813 amt=200 flags=rfSupply+rfPostInQueue+rfWaitToFill | dest loose-pile(ResourceStockpileLR) | nearest ASSIGNABLE depot=StorageFood#3562 dist=23678 | ⭐⭐ NON-DEPOT WON WITH A NEARER ASSIGNABLE DEPOT AVAILABLE
[C48P] PAIR Food :: drone=Drone#2000008779 | chose loose-pile(ResourceStockpile) dist=29813 amt=200 flags=rfSupply+rfPostInQueue+rfWaitToFill | dest loose-pile(ResourceStockpileLR) | nearest ASSIGNABLE depot=StorageFood#3562 dist=23678 | ⭐⭐ NON-DEPOT WON WITH A NEARER ASSIGNABLE DEPOT AVAILABLE
						Lua 0:01:47:463
[mod] [C48P] PAIR Seeds :: drone=Drone#2000040065 | chose veg-offer(VegetationTaskRequester) dist=13730 amt=280 flags=rfSupply | dest building(ForestationPlant) | nearest ASSIGNABLE depot=UniversalStorageDepot#15036 dist=4464 | ⭐⭐ NON-DEPOT WON WITH A NEARER ASSIGNABLE DEPOT AVAILABLE
[C48P] PAIR Seeds :: drone=Drone#2000040065 | chose veg-offer(VegetationTaskRequester) dist=13730 amt=280 flags=rfSupply | dest building(ForestationPlant) | nearest ASSIGNABLE depot=UniversalStorageDepot#15036 dist=4464 | ⭐⭐ NON-DEPOT WON WITH A NEARER ASSIGNABLE DEPOT AVAILABLE
						Lua 0:01:47:527
[mod] [C48P] PAIR Food :: drone=Drone#2000008762 | chose depot(StationSmall) dist=20725 amt=1000 flags=rfSupply+rfStorageDepot | dest building(ShopsFood) | nearest ASSIGNABLE depot=StationSmall#12631 dist=20725 | -
[C48P] PAIR Food :: drone=Drone#2000008762 | chose depot(StationSmall) dist=20725 amt=1000 flags=rfSupply+rfStorageDepot | dest building(ShopsFood) | nearest ASSIGNABLE depot=StationSmall#12631 dist=20725 | -
						Lua 0:01:47:646
[mod] [C48P] PAIR Seeds :: drone=Drone#2000040068 | chose veg-offer(VegetationTaskRequester) dist=10154 amt=280 flags=rfSupply | dest building(ForestationPlant) | nearest ASSIGNABLE depot=UniversalStorageDepot#15036 dist=1411 | ⭐⭐ NON-DEPOT WON WITH A NEARER ASSIGNABLE DEPOT AVAILABLE
[C48P] PAIR Seeds :: drone=Drone#2000040068 | chose veg-offer(VegetationTaskRequester) dist=10154 amt=280 flags=rfSupply | dest building(ForestationPlant) | nearest ASSIGNABLE depot=UniversalStorageDepot#15036 dist=1411 | ⭐⭐ NON-DEPOT WON WITH A NEARER ASSIGNABLE DEPOT AVAILABLE
						Lua 0:01:47:662
[mod] [C48P] PAIR Seeds :: drone=Drone#2000018582 | chose veg-offer(VegetationTaskRequester) dist=6540 amt=6 flags=rfSupply | dest depot(StorageSeeds) | nearest ASSIGNABLE depot=StorageSeeds#6617 dist=2432 | ⭐⭐ NON-DEPOT WON WITH A NEARER ASSIGNABLE DEPOT AVAILABLE
[C48P] PAIR Seeds :: drone=Drone#2000018582 | chose veg-offer(VegetationTaskRequester) dist=6540 amt=6 flags=rfSupply | dest depot(StorageSeeds) | nearest ASSIGNABLE depot=StorageSeeds#6617 dist=2432 | ⭐⭐ NON-DEPOT WON WITH A NEARER ASSIGNABLE DEPOT AVAILABLE
						Lua 0:01:47:747
[mod] [C48P] PAIR Food :: drone=Drone#2000016030 | chose depot(StorageFood) dist=19627 amt=1000 flags=rfSupply+rfStorageDepot | dest building(Diner) | nearest ASSIGNABLE depot=StationSmall#6286 dist=17728 | -
[C48P] PAIR Food :: drone=Drone#2000016030 | chose depot(StorageFood) dist=19627 amt=1000 flags=rfSupply+rfStorageDepot | dest building(Diner) | nearest ASSIGNABLE depot=StationSmall#6286 dist=17728 | -
						Lua 0:01:47:825
[mod] [C48P] PAIR Food :: drone=Drone#2000008600 | chose loose-pile(ResourceStockpileLR) dist=29605 amt=1000 flags=rfSupply+rfWaitToFill+rfStorageDepot | dest building(Diner) | nearest ASSIGNABLE depot=StorageFood#3562 dist=18410 | ⭐⭐ NON-DEPOT WON WITH A NEARER ASSIGNABLE DEPOT AVAILABLE
[C48P] PAIR Food :: drone=Drone#2000008600 | chose loose-pile(ResourceStockpileLR) dist=29605 amt=1000 flags=rfSupply+rfWaitToFill+rfStorageDepot | dest building(Diner) | nearest ASSIGNABLE depot=StorageFood#3562 dist=18410 | ⭐⭐ NON-DEPOT WON WITH A NEARER ASSIGNABLE DEPOT AVAILABLE
						Lua 0:01:47:900
[mod] [C48P] PAIR Seeds :: drone=Drone#2000040064 | chose veg-offer(VegetationTaskRequester) dist=41809 amt=40 flags=rfSupply | dest depot(StorageSeeds) | nearest ASSIGNABLE depot=UniversalStorageDepot#15036 dist=40830 | ⭐⭐ NON-DEPOT WON WITH A NEARER ASSIGNABLE DEPOT AVAILABLE
[C48P] PAIR Seeds :: drone=Drone#2000040064 | chose veg-offer(VegetationTaskRequester) dist=41809 amt=40 flags=rfSupply | dest depot(StorageSeeds) | nearest ASSIGNABLE depot=UniversalStorageDepot#15036 dist=40830 | ⭐⭐ NON-DEPOT WON WITH A NEARER ASSIGNABLE DEPOT AVAILABLE
						Lua 0:01:48:032
[mod] [C48P] PAIR Food :: drone=Drone#2000037360 | chose depot(StorageFood) dist=1468 amt=1000 flags=rfSupply+rfStorageDepot | dest building(ShopsFood) | nearest ASSIGNABLE depot=StorageFood#8292 dist=1468 | -
[C48P] PAIR Food :: drone=Drone#2000037360 | chose depot(StorageFood) dist=1468 amt=1000 flags=rfSupply+rfStorageDepot | dest building(ShopsFood) | nearest ASSIGNABLE depot=StorageFood#8292 dist=1468 | -
						Lua 0:01:48:072
[mod] [C48P] PAIR Food :: drone=Drone#2000033515 | chose depot(StationSmall) dist=13643 amt=1000 flags=rfSupply+rfStorageDepot | dest building(Diner) | nearest ASSIGNABLE depot=StationSmall#12472 dist=2147483647 | -
[C48P] PAIR Food :: drone=Drone#2000033515 | chose depot(StationSmall) dist=13643 amt=1000 flags=rfSupply+rfStorageDepot | dest building(Diner) | nearest ASSIGNABLE depot=StationSmall#12472 dist=2147483647 | -
						Lua 0:01:48:158
[mod] [C48P] PAIR Seeds :: drone=Drone#2000032097 | chose veg-offer(VegetationTaskRequester) dist=38545 amt=280 flags=rfSupply | dest building(ForestationPlant) | nearest ASSIGNABLE depot=UniversalStorageDepot#9296 dist=1789 | ⭐⭐ NON-DEPOT WON WITH A NEARER ASSIGNABLE DEPOT AVAILABLE
[C48P] PAIR Seeds :: drone=Drone#2000032097 | chose veg-offer(VegetationTaskRequester) dist=38545 amt=280 flags=rfSupply | dest building(ForestationPlant) | nearest ASSIGNABLE depot=UniversalStorageDepot#9296 dist=1789 | ⭐⭐ NON-DEPOT WON WITH A NEARER ASSIGNABLE DEPOT AVAILABLE
						Lua 0:01:48:160
[mod] [C48P] PAIR Seeds :: drone=Drone#2000032098 | chose veg-offer(VegetationTaskRequester) dist=34985 amt=280 flags=rfSupply | dest building(ForestationPlant) | nearest ASSIGNABLE depot=UniversalStorageDepot#9296 dist=6224 | ⭐⭐ NON-DEPOT WON WITH A NEARER ASSIGNABLE DEPOT AVAILABLE
[C48P] PAIR Seeds :: drone=Drone#2000032098 | chose veg-offer(VegetationTaskRequester) dist=34985 amt=280 flags=rfSupply | dest building(ForestationPlant) | nearest ASSIGNABLE depot=UniversalStorageDepot#9296 dist=6224 | ⭐⭐ NON-DEPOT WON WITH A NEARER ASSIGNABLE DEPOT AVAILABLE
						Lua 0:01:48:200
[mod] [C48P] PAIR Food :: drone=Drone#2000022170 | chose depot(StorageFood) dist=1104 amt=1400 flags=rfSupply+rfStorageDepot | dest building(Diner) | nearest ASSIGNABLE depot=StorageFood#8292 dist=1104 | -
[C48P] PAIR Food :: drone=Drone#2000022170 | chose depot(StorageFood) dist=1104 amt=1400 flags=rfSupply+rfStorageDepot | dest building(Diner) | nearest ASSIGNABLE depot=StorageFood#8292 dist=1104 | -
						Lua 0:01:48:317
[mod] [C48P] PAIR Food :: drone=Drone#2000028590 | chose veg-offer(VegetationTaskRequester) dist=3859 amt=400 flags=rfSupply | dest depot(StationSmall) | nearest ASSIGNABLE depot=StorageFood#8680 dist=13419 | -
[C48P] PAIR Food :: drone=Drone#2000028590 | chose veg-offer(VegetationTaskRequester) dist=3859 amt=400 flags=rfSupply | dest depot(StationSmall) | nearest ASSIGNABLE depot=StorageFood#8680 dist=13419 | -
						Lua 0:01:48:386
[mod] [C48P] PAIR Food :: drone=Drone#2000000877 | chose loose-pile(ResourceStockpile) dist=34756 amt=1000 flags=rfSupply+rfPostInQueue+rfWaitToFill | dest building(Diner) | nearest ASSIGNABLE depot=UniversalStorageDepot#2870 dist=13034 | ⭐⭐ NON-DEPOT WON WITH A NEARER ASSIGNABLE DEPOT AVAILABLE
[C48P] PAIR Food :: drone=Drone#2000000877 | chose loose-pile(ResourceStockpile) dist=34756 amt=1000 flags=rfSupply+rfPostInQueue+rfWaitToFill | dest building(Diner) | nearest ASSIGNABLE depot=UniversalStorageDepot#2870 dist=13034 | ⭐⭐ NON-DEPOT WON WITH A NEARER ASSIGNABLE DEPOT AVAILABLE
						Lua 0:01:48:414
[mod] [C48P] PAIR Food :: drone=Drone#2000022165 | chose depot(StationSmall) dist=26251 amt=1000 flags=rfSupply+rfStorageDepot | dest building(MegaMall) | nearest ASSIGNABLE depot=StorageFood#8292 dist=6837 | -
[C48P] PAIR Food :: drone=Drone#2000022165 | chose depot(StationSmall) dist=26251 amt=1000 flags=rfSupply+rfStorageDepot | dest building(MegaMall) | nearest ASSIGNABLE depot=StorageFood#8292 dist=6837 | -
						Lua 0:01:48:530
[mod] [C48P] PAIR Food :: drone=Drone#2000028601 | chose veg-offer(VegetationTaskRequester) dist=20086 amt=1720 flags=rfSupply | dest depot(StationSmall) | nearest ASSIGNABLE depot=UniversalStorageDepot#4544 dist=1733 | ⭐⭐ NON-DEPOT WON WITH A NEARER ASSIGNABLE DEPOT AVAILABLE
[C48P] PAIR Food :: drone=Drone#2000028601 | chose veg-offer(VegetationTaskRequester) dist=20086 amt=1720 flags=rfSupply | dest depot(StationSmall) | nearest ASSIGNABLE depot=UniversalStorageDepot#4544 dist=1733 | ⭐⭐ NON-DEPOT WON WITH A NEARER ASSIGNABLE DEPOT AVAILABLE
						Lua 0:01:49:026
[mod] [C48P] PAIR Food :: drone=Drone#2000037355 | chose depot(StorageFood) dist=2041 amt=1000 flags=rfSupply+rfStorageDepot | dest building(Diner) | nearest ASSIGNABLE depot=StorageFood#8292 dist=2041 | -
[C48P] PAIR Food :: drone=Drone#2000037355 | chose depot(StorageFood) dist=2041 amt=1000 flags=rfSupply+rfStorageDepot | dest building(Diner) | nearest ASSIGNABLE depot=StorageFood#8292 dist=2041 | -
						Lua 0:01:49:042
[mod] [C48P] PAIR Seeds :: drone=Drone#2000040066 | chose veg-offer(VegetationTaskRequester) dist=11930 amt=280 flags=rfSupply | dest building(ForestationPlant) | nearest ASSIGNABLE depot=UniversalStorageDepot#15036 dist=8404 | ⭐⭐ NON-DEPOT WON WITH A NEARER ASSIGNABLE DEPOT AVAILABLE
[C48P] PAIR Seeds :: drone=Drone#2000040066 | chose veg-offer(VegetationTaskRequester) dist=11930 amt=280 flags=rfSupply | dest building(ForestationPlant) | nearest ASSIGNABLE depot=UniversalStorageDepot#15036 dist=8404 | ⭐⭐ NON-DEPOT WON WITH A NEARER ASSIGNABLE DEPOT AVAILABLE
						Lua 0:01:49:044
[mod] [C48P] PAIR Food :: drone=Drone#2000037484 | chose depot(UniversalStorageDepot) dist=621 amt=1098 flags=rfSupply+rfStorageDepot | dest depot(StationSmall) | nearest ASSIGNABLE depot=StationSmall#12472 dist=2147483647 | -
[C48P] PAIR Food :: drone=Drone#2000037484 | chose depot(UniversalStorageDepot) dist=621 amt=1098 flags=rfSupply+rfStorageDepot | dest depot(StationSmall) | nearest ASSIGNABLE depot=StationSmall#12472 dist=2147483647 | -
						Lua 0:01:49:100
[mod] [C48P] PAIR Seeds :: drone=Drone#2000018576 | chose veg-offer(VegetationTaskRequester) dist=8880 amt=6 flags=rfSupply | dest depot(StorageSeeds) | nearest ASSIGNABLE depot=StorageSeeds#6617 dist=2798 | ⭐⭐ NON-DEPOT WON WITH A NEARER ASSIGNABLE DEPOT AVAILABLE
[C48P] PAIR Seeds :: drone=Drone#2000018576 | chose veg-offer(VegetationTaskRequester) dist=8880 amt=6 flags=rfSupply | dest depot(StorageSeeds) | nearest ASSIGNABLE depot=StorageSeeds#6617 dist=2798 | ⭐⭐ NON-DEPOT WON WITH A NEARER ASSIGNABLE DEPOT AVAILABLE
						Lua 0:01:49:172
[mod] [C48P] PAIR Seeds :: drone=Drone#2000038817 | chose veg-offer(VegetationTaskRequester) dist=12607 amt=280 flags=rfSupply | dest building(ForestationPlant) | nearest ASSIGNABLE depot=StorageSeeds#14612 dist=5986 | ⭐⭐ NON-DEPOT WON WITH A NEARER ASSIGNABLE DEPOT AVAILABLE
[C48P] PAIR Seeds :: drone=Drone#2000038817 | chose veg-offer(VegetationTaskRequester) dist=12607 amt=280 flags=rfSupply | dest building(ForestationPlant) | nearest ASSIGNABLE depot=StorageSeeds#14612 dist=5986 | ⭐⭐ NON-DEPOT WON WITH A NEARER ASSIGNABLE DEPOT AVAILABLE
						Lua 0:01:49:183
[mod] [C48P] PAIR Food :: drone=Drone#2000008781 | chose loose-pile(ResourceStockpileLR) dist=29929 amt=1200 flags=rfSupply+rfWaitToFill+rfStorageDepot | dest building(Diner) | nearest ASSIGNABLE depot=StorageFood#3562 dist=16052 | ⭐⭐ NON-DEPOT WON WITH A NEARER ASSIGNABLE DEPOT AVAILABLE
[C48P] PAIR Food :: drone=Drone#2000008781 | chose loose-pile(ResourceStockpileLR) dist=29929 amt=1200 flags=rfSupply+rfWaitToFill+rfStorageDepot | dest building(Diner) | nearest ASSIGNABLE depot=StorageFood#3562 dist=16052 | ⭐⭐ NON-DEPOT WON WITH A NEARER ASSIGNABLE DEPOT AVAILABLE
						Lua 0:01:49:236
[mod] [C48P] PAIR Food :: drone=Drone#2000000923 | chose loose-pile(ResourceStockpile) dist=26016 amt=1000 flags=rfSupply+rfPostInQueue+rfWaitToFill | dest building(MegaMall) | nearest ASSIGNABLE depot=StorageFood#2371 dist=2215 | ⭐⭐ NON-DEPOT WON WITH A NEARER ASSIGNABLE DEPOT AVAILABLE
[C48P] PAIR Food :: drone=Drone#2000000923 | chose loose-pile(ResourceStockpile) dist=26016 amt=1000 flags=rfSupply+rfPostInQueue+rfWaitToFill | dest building(MegaMall) | nearest ASSIGNABLE depot=StorageFood#2371 dist=2215 | ⭐⭐ NON-DEPOT WON WITH A NEARER ASSIGNABLE DEPOT AVAILABLE
						Lua 0:01:49:241
[mod] [C48P] PAIR Food :: drone=Drone#2000034611 | chose depot(StationSmall) dist=15590 amt=1000 flags=rfSupply+rfStorageDepot | dest building(Diner) | nearest ASSIGNABLE depot=StationSmall#12472 dist=2147483647 | -
[C48P] PAIR Food :: drone=Drone#2000034611 | chose depot(StationSmall) dist=15590 amt=1000 flags=rfSupply+rfStorageDepot | dest building(Diner) | nearest ASSIGNABLE depot=StationSmall#12472 dist=2147483647 | -
						Lua 0:01:49:265
[mod] [C48P] PAIR Food :: drone=Drone#2000016000 | chose depot(StorageFood) dist=2602 amt=1000 flags=rfSupply+rfStorageDepot | dest building(Diner) | nearest ASSIGNABLE depot=StorageFood#5298 dist=2602 | -
[C48P] PAIR Food :: drone=Drone#2000016000 | chose depot(StorageFood) dist=2602 amt=1000 flags=rfSupply+rfStorageDepot | dest building(Diner) | nearest ASSIGNABLE depot=StorageFood#5298 dist=2602 | -
						Lua 0:01:49:426
[mod] [C48P] PAIR Food :: drone=Drone#2000033510 | chose depot(StationSmall) dist=14337 amt=1000 flags=rfSupply+rfStorageDepot | dest building(Diner) | nearest ASSIGNABLE depot=StationSmall#12472 dist=2147483647 | -
[C48P] PAIR Food :: drone=Drone#2000033510 | chose depot(StationSmall) dist=14337 amt=1000 flags=rfSupply+rfStorageDepot | dest building(Diner) | nearest ASSIGNABLE depot=StationSmall#12472 dist=2147483647 | -
						Lua 0:01:49:513
[mod] [C48P] PAIR Food :: drone=Drone#2000034614 | chose depot(StationSmall) dist=21985 amt=1200 flags=rfSupply+rfStorageDepot | dest building(ShopsFood) | nearest ASSIGNABLE depot=StationSmall#12472 dist=2147483647 | -
[C48P] PAIR Food :: drone=Drone#2000034614 | chose depot(StationSmall) dist=21985 amt=1200 flags=rfSupply+rfStorageDepot | dest building(ShopsFood) | nearest ASSIGNABLE depot=StationSmall#12472 dist=2147483647 | -
						Lua 0:01:49:525
[mod] [C48P] PAIR Food :: drone=Drone#2000022163 | chose depot(StorageFood) dist=53082 amt=1000 flags=rfSupply+rfStorageDepot | dest building(ShopsFood) | nearest ASSIGNABLE depot=StorageFood#8292 dist=20099 | -
[C48P] PAIR Food :: drone=Drone#2000022163 | chose depot(StorageFood) dist=53082 amt=1000 flags=rfSupply+rfStorageDepot | dest building(ShopsFood) | nearest ASSIGNABLE depot=StorageFood#8292 dist=20099 | -
						Lua 0:01:49:575
[mod] [C48P] PAIR Seeds :: drone=Drone#2000004137 | chose veg-offer(VegetationTaskRequester) dist=36311 amt=280 flags=rfSupply | dest building(ForestationPlant) | nearest ASSIGNABLE depot=StationSmall#12631 dist=13794 | ⭐⭐ NON-DEPOT WON WITH A NEARER ASSIGNABLE DEPOT AVAILABLE
[C48P] PAIR Seeds :: drone=Drone#2000004137 | chose veg-offer(VegetationTaskRequester) dist=36311 amt=280 flags=rfSupply | dest building(ForestationPlant) | nearest ASSIGNABLE depot=StationSmall#12631 dist=13794 | ⭐⭐ NON-DEPOT WON WITH A NEARER ASSIGNABLE DEPOT AVAILABLE
						Lua 0:01:49:600
[mod] [C48P] PAIR Food :: drone=Drone#2000000910 | chose loose-pile(ResourceStockpile) dist=22007 amt=300 flags=rfSupply+rfPostInQueue+rfWaitToFill | dest depot(StorageFood) | nearest ASSIGNABLE depot=UniversalStorageDepot#2870 dist=939 | ⭐⭐ NON-DEPOT WON WITH A NEARER ASSIGNABLE DEPOT AVAILABLE
[C48P] PAIR Food :: drone=Drone#2000000910 | chose loose-pile(ResourceStockpile) dist=22007 amt=300 flags=rfSupply+rfPostInQueue+rfWaitToFill | dest depot(StorageFood) | nearest ASSIGNABLE depot=UniversalStorageDepot#2870 dist=939 | ⭐⭐ NON-DEPOT WON WITH A NEARER ASSIGNABLE DEPOT AVAILABLE
						Lua 0:01:49:675
[mod] [C48P] PAIR Food :: drone=Drone#2000028596 | chose veg-offer(VegetationTaskRequester) dist=18239 amt=1200 flags=rfSupply | dest building(Diner) | nearest ASSIGNABLE depot=StorageFood#8680 dist=14723 | ⭐⭐ NON-DEPOT WON WITH A NEARER ASSIGNABLE DEPOT AVAILABLE
[C48P] PAIR Food :: drone=Drone#2000028596 | chose veg-offer(VegetationTaskRequester) dist=18239 amt=1200 flags=rfSupply | dest building(Diner) | nearest ASSIGNABLE depot=StorageFood#8680 dist=14723 | ⭐⭐ NON-DEPOT WON WITH A NEARER ASSIGNABLE DEPOT AVAILABLE
						Lua 0:01:49:764
[mod] [C48P] PAIR Food :: drone=Drone#2000033512 | chose depot(StationSmall) dist=7073 amt=1000 flags=rfSupply+rfStorageDepot | dest building(MegaMall) | nearest ASSIGNABLE depot=StationSmall#12472 dist=2147483647 | -
[C48P] PAIR Food :: drone=Drone#2000033512 | chose depot(StationSmall) dist=7073 amt=1000 flags=rfSupply+rfStorageDepot | dest building(MegaMall) | nearest ASSIGNABLE depot=StationSmall#12472 dist=2147483647 | -
						Lua 0:01:49:771
[mod] [C48P] PAIR Food :: drone=Drone#2000033511 | chose depot(StorageFood) dist=7610 amt=1668 flags=rfSupply+rfStorageDepot | dest depot(StationSmall) | nearest ASSIGNABLE depot=StationSmall#12472 dist=2147483647 | -
[C48P] PAIR Food :: drone=Drone#2000033511 | chose depot(StorageFood) dist=7610 amt=1668 flags=rfSupply+rfStorageDepot | dest depot(StationSmall) | nearest ASSIGNABLE depot=StationSmall#12472 dist=2147483647 | -
						Lua 0:01:49:792
[mod] [C48P] PAIR Food :: drone=Drone#2000028600 | chose veg-offer(VegetationTaskRequester) dist=23043 amt=1200 flags=rfSupply | dest building(MegaMall) | nearest ASSIGNABLE depot=StationSmall#4552 dist=2016 | ⭐⭐ NON-DEPOT WON WITH A NEARER ASSIGNABLE DEPOT AVAILABLE						Lua 0:01:49:793

[C48P] PAIR Food :: drone=Drone#2000028600 | chose veg-offer(VegetationTaskRequester) dist=23043 amt=1200 flags=rfSupply | dest building(MegaMall) | nearest ASSIGNABLE depot=StationSmall#4552 dist=2016 | ⭐⭐ NON-DEPOT WON WITH A NEARER ASSIGNABLE DEPOT AVAILABLE
						Lua 0:01:50:124
[mod] [C48P] PAIR Food :: drone=Drone#2000000934 | chose loose-pile(ResourceStockpile) dist=23869 amt=200 flags=rfSupply+rfPostInQueue+rfWaitToFill | dest depot(UniversalStorageDepot) | nearest ASSIGNABLE depot=StorageFood#2371 dist=3092 | ⭐⭐ NON-DEPOT WON WITH A NEARER ASSIGNABLE DEPOT AVAILABLE
[C48P] PAIR Food :: drone=Drone#2000000934 | chose loose-pile(ResourceStockpile) dist=23869 amt=200 flags=rfSupply+rfPostInQueue+rfWaitToFill | dest depot(UniversalStorageDepot) | nearest ASSIGNABLE depot=StorageFood#2371 dist=3092 | ⭐⭐ NON-DEPOT WON WITH A NEARER ASSIGNABLE DEPOT AVAILABLE
						Lua 0:01:50:217
[mod] [C48P] PAIR Food :: drone=Drone#2000003936 | chose depot(StorageFood) dist=6684 amt=1000 flags=rfSupply+rfStorageDepot | dest building(Diner) | nearest ASSIGNABLE depot=UniversalStorageDepot#1471 dist=2467 | -
[C48P] PAIR Food :: drone=Drone#2000003936 | chose depot(StorageFood) dist=6684 amt=1000 flags=rfSupply+rfStorageDepot | dest building(Diner) | nearest ASSIGNABLE depot=UniversalStorageDepot#1471 dist=2467 | -
						Lua 0:01:50:369
[mod] [C48P] PAIR Food :: drone=Drone#2000003940 | chose depot(StorageFood) dist=12779 amt=1000 flags=rfSupply+rfStorageDepot | dest building(ShopsFood_Small) | nearest ASSIGNABLE depot=UniversalStorageDepot#1471 dist=4972 | -
[C48P] PAIR Food :: drone=Drone#2000003940 | chose depot(StorageFood) dist=12779 amt=1000 flags=rfSupply+rfStorageDepot | dest building(ShopsFood_Small) | nearest ASSIGNABLE depot=UniversalStorageDepot#1471 dist=4972 | -
[mod] [C48P] PAIR Food :: drone=Drone#2000003934 | chose depot(StorageFood) dist=15718 amt=1000 flags=rfSupply+rfStorageDepot | dest building(ShopsFood_Small) | nearest ASSIGNABLE depot=UniversalStorageDepot#1471 dist=9245 | -
[C48P] PAIR Food :: drone=Drone#2000003934 | chose depot(StorageFood) dist=15718 amt=1000 flags=rfSupply+rfStorageDepot | dest building(ShopsFood_Small) | nearest ASSIGNABLE depot=UniversalStorageDepot#1471 dist=9245 | -
						Lua 0:01:50:477
[mod] [C48P] PAIR Food :: drone=Drone#2000000931 | chose veg-offer(VegetationTaskRequester) dist=28650 amt=1100 flags=rfSupply | dest building(Diner) | nearest ASSIGNABLE depot=StorageFood#2371 dist=811 | ⭐⭐ NON-DEPOT WON WITH A NEARER ASSIGNABLE DEPOT AVAILABLE
[C48P] PAIR Food :: drone=Drone#2000000931 | chose veg-offer(VegetationTaskRequester) dist=28650 amt=1100 flags=rfSupply | dest building(Diner) | nearest ASSIGNABLE depot=StorageFood#2371 dist=811 | ⭐⭐ NON-DEPOT WON WITH A NEARER ASSIGNABLE DEPOT AVAILABLE
						Lua 0:01:50:570
[mod] [C48P] PAIR Food :: drone=Drone#2000028589 | chose veg-offer(VegetationTaskRequester) dist=18239 amt=1000 flags=rfSupply | dest building(ShopsFood) | nearest ASSIGNABLE depot=StorageFood#8680 dist=14723 | ⭐⭐ NON-DEPOT WON WITH A NEARER ASSIGNABLE DEPOT AVAILABLE
[C48P] PAIR Food :: drone=Drone#2000028589 | chose veg-offer(VegetationTaskRequester) dist=18239 amt=1000 flags=rfSupply | dest building(ShopsFood) | nearest ASSIGNABLE depot=StorageFood#8680 dist=14723 | ⭐⭐ NON-DEPOT WON WITH A NEARER ASSIGNABLE DEPOT AVAILABLE
						Lua 0:01:50:601
[mod] [C48P] PAIR Food :: drone=Drone#2000028588 | chose veg-offer(VegetationTaskRequester) dist=4228 amt=400 flags=rfSupply | dest depot(StationSmall) | nearest ASSIGNABLE depot=StorageFood#8680 dist=13823 | -
[C48P] PAIR Food :: drone=Drone#2000028588 | chose veg-offer(VegetationTaskRequester) dist=4228 amt=400 flags=rfSupply | dest depot(StationSmall) | nearest ASSIGNABLE depot=StorageFood#8680 dist=13823 | -
						Lua 0:01:50:684
[mod] [C48P] PAIR Food :: drone=Drone#2000016026 | chose depot(StorageFood) dist=6922 amt=1000 flags=rfSupply+rfStorageDepot | dest building(Diner) | nearest ASSIGNABLE depot=StorageFood#5298 dist=6922 | -
[C48P] PAIR Food :: drone=Drone#2000016026 | chose depot(StorageFood) dist=6922 amt=1000 flags=rfSupply+rfStorageDepot | dest building(Diner) | nearest ASSIGNABLE depot=StorageFood#5298 dist=6922 | -
						Lua 0:01:50:698
[mod] [C48P] PAIR Food :: drone=Drone#2000003939 | chose depot(StorageFood) dist=14887 amt=1000 flags=rfSupply+rfStorageDepot | dest building(MegaMall) | nearest ASSIGNABLE depot=UniversalStorageDepot#1471 dist=9560 | -
[C48P] PAIR Food :: drone=Drone#2000003939 | chose depot(StorageFood) dist=14887 amt=1000 flags=rfSupply+rfStorageDepot | dest building(MegaMall) | nearest ASSIGNABLE depot=UniversalStorageDepot#1471 dist=9560 | -
						Lua 0:01:50:714
[mod] [C48P] PAIR Food :: drone=Drone#2000016018 | chose depot(StationSmall) dist=27464 amt=4000 flags=rfSupply+rfStorageDepot | dest depot(StorageFood) | nearest ASSIGNABLE depot=StorageFood#5298 dist=1923 | -
[C48P] PAIR Food :: drone=Drone#2000016018 | chose depot(StationSmall) dist=27464 amt=4000 flags=rfSupply+rfStorageDepot | dest depot(StorageFood) | nearest ASSIGNABLE depot=StorageFood#5298 dist=1923 | -
						Lua 0:01:50:835
[mod] [C48P] PAIR Food :: drone=Drone#2000000700 | chose loose-pile(ResourceStockpile) dist=18438 amt=200 flags=rfSupply+rfPostInQueue+rfWaitToFill | dest depot(StorageFood) | nearest ASSIGNABLE depot=StorageFood#4666 dist=23887 | -
[C48P] PAIR Food :: drone=Drone#2000000700 | chose loose-pile(ResourceStockpile) dist=18438 amt=200 flags=rfSupply+rfPostInQueue+rfWaitToFill | dest depot(StorageFood) | nearest ASSIGNABLE depot=StorageFood#4666 dist=23887 | -
						Lua 0:01:50:847
[mod] [C48P] PAIR Food :: drone=Drone#2000008764 | chose depot(StorageFood) dist=65244 amt=1000 flags=rfSupply+rfStorageDepot | dest building(MegaMall) | nearest ASSIGNABLE depot=StorageFood#3562 dist=62282 | -
[C48P] PAIR Food :: drone=Drone#2000008764 | chose depot(StorageFood) dist=65244 amt=1000 flags=rfSupply+rfStorageDepot | dest building(MegaMall) | nearest ASSIGNABLE depot=StorageFood#3562 dist=62282 | -
						Lua 0:01:50:930
[mod] [C48P] PAIR Food :: drone=Drone#2000004123 | chose depot(StationSmall) dist=17496 amt=1000 flags=rfSupply+rfStorageDepot | dest building(ShopsFood_Small) | nearest ASSIGNABLE depot=StationSmall#12631 dist=17496 | -
[C48P] PAIR Food :: drone=Drone#2000004123 | chose depot(StationSmall) dist=17496 amt=1000 flags=rfSupply+rfStorageDepot | dest building(ShopsFood_Small) | nearest ASSIGNABLE depot=StationSmall#12631 dist=17496 | -
						Lua 0:01:51:037
[mod] [C48P] PAIR Food :: drone=Drone#2000000706 | chose veg-offer(VegetationTaskRequester) dist=26836 amt=1000 flags=rfSupply | dest building(ShopsFood) | nearest ASSIGNABLE depot=StorageFood#4666 dist=24499 | ⭐⭐ NON-DEPOT WON WITH A NEARER ASSIGNABLE DEPOT AVAILABLE
[C48P] PAIR Food :: drone=Drone#2000000706 | chose veg-offer(VegetationTaskRequester) dist=26836 amt=1000 flags=rfSupply | dest building(ShopsFood) | nearest ASSIGNABLE depot=StorageFood#4666 dist=24499 | ⭐⭐ NON-DEPOT WON WITH A NEARER ASSIGNABLE DEPOT AVAILABLE
						Lua 0:01:51:065
[mod] [C48P] PAIR Food :: drone=Drone#2000016021 | chose depot(StorageFood) dist=420 amt=1000 flags=rfSupply+rfStorageDepot | dest building(MegaMall) | nearest ASSIGNABLE depot=StorageFood#5298 dist=420 | -
[C48P] PAIR Food :: drone=Drone#2000016021 | chose depot(StorageFood) dist=420 amt=1000 flags=rfSupply+rfStorageDepot | dest building(MegaMall) | nearest ASSIGNABLE depot=StorageFood#5298 dist=420 | -
						Lua 0:01:51:280
[mod] [C48P] PAIR Food :: drone=Drone#2000028595 | chose veg-offer(VegetationTaskRequester) dist=29570 amt=1600 flags=rfSupply | dest building(Diner) | nearest ASSIGNABLE depot=UniversalStorageDepot#4544 dist=3564 | ⭐⭐ NON-DEPOT WON WITH A NEARER ASSIGNABLE DEPOT AVAILABLE
[C48P] PAIR Food :: drone=Drone#2000028595 | chose veg-offer(VegetationTaskRequester) dist=29570 amt=1600 flags=rfSupply | dest building(Diner) | nearest ASSIGNABLE depot=UniversalStorageDepot#4544 dist=3564 | ⭐⭐ NON-DEPOT WON WITH A NEARER ASSIGNABLE DEPOT AVAILABLE
						Lua 0:01:51:329
[mod] [C48P] PAIR Food :: drone=Drone#2000034612 | chose depot(StationSmall) dist=1629 amt=1000 flags=rfSupply+rfStorageDepot | dest building(MegaMall) | nearest ASSIGNABLE depot=StationSmall#12472 dist=2147483647 | -
[C48P] PAIR Food :: drone=Drone#2000034612 | chose depot(StationSmall) dist=1629 amt=1000 flags=rfSupply+rfStorageDepot | dest building(MegaMall) | nearest ASSIGNABLE depot=StationSmall#12472 dist=2147483647 | -
						Lua 0:01:51:362
[mod] [C48P] PAIR Food :: drone=Drone#2000028588 | chose veg-offer(VegetationTaskRequester) dist=10677 amt=1000 flags=rfSupply | dest building(MegaMall) | nearest ASSIGNABLE depot=StorageFood#8680 dist=14023 | -
[C48P] PAIR Food :: drone=Drone#2000028588 | chose veg-offer(VegetationTaskRequester) dist=10677 amt=1000 flags=rfSupply | dest building(MegaMall) | nearest ASSIGNABLE depot=StorageFood#8680 dist=14023 | -
						Lua 0:01:51:428
[mod] [C48P] PAIR Food :: drone=Drone#2000000948 | chose veg-offer(VegetationTaskRequester) dist=30289 amt=1000 flags=rfSupply | dest building(MegaMall) | nearest ASSIGNABLE depot=StorageFood#2371 dist=3092 | ⭐⭐ NON-DEPOT WON WITH A NEARER ASSIGNABLE DEPOT AVAILABLE
[C48P] PAIR Food :: drone=Drone#2000000948 | chose veg-offer(VegetationTaskRequester) dist=30289 amt=1000 flags=rfSupply | dest building(MegaMall) | nearest ASSIGNABLE depot=StorageFood#2371 dist=3092 | ⭐⭐ NON-DEPOT WON WITH A NEARER ASSIGNABLE DEPOT AVAILABLE
						Lua 0:01:51:469
[mod] [C48P] PAIR Food :: drone=Drone#2000028591 | chose veg-offer(VegetationTaskRequester) dist=20233 amt=400 flags=rfSupply | dest depot(StationSmall) | nearest ASSIGNABLE depot=UniversalStorageDepot#4544 dist=2765 | ⭐⭐ NON-DEPOT WON WITH A NEARER ASSIGNABLE DEPOT AVAILABLE
[C48P] PAIR Food :: drone=Drone#2000028591 | chose veg-offer(VegetationTaskRequester) dist=20233 amt=400 flags=rfSupply | dest depot(StationSmall) | nearest ASSIGNABLE depot=UniversalStorageDepot#4544 dist=2765 | ⭐⭐ NON-DEPOT WON WITH A NEARER ASSIGNABLE DEPOT AVAILABLE
						Lua 0:01:51:558
[mod] [C48P] PAIR Food :: drone=Drone#2000000705 | chose veg-offer(VegetationTaskRequester) dist=79126 amt=4000 flags=rfSupply | dest depot(StorageFood) | nearest ASSIGNABLE depot=StationSmall#4842 dist=19227 | ⭐⭐ NON-DEPOT WON WITH A NEARER ASSIGNABLE DEPOT AVAILABLE
[C48P] PAIR Food :: drone=Drone#2000000705 | chose veg-offer(VegetationTaskRequester) dist=79126 amt=4000 flags=rfSupply | dest depot(StorageFood) | nearest ASSIGNABLE depot=StationSmall#4842 dist=19227 | ⭐⭐ NON-DEPOT WON WITH A NEARER ASSIGNABLE DEPOT AVAILABLE
						Lua 0:01:51:563
[mod] [C48P] PAIR Food :: drone=Drone#2000037357 | chose depot(StorageFood) dist=7307 amt=1000 flags=rfSupply+rfStorageDepot | dest building(ShopsFood) | nearest ASSIGNABLE depot=StorageFood#9001 dist=7307 | -
[C48P] PAIR Food :: drone=Drone#2000037357 | chose depot(StorageFood) dist=7307 amt=1000 flags=rfSupply+rfStorageDepot | dest building(ShopsFood) | nearest ASSIGNABLE depot=StorageFood#9001 dist=7307 | -
						Lua 0:01:51:594
[mod] [C48P] PAIR Food :: drone=Drone#2000000903 | chose veg-offer(VegetationTaskRequester) dist=22868 amt=2000 flags=rfSupply | dest depot(StorageFood) | nearest ASSIGNABLE depot=StorageFood#4666 dist=27582 | -
[C48P] PAIR Food :: drone=Drone#2000000903 | chose veg-offer(VegetationTaskRequester) dist=22868 amt=2000 flags=rfSupply | dest depot(StorageFood) | nearest ASSIGNABLE depot=StorageFood#4666 dist=27582 | -
						Lua 0:01:51:603
[mod] [C48P] PAIR Food :: drone=Drone#2000037355 | chose depot(StationSmall) dist=13699 amt=4000 flags=rfSupply+rfStorageDepot | dest depot(StorageFood) | nearest ASSIGNABLE depot=StorageFood#8292 dist=11305 | -
[C48P] PAIR Food :: drone=Drone#2000037355 | chose depot(StationSmall) dist=13699 amt=4000 flags=rfSupply+rfStorageDepot | dest depot(StorageFood) | nearest ASSIGNABLE depot=StorageFood#8292 dist=11305 | -
						Lua 0:01:51:707
[mod] [C48P] PAIR Food :: drone=Drone#2000008762 | chose loose-pile(ResourceStockpileLR) dist=21031 amt=1200 flags=rfSupply+rfWaitToFill+rfStorageDepot | dest building(Diner) | nearest ASSIGNABLE depot=StationSmall#12631 dist=10408 | ⭐⭐ NON-DEPOT WON WITH A NEARER ASSIGNABLE DEPOT AVAILABLE
[C48P] PAIR Food :: drone=Drone#2000008762 | chose loose-pile(ResourceStockpileLR) dist=21031 amt=1200 flags=rfSupply+rfWaitToFill+rfStorageDepot | dest building(Diner) | nearest ASSIGNABLE depot=StationSmall#12631 dist=10408 | ⭐⭐ NON-DEPOT WON WITH A NEARER ASSIGNABLE DEPOT AVAILABLE
						Lua 0:01:52:448
[mod] [C48P] PAIR Food :: drone=Drone#2000000912 | chose loose-pile(ResourceStockpile) dist=22453 amt=300 flags=rfSupply+rfPostInQueue+rfWaitToFill | dest depot(StorageFood) | nearest ASSIGNABLE depot=UniversalStorageDepot#2870 dist=4417 | ⭐⭐ NON-DEPOT WON WITH A NEARER ASSIGNABLE DEPOT AVAILABLE
[C48P] PAIR Food :: drone=Drone#2000000912 | chose loose-pile(ResourceStockpile) dist=22453 amt=300 flags=rfSupply+rfPostInQueue+rfWaitToFill | dest depot(StorageFood) | nearest ASSIGNABLE depot=UniversalStorageDepot#2870 dist=4417 | ⭐⭐ NON-DEPOT WON WITH A NEARER ASSIGNABLE DEPOT AVAILABLE
						Lua 0:01:52:452
[mod] [C48P] PAIR Food :: drone=Drone#2000015995 | chose depot(StorageFood) dist=5399 amt=1000 flags=rfSupply+rfStorageDepot | dest building(Diner) | nearest ASSIGNABLE depot=StorageFood#5298 dist=5399 | -
[C48P] PAIR Food :: drone=Drone#2000015995 | chose depot(StorageFood) dist=5399 amt=1000 flags=rfSupply+rfStorageDepot | dest building(Diner) | nearest ASSIGNABLE depot=StorageFood#5298 dist=5399 | -
						Lua 0:01:52:462
[mod] [C48P] PAIR Food :: drone=Drone#2000037361 | chose depot(StorageFood) dist=6666 amt=1200 flags=rfSupply+rfStorageDepot | dest building(Diner) | nearest ASSIGNABLE depot=StorageFood#8292 dist=6666 | -
[C48P] PAIR Food :: drone=Drone#2000037361 | chose depot(StorageFood) dist=6666 amt=1200 flags=rfSupply+rfStorageDepot | dest building(Diner) | nearest ASSIGNABLE depot=StorageFood#8292 dist=6666 | -
						Lua 0:01:52:580
[mod] [C48P] PAIR Food :: drone=Drone#2000037359 | chose depot(StationSmall) dist=54376 amt=4000 flags=rfSupply+rfStorageDepot | dest depot(StorageFood) | nearest ASSIGNABLE depot=StorageFood#9001 dist=7307 | -
[C48P] PAIR Food :: drone=Drone#2000037359 | chose depot(StationSmall) dist=54376 amt=4000 flags=rfSupply+rfStorageDepot | dest depot(StorageFood) | nearest ASSIGNABLE depot=StorageFood#9001 dist=7307 | -
						Lua 0:01:52:654
[mod] [C48P] PAIR Food :: drone=Drone#2000028593 | chose veg-offer(VegetationTaskRequester) dist=2334 amt=1600 flags=rfSupply | dest building(Diner) | nearest ASSIGNABLE depot=StorageFood#8680 dist=10937 | -
[C48P] PAIR Food :: drone=Drone#2000028593 | chose veg-offer(VegetationTaskRequester) dist=2334 amt=1600 flags=rfSupply | dest building(Diner) | nearest ASSIGNABLE depot=StorageFood#8680 dist=10937 | -
						Lua 0:01:52:683
[mod] [C48P] PAIR Food :: drone=Drone#2000008783 | chose depot(StationSmall) dist=37934 amt=1000 flags=rfSupply+rfStorageDepot | dest building(ShopsFood) | nearest ASSIGNABLE depot=StorageFood#3562 dist=23591 | -
[C48P] PAIR Food :: drone=Drone#2000008783 | chose depot(StationSmall) dist=37934 amt=1000 flags=rfSupply+rfStorageDepot | dest building(ShopsFood) | nearest ASSIGNABLE depot=StorageFood#3562 dist=23591 | -
						Lua 0:01:52:952
[mod] [C48P] PAIR Food :: drone=Drone#2000000932 | chose veg-offer(VegetationTaskRequester) dist=30753 amt=1300 flags=rfSupply | dest building(Diner) | nearest ASSIGNABLE depot=StorageFood#2371 dist=1657 | ⭐⭐ NON-DEPOT WON WITH A NEARER ASSIGNABLE DEPOT AVAILABLE
[C48P] PAIR Food :: drone=Drone#2000000932 | chose veg-offer(VegetationTaskRequester) dist=30753 amt=1300 flags=rfSupply | dest building(Diner) | nearest ASSIGNABLE depot=StorageFood#2371 dist=1657 | ⭐⭐ NON-DEPOT WON WITH A NEARER ASSIGNABLE DEPOT AVAILABLE
						Lua 0:01:52:960
[mod] [C48P] PAIR Food :: drone=Drone#2000000927 | chose veg-offer(VegetationTaskRequester) dist=30920 amt=529 flags=rfSupply | dest building(MegaMall) | nearest ASSIGNABLE depot=UniversalStorageDepot#2870 dist=3255 | ⭐⭐ NON-DEPOT WON WITH A NEARER ASSIGNABLE DEPOT AVAILABLE
[C48P] PAIR Food :: drone=Drone#2000000927 | chose veg-offer(VegetationTaskRequester) dist=30920 amt=529 flags=rfSupply | dest building(MegaMall) | nearest ASSIGNABLE depot=UniversalStorageDepot#2870 dist=3255 | ⭐⭐ NON-DEPOT WON WITH A NEARER ASSIGNABLE DEPOT AVAILABLE
						Lua 0:01:52:981
[mod] [C48P] PAIR Food :: drone=Drone#2000000930 | chose loose-pile(ResourceStockpile) dist=23954 amt=200 flags=rfSupply+rfPostInQueue+rfWaitToFill | dest depot(StorageFood) | nearest ASSIGNABLE depot=UniversalStorageDepot#2870 dist=3901 | ⭐⭐ NON-DEPOT WON WITH A NEARER ASSIGNABLE DEPOT AVAILABLE
[C48P] PAIR Food :: drone=Drone#2000000930 | chose loose-pile(ResourceStockpile) dist=23954 amt=200 flags=rfSupply+rfPostInQueue+rfWaitToFill | dest depot(StorageFood) | nearest ASSIGNABLE depot=UniversalStorageDepot#2870 dist=3901 | ⭐⭐ NON-DEPOT WON WITH A NEARER ASSIGNABLE DEPOT AVAILABLE
						Lua 0:01:53:018
[mod] [C48P] PAIR Food :: drone=Drone#2000000339 | chose loose-pile(ResourceStockpile) dist=20174 amt=200 flags=rfSupply+rfPostInQueue+rfWaitToFill | dest depot(StorageFood) | nearest ASSIGNABLE depot=StorageFood#4666 dist=26933 | -
[C48P] PAIR Food :: drone=Drone#2000000339 | chose loose-pile(ResourceStockpile) dist=20174 amt=200 flags=rfSupply+rfPostInQueue+rfWaitToFill | dest depot(StorageFood) | nearest ASSIGNABLE depot=StorageFood#4666 dist=26933 | -
						Lua 0:01:53:072
[mod] [C48P] PAIR Food :: drone=Drone#2000034615 | chose depot(StationSmall) dist=16571 amt=1000 flags=rfSupply+rfStorageDepot | dest building(Diner) | nearest ASSIGNABLE depot=StationSmall#12472 dist=2147483647 | -
[C48P] PAIR Food :: drone=Drone#2000034615 | chose depot(StationSmall) dist=16571 amt=1000 flags=rfSupply+rfStorageDepot | dest building(Diner) | nearest ASSIGNABLE depot=StationSmall#12472 dist=2147483647 | -
						Lua 0:01:53:231
[mod] [C48P] PAIR Food :: drone=Drone#2000000909 | chose veg-offer(VegetationTaskRequester) dist=36320 amt=1000 flags=rfSupply | dest building(Diner) | nearest ASSIGNABLE depot=StorageFood#4666 dist=27730 | ⭐⭐ NON-DEPOT WON WITH A NEARER ASSIGNABLE DEPOT AVAILABLE
[C48P] PAIR Food :: drone=Drone#2000000909 | chose veg-offer(VegetationTaskRequester) dist=36320 amt=1000 flags=rfSupply | dest building(Diner) | nearest ASSIGNABLE depot=StorageFood#4666 dist=27730 | ⭐⭐ NON-DEPOT WON WITH A NEARER ASSIGNABLE DEPOT AVAILABLE
						Lua 0:02:27:060
[mod] [C48P] WINDOW CLOSED :: game 301497 ms (10 h) | complete=true
[C48P] WINDOW CLOSED :: game 301497 ms (10 h) | complete=true
[mod] [C48P] QUEUES window close :: Elevator#9430 'Seeds' supply by priority bucket :: p-1: loose-pile x1 | p0: building x1, depot x2 | p1: veg-offer x170
[C48P] QUEUES window close :: Elevator#9430 'Seeds' supply by priority bucket :: p-1: loose-pile x1 | p0: building x1, depot x2 | p1: veg-offer x170
						Lua 0:02:27:061
[mod] [C48P] QUEUES window close :: DroneHub#9437 'Seeds' supply by priority bucket :: p-1: loose-pile x1 | p0: building x1, depot x2 | p1: veg-offer x308
[C48P] QUEUES window close :: DroneHub#9437 'Seeds' supply by priority bucket :: p-1: loose-pile x1 | p0: building x1, depot x2 | p1: veg-offer x308
[mod] [C48P] QUEUES window close :: DroneHub#8285 'Seeds' supply by priority bucket :: p0: depot x1 | p1: veg-offer x297
[C48P] QUEUES window close :: DroneHub#8285 'Seeds' supply by priority bucket :: p0: depot x1 | p1: veg-offer x297
[mod] [C48P] QUEUES window close :: DroneHub#14618 'Seeds' supply by priority bucket :: p0: depot x2 | p1: veg-offer x474
[C48P] QUEUES window close :: DroneHub#14618 'Seeds' supply by priority bucket :: p0: depot x2 | p1: veg-offer x474
						Lua 0:02:27:062
[mod] [C48P] QUEUES window close :: DroneHub#6619 'Seeds' supply by priority bucket :: p0: depot x2 | p1: veg-offer x121
[C48P] QUEUES window close :: DroneHub#6619 'Seeds' supply by priority bucket :: p0: depot x2 | p1: veg-offer x121
[mod] [C48P] QUEUES window close :: DroneHub#3564 'Seeds' supply by priority bucket :: p0: depot x1, loose-pile x1 | p1: veg-offer x461
[C48P] QUEUES window close :: DroneHub#3564 'Seeds' supply by priority bucket :: p0: depot x1, loose-pile x1 | p1: veg-offer x461
						Lua 0:02:27:063
[mod] [C48P] QUEUES window close :: DroneHub#2608 'Seeds' supply by priority bucket :: p0: depot x1, loose-pile x1 | p1: veg-offer x597
[C48P] QUEUES window close :: DroneHub#2608 'Seeds' supply by priority bucket :: p0: depot x1, loose-pile x1 | p1: veg-offer x597
[mod] [C48P] QUEUES window close :: DroneHub#15029 'Seeds' supply by priority bucket :: p0: depot x2 | p1: veg-offer x293
[C48P] QUEUES window close :: DroneHub#15029 'Seeds' supply by priority bucket :: p0: depot x2 | p1: veg-offer x293
						Lua 0:02:27:064
[mod] [C48P] QUEUES window close :: DroneHub#4230 'Seeds' supply by priority bucket :: p0: depot x3 | p1: veg-offer x337
[C48P] QUEUES window close :: DroneHub#4230 'Seeds' supply by priority bucket :: p0: depot x3 | p1: veg-offer x337
[mod] [C48P] QUEUES window close :: DroneHub#8591 'Seeds' supply by priority bucket :: p-1: loose-pile x1 | p0: depot x5 | p1: veg-offer x516 | p2: depot x1
[C48P] QUEUES window close :: DroneHub#8591 'Seeds' supply by priority bucket :: p-1: loose-pile x1 | p0: depot x5 | p1: veg-offer x516 | p2: depot x1
[mod] [C48P] QUEUES window close :: RCRover#2000003944 'Seeds' supply by priority bucket :: p0: depot x3 | p1: veg-offer x109
[C48P] QUEUES window close :: RCRover#2000003944 'Seeds' supply by priority bucket :: p0: depot x3 | p1: veg-offer x109
						Lua 0:02:27:065
[mod] [C48P] QUEUES window close :: DroneHub#1078 'Seeds' supply by priority bucket :: p0: depot x5, loose-pile x1 | p1: veg-offer x508 | p2: depot x2
[C48P] QUEUES window close :: DroneHub#1078 'Seeds' supply by priority bucket :: p0: depot x5, loose-pile x1 | p1: veg-offer x508 | p2: depot x2
						Lua 0:02:27:066
[mod] [C48P] QUEUES window close :: UniversalLanderRocket#4641 'Seeds' supply by priority bucket :: p-1: loose-pile x1 | p0: depot x4 | p1: veg-offer x486 | p2: depot x2
[C48P] QUEUES window close :: UniversalLanderRocket#4641 'Seeds' supply by priority bucket :: p-1: loose-pile x1 | p0: depot x4 | p1: veg-offer x486 | p2: depot x2
[mod] [C48P] QUEUES window close :: UniversalZeusRocket#1063 'Seeds' supply by priority bucket :: p0: depot x2, loose-pile x1 | p1: veg-offer x213 | p2: depot x1
[C48P] QUEUES window close :: UniversalZeusRocket#1063 'Seeds' supply by priority bucket :: p0: depot x2, loose-pile x1 | p1: veg-offer x213 | p2: depot x1
[mod] [C48P] QUEUES window close :: DroneHub#1457 'Seeds' supply by priority bucket :: p0: depot x5, loose-pile x1 | p1: veg-offer x464 | p2: depot x1
[C48P] QUEUES window close :: DroneHub#1457 'Seeds' supply by priority bucket :: p0: depot x5, loose-pile x1 | p1: veg-offer x464 | p2: depot x1
						Lua 0:02:27:067
[mod] [C48P] QUEUES window close :: DroneHub#2074 'Seeds' supply by priority bucket :: p-1: loose-pile x1 | p0: depot x4 | p1: veg-offer x548 | p2: depot x2
[C48P] QUEUES window close :: DroneHub#2074 'Seeds' supply by priority bucket :: p-1: loose-pile x1 | p0: depot x4 | p1: veg-offer x548 | p2: depot x2
[mod] [C48P] QUEUES window close :: UniversalZeusRocket#1061 'Seeds' supply by priority bucket :: p0: depot x2 | p1: veg-offer x261 | p3: depot x1
[C48P] QUEUES window close :: UniversalZeusRocket#1061 'Seeds' supply by priority bucket :: p0: depot x2 | p1: veg-offer x261 | p3: depot x1
						Lua 0:02:27:068
[mod] [C48P] QUEUES window close :: UniversalZeusRocket#1064 'Seeds' supply by priority bucket :: p-1: loose-pile x1 | p0: depot x3 | p1: veg-offer x320 | p2: depot x2
[C48P] QUEUES window close :: UniversalZeusRocket#1064 'Seeds' supply by priority bucket :: p-1: loose-pile x1 | p0: depot x3 | p1: veg-offer x320 | p2: depot x2
[mod] [C48P] QUEUES window close :: DroneHub#4967 'Seeds' supply by priority bucket :: p0: depot x2 | p1: veg-offer x245 | p3: depot x1
[C48P] QUEUES window close :: DroneHub#4967 'Seeds' supply by priority bucket :: p0: depot x2 | p1: veg-offer x245 | p3: depot x1
[mod] [C48P] TRY leg RunWindow (yielding) ok=true result=true
[C48P] TRY leg RunWindow (yielding) ok=true result=true
[mod] [C48P] REPORT SPAN :: consumer samples=202 at 500 ms | frozen at=not frozen | FindTask calls seen=25184, of them supply+demand pairings=1304 | wrapper errors=0
[C48P] REPORT SPAN :: consumer samples=202 at 500 ms | frozen at=not frozen | FindTask calls seen=25184, of them supply+demand pairings=1304 | wrapper errors=0
[mod] [C48P] REPORT pairings by resource :: Concrete=18, Electronics=50, Food=506, Fuel=105, MachineParts=26, Metals=15, Polymers=39, PreciousMetals=26, Seeds=479, WasteRock=40
[C48P] REPORT pairings by resource :: Concrete=18, Electronics=50, Food=506, Fuel=105, MachineParts=26, Metals=15, Polymers=39, PreciousMetals=26, Seeds=479, WasteRock=40
[mod] [C48P] REPORT ⭐⭐ 'Seeds' DECISIONS :: chosen source classes: veg-offer x479 | destinations: building x354, depot x125 | ⭐ non-depot chosen WITH a nearer assignable depot=399 vs without=80 | depot chosen=0 | mean chosen-source distance=23799 | detailed lines=300 of cap 300 ⚠️ CAP HIT — later pairings are in these counters but not line-logged
[C48P] REPORT ⭐⭐ 'Seeds' DECISIONS :: chosen source classes: veg-offer x479 | destinations: building x354, depot x125 | ⭐ non-depot chosen WITH a nearer assignable depot=399 vs without=80 | depot chosen=0 | mean chosen-source distance=23799 | detailed lines=300 of cap 300 ⚠️ CAP HIT — later pairings are in these counters but not line-logged
[mod] [C48P] REPORT ⭐⭐ 'Food' DECISIONS :: chosen source classes: building x8, depot x231, loose-pile x133, veg-offer x134 | destinations: building x291, depot x208, loose-pile x7 | ⭐ non-depot chosen WITH a nearer assignable depot=222 vs without=53 | depot chosen=231 | mean chosen-source distance=22455 | detailed lines=300 of cap 300 ⚠️ CAP HIT — later pairings are in these counters but not line-logged
[C48P] REPORT ⭐⭐ 'Food' DECISIONS :: chosen source classes: building x8, depot x231, loose-pile x133, veg-offer x134 | destinations: building x291, depot x208, loose-pile x7 | ⭐ non-depot chosen WITH a nearer assignable depot=222 vs without=53 | depot chosen=231 | mean chosen-source distance=22455 | detailed lines=300 of cap 300 ⚠️ CAP HIT — later pairings are in these counters but not line-logged
[mod] [C48P] REPORT CONSUMER ForestationPlant#16192 (Seeds) :: min=8715 max=9185 | stalled 0 of 202 | deliveries=2 totalling 560 | sizes: 280x2 | drains=5 totalling 750
[C48P] REPORT CONSUMER ForestationPlant#16192 (Seeds) :: min=8715 max=9185 | stalled 0 of 202 | deliveries=2 totalling 560 | sizes: 280x2 | drains=5 totalling 750
[mod] [C48P] REPORT CONSUMER ForestationPlant#15554 (Seeds) :: min=8543 max=9263 | stalled 0 of 202 | deliveries=8 totalling 2520 | sizes: 280x7, 560x1 | drains=5 totalling 2500
[C48P] REPORT CONSUMER ForestationPlant#15554 (Seeds) :: min=8543 max=9263 | stalled 0 of 202 | deliveries=8 totalling 2520 | sizes: 280x7, 560x1 | drains=5 totalling 2500
[mod] [C48P] REPORT CONSUMER MegaMall#9011 (Food) :: min=14800 max=20000 | stalled 0 of 202 | deliveries=8 totalling 7800 | sizes: 400x1, 800x1, 1000x3, 1200x3 | drains=21 totalling 7000
[C48P] REPORT CONSUMER MegaMall#9011 (Food) :: min=14800 max=20000 | stalled 0 of 202 | deliveries=8 totalling 7800 | sizes: 400x1, 800x1, 1000x3, 1200x3 | drains=21 totalling 7000
[mod] [C48P] REPORT CONSUMER ShopsElectronics#9012 (Electronics) :: min=2200 max=4800 | stalled 0 of 202 | deliveries=2 totalling 2400 | sizes: 1000x1, 1400x1 | drains=8 totalling 2600
[C48P] REPORT CONSUMER ShopsElectronics#9012 (Electronics) :: min=2200 max=4800 | stalled 0 of 202 | deliveries=2 totalling 2400 | sizes: 1000x1, 1400x1 | drains=8 totalling 2600
[mod] [C48P] REPORT CONSUMER ShopsFood#9016 (Food) :: min=3800 max=9600 | stalled 0 of 202 | deliveries=13 totalling 14000 | sizes: 200x1, 400x1, 600x1, 800x1, 1000x4, 1200x1, 1400x1, 1600x1, 1800x1, 2000x1 | drains=41 totalling 14000
[C48P] REPORT CONSUMER ShopsFood#9016 (Food) :: min=3800 max=9600 | stalled 0 of 202 | deliveries=13 totalling 14000 | sizes: 200x1, 400x1, 600x1, 800x1, 1000x4, 1200x1, 1400x1, 1600x1, 1800x1, 2000x1 | drains=41 totalling 14000
[mod] [C48P] REPORT CONSUMER Diner#9019 (Food) :: min=9000 max=10000 | stalled 0 of 202 | deliveries=1 totalling 1000 | sizes: 1000x1 | drains=4 totalling 1200
[C48P] REPORT CONSUMER Diner#9019 (Food) :: min=9000 max=10000 | stalled 0 of 202 | deliveries=1 totalling 1000 | sizes: 1000x1 | drains=4 totalling 1200
[mod] [C48P] REPORT CONSUMER ForestationPlant#14627 (Seeds) :: min=8510 max=9250 | stalled 0 of 202 | deliveries=8 totalling 2520 | sizes: 280x7, 560x1 | drains=5 totalling 2500
[C48P] REPORT CONSUMER ForestationPlant#14627 (Seeds) :: min=8510 max=9250 | stalled 0 of 202 | deliveries=8 totalling 2520 | sizes: 280x7, 560x1 | drains=5 totalling 2500
[mod] [C48P] REPORT CONSUMER ForestationPlant#15556 (Seeds) :: min=8550 max=9270 | stalled 0 of 202 | deliveries=9 totalling 2520 | sizes: 280x9 | drains=5 totalling 2500
[C48P] REPORT CONSUMER ForestationPlant#15556 (Seeds) :: min=8550 max=9270 | stalled 0 of 202 | deliveries=9 totalling 2520 | sizes: 280x9 | drains=5 totalling 2500
[mod] [C48P] REPORT CONSUMER ForestationPlant#15565 (Seeds) :: min=8524 max=9264 | stalled 0 of 202 | deliveries=8 totalling 2520 | sizes: 280x7, 560x1 | drains=5 totalling 2500
[C48P] REPORT CONSUMER ForestationPlant#15565 (Seeds) :: min=8524 max=9264 | stalled 0 of 202 | deliveries=8 totalling 2520 | sizes: 280x7, 560x1 | drains=5 totalling 2500
[mod] [C48P] REPORT CONSUMER ForestationPlant#14623 (Seeds) :: min=8242 max=9242 | stalled 0 of 202 | deliveries=9 totalling 2520 | sizes: 280x9 | drains=5 totalling 2500
[C48P] REPORT CONSUMER ForestationPlant#14623 (Seeds) :: min=8242 max=9242 | stalled 0 of 202 | deliveries=9 totalling 2520 | sizes: 280x9 | drains=5 totalling 2500
[mod] [C48P] REPORT CONSUMER ForestationPlant#15549 (Seeds) :: min=8939 max=9259 | stalled 0 of 202 | deliveries=2 totalling 560 | sizes: 280x2 | drains=5 totalling 750
[C48P] REPORT CONSUMER ForestationPlant#15549 (Seeds) :: min=8939 max=9259 | stalled 0 of 202 | deliveries=2 totalling 560 | sizes: 280x2 | drains=5 totalling 750
[mod] [C48P] REPORT CONSUMER ForestationPlant#14628 (Seeds) :: min=8536 max=9276 | stalled 0 of 202 | deliveries=8 totalling 3080 | sizes: 280x5, 560x3 | drains=5 totalling 2500
[C48P] REPORT CONSUMER ForestationPlant#14628 (Seeds) :: min=8536 max=9276 | stalled 0 of 202 | deliveries=8 totalling 3080 | sizes: 280x5, 560x3 | drains=5 totalling 2500
[mod] [C48P] REPORT CONSUMER ShuttleHub#8345 (Fuel) :: min=8549 max=10000 | stalled 0 of 202 | deliveries=5 totalling 5992 | sizes: 695x1, 1190x1, 1302x1, 1360x1, 1445x1 | drains=9 totalling 6012
[C48P] REPORT CONSUMER ShuttleHub#8345 (Fuel) :: min=8549 max=10000 | stalled 0 of 202 | deliveries=5 totalling 5992 | sizes: 695x1, 1190x1, 1302x1, 1360x1, 1445x1 | drains=9 totalling 6012
[mod] [C48P] REPORT CONSUMER ShopsJewelry#8322 (Polymers) :: min=3400 max=4600 | stalled 0 of 202 | deliveries=3 totalling 3000 | sizes: 1000x3 | drains=16 totalling 3200
[C48P] REPORT CONSUMER ShopsJewelry#8322 (Polymers) :: min=3400 max=4600 | stalled 0 of 202 | deliveries=3 totalling 3000 | sizes: 1000x3 | drains=16 totalling 3200
[mod] [C48P] REPORT CONSUMER ShopsFood#8323 (Food) :: min=8000 max=10000 | stalled 0 of 202 | deliveries=3 totalling 2600 | sizes: 600x1, 1000x2 | drains=8 totalling 2400
[C48P] REPORT CONSUMER ShopsFood#8323 (Food) :: min=8000 max=10000 | stalled 0 of 202 | deliveries=3 totalling 2600 | sizes: 600x1, 1000x2 | drains=8 totalling 2400
[mod] [C48P] REPORT CONSUMER Diner#8326 (Food) :: min=4000 max=9800 | stalled 0 of 202 | deliveries=20 totalling 20400 | sizes: 400x1, 600x5, 800x2, 1000x8, 1200x2, 2200x1, 2800x1 | drains=47 totalling 20000
[C48P] REPORT CONSUMER Diner#8326 (Food) :: min=4000 max=9800 | stalled 0 of 202 | deliveries=20 totalling 20400 | sizes: 400x1, 600x5, 800x2, 1000x8, 1200x2, 2200x1, 2800x1 | drains=47 totalling 20000
[mod] [C48P] REPORT CONSUMER MegaMall#8329 (Food) :: min=17200 max=20000 | stalled 0 of 202 | deliveries=5 totalling 5200 | sizes: 800x1, 1000x3, 1400x1 | drains=19 totalling 6000
[C48P] REPORT CONSUMER MegaMall#8329 (Food) :: min=17200 max=20000 | stalled 0 of 202 | deliveries=5 totalling 5200 | sizes: 800x1, 1000x3, 1400x1 | drains=19 totalling 6000
[mod] [C48P] REPORT CONSUMER ForestationPlant#15563 (Seeds) :: min=8522 max=9242 | stalled 0 of 202 | deliveries=7 totalling 2520 | sizes: 280x5, 560x2 | drains=5 totalling 2500
[C48P] REPORT CONSUMER ForestationPlant#15563 (Seeds) :: min=8522 max=9242 | stalled 0 of 202 | deliveries=7 totalling 2520 | sizes: 280x5, 560x2 | drains=5 totalling 2500
[mod] [C48P] REPORT CONSUMER ForestationPlant#6836 (Seeds) :: min=8875 max=9187 | stalled 0 of 202 | deliveries=18 totalling 648 | sizes: 2x2, 6x14, 280x2 | drains=5 totalling 750
[C48P] REPORT CONSUMER ForestationPlant#6836 (Seeds) :: min=8875 max=9187 | stalled 0 of 202 | deliveries=18 totalling 648 | sizes: 2x2, 6x14, 280x2 | drains=5 totalling 750
[mod] [C48P] REPORT CONSUMER Diner#8332 (Food) :: min=8400 max=10000 | stalled 0 of 202 | deliveries=2 totalling 2600 | sizes: 1000x1, 1600x1 | drains=7 totalling 2200
[C48P] REPORT CONSUMER Diner#8332 (Food) :: min=8400 max=10000 | stalled 0 of 202 | deliveries=2 totalling 2600 | sizes: 1000x1, 1600x1 | drains=7 totalling 2200
[mod] [C48P] REPORT CONSUMER ForestationPlant#14625 (Seeds) :: min=8503 max=9223 | stalled 0 of 202 | deliveries=8 totalling 2520 | sizes: 280x7, 560x1 | drains=5 totalling 2500
[C48P] REPORT CONSUMER ForestationPlant#14625 (Seeds) :: min=8503 max=9223 | stalled 0 of 202 | deliveries=8 totalling 2520 | sizes: 280x7, 560x1 | drains=5 totalling 2500
[mod] [C48P] REPORT CONSUMER ForestationPlant#15547 (Seeds) :: min=8636 max=9196 | stalled 0 of 202 | deliveries=2 totalling 560 | sizes: 280x2 | drains=5 totalling 750
[C48P] REPORT CONSUMER ForestationPlant#15547 (Seeds) :: min=8636 max=9196 | stalled 0 of 202 | deliveries=2 totalling 560 | sizes: 280x2 | drains=5 totalling 750
[mod] [C48P] REPORT CONSUMER ForestationPlant#14629 (Seeds) :: min=8517 max=9237 | stalled 0 of 202 | deliveries=9 totalling 2520 | sizes: 280x9 | drains=6 totalling 3000
[C48P] REPORT CONSUMER ForestationPlant#14629 (Seeds) :: min=8517 max=9237 | stalled 0 of 202 | deliveries=9 totalling 2520 | sizes: 280x9 | drains=6 totalling 3000
[mod] [C48P] REPORT CONSUMER ForestationPlant#6620 (Seeds) :: min=8985 max=9283 | stalled 0 of 202 | deliveries=17 totalling 368 | sizes: 2x1, 4x2, 6x13, 280x1 | drains=2 totalling 200
[C48P] REPORT CONSUMER ForestationPlant#6620 (Seeds) :: min=8985 max=9283 | stalled 0 of 202 | deliveries=17 totalling 368 | sizes: 2x1, 4x2, 6x13, 280x1 | drains=2 totalling 200
						Lua 0:02:27:069
[mod] [C48P] REPORT CONSUMER ForestationPlant#6958 (Seeds) :: min=8931 max=9261 | stalled 0 of 202 | deliveries=17 totalling 642 | sizes: 2x1, 4x2, 6x12, 280x2 | drains=5 totalling 494
[C48P] REPORT CONSUMER ForestationPlant#6958 (Seeds) :: min=8931 max=9261 | stalled 0 of 202 | deliveries=17 totalling 642 | sizes: 2x1, 4x2, 6x12, 280x2 | drains=5 totalling 494
[mod] [C48P] REPORT CONSUMER ForestationPlant#6622 (Seeds) :: min=8938 max=9234 | stalled 0 of 202 | deliveries=16 totalling 362 | sizes: 2x1, 4x2, 6x12, 280x1 | drains=5 totalling 494
[C48P] REPORT CONSUMER ForestationPlant#6622 (Seeds) :: min=8938 max=9234 | stalled 0 of 202 | deliveries=16 totalling 362 | sizes: 2x1, 4x2, 6x12, 280x1 | drains=5 totalling 494
[mod] [C48P] REPORT CONSUMER ForestationPlant#3790 (Seeds) :: min=8933 max=9233 | stalled 0 of 202 | deliveries=2 totalling 560 | sizes: 280x2 | drains=3 totalling 300
[C48P] REPORT CONSUMER ForestationPlant#3790 (Seeds) :: min=8933 max=9233 | stalled 0 of 202 | deliveries=2 totalling 560 | sizes: 280x2 | drains=3 totalling 300
[mod] [C48P] REPORT CONSUMER PolymerPlant#3574 (Fuel) :: min=3650 max=5000 | stalled 0 of 202 | deliveries=5 totalling 5232 | sizes: 924x1, 1050x1, 1056x2, 1146x1 | drains=40 totalling 5622
[C48P] REPORT CONSUMER PolymerPlant#3574 (Fuel) :: min=3650 max=5000 | stalled 0 of 202 | deliveries=5 totalling 5232 | sizes: 924x1, 1050x1, 1056x2, 1146x1 | drains=40 totalling 5622
[mod] [C48P] REPORT CONSUMER PolymerPlant#6993 (Fuel) :: min=3596 max=5000 | stalled 0 of 202 | deliveries=5 totalling 5341 | sizes: 1017x1, 1048x1, 1092x3 | drains=40 totalling 5790
[C48P] REPORT CONSUMER PolymerPlant#6993 (Fuel) :: min=3596 max=5000 | stalled 0 of 202 | deliveries=5 totalling 5341 | sizes: 1017x1, 1048x1, 1092x3 | drains=40 totalling 5790
[mod] [C48P] REPORT CONSUMER ElectronicsFactory#4682 (PreciousMetals) :: min=3463 max=4940 | stalled 0 of 202 | deliveries=2 totalling 1477 | sizes: 374x1, 1103x1 | drains=41 totalling 1286
[C48P] REPORT CONSUMER ElectronicsFactory#4682 (PreciousMetals) :: min=3463 max=4940 | stalled 0 of 202 | deliveries=2 totalling 1477 | sizes: 374x1, 1103x1 | drains=41 totalling 1286
[mod] [C48P] REPORT CONSUMER MachinePartsFactory#4670 (Metals) :: min=3424 max=4803 | stalled 0 of 202 | deliveries=7 totalling 7987 | sizes: 1040x2, 1157x1, 1182x3, 1204x1 | drains=40 totalling 8078
[C48P] REPORT CONSUMER MachinePartsFactory#4670 (Metals) :: min=3424 max=4803 | stalled 0 of 202 | deliveries=7 totalling 7987 | sizes: 1040x2, 1157x1, 1182x3, 1204x1 | drains=40 totalling 8078
[mod] [C48P] REPORT CONSUMER MegaMall#3059 (Food) :: min=16800 max=20000 | stalled 0 of 202 | deliveries=10 totalling 9600 | sizes: 200x2, 1000x6, 1200x1, 2000x1 | drains=30 totalling 9600
[C48P] REPORT CONSUMER MegaMall#3059 (Food) :: min=16800 max=20000 | stalled 0 of 202 | deliveries=10 totalling 9600 | sizes: 200x2, 1000x6, 1200x1, 2000x1 | drains=30 totalling 9600
[mod] [C48P] REPORT CONSUMER ShopsFood#3060 (Food) :: min=7400 max=10000 | stalled 0 of 202 | deliveries=7 totalling 6200 | sizes: 800x4, 1000x3 | drains=27 totalling 6200
[C48P] REPORT CONSUMER ShopsFood#3060 (Food) :: min=7400 max=10000 | stalled 0 of 202 | deliveries=7 totalling 6200 | sizes: 800x4, 1000x3 | drains=27 totalling 6200
[mod] [C48P] REPORT CONSUMER Diner#3065 (Food) :: min=4800 max=9800 | stalled 0 of 202 | deliveries=24 totalling 21200 | sizes: 200x1, 400x1, 600x2, 800x6, 1000x11, 1200x3 | drains=65 totalling 21000
[C48P] REPORT CONSUMER Diner#3065 (Food) :: min=4800 max=9800 | stalled 0 of 202 | deliveries=24 totalling 21200 | sizes: 200x1, 400x1, 600x2, 800x6, 1000x11, 1200x3 | drains=65 totalling 21000
[mod] [C48P] REPORT CONSUMER ForestationPlant#15047 (Seeds) :: min=8595 max=9295 | stalled 0 of 202 | deliveries=13 totalling 2440 | sizes: 40x5, 280x8 | drains=5 totalling 2500
[C48P] REPORT CONSUMER ForestationPlant#15047 (Seeds) :: min=8595 max=9295 | stalled 0 of 202 | deliveries=13 totalling 2440 | sizes: 40x5, 280x8 | drains=5 totalling 2500
[mod] [C48P] REPORT CONSUMER MegaMall#2723 (Food) :: min=17400 max=19800 | stalled 0 of 202 | deliveries=8 totalling 9400 | sizes: 1000x6, 1200x1, 2200x1 | drains=29 totalling 9800
[C48P] REPORT CONSUMER MegaMall#2723 (Food) :: min=17400 max=19800 | stalled 0 of 202 | deliveries=8 totalling 9400 | sizes: 1000x6, 1200x1, 2200x1 | drains=29 totalling 9800
[mod] [C48P] REPORT CONSUMER Diner#2724 (Food) :: min=7200 max=10000 | stalled 0 of 202 | deliveries=7 totalling 5800 | sizes: 200x1, 400x1, 800x2, 1000x2, 1600x1 | drains=25 totalling 6400
[C48P] REPORT CONSUMER Diner#2724 (Food) :: min=7200 max=10000 | stalled 0 of 202 | deliveries=7 totalling 5800 | sizes: 200x1, 400x1, 800x2, 1000x2, 1600x1 | drains=25 totalling 6400
[mod] [C48P] REPORT CONSUMER ShuttleHub#8570 (Fuel) :: min=8166 max=10000 | stalled 0 of 202 | deliveries=4 totalling 4792 | sizes: 1084x1, 1143x1, 1273x1, 1292x1 | drains=8 totalling 4114
[C48P] REPORT CONSUMER ShuttleHub#8570 (Fuel) :: min=8166 max=10000 | stalled 0 of 202 | deliveries=4 totalling 4792 | sizes: 1084x1, 1143x1, 1273x1, 1292x1 | drains=8 totalling 4114
[mod] [C48P] REPORT CONSUMER ShopsFood_Small#2722 (Food) :: min=0 max=4000 | stalled 2 of 202 | deliveries=13 totalling 12200 | sizes: 400x1, 800x2, 1000x9, 1200x1 | drains=40 totalling 11800
[C48P] REPORT CONSUMER ShopsFood_Small#2722 (Food) :: min=0 max=4000 | stalled 2 of 202 | deliveries=13 totalling 12200 | sizes: 400x1, 800x2, 1000x9, 1200x1 | drains=40 totalling 11800
[mod] [C48P] REPORT CONSUMER ElectronicsFactory#7671 (PreciousMetals) :: min=3148 max=4545 | stalled 0 of 202 | deliveries=1 totalling 1397 | sizes: 1397x1 | drains=41 totalling 1558
[C48P] REPORT CONSUMER ElectronicsFactory#7671 (PreciousMetals) :: min=3148 max=4545 | stalled 0 of 202 | deliveries=1 totalling 1397 | sizes: 1397x1 | drains=41 totalling 1558
[mod] [C48P] REPORT CONSUMER ShuttleHub#4646 (Fuel) :: min=8145 max=10000 | stalled 0 of 202 | deliveries=1 totalling 1143 | sizes: 1143x1 | drains=4 totalling 1855
[C48P] REPORT CONSUMER ShuttleHub#4646 (Fuel) :: min=8145 max=10000 | stalled 0 of 202 | deliveries=1 totalling 1143 | sizes: 1143x1 | drains=4 totalling 1855
[mod] [C48P] REPORT CONSUMER ForestationPlant#16155 (Seeds) :: min=8518 max=9238 | stalled 0 of 202 | deliveries=8 totalling 2520 | sizes: 280x7, 560x1 | drains=5 totalling 2500
[C48P] REPORT CONSUMER ForestationPlant#16155 (Seeds) :: min=8518 max=9238 | stalled 0 of 202 | deliveries=8 totalling 2520 | sizes: 280x7, 560x1 | drains=5 totalling 2500
[mod] [C48P] REPORT CONSUMER ForestationPlant#15043 (Seeds) :: min=8537 max=9237 | stalled 0 of 202 | deliveries=12 totalling 2440 | sizes: 40x5, 280x6, 560x1 | drains=5 totalling 2500
[C48P] REPORT CONSUMER ForestationPlant#15043 (Seeds) :: min=8537 max=9237 | stalled 0 of 202 | deliveries=12 totalling 2440 | sizes: 40x5, 280x6, 560x1 | drains=5 totalling 2500
[mod] [C48P] REPORT CONSUMER ForestationPlant#15050 (Seeds) :: min=8920 max=9290 | stalled 0 of 202 | deliveries=6 totalling 720 | sizes: 40x4, 280x2 | drains=6 totalling 860
[C48P] REPORT CONSUMER ForestationPlant#15050 (Seeds) :: min=8920 max=9290 | stalled 0 of 202 | deliveries=6 totalling 720 | sizes: 40x4, 280x2 | drains=6 totalling 860
[mod] [C48P] REPORT CONSUMER ForestationPlant#15052 (Seeds) :: min=8556 max=9356 | stalled 0 of 202 | deliveries=14 totalling 2720 | sizes: 40x5, 280x9 | drains=6 totalling 3000
[C48P] REPORT CONSUMER ForestationPlant#15052 (Seeds) :: min=8556 max=9356 | stalled 0 of 202 | deliveries=14 totalling 2720 | sizes: 40x5, 280x9 | drains=6 totalling 3000
[mod] [C48P] REPORT CONSUMER Diner#8661 (Food) :: min=5600 max=10000 | stalled 0 of 202 | deliveries=9 totalling 6960 | sizes: 360x1, 400x3, 1000x3, 1200x2 | drains=24 totalling 7200
[C48P] REPORT CONSUMER Diner#8661 (Food) :: min=5600 max=10000 | stalled 0 of 202 | deliveries=9 totalling 6960 | sizes: 360x1, 400x3, 1000x3, 1200x2 | drains=24 totalling 7200
[mod] [C48P] REPORT CONSUMER ShopsFood#8663 (Food) :: min=5000 max=9960 | stalled 0 of 202 | deliveries=19 totalling 17080 | sizes: 120x1, 400x1, 440x1, 480x1, 520x1, 600x1, 800x4, 840x1, 1000x3, 1080x1, 1120x1, 1200x1, 1480x1, 2600x1 | drains=52 totalling 17800
[C48P] REPORT CONSUMER ShopsFood#8663 (Food) :: min=5000 max=9960 | stalled 0 of 202 | deliveries=19 totalling 17080 | sizes: 120x1, 400x1, 440x1, 480x1, 520x1, 600x1, 800x4, 840x1, 1000x3, 1080x1, 1120x1, 1200x1, 1480x1, 2600x1 | drains=52 totalling 17800
[mod] [C48P] REPORT CONSUMER ForestationPlant#16008 (Seeds) :: min=8572 max=9317 | stalled 0 of 202 | deliveries=20 totalling 2854 | sizes: 3x1, 14x1, 24x1, 27x7, 158x1, 199x1, 280x7, 307x1 | drains=5 totalling 2500
[C48P] REPORT CONSUMER ForestationPlant#16008 (Seeds) :: min=8572 max=9317 | stalled 0 of 202 | deliveries=20 totalling 2854 | sizes: 3x1, 14x1, 24x1, 27x7, 158x1, 199x1, 280x7, 307x1 | drains=5 totalling 2500
[mod] [C48P] REPORT CONSUMER ArtWorkshop#8669 (Polymers) :: min=4500 max=6000 | stalled 0 of 202 | deliveries=1 totalling 1500 | sizes: 1500x1 | drains=1 totalling 1500
[C48P] REPORT CONSUMER ArtWorkshop#8669 (Polymers) :: min=4500 max=6000 | stalled 0 of 202 | deliveries=1 totalling 1500 | sizes: 1500x1 | drains=1 totalling 1500
[mod] [C48P] REPORT CONSUMER MegaMall#8670 (Food) :: min=16400 max=19920 | stalled 0 of 202 | deliveries=10 totalling 8280 | sizes: 80x1, 200x1, 520x1, 1000x4, 1080x1, 1200x2 | drains=25 totalling 8280
[C48P] REPORT CONSUMER MegaMall#8670 (Food) :: min=16400 max=19920 | stalled 0 of 202 | deliveries=10 totalling 8280 | sizes: 80x1, 200x1, 520x1, 1000x4, 1080x1, 1200x2 | drains=25 totalling 8280
[mod] [C48P] REPORT CONSUMER BioroboticsWorkshop#8672 (MachineParts) :: min=4500 max=6000 | stalled 0 of 202 | deliveries=2 totalling 2962 | sizes: 1462x1, 1500x1 | drains=1 totalling 1500
[C48P] REPORT CONSUMER BioroboticsWorkshop#8672 (MachineParts) :: min=4500 max=6000 | stalled 0 of 202 | deliveries=2 totalling 2962 | sizes: 1462x1, 1500x1 | drains=1 totalling 1500
[mod] [C48P] REPORT CONSUMER ElectronicsFactory_Small#16002 (PreciousMetals) :: min=4209 max=4724 | stalled 0 of 202 | deliveries=0 totalling 0 | sizes: (none) | drains=40 totalling 515
[C48P] REPORT CONSUMER ElectronicsFactory_Small#16002 (PreciousMetals) :: min=4209 max=4724 | stalled 0 of 202 | deliveries=0 totalling 0 | sizes: (none) | drains=40 totalling 515
[mod] [C48P] REPORT CONSUMER VRWorkshop#8674 (Electronics) :: min=4500 max=6000 | stalled 0 of 202 | deliveries=1 totalling 1500 | sizes: 1500x1 | drains=1 totalling 1500
[C48P] REPORT CONSUMER VRWorkshop#8674 (Electronics) :: min=4500 max=6000 | stalled 0 of 202 | deliveries=1 totalling 1500 | sizes: 1500x1 | drains=1 totalling 1500
[mod] [C48P] REPORT CONSUMER ElectronicsFactory#8675 (PreciousMetals) :: min=3979 max=4970 | stalled 20 of 202 | deliveries=1 totalling 991 | sizes: 991x1 | drains=36 totalling 1034
[C48P] REPORT CONSUMER ElectronicsFactory#8675 (PreciousMetals) :: min=3979 max=4970 | stalled 20 of 202 | deliveries=1 totalling 991 | sizes: 991x1 | drains=36 totalling 1034
[mod] [C48P] REPORT CONSUMER OpenFarm#15974 (Seeds) :: min=2100 max=4200 | stalled 0 of 202 | deliveries=36 totalling 15860 | sizes: 121x1, 280x26, 360x1, 560x3, 1200x1, 1280x1, 1300x1, 1319x1, 1320x1 | drains=25 totalling 15140
[C48P] REPORT CONSUMER OpenFarm#15974 (Seeds) :: min=2100 max=4200 | stalled 0 of 202 | deliveries=36 totalling 15860 | sizes: 121x1, 280x26, 360x1, 560x3, 1200x1, 1280x1, 1300x1, 1319x1, 1320x1 | drains=25 totalling 15140
[mod] [C48P] REPORT CONSUMER TVStudioWorkshopCCP1#8676 (Electronics) :: min=4000 max=5000 | stalled 0 of 202 | deliveries=1 totalling 1000 | sizes: 1000x1 | drains=1 totalling 1000
[C48P] REPORT CONSUMER TVStudioWorkshopCCP1#8676 (Electronics) :: min=4000 max=5000 | stalled 0 of 202 | deliveries=1 totalling 1000 | sizes: 1000x1 | drains=1 totalling 1000
[mod] [C48P] REPORT CONSUMER PolymerPlant#8677 (Fuel) :: min=3920 max=5000 | stalled 94 of 202 | deliveries=3 totalling 2156 | sizes: 131x1, 945x1, 1080x1 | drains=21 totalling 2784
[C48P] REPORT CONSUMER PolymerPlant#8677 (Fuel) :: min=3920 max=5000 | stalled 94 of 202 | deliveries=3 totalling 2156 | sizes: 131x1, 945x1, 1080x1 | drains=21 totalling 2784
[mod] [C48P] REPORT CONSUMER PolymerPlant#16000 (Fuel) :: min=3841 max=5000 | stalled 0 of 202 | deliveries=6 totalling 6291 | sizes: 920x1, 1044x3, 1080x1, 1159x1 | drains=40 totalling 7251
[C48P] REPORT CONSUMER PolymerPlant#16000 (Fuel) :: min=3841 max=5000 | stalled 0 of 202 | deliveries=6 totalling 6291 | sizes: 920x1, 1044x3, 1080x1, 1159x1 | drains=40 totalling 7251
[mod] [C48P] REPORT CONSUMER ForestationPlant#15099 (Seeds) :: min=8519 max=9319 | stalled 0 of 202 | deliveries=13 totalling 2680 | sizes: 40x4, 280x9 | drains=5 totalling 2500
[C48P] REPORT CONSUMER ForestationPlant#15099 (Seeds) :: min=8519 max=9319 | stalled 0 of 202 | deliveries=13 totalling 2680 | sizes: 40x4, 280x9 | drains=5 totalling 2500
[mod] [C48P] REPORT CONSUMER ForestationPlant#7016 (Seeds) :: min=8881 max=9550 | stalled 0 of 202 | deliveries=2 totalling 361 | sizes: 81x1, 280x1 | drains=5 totalling 750
[C48P] REPORT CONSUMER ForestationPlant#7016 (Seeds) :: min=8881 max=9550 | stalled 0 of 202 | deliveries=2 totalling 361 | sizes: 81x1, 280x1 | drains=5 totalling 750
[mod] [C48P] REPORT CONSUMER ForestationPlant#16011 (Seeds) :: min=8505 max=9225 | stalled 0 of 202 | deliveries=7 totalling 2240 | sizes: 280x6, 560x1 | drains=5 totalling 2500
[C48P] REPORT CONSUMER ForestationPlant#16011 (Seeds) :: min=8505 max=9225 | stalled 0 of 202 | deliveries=7 totalling 2240 | sizes: 280x6, 560x1 | drains=5 totalling 2500
[mod] [C48P] REPORT CONSUMER CarbonateProcessor#14608 (WasteRock) :: min=17500 max=20000 | stalled 0 of 202 | deliveries=10 totalling 25000 | sizes: 2500x10 | drains=10 totalling 25000
[C48P] REPORT CONSUMER CarbonateProcessor#14608 (WasteRock) :: min=17500 max=20000 | stalled 0 of 202 | deliveries=10 totalling 25000 | sizes: 2500x10 | drains=10 totalling 25000
[mod] [C48P] REPORT CONSUMER ForestationPlant#15817 (Seeds) :: min=8603 max=9317 | stalled 0 of 202 | deliveries=19 totalling 2523 | sizes: 3x1, 13x1, 24x1, 27x9, 280x6, 560x1 | drains=5 totalling 2500
[C48P] REPORT CONSUMER ForestationPlant#15817 (Seeds) :: min=8603 max=9317 | stalled 0 of 202 | deliveries=19 totalling 2523 | sizes: 3x1, 13x1, 24x1, 27x9, 280x6, 560x1 | drains=5 totalling 2500
[mod] [C48P] REPORT CONSUMER ForestationPlant#15098 (Seeds) :: min=8582 max=9242 | stalled 0 of 202 | deliveries=12 totalling 2400 | sizes: 40x4, 280x8 | drains=5 totalling 2500
[C48P] REPORT CONSUMER ForestationPlant#15098 (Seeds) :: min=8582 max=9242 | stalled 0 of 202 | deliveries=12 totalling 2400 | sizes: 40x4, 280x8 | drains=5 totalling 2500
[mod] [C48P] REPORT CONSUMER CarbonateProcessor#1597 (WasteRock) :: min=17500 max=20000 | stalled 0 of 202 | deliveries=10 totalling 25000 | sizes: 2500x10 | drains=10 totalling 25000
[C48P] REPORT CONSUMER CarbonateProcessor#1597 (WasteRock) :: min=17500 max=20000 | stalled 0 of 202 | deliveries=10 totalling 25000 | sizes: 2500x10 | drains=10 totalling 25000
[mod] [C48P] REPORT CONSUMER CarbonateProcessor#14610 (WasteRock) :: min=17500 max=20000 | stalled 0 of 202 | deliveries=10 totalling 25000 | sizes: 2500x10 | drains=11 totalling 27500
[C48P] REPORT CONSUMER CarbonateProcessor#14610 (WasteRock) :: min=17500 max=20000 | stalled 0 of 202 | deliveries=10 totalling 25000 | sizes: 2500x10 | drains=11 totalling 27500
[mod] [C48P] REPORT CONSUMER ForestationPlant#15810 (Seeds) :: min=8584 max=9312 | stalled 0 of 202 | deliveries=19 totalling 2537 | sizes: 3x1, 24x1, 27x9, 280x7, 307x1 | drains=5 totalling 2500
[C48P] REPORT CONSUMER ForestationPlant#15810 (Seeds) :: min=8584 max=9312 | stalled 0 of 202 | deliveries=19 totalling 2537 | sizes: 3x1, 24x1, 27x9, 280x7, 307x1 | drains=5 totalling 2500
[mod] [C48P] REPORT CONSUMER OpenFarm#15779 (Seeds) :: min=585 max=4245 | stalled 0 of 202 | deliveries=63 totalling 21065 | sizes: 180x1, 280x51, 560x9, 725x1, 840x1 | drains=26 totalling 21900
[C48P] REPORT CONSUMER OpenFarm#15779 (Seeds) :: min=585 max=4245 | stalled 0 of 202 | deliveries=63 totalling 21065 | sizes: 180x1, 280x51, 560x9, 725x1, 840x1 | drains=26 totalling 21900
[mod] [C48P] REPORT CONSUMER ForestationPlant#4089 (Seeds) :: min=8936 max=9216 | stalled 0 of 202 | deliveries=1 totalling 280 | sizes: 280x1 | drains=4 totalling 400
[C48P] REPORT CONSUMER ForestationPlant#4089 (Seeds) :: min=8936 max=9216 | stalled 0 of 202 | deliveries=1 totalling 280 | sizes: 280x1 | drains=4 totalling 400
[mod] [C48P] REPORT CONSUMER ForestationPlant#2793 (Seeds) :: min=8863 max=9273 | stalled 0 of 202 | deliveries=3 totalling 840 | sizes: 280x3 | drains=4 totalling 600
[C48P] REPORT CONSUMER ForestationPlant#2793 (Seeds) :: min=8863 max=9273 | stalled 0 of 202 | deliveries=3 totalling 840 | sizes: 280x3 | drains=4 totalling 600
						Lua 0:02:27:070
[mod] [C48P] REPORT CONSUMER ShuttleHub#8568 (Fuel) :: min=8500 max=10000 | stalled 0 of 202 | deliveries=2 totalling 2631 | sizes: 1131x1, 1500x1 | drains=3 totalling 1881
[C48P] REPORT CONSUMER ShuttleHub#8568 (Fuel) :: min=8500 max=10000 | stalled 0 of 202 | deliveries=2 totalling 2631 | sizes: 1131x1, 1500x1 | drains=3 totalling 1881
[mod] [C48P] REPORT CONSUMER ForestationPlant#7004 (Seeds) :: min=8925 max=9225 | stalled 0 of 202 | deliveries=2 totalling 560 | sizes: 280x2 | drains=5 totalling 500
[C48P] REPORT CONSUMER ForestationPlant#7004 (Seeds) :: min=8925 max=9225 | stalled 0 of 202 | deliveries=2 totalling 560 | sizes: 280x2 | drains=5 totalling 500
[mod] [C48P] REPORT CONSUMER ShuttleHub#8565 (Fuel) :: min=8314 max=10000 | stalled 0 of 202 | deliveries=2 totalling 2206 | sizes: 1011x1, 1195x1 | drains=4 totalling 2131
[C48P] REPORT CONSUMER ShuttleHub#8565 (Fuel) :: min=8314 max=10000 | stalled 0 of 202 | deliveries=2 totalling 2206 | sizes: 1011x1, 1195x1 | drains=4 totalling 2131
[mod] [C48P] REPORT CONSUMER ShuttleHub#1563 (Fuel) :: min=8456 max=10000 | stalled 0 of 202 | deliveries=3 totalling 4422 | sizes: 1355x1, 1523x1, 1544x1 | drains=6 totalling 3817
[C48P] REPORT CONSUMER ShuttleHub#1563 (Fuel) :: min=8456 max=10000 | stalled 0 of 202 | deliveries=3 totalling 4422 | sizes: 1355x1, 1523x1, 1544x1 | drains=6 totalling 3817
[mod] [C48P] REPORT CONSUMER Diner#1542 (Food) :: min=9000 max=10000 | stalled 0 of 202 | deliveries=2 totalling 1800 | sizes: 800x1, 1000x1 | drains=10 totalling 2200
[C48P] REPORT CONSUMER Diner#1542 (Food) :: min=9000 max=10000 | stalled 0 of 202 | deliveries=2 totalling 1800 | sizes: 800x1, 1000x1 | drains=10 totalling 2200
[mod] [C48P] REPORT CONSUMER ShopsFood_Small#1539 (Food) :: min=2400 max=4000 | stalled 0 of 202 | deliveries=7 totalling 7000 | sizes: 800x2, 1000x3, 1200x2 | drains=27 totalling 7400
[C48P] REPORT CONSUMER ShopsFood_Small#1539 (Food) :: min=2400 max=4000 | stalled 0 of 202 | deliveries=7 totalling 7000 | sizes: 800x2, 1000x3, 1200x2 | drains=27 totalling 7400
[mod] [C48P] REPORT CONSUMER GHGFactory#1596 (Fuel) :: min=8980 max=10000 | stalled 0 of 202 | deliveries=1 totalling 1020 | sizes: 1020x1 | drains=10 totalling 600
[C48P] REPORT CONSUMER GHGFactory#1596 (Fuel) :: min=8980 max=10000 | stalled 0 of 202 | deliveries=1 totalling 1020 | sizes: 1020x1 | drains=10 totalling 600
[mod] [C48P] REPORT CONSUMER TVStudioWorkshopCCP1#4951 (Electronics) :: min=4000 max=5000 | stalled 0 of 202 | deliveries=1 totalling 1000 | sizes: 1000x1 | drains=1 totalling 1000
[C48P] REPORT CONSUMER TVStudioWorkshopCCP1#4951 (Electronics) :: min=4000 max=5000 | stalled 0 of 202 | deliveries=1 totalling 1000 | sizes: 1000x1 | drains=1 totalling 1000
[mod] [C48P] REPORT CONSUMER MegaMall#6297 (Food) :: min=18000 max=20000 | stalled 0 of 202 | deliveries=7 totalling 6200 | sizes: 400x1, 600x1, 800x2, 1000x2, 1600x1 | drains=17 totalling 5600
[C48P] REPORT CONSUMER MegaMall#6297 (Food) :: min=18000 max=20000 | stalled 0 of 202 | deliveries=7 totalling 6200 | sizes: 400x1, 600x1, 800x2, 1000x2, 1600x1 | drains=17 totalling 5600
[mod] [C48P] REPORT CONSUMER ShopsFood#15763 (Food) :: min=8800 max=10000 | stalled 0 of 202 | deliveries=3 totalling 3000 | sizes: 1000x3 | drains=9 totalling 2400
[C48P] REPORT CONSUMER ShopsFood#15763 (Food) :: min=8800 max=10000 | stalled 0 of 202 | deliveries=3 totalling 3000 | sizes: 1000x3 | drains=9 totalling 2400
[mod] [C48P] REPORT CONSUMER Diner#5341 (Food) :: min=6800 max=10000 | stalled 0 of 202 | deliveries=20 totalling 16000 | sizes: 400x3, 600x1, 800x9, 1000x7 | drains=51 totalling 16200
[C48P] REPORT CONSUMER Diner#5341 (Food) :: min=6800 max=10000 | stalled 0 of 202 | deliveries=20 totalling 16000 | sizes: 400x3, 600x1, 800x9, 1000x7 | drains=51 totalling 16200
[mod] [C48P] REPORT CONSUMER MegaMall#2900 (Food) :: min=17800 max=20000 | stalled 0 of 202 | deliveries=12 totalling 4429 | sizes: 200x7, 300x1, 400x1, 529x1, 800x1, 1000x1 | drains=22 totalling 5600
[C48P] REPORT CONSUMER MegaMall#2900 (Food) :: min=17800 max=20000 | stalled 0 of 202 | deliveries=12 totalling 4429 | sizes: 200x7, 300x1, 400x1, 529x1, 800x1, 1000x1 | drains=22 totalling 5600
[mod] [C48P] REPORT CONSUMER ShopsElectronics#2902 (Electronics) :: min=3600 max=5000 | stalled 0 of 202 | deliveries=2 totalling 2000 | sizes: 1000x2 | drains=10 totalling 2200
[C48P] REPORT CONSUMER ShopsElectronics#2902 (Electronics) :: min=3600 max=5000 | stalled 0 of 202 | deliveries=2 totalling 2000 | sizes: 1000x2 | drains=10 totalling 2200
[mod] [C48P] REPORT CONSUMER ShopsFood#2901 (Food) :: min=7400 max=10000 | stalled 0 of 202 | deliveries=9 totalling 5000 | sizes: 200x3, 400x2, 800x2, 1000x2 | drains=23 totalling 5600
[C48P] REPORT CONSUMER ShopsFood#2901 (Food) :: min=7400 max=10000 | stalled 0 of 202 | deliveries=9 totalling 5000 | sizes: 200x3, 400x2, 800x2, 1000x2 | drains=23 totalling 5600
[mod] [C48P] REPORT CONSUMER MegaMall#4955 (Food) :: min=17600 max=20000 | stalled 0 of 202 | deliveries=9 totalling 5200 | sizes: 200x3, 400x3, 1000x2, 1400x1 | drains=20 totalling 5800
[C48P] REPORT CONSUMER MegaMall#4955 (Food) :: min=17600 max=20000 | stalled 0 of 202 | deliveries=9 totalling 5200 | sizes: 200x3, 400x3, 1000x2, 1400x1 | drains=20 totalling 5800
[mod] [C48P] REPORT CONSUMER ShopsElectronics#6314 (Electronics) :: min=3400 max=5000 | stalled 0 of 202 | deliveries=3 totalling 3200 | sizes: 1000x2, 1200x1 | drains=10 totalling 3200
[C48P] REPORT CONSUMER ShopsElectronics#6314 (Electronics) :: min=3400 max=5000 | stalled 0 of 202 | deliveries=3 totalling 3200 | sizes: 1000x2, 1200x1 | drains=10 totalling 3200
[mod] [C48P] REPORT CONSUMER Diner#5339 (Food) :: min=8200 max=10000 | stalled 0 of 202 | deliveries=3 totalling 3000 | sizes: 1000x3 | drains=14 totalling 3000
[C48P] REPORT CONSUMER Diner#5339 (Food) :: min=8200 max=10000 | stalled 0 of 202 | deliveries=3 totalling 3000 | sizes: 1000x3 | drains=14 totalling 3000
[mod] [C48P] REPORT CONSUMER ShopsJewelry#5329 (Polymers) :: min=3600 max=4800 | stalled 0 of 202 | deliveries=3 totalling 2600 | sizes: 800x2, 1000x1 | drains=14 totalling 2800
[C48P] REPORT CONSUMER ShopsJewelry#5329 (Polymers) :: min=3600 max=4800 | stalled 0 of 202 | deliveries=3 totalling 2600 | sizes: 800x2, 1000x1 | drains=14 totalling 2800
[mod] [C48P] REPORT CONSUMER ForestationPlant#6325 (Seeds) :: min=8680 max=10000 | stalled 0 of 202 | deliveries=5 totalling 2020 | sizes: 180x1, 280x3, 1000x1 | drains=5 totalling 2500
[C48P] REPORT CONSUMER ForestationPlant#6325 (Seeds) :: min=8680 max=10000 | stalled 0 of 202 | deliveries=5 totalling 2020 | sizes: 180x1, 280x3, 1000x1 | drains=5 totalling 2500
[mod] [C48P] REPORT CONSUMER ElectronicsFactory#2845 (PreciousMetals) :: min=4421 max=4897 | stalled 0 of 202 | deliveries=3 totalling 909 | sizes: 106x1, 384x1, 419x1 | drains=39 totalling 1030
[C48P] REPORT CONSUMER ElectronicsFactory#2845 (PreciousMetals) :: min=4421 max=4897 | stalled 0 of 202 | deliveries=3 totalling 909 | sizes: 106x1, 384x1, 419x1 | drains=39 totalling 1030
[mod] [C48P] REPORT CONSUMER GHGFactory#1590 (Fuel) :: min=8980 max=10000 | stalled 0 of 202 | deliveries=1 totalling 1020 | sizes: 1020x1 | drains=10 totalling 600
[C48P] REPORT CONSUMER GHGFactory#1590 (Fuel) :: min=8980 max=10000 | stalled 0 of 202 | deliveries=1 totalling 1020 | sizes: 1020x1 | drains=10 totalling 600
[mod] [C48P] REPORT CONSUMER ForestationPlant#6324 (Seeds) :: min=8960 max=10000 | stalled 0 of 202 | deliveries=1 totalling 1040 | sizes: 1040x1 | drains=4 totalling 400
[C48P] REPORT CONSUMER ForestationPlant#6324 (Seeds) :: min=8960 max=10000 | stalled 0 of 202 | deliveries=1 totalling 1040 | sizes: 1040x1 | drains=4 totalling 400
[mod] [C48P] REPORT CONSUMER ShopsFood#5340 (Food) :: min=8600 max=10000 | stalled 0 of 202 | deliveries=2 totalling 1800 | sizes: 800x1, 1000x1 | drains=10 totalling 2000
[C48P] REPORT CONSUMER ShopsFood#5340 (Food) :: min=8600 max=10000 | stalled 0 of 202 | deliveries=2 totalling 1800 | sizes: 800x1, 1000x1 | drains=10 totalling 2000
[mod] [C48P] REPORT CONSUMER MegaMall#5327 (Food) :: min=17800 max=20000 | stalled 0 of 202 | deliveries=8 totalling 7800 | sizes: 600x1, 800x1, 1000x4, 1200x2 | drains=26 totalling 7800
[C48P] REPORT CONSUMER MegaMall#5327 (Food) :: min=17800 max=20000 | stalled 0 of 202 | deliveries=8 totalling 7800 | sizes: 600x1, 800x1, 1000x4, 1200x2 | drains=26 totalling 7800
[mod] [C48P] REPORT CONSUMER Diner#2903 (Food) :: min=8600 max=10000 | stalled 0 of 202 | deliveries=7 totalling 2400 | sizes: 200x5, 400x1, 1000x1 | drains=8 totalling 2200
[C48P] REPORT CONSUMER Diner#2903 (Food) :: min=8600 max=10000 | stalled 0 of 202 | deliveries=7 totalling 2400 | sizes: 200x5, 400x1, 1000x1 | drains=8 totalling 2200
[mod] [C48P] REPORT CONSUMER Diner#2850 (Food) :: min=3900 max=10000 | stalled 0 of 202 | deliveries=24 totalling 15760 | sizes: 30x2, 200x5, 400x2, 600x3, 800x6, 900x1, 1000x2, 1100x1, 1600x1, 1700x1 | drains=45 totalling 15900
[C48P] REPORT CONSUMER Diner#2850 (Food) :: min=3900 max=10000 | stalled 0 of 202 | deliveries=24 totalling 15760 | sizes: 30x2, 200x5, 400x2, 600x3, 800x6, 900x1, 1000x2, 1100x1, 1600x1, 1700x1 | drains=45 totalling 15900
[mod] [C48P] REPORT CONSUMER ShuttleHub#8564 (Fuel) :: min=7205 max=10000 | stalled 0 of 202 | deliveries=4 totalling 5478 | sizes: 1247x1, 1354x1, 1436x1, 1441x1 | drains=9 totalling 5408
[C48P] REPORT CONSUMER ShuttleHub#8564 (Fuel) :: min=7205 max=10000 | stalled 0 of 202 | deliveries=4 totalling 5478 | sizes: 1247x1, 1354x1, 1436x1, 1441x1 | drains=9 totalling 5408
[mod] [C48P] REPORT CONSUMER ForestationPlant#16077 (Seeds) :: min=8532 max=9272 | stalled 0 of 202 | deliveries=9 totalling 2520 | sizes: 280x9 | drains=5 totalling 2500
[C48P] REPORT CONSUMER ForestationPlant#16077 (Seeds) :: min=8532 max=9272 | stalled 0 of 202 | deliveries=9 totalling 2520 | sizes: 280x9 | drains=5 totalling 2500
[mod] [C48P] REPORT CONSUMER ForestationPlant#16076 (Seeds) :: min=8479 max=9199 | stalled 0 of 202 | deliveries=9 totalling 2520 | sizes: 280x9 | drains=5 totalling 2500
[C48P] REPORT CONSUMER ForestationPlant#16076 (Seeds) :: min=8479 max=9199 | stalled 0 of 202 | deliveries=9 totalling 2520 | sizes: 280x9 | drains=5 totalling 2500
[mod] [C48P] REPORT CONSUMERS :: 1 silent consumer(s) (no delivery, drain or stall in the window) — counted, not hidden
[C48P] REPORT CONSUMERS :: 1 silent consumer(s) (no delivery, drain or stall in the window) — counted, not hidden
[mod] [C48P] DEPOT close [Seeds] StationSmall#12472 :: stored=60000 | supply request actual=60000 (ok=true) assignable=true (ok=true) flags=rfSupply+rfStorageDepot | desired_amount=nil | ⚠️ the c48veg gloss ('desired = kept back from everyone') is UNDER CORRECTION — the owner's observed rule is that consumers draw freely and desired protects against depot-to-depot rebalancing; these paired reads are the data
[C48P] DEPOT close [Seeds] StationSmall#12472 :: stored=60000 | supply request actual=60000 (ok=true) assignable=true (ok=true) flags=rfSupply+rfStorageDepot | desired_amount=nil | ⚠️ the c48veg gloss ('desired = kept back from everyone') is UNDER CORRECTION — the owner's observed rule is that consumers draw freely and desired protects against depot-to-depot rebalancing; these paired reads are the data
[mod] [C48P] DEPOT close [Seeds] UniversalStorageDepot#9296 :: stored=30000 | supply request actual=30000 (ok=true) assignable=true (ok=true) flags=rfSupply+rfStorageDepot | desired_amount=15000 | ⚠️ the c48veg gloss ('desired = kept back from everyone') is UNDER CORRECTION — the owner's observed rule is that consumers draw freely and desired protects against depot-to-depot rebalancing; these paired reads are the data
[C48P] DEPOT close [Seeds] UniversalStorageDepot#9296 :: stored=30000 | supply request actual=30000 (ok=true) assignable=true (ok=true) flags=rfSupply+rfStorageDepot | desired_amount=15000 | ⚠️ the c48veg gloss ('desired = kept back from everyone') is UNDER CORRECTION — the owner's observed rule is that consumers draw freely and desired protects against depot-to-depot rebalancing; these paired reads are the data
[mod] [C48P] DEPOT close [Seeds] StorageSeeds#14612 :: stored=180000 | supply request actual=180000 (ok=true) assignable=true (ok=true) flags=rfSupply+rfStorageDepot | desired_amount=65000 | ⚠️ the c48veg gloss ('desired = kept back from everyone') is UNDER CORRECTION — the owner's observed rule is that consumers draw freely and desired protects against depot-to-depot rebalancing; these paired reads are the data
[C48P] DEPOT close [Seeds] StorageSeeds#14612 :: stored=180000 | supply request actual=180000 (ok=true) assignable=true (ok=true) flags=rfSupply+rfStorageDepot | desired_amount=65000 | ⚠️ the c48veg gloss ('desired = kept back from everyone') is UNDER CORRECTION — the owner's observed rule is that consumers draw freely and desired protects against depot-to-depot rebalancing; these paired reads are the data
[mod] [C48P] DEPOT close [Seeds] UniversalStorageDepot#14619 :: stored=30000 | supply request actual=30000 (ok=true) assignable=true (ok=true) flags=rfSupply+rfStorageDepot | desired_amount=8000 | ⚠️ the c48veg gloss ('desired = kept back from everyone') is UNDER CORRECTION — the owner's observed rule is that consumers draw freely and desired protects against depot-to-depot rebalancing; these paired reads are the data
[C48P] DEPOT close [Seeds] UniversalStorageDepot#14619 :: stored=30000 | supply request actual=30000 (ok=true) assignable=true (ok=true) flags=rfSupply+rfStorageDepot | desired_amount=8000 | ⚠️ the c48veg gloss ('desired = kept back from everyone') is UNDER CORRECTION — the owner's observed rule is that consumers draw freely and desired protects against depot-to-depot rebalancing; these paired reads are the data
[mod] [C48P] DEPOT close [Seeds] StationSmall#12496 :: stored=60000 | supply request actual=60000 (ok=true) assignable=true (ok=true) flags=rfSupply+rfStorageDepot | desired_amount=nil | ⚠️ the c48veg gloss ('desired = kept back from everyone') is UNDER CORRECTION — the owner's observed rule is that consumers draw freely and desired protects against depot-to-depot rebalancing; these paired reads are the data
[C48P] DEPOT close [Seeds] StationSmall#12496 :: stored=60000 | supply request actual=60000 (ok=true) assignable=true (ok=true) flags=rfSupply+rfStorageDepot | desired_amount=nil | ⚠️ the c48veg gloss ('desired = kept back from everyone') is UNDER CORRECTION — the owner's observed rule is that consumers draw freely and desired protects against depot-to-depot rebalancing; these paired reads are the data
[mod] [C48P] DEPOT close [Seeds] StorageSeeds#6617 :: stored=179994 | supply request actual=179994 (ok=true) assignable=true (ok=true) flags=rfSupply+rfStorageDepot | desired_amount=90000 | ⚠️ the c48veg gloss ('desired = kept back from everyone') is UNDER CORRECTION — the owner's observed rule is that consumers draw freely and desired protects against depot-to-depot rebalancing; these paired reads are the data
[C48P] DEPOT close [Seeds] StorageSeeds#6617 :: stored=179994 | supply request actual=179994 (ok=true) assignable=true (ok=true) flags=rfSupply+rfStorageDepot | desired_amount=90000 | ⚠️ the c48veg gloss ('desired = kept back from everyone') is UNDER CORRECTION — the owner's observed rule is that consumers draw freely and desired protects against depot-to-depot rebalancing; these paired reads are the data
[mod] [C48P] DEPOT close [Seeds] UniversalStorageDepot#6615 :: stored=30000 | supply request actual=30000 (ok=true) assignable=true (ok=true) flags=rfSupply+rfStorageDepot | desired_amount=5000 | ⚠️ the c48veg gloss ('desired = kept back from everyone') is UNDER CORRECTION — the owner's observed rule is that consumers draw freely and desired protects against depot-to-depot rebalancing; these paired reads are the data
[C48P] DEPOT close [Seeds] UniversalStorageDepot#6615 :: stored=30000 | supply request actual=30000 (ok=true) assignable=true (ok=true) flags=rfSupply+rfStorageDepot | desired_amount=5000 | ⚠️ the c48veg gloss ('desired = kept back from everyone') is UNDER CORRECTION — the owner's observed rule is that consumers draw freely and desired protects against depot-to-depot rebalancing; these paired reads are the data
[mod] [C48P] DEPOT close [Seeds] StationSmall#12631 :: stored=60000 | supply request actual=60000 (ok=true) assignable=true (ok=true) flags=rfSupply+rfStorageDepot | desired_amount=nil | ⚠️ the c48veg gloss ('desired = kept back from everyone') is UNDER CORRECTION — the owner's observed rule is that consumers draw freely and desired protects against depot-to-depot rebalancing; these paired reads are the data
[C48P] DEPOT close [Seeds] StationSmall#12631 :: stored=60000 | supply request actual=60000 (ok=true) assignable=true (ok=true) flags=rfSupply+rfStorageDepot | desired_amount=nil | ⚠️ the c48veg gloss ('desired = kept back from everyone') is UNDER CORRECTION — the owner's observed rule is that consumers draw freely and desired protects against depot-to-depot rebalancing; these paired reads are the data
[mod] [C48P] DEPOT close [Seeds] StorageSeeds#15037 :: stored=179960 | supply request actual=179960 (ok=true) assignable=true (ok=true) flags=rfSupply+rfStorageDepot | desired_amount=80000 | ⚠️ the c48veg gloss ('desired = kept back from everyone') is UNDER CORRECTION — the owner's observed rule is that consumers draw freely and desired protects against depot-to-depot rebalancing; these paired reads are the data
[C48P] DEPOT close [Seeds] StorageSeeds#15037 :: stored=179960 | supply request actual=179960 (ok=true) assignable=true (ok=true) flags=rfSupply+rfStorageDepot | desired_amount=80000 | ⚠️ the c48veg gloss ('desired = kept back from everyone') is UNDER CORRECTION — the owner's observed rule is that consumers draw freely and desired protects against depot-to-depot rebalancing; these paired reads are the data
[mod] [C48P] DEPOT close [Seeds] UniversalStorageDepot#15036 :: stored=30000 | supply request actual=30000 (ok=true) assignable=true (ok=true) flags=rfSupply+rfStorageDepot | desired_amount=8000 | ⚠️ the c48veg gloss ('desired = kept back from everyone') is UNDER CORRECTION — the owner's observed rule is that consumers draw freely and desired protects against depot-to-depot rebalancing; these paired reads are the data
[C48P] DEPOT close [Seeds] UniversalStorageDepot#15036 :: stored=30000 | supply request actual=30000 (ok=true) assignable=true (ok=true) flags=rfSupply+rfStorageDepot | desired_amount=8000 | ⚠️ the c48veg gloss ('desired = kept back from everyone') is UNDER CORRECTION — the owner's observed rule is that consumers draw freely and desired protects against depot-to-depot rebalancing; these paired reads are the data
[mod] [C48P] DEPOT close [Seeds] StorageSeeds#15986 :: stored=180000 | supply request actual=180000 (ok=true) assignable=true (ok=true) flags=rfSupply+rfStorageDepot | desired_amount=50000 | ⚠️ the c48veg gloss ('desired = kept back from everyone') is UNDER CORRECTION — the owner's observed rule is that consumers draw freely and desired protects against depot-to-depot rebalancing; these paired reads are the data
[C48P] DEPOT close [Seeds] StorageSeeds#15986 :: stored=180000 | supply request actual=180000 (ok=true) assignable=true (ok=true) flags=rfSupply+rfStorageDepot | desired_amount=50000 | ⚠️ the c48veg gloss ('desired = kept back from everyone') is UNDER CORRECTION — the owner's observed rule is that consumers draw freely and desired protects against depot-to-depot rebalancing; these paired reads are the data
[mod] [C48P] DEPOT close [Seeds] StorageSeeds#7017 :: stored=180000 | supply request actual=180000 (ok=true) assignable=true (ok=true) flags=rfSupply+rfStorageDepot | desired_amount=30000 | ⚠️ the c48veg gloss ('desired = kept back from everyone') is UNDER CORRECTION — the owner's observed rule is that consumers draw freely and desired protects against depot-to-depot rebalancing; these paired reads are the data
[C48P] DEPOT close [Seeds] StorageSeeds#7017 :: stored=180000 | supply request actual=180000 (ok=true) assignable=true (ok=true) flags=rfSupply+rfStorageDepot | desired_amount=30000 | ⚠️ the c48veg gloss ('desired = kept back from everyone') is UNDER CORRECTION — the owner's observed rule is that consumers draw freely and desired protects against depot-to-depot rebalancing; these paired reads are the data
[mod] [C48P] DEPOT close [Seeds] StationSmall#4627 :: stored=60000 | supply request actual=60000 (ok=true) assignable=true (ok=true) flags=rfSupply+rfStorageDepot | desired_amount=nil | ⚠️ the c48veg gloss ('desired = kept back from everyone') is UNDER CORRECTION — the owner's observed rule is that consumers draw freely and desired protects against depot-to-depot rebalancing; these paired reads are the data
[C48P] DEPOT close [Seeds] StationSmall#4627 :: stored=60000 | supply request actual=60000 (ok=true) assignable=true (ok=true) flags=rfSupply+rfStorageDepot | desired_amount=nil | ⚠️ the c48veg gloss ('desired = kept back from everyone') is UNDER CORRECTION — the owner's observed rule is that consumers draw freely and desired protects against depot-to-depot rebalancing; these paired reads are the data
						Lua 0:02:27:071
[mod] [C48P] DEPOT close [Seeds] StationSmall#4552 :: stored=60000 | supply request actual=60000 (ok=true) assignable=true (ok=true) flags=rfSupply+rfStorageDepot | desired_amount=nil | ⚠️ the c48veg gloss ('desired = kept back from everyone') is UNDER CORRECTION — the owner's observed rule is that consumers draw freely and desired protects against depot-to-depot rebalancing; these paired reads are the data
[C48P] DEPOT close [Seeds] StationSmall#4552 :: stored=60000 | supply request actual=60000 (ok=true) assignable=true (ok=true) flags=rfSupply+rfStorageDepot | desired_amount=nil | ⚠️ the c48veg gloss ('desired = kept back from everyone') is UNDER CORRECTION — the owner's observed rule is that consumers draw freely and desired protects against depot-to-depot rebalancing; these paired reads are the data
[mod] [C48P] DEPOT close [Seeds] UniversalStorageDepot#4532 :: stored=30000 | supply request actual=30000 (ok=true) assignable=true (ok=true) flags=rfSupply+rfStorageDepot | desired_amount=0 | ⚠️ the c48veg gloss ('desired = kept back from everyone') is UNDER CORRECTION — the owner's observed rule is that consumers draw freely and desired protects against depot-to-depot rebalancing; these paired reads are the data
[C48P] DEPOT close [Seeds] UniversalStorageDepot#4532 :: stored=30000 | supply request actual=30000 (ok=true) assignable=true (ok=true) flags=rfSupply+rfStorageDepot | desired_amount=0 | ⚠️ the c48veg gloss ('desired = kept back from everyone') is UNDER CORRECTION — the owner's observed rule is that consumers draw freely and desired protects against depot-to-depot rebalancing; these paired reads are the data
[mod] [C48P] DEPOT close [Seeds] StorageSeeds#16009 :: stored=179973 | supply request actual=179973 (ok=true) assignable=true (ok=true) flags=rfSupply+rfStorageDepot | desired_amount=65000 | ⚠️ the c48veg gloss ('desired = kept back from everyone') is UNDER CORRECTION — the owner's observed rule is that consumers draw freely and desired protects against depot-to-depot rebalancing; these paired reads are the data
[C48P] DEPOT close [Seeds] StorageSeeds#16009 :: stored=179973 | supply request actual=179973 (ok=true) assignable=true (ok=true) flags=rfSupply+rfStorageDepot | desired_amount=65000 | ⚠️ the c48veg gloss ('desired = kept back from everyone') is UNDER CORRECTION — the owner's observed rule is that consumers draw freely and desired protects against depot-to-depot rebalancing; these paired reads are the data
[mod] [C48P] DEPOT close [Seeds] UniversalStorageDepot#4544 :: stored=30000 | supply request actual=30000 (ok=true) assignable=true (ok=true) flags=rfSupply+rfStorageDepot | desired_amount=0 | ⚠️ the c48veg gloss ('desired = kept back from everyone') is UNDER CORRECTION — the owner's observed rule is that consumers draw freely and desired protects against depot-to-depot rebalancing; these paired reads are the data
[C48P] DEPOT close [Seeds] UniversalStorageDepot#4544 :: stored=30000 | supply request actual=30000 (ok=true) assignable=true (ok=true) flags=rfSupply+rfStorageDepot | desired_amount=0 | ⚠️ the c48veg gloss ('desired = kept back from everyone') is UNDER CORRECTION — the owner's observed rule is that consumers draw freely and desired protects against depot-to-depot rebalancing; these paired reads are the data
[mod] [C48P] DEPOT close [Seeds] SpaceElevator#16171 :: stored=0 | supply request actual=0 (ok=true) assignable=false (ok=true) flags=rfSupply | desired_amount=nil | ⚠️ the c48veg gloss ('desired = kept back from everyone') is UNDER CORRECTION — the owner's observed rule is that consumers draw freely and desired protects against depot-to-depot rebalancing; these paired reads are the data
[C48P] DEPOT close [Seeds] SpaceElevator#16171 :: stored=0 | supply request actual=0 (ok=true) assignable=false (ok=true) flags=rfSupply | desired_amount=nil | ⚠️ the c48veg gloss ('desired = kept back from everyone') is UNDER CORRECTION — the owner's observed rule is that consumers draw freely and desired protects against depot-to-depot rebalancing; these paired reads are the data
[mod] [C48P] DEPOT close [Seeds] UniversalStorageDepot#1073 :: stored=30000 | supply request actual=30000 (ok=true) assignable=true (ok=true) flags=rfSupply+rfStorageDepot | desired_amount=nil | ⚠️ the c48veg gloss ('desired = kept back from everyone') is UNDER CORRECTION — the owner's observed rule is that consumers draw freely and desired protects against depot-to-depot rebalancing; these paired reads are the data
[C48P] DEPOT close [Seeds] UniversalStorageDepot#1073 :: stored=30000 | supply request actual=30000 (ok=true) assignable=true (ok=true) flags=rfSupply+rfStorageDepot | desired_amount=nil | ⚠️ the c48veg gloss ('desired = kept back from everyone') is UNDER CORRECTION — the owner's observed rule is that consumers draw freely and desired protects against depot-to-depot rebalancing; these paired reads are the data
[mod] [C48P] DEPOT close [Seeds] StorageSeeds#15963 :: stored=180000 | supply request actual=180000 (ok=true) assignable=true (ok=true) flags=rfSupply+rfStorageDepot | desired_amount=70000 | ⚠️ the c48veg gloss ('desired = kept back from everyone') is UNDER CORRECTION — the owner's observed rule is that consumers draw freely and desired protects against depot-to-depot rebalancing; these paired reads are the data
[C48P] DEPOT close [Seeds] StorageSeeds#15963 :: stored=180000 | supply request actual=180000 (ok=true) assignable=true (ok=true) flags=rfSupply+rfStorageDepot | desired_amount=70000 | ⚠️ the c48veg gloss ('desired = kept back from everyone') is UNDER CORRECTION — the owner's observed rule is that consumers draw freely and desired protects against depot-to-depot rebalancing; these paired reads are the data
[mod] [C48P] DEPOT close [Seeds] UniversalLanderRocket#4641 :: stored=0 | supply request actual=0 (ok=true) assignable=false (ok=true) flags=rfSupply+rfPostInQueue | desired_amount=nil | ⚠️ the c48veg gloss ('desired = kept back from everyone') is UNDER CORRECTION — the owner's observed rule is that consumers draw freely and desired protects against depot-to-depot rebalancing; these paired reads are the data
[C48P] DEPOT close [Seeds] UniversalLanderRocket#4641 :: stored=0 | supply request actual=0 (ok=true) assignable=false (ok=true) flags=rfSupply+rfPostInQueue | desired_amount=nil | ⚠️ the c48veg gloss ('desired = kept back from everyone') is UNDER CORRECTION — the owner's observed rule is that consumers draw freely and desired protects against depot-to-depot rebalancing; these paired reads are the data
[mod] [C48P] DEPOT close [Seeds] StorageSeeds#4087 :: stored=180000 | supply request actual=180000 (ok=true) assignable=true (ok=true) flags=rfSupply+rfStorageDepot | desired_amount=90000 | ⚠️ the c48veg gloss ('desired = kept back from everyone') is UNDER CORRECTION — the owner's observed rule is that consumers draw freely and desired protects against depot-to-depot rebalancing; these paired reads are the data
[C48P] DEPOT close [Seeds] StorageSeeds#4087 :: stored=180000 | supply request actual=180000 (ok=true) assignable=true (ok=true) flags=rfSupply+rfStorageDepot | desired_amount=90000 | ⚠️ the c48veg gloss ('desired = kept back from everyone') is UNDER CORRECTION — the owner's observed rule is that consumers draw freely and desired protects against depot-to-depot rebalancing; these paired reads are the data
[mod] [C48P] DEPOT close [Seeds] StationSmall#6286 :: stored=60000 | supply request actual=60000 (ok=true) assignable=true (ok=true) flags=rfSupply+rfStorageDepot | desired_amount=nil | ⚠️ the c48veg gloss ('desired = kept back from everyone') is UNDER CORRECTION — the owner's observed rule is that consumers draw freely and desired protects against depot-to-depot rebalancing; these paired reads are the data
[C48P] DEPOT close [Seeds] StationSmall#6286 :: stored=60000 | supply request actual=60000 (ok=true) assignable=true (ok=true) flags=rfSupply+rfStorageDepot | desired_amount=nil | ⚠️ the c48veg gloss ('desired = kept back from everyone') is UNDER CORRECTION — the owner's observed rule is that consumers draw freely and desired protects against depot-to-depot rebalancing; these paired reads are the data
[mod] [C48P] DEPOT close [Seeds] StorageSeeds#6315 :: stored=180000 | supply request actual=180000 (ok=true) assignable=true (ok=true) flags=rfSupply+rfStorageDepot | desired_amount=80000 | ⚠️ the c48veg gloss ('desired = kept back from everyone') is UNDER CORRECTION — the owner's observed rule is that consumers draw freely and desired protects against depot-to-depot rebalancing; these paired reads are the data
[C48P] DEPOT close [Seeds] StorageSeeds#6315 :: stored=180000 | supply request actual=180000 (ok=true) assignable=true (ok=true) flags=rfSupply+rfStorageDepot | desired_amount=80000 | ⚠️ the c48veg gloss ('desired = kept back from everyone') is UNDER CORRECTION — the owner's observed rule is that consumers draw freely and desired protects against depot-to-depot rebalancing; these paired reads are the data
[mod] [C48P] DEPOT close [Seeds] UniversalStorageDepot#1471 :: stored=30000 | supply request actual=30000 (ok=true) assignable=true (ok=true) flags=rfSupply+rfStorageDepot | desired_amount=14000 | ⚠️ the c48veg gloss ('desired = kept back from everyone') is UNDER CORRECTION — the owner's observed rule is that consumers draw freely and desired protects against depot-to-depot rebalancing; these paired reads are the data
[C48P] DEPOT close [Seeds] UniversalStorageDepot#1471 :: stored=30000 | supply request actual=30000 (ok=true) assignable=true (ok=true) flags=rfSupply+rfStorageDepot | desired_amount=14000 | ⚠️ the c48veg gloss ('desired = kept back from everyone') is UNDER CORRECTION — the owner's observed rule is that consumers draw freely and desired protects against depot-to-depot rebalancing; these paired reads are the data
[mod] [C48P] DEPOT close [Seeds] UniversalStorageDepot#2870 :: stored=30000 | supply request actual=30000 (ok=true) assignable=true (ok=true) flags=rfSupply+rfStorageDepot | desired_amount=30000 | ⚠️ the c48veg gloss ('desired = kept back from everyone') is UNDER CORRECTION — the owner's observed rule is that consumers draw freely and desired protects against depot-to-depot rebalancing; these paired reads are the data
[C48P] DEPOT close [Seeds] UniversalStorageDepot#2870 :: stored=30000 | supply request actual=30000 (ok=true) assignable=true (ok=true) flags=rfSupply+rfStorageDepot | desired_amount=30000 | ⚠️ the c48veg gloss ('desired = kept back from everyone') is UNDER CORRECTION — the owner's observed rule is that consumers draw freely and desired protects against depot-to-depot rebalancing; these paired reads are the data
[mod] [C48P] DEPOT close [Seeds] StorageSeeds#7005 :: stored=180000 | supply request actual=180000 (ok=true) assignable=true (ok=true) flags=rfSupply+rfStorageDepot | desired_amount=35000 | ⚠️ the c48veg gloss ('desired = kept back from everyone') is UNDER CORRECTION — the owner's observed rule is that consumers draw freely and desired protects against depot-to-depot rebalancing; these paired reads are the data
[C48P] DEPOT close [Seeds] StorageSeeds#7005 :: stored=180000 | supply request actual=180000 (ok=true) assignable=true (ok=true) flags=rfSupply+rfStorageDepot | desired_amount=35000 | ⚠️ the c48veg gloss ('desired = kept back from everyone') is UNDER CORRECTION — the owner's observed rule is that consumers draw freely and desired protects against depot-to-depot rebalancing; these paired reads are the data
[mod] [C48P] DEPOT close [Seeds] UniversalZeusRocket#1063 :: stored=0 | supply request actual=0 (ok=true) assignable=false (ok=true) flags=rfSupply+rfPostInQueue | desired_amount=nil | ⚠️ the c48veg gloss ('desired = kept back from everyone') is UNDER CORRECTION — the owner's observed rule is that consumers draw freely and desired protects against depot-to-depot rebalancing; these paired reads are the data
[C48P] DEPOT close [Seeds] UniversalZeusRocket#1063 :: stored=0 | supply request actual=0 (ok=true) assignable=false (ok=true) flags=rfSupply+rfPostInQueue | desired_amount=nil | ⚠️ the c48veg gloss ('desired = kept back from everyone') is UNDER CORRECTION — the owner's observed rule is that consumers draw freely and desired protects against depot-to-depot rebalancing; these paired reads are the data
[mod] [C48P] DEPOT close [Seeds] UniversalZeusRocket#1061 :: stored=0 | supply request actual=0 (ok=true) assignable=false (ok=true) flags=rfSupply+rfPostInQueue | desired_amount=nil | ⚠️ the c48veg gloss ('desired = kept back from everyone') is UNDER CORRECTION — the owner's observed rule is that consumers draw freely and desired protects against depot-to-depot rebalancing; these paired reads are the data
[C48P] DEPOT close [Seeds] UniversalZeusRocket#1061 :: stored=0 | supply request actual=0 (ok=true) assignable=false (ok=true) flags=rfSupply+rfPostInQueue | desired_amount=nil | ⚠️ the c48veg gloss ('desired = kept back from everyone') is UNDER CORRECTION — the owner's observed rule is that consumers draw freely and desired protects against depot-to-depot rebalancing; these paired reads are the data
[mod] [C48P] DEPOT close [Seeds] UniversalZeusRocket#1064 :: stored=0 | supply request actual=0 (ok=true) assignable=false (ok=true) flags=rfSupply+rfPostInQueue | desired_amount=nil | ⚠️ the c48veg gloss ('desired = kept back from everyone') is UNDER CORRECTION — the owner's observed rule is that consumers draw freely and desired protects against depot-to-depot rebalancing; these paired reads are the data
[C48P] DEPOT close [Seeds] UniversalZeusRocket#1064 :: stored=0 | supply request actual=0 (ok=true) assignable=false (ok=true) flags=rfSupply+rfPostInQueue | desired_amount=nil | ⚠️ the c48veg gloss ('desired = kept back from everyone') is UNDER CORRECTION — the owner's observed rule is that consumers draw freely and desired protects against depot-to-depot rebalancing; these paired reads are the data
[mod] [C48P] DEPOT close [Seeds] StationSmall#4792 :: stored=60000 | supply request actual=60000 (ok=true) assignable=true (ok=true) flags=rfSupply+rfStorageDepot | desired_amount=nil | ⚠️ the c48veg gloss ('desired = kept back from everyone') is UNDER CORRECTION — the owner's observed rule is that consumers draw freely and desired protects against depot-to-depot rebalancing; these paired reads are the data
[C48P] DEPOT close [Seeds] StationSmall#4792 :: stored=60000 | supply request actual=60000 (ok=true) assignable=true (ok=true) flags=rfSupply+rfStorageDepot | desired_amount=nil | ⚠️ the c48veg gloss ('desired = kept back from everyone') is UNDER CORRECTION — the owner's observed rule is that consumers draw freely and desired protects against depot-to-depot rebalancing; these paired reads are the data
[mod] [C48P] DEPOT close [Seeds] StationSmall#4842 :: stored=60000 | supply request actual=60000 (ok=true) assignable=true (ok=true) flags=rfSupply+rfStorageDepot | desired_amount=nil | ⚠️ the c48veg gloss ('desired = kept back from everyone') is UNDER CORRECTION — the owner's observed rule is that consumers draw freely and desired protects against depot-to-depot rebalancing; these paired reads are the data
[C48P] DEPOT close [Seeds] StationSmall#4842 :: stored=60000 | supply request actual=60000 (ok=true) assignable=true (ok=true) flags=rfSupply+rfStorageDepot | desired_amount=nil | ⚠️ the c48veg gloss ('desired = kept back from everyone') is UNDER CORRECTION — the owner's observed rule is that consumers draw freely and desired protects against depot-to-depot rebalancing; these paired reads are the data
[mod] [C48P] DEPOT close [Seeds] MechanizedDepotSeeds#3789 :: stored=4000000 | supply request actual=nil (ok=true) assignable=nil (ok=true) flags=no-request-resolved | desired_amount=0 | ⚠️ the c48veg gloss ('desired = kept back from everyone') is UNDER CORRECTION — the owner's observed rule is that consumers draw freely and desired protects against depot-to-depot rebalancing; these paired reads are the data
[C48P] DEPOT close [Seeds] MechanizedDepotSeeds#3789 :: stored=4000000 | supply request actual=nil (ok=true) assignable=nil (ok=true) flags=no-request-resolved | desired_amount=0 | ⚠️ the c48veg gloss ('desired = kept back from everyone') is UNDER CORRECTION — the owner's observed rule is that consumers draw freely and desired protects against depot-to-depot rebalancing; these paired reads are the data
[mod] [C48P] DEPOT close [Seeds] MechanizedDepotSeeds#2776 :: stored=4000000 | supply request actual=nil (ok=true) assignable=nil (ok=true) flags=no-request-resolved | desired_amount=0 | ⚠️ the c48veg gloss ('desired = kept back from everyone') is UNDER CORRECTION — the owner's observed rule is that consumers draw freely and desired protects against depot-to-depot rebalancing; these paired reads are the data
[C48P] DEPOT close [Seeds] MechanizedDepotSeeds#2776 :: stored=4000000 | supply request actual=nil (ok=true) assignable=nil (ok=true) flags=no-request-resolved | desired_amount=0 | ⚠️ the c48veg gloss ('desired = kept back from everyone') is UNDER CORRECTION — the owner's observed rule is that consumers draw freely and desired protects against depot-to-depot rebalancing; these paired reads are the data
[mod] [C48P] REPORT ⛔ NOT CLAIMED: the C matcher's internal scan order. What IS read: its OUTPUT — every pairing it returned, with the counterfactual nearest-assignable-depot beside each. Classification and distance are Lua-side arithmetic on those outputs.
[C48P] REPORT ⛔ NOT CLAIMED: the C matcher's internal scan order. What IS read: its OUTPUT — every pairing it returned, with the counterfactual nearest-assignable-depot beside each. Classification and distance are Lua-side arithmetic on those outputs.
[mod] [C48P] REPORT ⚠️ CONFOUNDS: cheats enabled, oversized terraforming speed-run colony, drone carry dial at +2, one save, one speed, one window.
[C48P] REPORT ⚠️ CONFOUNDS: cheats enabled, oversized terraforming speed-run colony, drone carry dial at +2, one save, one speed, one window.
[mod] [C48P] TRY C47.Report ok=true result=true
[C48P] TRY C47.Report ok=true result=true
[mod] [C48P] WRAP RESTORED on 48 class(es) :: FindTask is the shipped function again everywhere; nothing persists (this leg never saves)
[C48P] WRAP RESTORED on 48 class(es) :: FindTask is the shipped function again everywhere; nothing persists (this leg never saves)
[mod] [C48P] TRY C47.RestoreWrapper ok=true result=nil
[C48P] TRY C47.RestoreWrapper ok=true result=nil
[mod] [C48P] CONDITIONS pack=75/75 active | map=BlankBigCanyonCMix_09 | speed=3x | loads_this_process=1 | mode=REAL | note=at close
[C48P] CONDITIONS pack=75/75 active | map=BlankBigCanyonCMix_09 | speed=3x | loads_this_process=1 | mode=REAL | note=at close
[mod] [C48P] CONDITIONS opt-in pack=8/8 active
[C48P] CONDITIONS opt-in pack=8/8 active
[mod] [C48P] CONDITIONS save-rescue mod = NOT PRESENT in this process
[C48P] CONDITIONS save-rescue mod = NOT PRESENT in this process
[mod] [C48P] GATE banner-path :: Opt_AcknowledgedWarnings is ACTIVE (detail='') — ⚖️ BY OWNER RULING this is deliberate: it was on when the symptom was observed, so it is part of the configuration under test, not a contaminant to be removed. ⭐ It suppresses only a building it has STAMPED, stamps only on player dismissal, and CLEARS the stamp on that building's next recovery (Opt_AcknowledgedWarnings.lua:124-129) — so a flapping building clears its own acknowledgment every cycle and cannot be quieted by it. Engagement is MEASURED below via the ack-flag read, never assumed.
[C48P] GATE banner-path :: Opt_AcknowledgedWarnings is ACTIVE (detail='') — ⚖️ BY OWNER RULING this is deliberate: it was on when the symptom was observed, so it is part of the configuration under test, not a contaminant to be removed. ⭐ It suppresses only a building it has STAMPED, stamps only on player dismissal, and CLEARS the stamp on that building's next recovery (Opt_AcknowledgedWarnings.lua:124-129) — so a flapping building clears its own acknowledgment every cycle and cannot be quieted by it. Engagement is MEASURED below via the ack-flag read, never assumed.
[mod] [C48P] CLOCK close :: GameTime()=276140470 (383.52 sols since game start) | UIColony.day=384 hour=18 | speed=3x | RealTime()=135034
[C48P] CLOCK close :: GameTime()=276140470 (383.52 sols since game start) | UIColony.day=384 hour=18 | speed=3x | RealTime()=135034
[mod] [C48P] ERRORWATCH C48P — every engine error line (the bracketed LUA-ERROR marker) in this log between the '=== c47-farm C48P ===' banner and this line happened inside this run. Report every unexplained line verbatim with its position and its age; never discount one (owner rule 2026-08-01). stage_at_close=reporting loads_this_process=1 mode=REAL
[C48P] ERRORWATCH C48P — every engine error line (the bracketed LUA-ERROR marker) in this log between the '=== c47-farm C48P ===' banner and this line happened inside this run. Report every unexplained line verbatim with its position and its age; never discount one (owner rule 2026-08-01). stage_at_close=reporting loads_this_process=1 mode=REAL
[mod] [C48P] === c48-pairing C48P === DONE. ⛔ Nothing was saved: this run never calls SaveGame, so the staged copy on disk is byte-identical to the one staged before the launch.
[C48P] === c48-pairing C48P === DONE. ⛔ Nothing was saved: this run never calls SaveGame, so the staged copy on disk is byte-identical to the one staged before the launch.
						Lua 0:02:30:060


Stopping the game threads from the Lua side with exit code 0.

					Render 0:02:30:061


Stopping the game threads after receiving WM_QUIT.

					Render 0:02:30:384


*** Debug::Done()
Time (ms)	150384


