					Render 0:00:00:006
*** executable info
Timestamp:     	6a22b86d
Date:          	Fri Jun  5 07:52:13 2026
Command line:  	
Compiler:      	194435214, 142 (VS 2019) or newer


*** hardware info
CPU name      	Intel(R) Core(TM) i7-14700K
CPU MHz       	3418
CPU cores     	20/28
Phys. Memory   	65278 MBytes
Memory In Use  	27%
Disk Free      	754658 MBytes


*** OS info
OS:            	Windows 11
Version:       	10.0.26100 


*** Debug::Init()


					Render 0:00:00:101
Steam initialized (AppId 3215050, Beta branch ???)
					Render 0:00:00:104
Drive type for game installation: SSD, savegames: SSD
Language: English
					Render 0:00:01:917
*** graphics info
GPU                            	NVIDIA GeForce RTX 4080 Feature Level: 12.1 {  DoublePrecisionFloatShaderOps: 1 OutputMergerLogicOp: 1 MinPrecisionSupport: 2 TiledResourcesTier: 4 ResourceBindingTier: 3 PSSpecifiedStencilRefSupported: 0 TypedUAVLoadAdditionalFormats: 1 ROVsSupported: 1 ConservativeRasterizationTier: 3 MaxGPUVirtualAddressBitsPerResource: 40 StandardSwizzle64KBSupported: 0 CrossNodeSharingTier: 0 CrossAdapterRowMajorTextureSupported: 0 VPAndRTArrayIndexFromAnyShaderFeedingRasterizerSupportedWithoutGSEmulation: 1 ResourceHeapTier: 2 NotZeroedPools: 1 UMA: 0 UnalignedBlockTextures: 1}
API                            	d3d12
GPU Driver Version             	32.0.16.1074
GPU Driver Package Version     	610.74
					Render 0:00:01:918
GPU Dedicated Video Memory     	16048 MB
					Render 0:00:02:049

Libs: Network, Sequences, MouseTrackWin, DumbAI, MapGen, Paradox, TriggersAndEvents, Notifications, Research, Resources 

					Render 0:00:02:242

Platform: desktop, editor, goldmaster, paradox, pc, steam

					Render 0:00:02:960
*** audio info
Audio Endpoint                 	Headphones (3- A50 Game)
						Lua 0:00:02:986
Lua revision: 396349
Assets revision: 31031
						Lua 0:00:02:987
Steam AppID: 3215050
Build version: 1.0.7.396349
Build branch:  Release
						Lua 0:00:17:985
Account storage loaded successfully in 1 ms
						Lua 0:00:17:989
[mod] Loaded mod def Community Fix Pack — Test Kit (id SMR_CommunityFixPackTestKit, v0.00-001) unpacked from appdata
[mod] Loaded mod def Community Fix Pack (id SMR_CommunityFixPack, v1.00-001) unpacked from appdata
						Lua 0:00:18:359
[mod] [SMRTest] console enable requested (flag-only, UI was not up) — press Enter (or Alt-Shift-C) once in a colony
[SMRTest] console enable requested (flag-only, UI was not up) — press Enter (or Alt-Shift-C) once in a colony
						Lua 0:00:18:360
[mod] [SMRTest] no debug.getinfo (mod sandbox) — [install] probes will SKIP
[SMRTest] no debug.getinfo (mod sandbox) — [install] probes will SKIP
[mod] [SMRTest] test kit loaded — SMRTest.RunAll(), SMRTest.List(), SMRTest.<ProbeId>()
[SMRTest] test kit loaded — SMRTest.RunAll(), SMRTest.List(), SMRTest.<ProbeId>()
						Lua 0:00:18:364
[mod] [SMRTest][carry] fixture-carry dump available — run SMRTest.FixtureCarry()
						Lua 0:00:18:365
[mod] [CommunityFixPack] CaveInsNoDisasters: applied
[mod] [CommunityFixPack] MeteorFrequency: applied
[mod] [CommunityFixPack] UpgradeModifierLeak: applied
[mod] [CommunityFixPack] NightShiftWork: applied
[mod] [CommunityFixPack] MilestoneCrash: applied
[mod] [CommunityFixPack] WispRewards: applied
[mod] [CommunityFixPack] TouristApplicants: applied
[mod] [CommunityFixPack] TrainsToVoid: applied
[mod] [CommunityFixPack] LanderEmptyLaunch: applied
						Lua 0:00:18:366
[mod] [CommunityFixPack] LanderCargoRatchet: applied
[mod] [CommunityFixPack] LanderReturnFuel: applied
[mod] [CommunityFixPack] ShelterReflex: applied
[mod] [CommunityFixPack] BrokenTrackSalvage: applied
[mod] [CommunityFixPack] TrackSalvageWipe: applied
[mod] [CommunityFixPack] LakeEntombment: applied
[mod] [CommunityFixPack] GhostFarmOxygen: applied
[mod] [CommunityFixPack] RocketDroneChurn: applied
[mod] [CommunityFixPack] ShuttleTransportCache: applied
[mod] [CommunityFixPack] VacuumWalks: applied
						Lua 0:00:18:367
[mod] [CommunityFixPack] ArrivalDeaths: applied
[mod] [CommunityFixPack] DroneUnreachableForever: applied
[mod] [CommunityFixPack] StaleReservations: applied
[mod] [CommunityFixPack] CrystalMysteryHang: applied
[mod] [CommunityFixPack] TouristSatisfaction: applied
[mod] [CommunityFixPack] TrainPlatformWedge: applied
[mod] [CommunityFixPack] LowStorageWarning: applied
[mod] [CommunityFixPack] CommandCenterNumbers: applied
[mod] [CommunityFixPack] DomeOverviewHighlight: applied
[mod] [CommunityFixPack] TrainCargoDumping: applied
[mod] [CommunityFixPack] UniversityOvertraining: applied
						Lua 0:00:18:368
[mod] [CommunityFixPack] DestroyedTunnels: applied
[mod] [CommunityFixPack] DustSicknessBiorobots: applied
[mod] [CommunityFixPack] DustSicknessDamage: applied
[mod] [CommunityFixPack] GeneForging: applied
[mod] [CommunityFixPack] MirrorSphereSite: applied
[mod] [CommunityFixPack] PayloadTemplateRefill: applied
[mod] [CommunityFixPack] AsteroidLanderAvailable: applied
[mod] [CommunityFixPack] ShuttleHubOffAvailable: applied
[mod] [CommunityFixPack] FreedHousingNotice: applied
[mod] [CommunityFixPack] DomeFreeSpaceMismatch: applied
[mod] [CommunityFixPack] SmallLandscapeSites: applied
[mod] [CommunityFixPack] LandscapeUnitFilter: applied
						Lua 0:00:18:369
[mod] [CommunityFixPack] RocketInteractGuard: applied
[mod] [CommunityFixPack] TrackConnectorPingPong: applied
[mod] [CommunityFixPack] TrackTunnelPowerBridge: applied
[mod] [CommunityFixPack] GridGlobalStorage: applied
[mod] [CommunityFixPack] LastTransmissionStorage: applied
[mod] [CommunityFixPack] GraphConsumedCaption: applied
						Lua 0:00:18:370
[mod] [CommunityFixPack] MoraleComfortTooltip: applied
[mod] [CommunityFixPack] TrainWaitTime: applied
[mod] [CommunityFixPack] FounderTraitNotification: applied
[mod] [CommunityFixPack] StorageRateModifiers: applied
[mod] [CommunityFixPack] SequenceLatents: applied
[mod] [CommunityFixPack] IndependenceTerraforming: applied
[mod] [CommunityFixPack] TrackSalvageRefund: applied
[mod] [CommunityFixPack] LayoutTechLock: applied
[mod] [CommunityFixPack] TrainMinors: applied
						Lua 0:00:18:371
[mod] [CommunityFixPack] DroneTransportMinors: applied
[mod] [CommunityFixPack] AnomalyCaveInMap: applied
[mod] [CommunityFixPack] TechDescriptionBuilding: applied
[mod] [CommunityFixPack] BombardmentSpread: applied
[mod] [CommunityFixPack] ExtenderFlapChurn: applied
[mod] [CommunityFixPack] DisasterPredictionLeak: applied
[mod] [CommunityFixPack] MeteorStormWedge: applied
[mod] [CommunityFixPack] RainsDeadlock: applied
[mod] [CommunityFixPack] FirstAsteroidPrefabs: applied
[mod] [CommunityFixPack] SaintBlessing: applied
						Lua 0:00:18:372
[mod] [CommunityFixPack] DustDevilsDescrMap: applied
[mod] [CommunityFixPack] AstrogeologistExtractors: applied
[mod] [CommunityFixPack] SinkholeIndestructible: applied
[mod] [CommunityFixPack] DustStormUndergroundBreaks: applied
[mod] [CommunityFixPack] DustDevilSpawnGate: applied
[mod] [CommunityFixPack] SaveSanitizer: applied
[mod] [CommunityFixPack] ClassicRockets: applied
[mod] [CommunityFixPack] AcknowledgedWarnings: applied
[mod] [CommunityFixPack] ResidencyControl: applied
						Lua 0:00:18:373
[mod] [CommunityFixPack] MultipleSuns: applied
[mod] [CommunityFixPack] DroneOverhaul: applied
[mod] [CommunityFixPack] CohortHousing: applied
[mod] [CommunityFixPack] NoHomeless: self-check targets Community but Workforce declares HasFreeWorkplacesAround — authoring error, not a game update (FIX_POLICY §2)
[mod] [CommunityFixPack] NoHomeless: inactive (Community.HasFreeWorkplacesAround not found (game update changed the Workforce mixin?) — without it a flagged dome could never be staffed)
[mod] [CommunityFixPack] DroneStatDials: applied
						Lua 0:00:18:909
[mod] [CommunityFixPack] SaintBlessing: inactive (no dome-colonists trait presets)
[mod] [CommunityFixPack] SinkholeIndestructible: the St. Elmo's Fire sinkhole is now indestructible, like every other mystery set-piece
						Lua 0:00:18:984
Reloading done in 955 ms
						Lua 0:00:19:297
[preset] Preset postprocess took 48 ms.
						Lua 0:00:19:342
479 / 479 particle streams loaded in 41 ms.
						Lua 0:00:19:344
[mod] [CommunityFixPack] LastTransmissionStorage: 6 storage condition(s) made effective, 1 retargeted
[mod] [CommunityFixPack] IndependenceTerraforming: Independence_TerraformingProjects now discounts special projects by 20% as its param1 says
[mod] [CommunityFixPack] AstrogeologistExtractors: added 2 missing extractor entr(y/ies) to the astrogeologist profile (10 already present)
[mod] [CommunityFixPack] MultipleSuns: BuildingTemplates.ArtificialSun not found — build limit NOT lifted (binding fix still active)
						Lua 0:00:19:533
[mod] [CommunityFixPack] SaintBlessing: corrected 1 dome-colonists trait modifier label(s) of 2
[mod] [CommunityFixPack] MultipleSuns: Artificial Sun build-once limit lifted
						Lua 0:00:19:587
[PdxSDK] Started up. Took 1558
						Lua 0:00:19:620
[mod] Loaded mod items for: SMR_CommunityFixPackTestKit, SMR_CommunityFixPack
[mod] [CommunityFixPack] NoHomeless: applied
						Lua 0:00:20:044
[Braze] SessionStart error The server name or address could not be resolved

						Lua 0:00:20:046
[Braze] Failed sending launcher ev The server name or address could not be resolved

[Braze] Failed to init
						Lua 0:00:20:168
[Braze] SessionStart error The server name or address could not be resolved

						Lua 0:00:20:170
[Braze] Failed sending launcher ev The server name or address could not be resolved

[Braze] Failed to init						Lua 0:00:20:171

						Lua 0:08:21:275
Load Game: 
	lua_revision: 396349 
	assets_revision: 31031 

	mods: SMR_CommunityFixPackTestKit, SMR_CommunityFixPack 
						Lua 0:08:21:286
*** Reloading assets from folder 'BinAssets/'
							IO Task 0:08:21:312
[ResManager Error] Cannot find file with base path: Animations/LawOfficeDoor_idle.hgacl
[ResManager Error] Cannot find file with base path: Animations/LawOfficeDoor_opening.hgacl
						Lua 0:08:23:876
*** Assets reloaded in 2.6 s, read 202.1 MB, read speed 78.0 MB/s, average read 4948 bytes.
						Lua 0:08:29:699
[mod] [SMRTest] console enable requested (clean) — press Enter (or Alt-Shift-C) once in a colony
[SMRTest] console enable requested (clean) — press Enter (or Alt-Shift-C) once in a colony
						Lua 0:08:29:726
game_settings:
    sponsor: NASA
    profile: rocketscientist
    founding_faction: ProsperityForMars
    rival_colonies: Japan, paradox
    mystery_random: 
    game_rules: (none)
more_game_settings: save_game_id: HdmSxGs6kyd0uz6-, mystery: none, coordinates: 0N107E, landing_spot: , logo: USA
map_conditions: altitude: -583, temperature: -1, cold_wave: 0, dust_devils: 66, dust_storm: 102, meteors: 109
map_resources: concrete: 146, metals: 146, precious_metals: 146, water: 176
						Lua 0:08:29:743
Game Loaded in 8468 ms
						Lua 0:08:29:787
[mod] [SMRTest] console enable requested (clean) — press Enter (or Alt-Shift-C) once in a colony
[SMRTest] console enable requested (clean) — press Enter (or Alt-Shift-C) once in a colony
						Lua 0:08:30:481
Game loaded on map BlankBigCanyonCMix_09 in 9312 ms
[mod] [CB2] LOAD OK #1 file=CB2SIT.savegame.sav — LoadGame returned no error
[CB2] LOAD OK #1 file=CB2SIT.savegame.sav — LoadGame returned no error
						Lua 0:08:32:781
[mod] [SMRTest] console enable requested (clean) — press Enter (or Alt-Shift-C) once in a colony
[SMRTest] console enable requested (clean) — press Enter (or Alt-Shift-C) once in a colony
						Lua 0:08:45:980
[mod] [CB2] READ speed: SetGameSpeed(3) call=true | before=0 after=3						Lua 0:08:45:981

[CB2] READ speed: SetGameSpeed(3) call=true | before=0 after=3
						Lua 0:13:37:882
[mod] [CB2] F21SUBJ candidate[1] colonist=Colonist#2000038450 station=StationSmall#4552 ticket.stage=Waiting ticket.start_wait=239310758 (GameTime now=239324158, waited=13400 ms)
[CB2] F21SUBJ candidate[1] colonist=Colonist#2000038450 station=StationSmall#4552 ticket.stage=Waiting ticket.start_wait=239310758 (GameTime now=239324158, waited=13400 ms)
[mod] [CB2] F21SUBJ candidate[2] colonist=Colonist#2000018161 station=StationSmall#4552 ticket.stage=Waiting ticket.start_wait=239130928 (GameTime now=239324158, waited=193230 ms)
[CB2] F21SUBJ candidate[2] colonist=Colonist#2000018161 station=StationSmall#4552 ticket.stage=Waiting ticket.start_wait=239130928 (GameTime now=239324158, waited=193230 ms)
[mod] [CB2] F21SUBJ candidate[3] colonist=Colonist#2000029734 station=StationSmall#4552 ticket.stage=Waiting ticket.start_wait=238660688 (GameTime now=239324158, waited=663470 ms)
[CB2] F21SUBJ candidate[3] colonist=Colonist#2000029734 station=StationSmall#4552 ticket.stage=Waiting ticket.start_wait=238660688 (GameTime now=239324158, waited=663470 ms)
[mod] [CB2] READ F21-restamp-subject = 115 | population=115 | APPLICABLE=true | witness=a colonist in station.waiting_for_train carrying a transport_ticket with a start_wait stamp
[CB2] READ F21-restamp-subject = 115 | population=115 | APPLICABLE=true | witness=a colonist in station.waiting_for_train carrying a transport_ticket with a start_wait stamp
[mod] [CB2] F21SUBJ ⇒ subject recorded: Colonist#2000038450 at StationSmall#4552. CB2.RideF21() polls them across boarding.
[CB2] F21SUBJ ⇒ subject recorded: Colonist#2000038450 at StationSmall#4552. CB2.RideF21() polls them across boarding.
[mod] [CB2] F21WITNESS subject Colonist#2000038450 BEFORE: stage=Waiting start_wait=239310758 (GameTime=239324158, waited so far=13400 ms). FORCED: nothing — the boarding is the game's own.
[CB2] F21WITNESS subject Colonist#2000038450 BEFORE: stage=Waiting start_wait=239310758 (GameTime=239324158, waited so far=13400 ms). FORCED: nothing — the boarding is the game's own.
						Lua 0:13:37:883
[mod] [CB2] F21WITNESS watching in the background; the verdict line prints itself. Carry on with the next leg.
[CB2] F21WITNESS watching in the background; the verdict line prints itself. Carry on with the next leg.
true
						Lua 0:13:43:641
[mod] [CB2] POPUPSUBJ storybit[1] id=AnythingForLove replies=2 Enabled=true — ForceActivateStoryBit("AnythingForLove", MainMap) would open a popup
[CB2] POPUPSUBJ storybit[1] id=AnythingForLove replies=2 Enabled=true — ForceActivateStoryBit("AnythingForLove", MainMap) would open a popup
[mod] [CB2] POPUPSUBJ storybit[2] id=ApplicantProfiling replies=4 Enabled=true — ForceActivateStoryBit("ApplicantProfiling", MainMap) would open a popup
[CB2] POPUPSUBJ storybit[2] id=ApplicantProfiling replies=4 Enabled=true — ForceActivateStoryBit("ApplicantProfiling", MainMap) would open a popup
[mod] [CB2] POPUPSUBJ storybit[3] id=ArcadiaCross replies=3 Enabled=true — ForceActivateStoryBit("ArcadiaCross", MainMap) would open a popup
[CB2] POPUPSUBJ storybit[3] id=ArcadiaCross replies=3 Enabled=true — ForceActivateStoryBit("ArcadiaCross", MainMap) would open a popup
[mod] [CB2] POPUPSUBJ storybit[4] id=Armageddon replies=2 Enabled=true — ForceActivateStoryBit("Armageddon", MainMap) would open a popup
[CB2] POPUPSUBJ storybit[4] id=Armageddon replies=2 Enabled=true — ForceActivateStoryBit("Armageddon", MainMap) would open a popup
						Lua 0:13:43:642
[mod] [CB2] READ popup-keystone-subject(enabled storybit carrying replies) = 200 | population=200 | APPLICABLE=true | witness=global StoryBits walked; .Enabled == true and at least one StoryBitReply child is the engine's own popup condition
[CB2] READ popup-keystone-subject(enabled storybit carrying replies) = 200 | population=200 | APPLICABLE=true | witness=global StoryBits walked; .Enabled == true and at least one StoryBitReply child is the engine's own popup condition
[mod] [CB2] POPUPSUBJ breakthrough choice popup: available techs = 50 (read ok=true) — ShowBreakthroughChoicePopup returns immediately at Anomaly.lua:698 when this is 0
[CB2] POPUPSUBJ breakthrough choice popup: available techs = 50 (read ok=true) — ShowBreakthroughChoicePopup returns immediately at Anomaly.lua:698 when this is 0
[mod] [CB2] READ F85-choice-popup-route(ShowBreakthroughChoicePopup) = 50 | population=50 | APPLICABLE=true | witness=UIColony:UpdateAvailableBreackthroughTechs() read live; 0 is a refusal to open, not a failed popup
[CB2] READ F85-choice-popup-route(ShowBreakthroughChoicePopup) = 50 | population=50 | APPLICABLE=true | witness=UIColony:UpdateAvailableBreackthroughTechs() read live; 0 is a refusal to open, not a failed popup
[mod] [CB2] POPUPSUBJ sol-change corner (audit 3.6): UIColony.day=333 (ok=true) — the rider is OPTIONAL and only rides if a sol boundary is near
[CB2] POPUPSUBJ sol-change corner (audit 3.6): UIColony.day=333 (ok=true) — the rider is OPTIONAL and only rides if a sol boundary is near
200 AnythingForLove 50
						Lua 0:15:06:171
[mod] [CB2] PKEYSTONE FORCED: ForceActivateStoryBit(AnythingForLove) — a storybit that would not otherwise fire now. MEASURED: whether its popup-carrying thread survives a save/load, and whether answering it afterwards still applies the outcome.
[CB2] PKEYSTONE FORCED: ForceActivateStoryBit(AnythingForLove) — a storybit that would not otherwise fire now. MEASURED: whether its popup-carrying thread survives a save/load, and whether answering it afterwards still applies the outcome.
						Lua 0:15:06:172
[mod] [CB2] TRY ForceActivateStoryBit [FIRST EXECUTION] ok=true result=nil
[CB2] TRY ForceActivateStoryBit [FIRST EXECUTION] ok=true result=nil
Story bits: Triggered story bit - AnythingForLove						Lua 0:15:08:169
[mod] [CB2] PKEYSTONE g_StoryBitActive=1 entr(ies) | first.id=AnythingForLove run_thread=thread: 000001B07C817B60 IsValidThread=true (read ok=true) | when=after activation, before any save
[CB2] PKEYSTONE g_StoryBitActive=1 entr(ies) | first.id=AnythingForLove run_thread=thread: 000001B07C817B60 IsValidThread=true (read ok=true) | when=after activation, before any save
[mod] [CB2] READ popup-keystone-thread-survival = true | population=1 | APPLICABLE=true | witness=g_StoryBitActive is the population; a validity verdict over 0 running bits samples nothing
[CB2] READ popup-keystone-thread-survival = true | population=1 | APPLICABLE=true | witness=g_StoryBitActive is the population; a validity verdict over 0 running bits samples nothing
[mod] [CB2] PKEYSTONE ⇒ OWNER: a corner notification should have appeared. Do NOT click it yet. Save, then load that save, then call CB2.PKeystoneRead("after reload") — then click the notification and answer the popup.
[CB2] PKEYSTONE ⇒ OWNER: a corner notification should have appeared. Do NOT click it yet. Save, then load that save, then call CB2.PKeystoneRead("after reload") — then click the notification and answer the popup.
						Lua 0:15:20:379
[mod] [CB2] F21WITNESS subject Colonist#2000038450 BOARDED at try 206/600 — stage Waiting -> Traveling | start_wait 239310758 -> 239344642 | RESTAMPED=true (GameTime at read=239344929)
[CB2] F21WITNESS subject Colonist#2000038450 BOARDED at try 206/600 — stage Waiting -> Traveling | start_wait 239310758 -> 239344642 | RESTAMPED=true (GameTime at read=239344929)
[mod] [CB2] ⭐ F21WITNESS THE WRAPPER FIRED — start_wait advanced by 33884 ms to the boarding moment, so the train, the track and the 'travel time' Comfort charge will all measure the RIDE only. This is the fix observed doing its work, not inferred from an average.
[CB2] ⭐ F21WITNESS THE WRAPPER FIRED — start_wait advanced by 33884 ms to the boarding moment, so the train, the track and the 'travel time' Comfort charge will all measure the RIDE only. This is the fix observed doing its work, not inferred from an average.
[mod] [CB2] F21 train Train#2000015562 command=GotoStation aboard=12 | spent_time_sum=1395285.0 samples=20 avg=69764.25 (ok=true) avg_hours=table: 000001B07CE8D640 (ok=true) trip_time=nil
[CB2] F21 train Train#2000015562 command=GotoStation aboard=12 | spent_time_sum=1395285.0 samples=20 avg=69764.25 (ok=true) avg_hours=table: 000001B07CE8D640 (ok=true) trip_time=nil
[mod] [CB2] F21 train Train#2000015807 command=GotoStation aboard=1 | spent_time_sum=2887519.0 samples=20 avg=144375.95 (ok=true) avg_hours=table: 000001B07CE8DD40 (ok=true) trip_time=nil
[CB2] F21 train Train#2000015807 command=GotoStation aboard=1 | spent_time_sum=2887519.0 samples=20 avg=144375.95 (ok=true) avg_hours=table: 000001B07CE8DD40 (ok=true) trip_time=nil
[mod] [CB2] F21 train Train#2000016849 command=UnloadTrain aboard=9 | spent_time_sum=2034044.0 samples=20 avg=101702.2 (ok=true) avg_hours=table: 000001B07CE8E440 (ok=true) trip_time=nil
[CB2] F21 train Train#2000016849 command=UnloadTrain aboard=9 | spent_time_sum=2034044.0 samples=20 avg=101702.2 (ok=true) avg_hours=table: 000001B07CE8E440 (ok=true) trip_time=nil
[mod] [CB2] F21 train Train#2000016863 command=UnloadTrain aboard=0 | spent_time_sum=2437662.0 samples=20 avg=121883.1 (ok=true) avg_hours=table: 000001B07CE8EB40 (ok=true) trip_time=nil
[CB2] F21 train Train#2000016863 command=UnloadTrain aboard=0 | spent_time_sum=2437662.0 samples=20 avg=121883.1 (ok=true) avg_hours=table: 000001B07CE8EB40 (ok=true) trip_time=nil
[mod] [CB2] F21 station StationSmall#4552 waiting=27 | spent_time_sum=9106889.0 samples=20 avg=455344.45 (ok=true)
[CB2] F21 station StationSmall#4552 waiting=27 | spent_time_sum=9106889.0 samples=20 avg=455344.45 (ok=true)
[mod] [CB2] F21 station StationSmall#4627 waiting=0 | spent_time_sum=18325.0 samples=1 avg=18325.0 (ok=true)
[CB2] F21 station StationSmall#4627 waiting=0 | spent_time_sum=18325.0 samples=1 avg=18325.0 (ok=true)
[mod] [CB2] F21 station StationSmall#4792 waiting=8 | spent_time_sum=7714677.0 samples=20 avg=385733.85 (ok=true)
[CB2] F21 station StationSmall#4792 waiting=8 | spent_time_sum=7714677.0 samples=20 avg=385733.85 (ok=true)
[mod] [CB2] F21 11 station(s) holding 114 colonist(s) waiting | 8 train(s) carrying 48 rider(s) | when=immediately after a witnessed boarding
[CB2] F21 11 station(s) holding 114 colonist(s) waiting | 8 train(s) carrying 48 rider(s) | when=immediately after a witnessed boarding
[mod] [CB2] READ F21-platform-wait-population = 114 | population=11 | APPLICABLE=true | witness=station.waiting_for_train walked this load
[CB2] READ F21-platform-wait-population = 114 | population=11 | APPLICABLE=true | witness=station.waiting_for_train walked this load
						Lua 0:22:12:596
not understood
						Lua 0:30:26:322
[mod] [CB2] TRY Savegame.ListForTag before ok=true result=-1
[CB2] TRY Savegame.ListForTag before ok=true result=-1
						Lua 0:30:26:943
[mod] [CB2] SAVE SaveGame returned err=false name=CB2PKEY.savegame.sav
[CB2] SAVE SaveGame returned err=false name=CB2PKEY.savegame.sav
[mod] [CB2] TRY SaveGame CB2PKEY.savegame.sav (yielding) ok=true result=false						Lua 0:30:26:944

[CB2] TRY SaveGame CB2PKEY.savegame.sav (yielding) ok=true result=false
						Lua 0:30:27:391
[mod] [CB2] TRY Savegame.ListForTag after ok=true result=-1
[CB2] TRY Savegame.ListForTag after ok=true result=-1
[mod] [CB2] SAVE WITNESS tagged savegame files -1 -> -1 (a save that did not land leaves this UNCHANGED — that is the liveness witness, not SaveGame's own return)
[CB2] SAVE WITNESS tagged savegame files -1 -> -1 (a save that did not land leaves this UNCHANGED — that is the liveness witness, not SaveGame's own return)
[mod] [CB2] SAVE ⛔ save_as_last was NOT passed — the owner's Continue button is untouched.
[CB2] SAVE ⛔ save_as_last was NOT passed — the owner's Continue button is untouched.
						Lua 0:30:33:606
Load Game: 
	lua_revision: 396349 
	assets_revision: 31031 

	mods: SMR_CommunityFixPackTestKit, SMR_CommunityFixPack 
						Lua 0:30:38:727
[mod] [SMRTest] console enable requested (clean) — press Enter (or Alt-Shift-C) once in a colony
[SMRTest] console enable requested (clean) — press Enter (or Alt-Shift-C) once in a colony
						Lua 0:30:38:753
game_settings:
    sponsor: NASA
    profile: rocketscientist
    founding_faction: ProsperityForMars
    rival_colonies: Japan, paradox
    mystery_random: 
    game_rules: (none)
more_game_settings: save_game_id: HdmSxGs6kyd0uz6-, mystery: none, coordinates: 0N107E, landing_spot: , logo: USA
map_conditions: altitude: -583, temperature: -1, cold_wave: 0, dust_devils: 66, dust_storm: 102, meteors: 109
map_resources: concrete: 146, metals: 146, precious_metals: 146, water: 176
						Lua 0:30:38:771
Game Loaded in 5165 ms
						Lua 0:30:38:801
[mod] [SMRTest] console enable requested (clean) — press Enter (or Alt-Shift-C) once in a colony
[SMRTest] console enable requested (clean) — press Enter (or Alt-Shift-C) once in a colony
						Lua 0:30:39:397
Game loaded on map BlankBigCanyonCMix_09 in 5916 ms
[mod] [CB2] LOAD OK #2 file=CB2PKEY.savegame.sav — LoadGame returned no error
[CB2] LOAD OK #2 file=CB2PKEY.savegame.sav — LoadGame returned no error
						Lua 0:30:40:706
[mod] [SMRTest] console enable requested (clean) — press Enter (or Alt-Shift-C) once in a colony
[SMRTest] console enable requested (clean) — press Enter (or Alt-Shift-C) once in a colony
						Lua 0:30:41:706
[mod] [SMRTest] console enable requested (clean) — press Enter (or Alt-Shift-C) once in a colony
[SMRTest] console enable requested (clean) — press Enter (or Alt-Shift-C) once in a colony
						Lua 0:30:54:896
[mod] [CB2] READ speed: SetGameSpeed(3) call=true | before=0 after=3
[CB2] READ speed: SetGameSpeed(3) call=true | before=0 after=3
						Lua 0:32:00:112
[mod] [CB2] PKEYSTONE g_StoryBitActive=0 entr(ies) | first.id=- run_thread=nil IsValidThread=nil (read ok=true) | when=after reload
[CB2] PKEYSTONE g_StoryBitActive=0 entr(ies) | first.id=- run_thread=nil IsValidThread=nil (read ok=true) | when=after reload
[mod] [CB2] READ popup-keystone-thread-survival = nil | population=0 | APPLICABLE=false | witness=g_StoryBitActive is the population; a validity verdict over 0 running bits samples nothing
[CB2] READ popup-keystone-thread-survival = nil | population=0 | APPLICABLE=false | witness=g_StoryBitActive is the population; a validity verdict over 0 running bits samples nothing
nil 0
						Lua 0:32:15:916
Story bits: Reply selected - I can't say no to a hopeless romantic; let's have us some fireworks!						Lua 0:32:18:397
[mod] PEFFECT def=table: 000001B06F1D6D38
[mod] PEFFECT [1] class=StoryBitReply
[mod] PEFFECT [2] class=StoryBitOutcome
[mod] PEFFECT [3] class=StoryBitReply
[mod] PEFFECT [4] class=StoryBitOutcome
						Lua 0:39:00:981
not understood
						Lua 0:39:15:945
[mod] [CB2] PKEYSTONE FORCED: ForceActivateStoryBit(ArcadiaCross) — a storybit that would not otherwise fire now. MEASURED: whether its popup-carrying thread survives a save/load, and whether answering it afterwards still applies the outcome.
[CB2] PKEYSTONE FORCED: ForceActivateStoryBit(ArcadiaCross) — a storybit that would not otherwise fire now. MEASURED: whether its popup-carrying thread survives a save/load, and whether answering it afterwards still applies the outcome.
[mod] [CB2] TRY ForceActivateStoryBit [FIRST EXECUTION] ok=true result=nil
[CB2] TRY ForceActivateStoryBit [FIRST EXECUTION] ok=true result=nil
Story bits: Triggered story bit - ArcadiaCross						Lua 0:39:17:945
[mod] [CB2] PKEYSTONE g_StoryBitActive=1 entr(ies) | first.id=ArcadiaCross run_thread=thread: 000001B07ACC4F98 IsValidThread=true (read ok=true) | when=after activation, before any save
[CB2] PKEYSTONE g_StoryBitActive=1 entr(ies) | first.id=ArcadiaCross run_thread=thread: 000001B07ACC4F98 IsValidThread=true (read ok=true) | when=after activation, before any save
[mod] [CB2] READ popup-keystone-thread-survival = true | population=1 | APPLICABLE=true | witness=g_StoryBitActive is the population; a validity verdict over 0 running bits samples nothing
[CB2] READ popup-keystone-thread-survival = true | population=1 | APPLICABLE=true | witness=g_StoryBitActive is the population; a validity verdict over 0 running bits samples nothing
[mod] [CB2] PKEYSTONE ⇒ OWNER: a corner notification should have appeared. Do NOT click it yet. Save, then load that save, then call CB2.PKeystoneRead("after reload") — then click the notification and answer the popup.
[CB2] PKEYSTONE ⇒ OWNER: a corner notification should have appeared. Do NOT click it yet. Save, then load that save, then call CB2.PKeystoneRead("after reload") — then click the notification and answer the popup.
						Lua 0:39:22:584
[mod] [CB2] PKEYSTONE g_StoryBitActive=1 entr(ies) | first.id=ArcadiaCross run_thread=thread: 000001B07ACC4F98 IsValidThread=true (read ok=true) | when=immediately before the save
[CB2] PKEYSTONE g_StoryBitActive=1 entr(ies) | first.id=ArcadiaCross run_thread=thread: 000001B07ACC4F98 IsValidThread=true (read ok=true) | when=immediately before the save
[mod] [CB2] READ popup-keystone-thread-survival = true | population=1 | APPLICABLE=true | witness=g_StoryBitActive is the population; a validity verdict over 0 running bits samples nothing
[CB2] READ popup-keystone-thread-survival = true | population=1 | APPLICABLE=true | witness=g_StoryBitActive is the population; a validity verdict over 0 running bits samples nothing
true 1
						Lua 0:39:33:211
[mod] [CB2] TRY Savegame.ListForTag before ok=true result=-1
[CB2] TRY Savegame.ListForTag before ok=true result=-1
						Lua 0:39:33:842
[mod] [CB2] SAVE SaveGame returned err=false name=CB2PKEY2.savegame.sav
[CB2] SAVE SaveGame returned err=false name=CB2PKEY2.savegame.sav
[mod] [CB2] TRY SaveGame CB2PKEY2.savegame.sav (yielding) ok=true result=false
[CB2] TRY SaveGame CB2PKEY2.savegame.sav (yielding) ok=true result=false
						Lua 0:39:34:320
[mod] [CB2] TRY Savegame.ListForTag after ok=true result=-1
[CB2] TRY Savegame.ListForTag after ok=true result=-1
[mod] [CB2] SAVE WITNESS tagged savegame files -1 -> -1 (a save that did not land leaves this UNCHANGED — that is the liveness witness, not SaveGame's own return)
[CB2] SAVE WITNESS tagged savegame files -1 -> -1 (a save that did not land leaves this UNCHANGED — that is the liveness witness, not SaveGame's own return)
[mod] [CB2] SAVE ⛔ save_as_last was NOT passed — the owner's Continue button is untouched.
[CB2] SAVE ⛔ save_as_last was NOT passed — the owner's Continue button is untouched.
						Lua 0:39:41:931
Load Game: 
	lua_revision: 396349 
	assets_revision: 31031 

	mods: SMR_CommunityFixPackTestKit, SMR_CommunityFixPack 
						Lua 0:39:47:266
[mod] [SMRTest] console enable requested (clean) — press Enter (or Alt-Shift-C) once in a colony
[SMRTest] console enable requested (clean) — press Enter (or Alt-Shift-C) once in a colony
						Lua 0:39:47:323
game_settings:
    sponsor: NASA
    profile: rocketscientist
    founding_faction: ProsperityForMars
    rival_colonies: Japan, paradox
    mystery_random: 
    game_rules: (none)
more_game_settings: save_game_id: HdmSxGs6kyd0uz6-, mystery: none, coordinates: 0N107E, landing_spot: , logo: USA
map_conditions: altitude: -583, temperature: -1, cold_wave: 0, dust_devils: 66, dust_storm: 102, meteors: 109
map_resources: concrete: 146, metals: 146, precious_metals: 146, water: 176
						Lua 0:39:47:342
Game Loaded in 5413 ms
						Lua 0:39:47:385
[mod] [SMRTest] console enable requested (clean) — press Enter (or Alt-Shift-C) once in a colony
[SMRTest] console enable requested (clean) — press Enter (or Alt-Shift-C) once in a colony
						Lua 0:39:47:960
Game loaded on map BlankBigCanyonCMix_09 in 6184 ms
[mod] [CB2] LOAD OK #3 file=CB2PKEY2.savegame.sav — LoadGame returned no error
[CB2] LOAD OK #3 file=CB2PKEY2.savegame.sav — LoadGame returned no error
						Lua 0:39:49:268
[mod] [SMRTest] console enable requested (clean) — press Enter (or Alt-Shift-C) once in a colony
[SMRTest] console enable requested (clean) — press Enter (or Alt-Shift-C) once in a colony
						Lua 0:39:50:268
[mod] [SMRTest] console enable requested (clean) — press Enter (or Alt-Shift-C) once in a colony
[SMRTest] console enable requested (clean) — press Enter (or Alt-Shift-C) once in a colony
						Lua 0:40:03:460
[mod] [CB2] READ speed: SetGameSpeed(3) call=true | before=1 after=3
[CB2] READ speed: SetGameSpeed(3) call=true | before=1 after=3
						Lua 0:40:03:685
[mod] [CB2] PKEYSTONE g_StoryBitActive=1 entr(ies) | first.id=ArcadiaCross run_thread=thread: 000001B07C596698 IsValidThread=true (read ok=true) | when=after reload
[CB2] PKEYSTONE g_StoryBitActive=1 entr(ies) | first.id=ArcadiaCross run_thread=thread: 000001B07C596698 IsValidThread=true (read ok=true) | when=after reload
[mod] [CB2] READ popup-keystone-thread-survival = true | population=1 | APPLICABLE=true | witness=g_StoryBitActive is the population; a validity verdict over 0 running bits samples nothing
[CB2] READ popup-keystone-thread-survival = true | population=1 | APPLICABLE=true | witness=g_StoryBitActive is the population; a validity verdict over 0 running bits samples nothing
true 1
						Lua 0:52:52:018
Story bits: Reply selected - Well, why not? Prepare the explorer! Name it Vigor!						Lua 0:54:03:502
[mod] [SMRTest] console enable requested (clean) — press Enter (or Alt-Shift-C) once in a colony
[SMRTest] console enable requested (clean) — press Enter (or Alt-Shift-C) once in a colony
						Lua 0:54:06:023
[mod] [SMRTest] console enable requested (clean) — press Enter (or Alt-Shift-C) once in a colony
[SMRTest] console enable requested (clean) — press Enter (or Alt-Shift-C) once in a colony
						Lua 0:54:06:664
[mod] [SMRTest] console enable requested (clean) — press Enter (or Alt-Shift-C) once in a colony
[SMRTest] console enable requested (clean) — press Enter (or Alt-Shift-C) once in a colony
						Lua 0:54:10:787
[mod] [SMRTest] console enable requested (clean) — press Enter (or Alt-Shift-C) once in a colony
[SMRTest] console enable requested (clean) — press Enter (or Alt-Shift-C) once in a colony
						Lua 0:54:17:846
[mod] [SMRTest] console enable requested (clean) — press Enter (or Alt-Shift-C) once in a colony
[SMRTest] console enable requested (clean) — press Enter (or Alt-Shift-C) once in a colony
						Lua 0:54:24:824
[mod] [SMRTest] console enable requested (clean) — press Enter (or Alt-Shift-C) once in a colony
[SMRTest] console enable requested (clean) — press Enter (or Alt-Shift-C) once in a colony
						Lua 0:54:50:261
[mod] [CB2] PKEYSTONE g_StoryBitActive=0 entr(ies) | first.id=- run_thread=nil IsValidThread=nil (read ok=true) | when=after answering the reply
[CB2] PKEYSTONE g_StoryBitActive=0 entr(ies) | first.id=- run_thread=nil IsValidThread=nil (read ok=true) | when=after answering the reply
[mod] [CB2] READ popup-keystone-thread-survival = nil | population=0 | APPLICABLE=false | witness=g_StoryBitActive is the population; a validity verdict over 0 running bits samples nothing
[CB2] READ popup-keystone-thread-survival = nil | population=0 | APPLICABLE=false | witness=g_StoryBitActive is the population; a validity verdict over 0 running bits samples nothing
nil 0
						Lua 1:00:15:384
Load Game: 
	lua_revision: 396349 
	assets_revision: 31031 

	mods: SMR_CommunityFixPackTestKit, SMR_CommunityFixPack 
						Lua 1:00:20:575
[mod] [SMRTest] console enable requested (clean) — press Enter (or Alt-Shift-C) once in a colony
[SMRTest] console enable requested (clean) — press Enter (or Alt-Shift-C) once in a colony
						Lua 1:00:20:629
game_settings:
    sponsor: NASA
    profile: rocketscientist
    founding_faction: ProsperityForMars
    rival_colonies: Japan, paradox
    mystery_random: 
    game_rules: (none)
more_game_settings: save_game_id: HdmSxGs6kyd0uz6-, mystery: none, coordinates: 0N107E, landing_spot: , logo: USA
map_conditions: altitude: -583, temperature: -1, cold_wave: 0, dust_devils: 66, dust_storm: 102, meteors: 109
map_resources: concrete: 146, metals: 146, precious_metals: 146, water: 176
						Lua 1:00:20:648
Game Loaded in 5264 ms
						Lua 1:00:20:691
[mod] [SMRTest] console enable requested (clean) — press Enter (or Alt-Shift-C) once in a colony
[SMRTest] console enable requested (clean) — press Enter (or Alt-Shift-C) once in a colony
						Lua 1:00:21:317
Game loaded on map BlankBigCanyonCMix_09 in 6124 ms
[mod] [CB2] LOAD OK #4 file=CB2PKEY2.savegame.sav — LoadGame returned no error
[CB2] LOAD OK #4 file=CB2PKEY2.savegame.sav — LoadGame returned no error
						Lua 1:00:22:615
[mod] [SMRTest] console enable requested (clean) — press Enter (or Alt-Shift-C) once in a colony
[SMRTest] console enable requested (clean) — press Enter (or Alt-Shift-C) once in a colony
						Lua 1:00:23:615
[mod] [SMRTest] console enable requested (clean) — press Enter (or Alt-Shift-C) once in a colony
[SMRTest] console enable requested (clean) — press Enter (or Alt-Shift-C) once in a colony
						Lua 1:00:36:813
[mod] [CB2] READ speed: SetGameSpeed(3) call=true | before=1 after=3
[CB2] READ speed: SetGameSpeed(3) call=true | before=1 after=3
						Lua 1:00:47:752
Story bits: Reply selected - Well, why not? Prepare the explorer! Name it Vigor!						Lua 1:10:59:853
[mod] [CB2] PPOPUP available breakthrough techs = 50 (read ok=true)
[CB2] PPOPUP available breakthrough techs = 50 (read ok=true)
[mod] [CB2] PPOPUP FORCED: opening a breakthrough choice popup on a staged copy. MEASURED: whether a REBOUND Quick Save can land inside its modal window — F85's U tier, and the only thing that decides it.
[CB2] PPOPUP FORCED: opening a breakthrough choice popup on a staged copy. MEASURED: whether a REBOUND Quick Save can land inside its modal window — F85's U tier, and the only thing that decides it.
[mod] [CB2] TRY ShowBreakthroughChoicePopup [FIRST EXECUTION] ok=true result=nil
[CB2] TRY ShowBreakthroughChoicePopup [FIRST EXECUTION] ok=true result=nil
[mod] [CB2] PPOPUP ⇒ OWNER (HANDS-ONLY): with the popup open, press the Quick Save key you rebound to F9. Did a save land? Then answer the popup, load that save, and say whether the popup — and its breakthrough — are gone.
[CB2] PPOPUP ⇒ OWNER (HANDS-ONLY): with the popup open, press the Quick Save key you rebound to F9. Did a save land? Then answer the popup, load that save, and say whether the popup — and its breakthrough — are gone.
true
						Lua 1:11:38:777
[mod] [CB2] TRY Savegame.ListForTag before ok=true result=-1
[CB2] TRY Savegame.ListForTag before ok=true result=-1
						Lua 1:11:39:451
[mod] [CB2] SAVE SaveGame returned err=false name=CB2F85.savegame.sav
[CB2] SAVE SaveGame returned err=false name=CB2F85.savegame.sav
						Lua 1:11:39:452
[mod] [CB2] TRY SaveGame CB2F85.savegame.sav (yielding) ok=true result=false
[CB2] TRY SaveGame CB2F85.savegame.sav (yielding) ok=true result=false
						Lua 1:11:39:862
[mod] [CB2] TRY Savegame.ListForTag after ok=true result=-1
[CB2] TRY Savegame.ListForTag after ok=true result=-1
[mod] [CB2] SAVE WITNESS tagged savegame files -1 -> -1 (a save that did not land leaves this UNCHANGED — that is the liveness witness, not SaveGame's own return)
[CB2] SAVE WITNESS tagged savegame files -1 -> -1 (a save that did not land leaves this UNCHANGED — that is the liveness witness, not SaveGame's own return)
[mod] [CB2] SAVE ⛔ save_as_last was NOT passed — the owner's Continue button is untouched.
[CB2] SAVE ⛔ save_as_last was NOT passed — the owner's Continue button is untouched.
						Lua 1:14:25:461
Load Game: 
	lua_revision: 396349 
	assets_revision: 31031 

	mods: SMR_CommunityFixPackTestKit, SMR_CommunityFixPack 
						Lua 1:14:30:759
[mod] [SMRTest] console enable requested (clean) — press Enter (or Alt-Shift-C) once in a colony
[SMRTest] console enable requested (clean) — press Enter (or Alt-Shift-C) once in a colony
						Lua 1:14:30:811
game_settings:
    sponsor: NASA
    profile: rocketscientist
    founding_faction: ProsperityForMars
    rival_colonies: Japan, paradox
    mystery_random: 
    game_rules: (none)
more_game_settings: save_game_id: HdmSxGs6kyd0uz6-, mystery: none, coordinates: 0N107E, landing_spot: , logo: USA
map_conditions: altitude: -583, temperature: -1, cold_wave: 0, dust_devils: 66, dust_storm: 102, meteors: 109
map_resources: concrete: 146, metals: 146, precious_metals: 146, water: 176
						Lua 1:14:30:830
Game Loaded in 5370 ms
						Lua 1:14:30:864
[mod] [SMRTest] console enable requested (clean) — press Enter (or Alt-Shift-C) once in a colony
[SMRTest] console enable requested (clean) — press Enter (or Alt-Shift-C) once in a colony
						Lua 1:14:31:398
Game loaded on map BlankBigCanyonCMix_09 in 6121 ms
[mod] [CB2] LOAD OK #5 file=CB2F85.savegame.sav — LoadGame returned no error
[CB2] LOAD OK #5 file=CB2F85.savegame.sav — LoadGame returned no error
						Lua 1:14:32:693
[mod] [SMRTest] console enable requested (clean) — press Enter (or Alt-Shift-C) once in a colony
[SMRTest] console enable requested (clean) — press Enter (or Alt-Shift-C) once in a colony
						Lua 1:14:33:693
[mod] [SMRTest] console enable requested (clean) — press Enter (or Alt-Shift-C) once in a colony
[SMRTest] console enable requested (clean) — press Enter (or Alt-Shift-C) once in a colony
						Lua 1:14:46:893
[mod] [CB2] READ speed: SetGameSpeed(3) call=true | before=1 after=3
[CB2] READ speed: SetGameSpeed(3) call=true | before=1 after=3
						Lua 1:14:53:041
50
						Lua 1:16:47:872
[mod] [CB2] POPUPSUBJ storybit[1] id=AnythingForLove replies=2 Enabled=true — ForceActivateStoryBit("AnythingForLove", MainMap) would open a popup
[CB2] POPUPSUBJ storybit[1] id=AnythingForLove replies=2 Enabled=true — ForceActivateStoryBit("AnythingForLove", MainMap) would open a popup
[mod] [CB2] POPUPSUBJ storybit[2] id=ApplicantProfiling replies=4 Enabled=true — ForceActivateStoryBit("ApplicantProfiling", MainMap) would open a popup
[CB2] POPUPSUBJ storybit[2] id=ApplicantProfiling replies=4 Enabled=true — ForceActivateStoryBit("ApplicantProfiling", MainMap) would open a popup
[mod] [CB2] POPUPSUBJ storybit[3] id=ArcadiaCross replies=3 Enabled=true — ForceActivateStoryBit("ArcadiaCross", MainMap) would open a popup
[CB2] POPUPSUBJ storybit[3] id=ArcadiaCross replies=3 Enabled=true — ForceActivateStoryBit("ArcadiaCross", MainMap) would open a popup
[mod] [CB2] POPUPSUBJ storybit[4] id=Armageddon replies=2 Enabled=true — ForceActivateStoryBit("Armageddon", MainMap) would open a popup
[CB2] POPUPSUBJ storybit[4] id=Armageddon replies=2 Enabled=true — ForceActivateStoryBit("Armageddon", MainMap) would open a popup
						Lua 1:16:47:873
[mod] [CB2] READ popup-keystone-subject(enabled storybit carrying replies) = 200 | population=200 | APPLICABLE=true | witness=global StoryBits walked; .Enabled == true and at least one StoryBitReply child is the engine's own popup condition
[CB2] READ popup-keystone-subject(enabled storybit carrying replies) = 200 | population=200 | APPLICABLE=true | witness=global StoryBits walked; .Enabled == true and at least one StoryBitReply child is the engine's own popup condition
[mod] [CB2] POPUPSUBJ breakthrough choice popup: available techs = 50 (read ok=true) — ShowBreakthroughChoicePopup returns immediately at Anomaly.lua:698 when this is 0
[CB2] POPUPSUBJ breakthrough choice popup: available techs = 50 (read ok=true) — ShowBreakthroughChoicePopup returns immediately at Anomaly.lua:698 when this is 0
[mod] [CB2] READ F85-choice-popup-route(ShowBreakthroughChoicePopup) = 50 | population=50 | APPLICABLE=true | witness=UIColony:UpdateAvailableBreackthroughTechs() read live; 0 is a refusal to open, not a failed popup
[CB2] READ F85-choice-popup-route(ShowBreakthroughChoicePopup) = 50 | population=50 | APPLICABLE=true | witness=UIColony:UpdateAvailableBreackthroughTechs() read live; 0 is a refusal to open, not a failed popup
[mod] [CB2] POPUPSUBJ sol-change corner (audit 3.6): UIColony.day=335 (ok=true) — the rider is OPTIONAL and only rides if a sol boundary is near
[CB2] POPUPSUBJ sol-change corner (audit 3.6): UIColony.day=335 (ok=true) — the rider is OPTIONAL and only rides if a sol boundary is near
200 AnythingForLove 50
						Lua 1:18:56:621
[mod] [CB2] LEGQ 17 track(s), 926 element(s), 0 already-broken, 0 existing repair site(s)
[CB2] LEGQ 17 track(s), 926 element(s), 0 already-broken, 0 existing repair site(s)
[mod] [CB2] LEGQ   breakable[1] track=TrackBase#4569 (4 elements) mid-element=TrackGridElement#4573 — passes the BreakTracks filter (not start_el, not end_el, no station, not already broken)
[CB2] LEGQ   breakable[1] track=TrackBase#4569 (4 elements) mid-element=TrackGridElement#4573 — passes the BreakTracks filter (not start_el, not end_el, no station, not already broken)
[mod] [CB2] LEGQ   breakable[2] track=TrackBase#4619 (23 elements) mid-element=TrackGridElement#4606 — passes the BreakTracks filter (not start_el, not end_el, no station, not already broken)
[CB2] LEGQ   breakable[2] track=TrackBase#4619 (23 elements) mid-element=TrackGridElement#4606 — passes the BreakTracks filter (not start_el, not end_el, no station, not already broken)
[mod] [CB2] LEGQ   breakable[3] track=TrackBase#4730 (43 elements) mid-element=TrackGridElement#4863 — passes the BreakTracks filter (not start_el, not end_el, no station, not already broken)
[CB2] LEGQ   breakable[3] track=TrackBase#4730 (43 elements) mid-element=TrackGridElement#4863 — passes the BreakTracks filter (not start_el, not end_el, no station, not already broken)
[mod] [CB2] LEGQ   breakable[4] track=TrackBase#5361 (113 elements) mid-element=TrackGridElement#5933 — passes the BreakTracks filter (not start_el, not end_el, no station, not already broken)
[CB2] LEGQ   breakable[4] track=TrackBase#5361 (113 elements) mid-element=TrackGridElement#5933 — passes the BreakTracks filter (not start_el, not end_el, no station, not already broken)
						Lua 1:18:56:622
[mod] [CB2] READ F99-cell-fixture(DISTINCT tracks with a breakable mid-element) = 13 | population=17 | APPLICABLE=true | witness=BreakTracks' own filter applied per track; the cell needs 2 or more DISTINCT tracks
[CB2] READ F99-cell-fixture(DISTINCT tracks with a breakable mid-element) = 13 | population=17 | APPLICABLE=true | witness=BreakTracks' own filter applied per track; the cell needs 2 or more DISTINCT tracks
[mod] [CB2] LEGQ FORCED: TrackGridElement#4573:CheatBreakElement() on mid-element TrackGridElement#4573 of track TrackBase#4569 (sites_before=0 repair_cgs_before=0). MEASURED: nothing yet — this only builds the cell.
[CB2] LEGQ FORCED: TrackGridElement#4573:CheatBreakElement() on mid-element TrackGridElement#4573 of track TrackBase#4569 (sites_before=0 repair_cgs_before=0). MEASURED: nothing yet — this only builds the cell.
						Lua 1:18:56:625
[mod] [CB2] TRY CheatBreakElement ok=true result=nil
[CB2] TRY CheatBreakElement ok=true result=nil
						Lua 1:18:58:120
[mod] [CB2] LEGQ BREAK WITNESS element=TrackGridElement#4573 broken=true (type=table) | repair sites 0 -> 1 | repair_cgs 0 -> 1 | WITNESSED=true
[CB2] LEGQ BREAK WITNESS element=TrackGridElement#4573 broken=true (type=table) | repair sites 0 -> 1 | repair_cgs 0 -> 1 | WITNESSED=true
[mod] [CB2] LEGQ FORCED: TrackGridElement#4606:CheatBreakElement() on mid-element TrackGridElement#4606 of track TrackBase#4619 (sites_before=0 repair_cgs_before=0). MEASURED: nothing yet — this only builds the cell.
[CB2] LEGQ FORCED: TrackGridElement#4606:CheatBreakElement() on mid-element TrackGridElement#4606 of track TrackBase#4619 (sites_before=0 repair_cgs_before=0). MEASURED: nothing yet — this only builds the cell.
						Lua 1:18:58:122
[mod] [CB2] TRY CheatBreakElement ok=true result=nil
[CB2] TRY CheatBreakElement ok=true result=nil
						Lua 1:18:59:619
[mod] [CB2] LEGQ BREAK WITNESS element=TrackGridElement#4606 broken=true (type=table) | repair sites 0 -> 1 | repair_cgs 0 -> 1 | WITNESSED=true
[CB2] LEGQ BREAK WITNESS element=TrackGridElement#4606 broken=true (type=table) | repair sites 0 -> 1 | repair_cgs 0 -> 1 | WITNESSED=true
[mod] [CB2] READ F99-cell-built(DISTINCT tracks carrying a WITNESSED repair site) = 2 | population=2 | APPLICABLE=true | witness=each break confirmed by el.broken truthy OR a new repair site OR repair_cgs growth, after a settling window
[CB2] READ F99-cell-built(DISTINCT tracks carrying a WITNESSED repair site) = 2 | population=2 | APPLICABLE=true | witness=each break confirmed by el.broken truthy OR a new repair site OR repair_cgs growth, after a settling window
[mod] [CB2] ⭐ LEGQ CELL BUILT — 2 DISTINCT tracks each carrying a witnessed repair site. This is the configuration no sample has covered. CB2.QComplete() is now allowed.
[CB2] ⭐ LEGQ CELL BUILT — 2 DISTINCT tracks each carrying a witnessed repair site. This is the configuration no sample has covered. CB2.QComplete() is now allowed.
[mod] [CB2] F99RESIDUE 0 0 | when=after the breaks, before the completion
[CB2] F99RESIDUE 0 0 | when=after the breaks, before the completion
						Lua 1:19:05:624
[mod] [CB2] LEGQ FORCED: CheatCompleteAllConstructions() on map BlankBigCanyonCMix_09, with 2 DISTINCT tracks carrying repair sites. MEASURED: whether TrackElement.lua:805 throws. FORCED BOTH HALVES — this is a rate datum for one cell and says NOTHING about reachability.
[CB2] LEGQ FORCED: CheatCompleteAllConstructions() on map BlankBigCanyonCMix_09, with 2 DISTINCT tracks carrying repair sites. MEASURED: whether TrackElement.lua:805 throws. FORCED BOTH HALVES — this is a rate datum for one cell and says NOTHING about reachability.
[mod] [CB2] LEGQ ⛔ WATCH LINE: the throw to look for is `Lua/Buildings/TrackElement.lua:805: attempt to index a nil value (local 'start_el')`, stacked under ConstructionSite.lua:2483 -> Cheats.lua:115 -> MapForEach -> Cheats.lua:126. Zero of them is a RATE BOUND, not a refutation.
[CB2] LEGQ ⛔ WATCH LINE: the throw to look for is `Lua/Buildings/TrackElement.lua:805: attempt to index a nil value (local 'start_el')`, stacked under ConstructionSite.lua:2483 -> Cheats.lua:115 -> MapForEach -> Cheats.lua:126. Zero of them is a RATE BOUND, not a refutation.
						Lua 1:19:05:631
[mod] [CB2] TRY CheatCompleteAllConstructions ok=true result=nil
[CB2] TRY CheatCompleteAllConstructions ok=true result=nil

!!! Quick Build !!!
						Lua 1:19:08:623
[mod] [CB2] LEGQ COMPLETION WITNESS 2 track(s) watched, 0 repair site(s) still outstanding after the cheat
[CB2] LEGQ COMPLETION WITNESS 2 track(s) watched, 0 repair site(s) still outstanding after the cheat
[mod] [CB2] READ F99-cell-completion-witness = 0 | population=2 | APPLICABLE=true | witness=repair sites must reach 0 for the completion to have happened at all; a zero-throw reading over uncompleted sites samples nothing
[CB2] READ F99-cell-completion-witness = 0 | population=2 | APPLICABLE=true | witness=repair sites must reach 0 for the completion to have happened at all; a zero-throw reading over uncompleted sites samples nothing
[mod] [CB2] F99RESIDUE 0 0 | when=immediately after the completion, BEFORE any save or load
[CB2] F99RESIDUE 0 0 | when=immediately after the completion, BEFORE any save or load
[mod] [CB2] LEGQ ⛔ read F99RESIDUE above BEFORE saving or loading anything — load runs SavegameFixups.RebuildBrokenTracksAndConnect, which sweeps exactly what that counter looks for.
[CB2] LEGQ ⛔ read F99RESIDUE above BEFORE saving or loading anything — load runs SavegameFixups.RebuildBrokenTracksAndConnect, which sweeps exactly what that counter looks for.
						Lua 1:22:14:573
[mod] [CB2] DOME[1] DomeBasic#1243 pos=(264500, 435598, 19946) on_MainMap=true
[CB2] DOME[1] DomeBasic#1243 pos=(264500, 435598, 19946) on_MainMap=true
[mod] [CB2] DOME[2] DomeMedium#1367 pos=(258000, 457248, 19946) on_MainMap=true
[CB2] DOME[2] DomeMedium#1367 pos=(258000, 457248, 19946) on_MainMap=true
[mod] [CB2] DOME[3] DomeBasic#1506 pos=(335500, 449454, 19946) on_MainMap=true
[CB2] DOME[3] DomeBasic#1506 pos=(335500, 449454, 19946) on_MainMap=true
[mod] [CB2] DOME[4] DomeMedium#2285 pos=(287000, 450320, 19946) on_MainMap=true
[CB2] DOME[4] DomeMedium#2285 pos=(287000, 450320, 19946) on_MainMap=true
[mod] [CB2] DOME[5] DomeMedium#2653 pos=(451500, 317822, 5245) on_MainMap=true
[CB2] DOME[5] DomeMedium#2653 pos=(451500, 317822, 5245) on_MainMap=true
[mod] [CB2] DOME[6] DomeMega#2962 pos=(468000, 297904, 5245) on_MainMap=true
[CB2] DOME[6] DomeMega#2962 pos=(468000, 297904, 5245) on_MainMap=true
[mod] [CB2] DOME[7] DomeMega#5276 pos=(471000, 452052, 5245) on_MainMap=true
[CB2] DOME[7] DomeMega#5276 pos=(471000, 452052, 5245) on_MainMap=true
[mod] [CB2] DOME[8] DomeMedium#6396 pos=(453500, 465042, 5245) on_MainMap=true
[CB2] DOME[8] DomeMedium#6396 pos=(453500, 465042, 5245) on_MainMap=true
[mod] [CB2] DOME 11 of 13 dome(s) are on MainMap — WaitBombard hard-codes MainMap, so only these are usable
[CB2] DOME 11 of 13 dome(s) are on MainMap — WaitBombard hard-codes MainMap, so only these are usable
[mod] [CB2] READ PT47-usable-dome(on MainMap) = 11 | population=13 | APPLICABLE=true | witness=every dome's ResolveMap compared against the MainMap global this load
[CB2] READ PT47-usable-dome(on MainMap) = 11 | population=13 | APPLICABLE=true | witness=every dome's ResolveMap compared against the MainMap global this load
[mod] [CB2] RPickDome -> DomeBasic#1243 (pass an index to choose another; put the camera on it and keep it LOW so the trails are visible)
[CB2] RPickDome -> DomeBasic#1243 (pass an index to choose another; put the camera on it and keep it LOW so the trails are visible)
						Lua 1:22:14:584
{
    accumulated_maintenance_points = 81600
    air = {
        building = {loop!}
        consumption = 1000
        consumption_lifetime = 7873300
        consumption_today = 1000
        consumption_yesterday = 24000
        current_consumption = 1000
        grid = {
            all_consumers_supplied = true
            charge = 0
            cities = {...}
            city = {...}
            city_elements = {...}
            connectors = {}
            consumers = {...}
            consumption = 46000
            consumption_for_overview = 46000
            current_consumption = 46000
            current_production = 55200
            current_reserve = 169200
            current_storage = 4650000
            current_storage_change = 0
            current_throttled_production = 0
            current_waste = 9200
            discharge = 160000
            dust_thread = thread: 000001B075EB0830
            elements = {...}
            handle = 5475277869
            producers = {...}
            production = 55200
            sort_consumers = false
            storages = {...}
            throttled_production = 0
            update_consumer_state = false
            update_thread = thread: 000001B075BDD548
            update_visuals = false
            update_visuals_args = false
            true = userdata: 000001B000D183E0
        }
        sort_index = 300004
    }
    air_consumption = 1000
    air_interrupted = false
    base_DailySanityRecoverDome = 0
    base_air_consumption = 1000
    base_construction_cost_BlackCube = 0
    base_construction_cost_Concrete = 80000
    base_construction_cost_Electronics = 0
    base_construction_cost_MachineParts = 0
    base_construction_cost_Metals = 20000
    base_construction_cost_Polymers = 10000
    base_construction_cost_PreciousMetals = 0
    base_construction_cost_PreciousMinerals = 0
    base_construction_cost_WasteRock = 0
    base_consumption_amount = 1000
    base_disable_air_consumption = 0
    base_disable_electricity_consumption = 0
    base_disable_maintenance = 0
    base_disable_water_consumption = 0
    base_dome_comfort = 0
    base_dome_morale = 0
    base_electricity_consumption = 15000
    base_in_dome_construction_modifier = 100
    base_maintenance_build_up_per_hr = 600
    base_maintenance_resource_amount = 1000
    base_maintenance_threshold_base = 100000
    base_salvage_modifier = 100
    base_sight_satisfaction = 3
    base_sight_visible_size = 7700
    base_upgrade1_consumption_amount = 1000
    base_upgrade2_consumption_amount = 1000
    base_upgrade3_consumption_amount = 1000
    base_water_consumption = 1000
    birth_progress = 260207
    born_children = 612
    city = {
        DialogType = selection
        ExplorationQueue = {}
        InitialSector = {
            area = (266240, 430080)-(307200, 471040)
            avg_heat = 255
            city = {...}
            col = 5
            deposits = {...}
            display_name = F8
            exp_resources = {...}
            handle = 5319194595
            id = F8
            markers = {...}
            notify_thread = thread: 000001B07CBBC448
            play_ratio = 89
            revealed_obj = {...}
            row = 9
            scan_progress = 0
            status = deep scanned
            true = userdata: 000001B001171818
        }
        LastConstructedBuilding = {
            GetMaxAmount_Electronics = function: 000001B070AE6D20
            GetStored_Electronics = function: 000001B06E995D08
            accumulated_maintenance_points = 18000
            base_construction_cost_BlackCube = 0
            base_construction_cost_Concrete = 0
            base_construction_cost_Electronics = 0
            base_construction_cost_MachineParts = 3000
            base_construction_cost_Metals = 12000
            base_construction_cost_Polymers = 0
            base_construction_cost_PreciousMetals = 0
            base_construction_cost_PreciousMinerals = 0
            base_construction_cost_WasteRock = 0
            base_consumption_amount = 1000
            base_disable_electricity_consumption = 0
            base_disable_maintenance = 0
            base_dome_comfort = 0
            base_dome_morale = 0
            base_electricity_consumption = 1000
            base_in_dome_construction_modifier = 100
            base_maintenance_build_up_per_hr = 600
            base_maintenance_resource_amount = 1000
            base_maintenance_threshold_base = 100000
            base_salvage_modifier = 100
            base_sight_satisfaction = 0
            base_sight_visible_size = 0
            base_upgrade1_consumption_amount = 1000
            base_upgrade2_consumption_amount = 1000
            base_upgrade3_consumption_amount = 1000
            beam = {...}
            beam_org_pos = (1039, 0, 1226)
            box_height = 100
            carried_cubes = {...}
            carrying = false
            city = {...}
            command_centers = {...}
            construction_cost_at_completion = {...}
            crane = {...}
            creation_time = 238298998
            cube_attach_spot_idx = 3
            current_stockpile_idx_stockpiled_amount = 0
            desired_amount = 0
            electricity = {...}
            grids_applied = true
            handle = 14603
            hoist = {...}
            hoist_curr_pos = (0, 0, 10)
            hoist_org_pos = (1039, 0, 1226)
            init_with_skin = false
            initialized = true
            is_storing = false
            last_enter_maintenance_mode_ts = 241253548
            last_maintenance_points_accumulation_ts = 241349961
            last_maintenance_points_full_ts = false
            last_maintenance_serviced_ts = 241349961
            maintenance_phase = false
            maintenance_request_lookup = {...}
            maintenance_resource_request = demand "MachineParts" from MechanizedDepotElectronics actual:0 (target:0)
            maintenance_threshold_base = 120000
            maintenance_threshold_current = 132000
            maintenance_work_request = work "repair" from MechanizedDepotElectronics actual:0 (target:0)
            max_colorization_materials_attaches = 3
            modifications = {...}
            name = 
            next_stockpile_idx = 1
            orig_terrain1 = 11
            orig_terrain2 = 5
            parent = {...}
            pillars = {...}
            pillars_org_pos = (1022, 0, 0)
            placed_cubes = {}
            placement_offset = (-1878, 938, 36)
            resource = Electronics
            resource_spots = {...}
            stock_lanes = {...}
            stock_max = 50000
            stockpiled_amount = 3185000
            stockpiled_resource = Electronics
            stockpiles = {...}
            task_requests = {...}
            total_stockpiled = 8863
            update_thread = thread: 000001B07B2978D0
            upgrade_id_to_modifiers = {}
            upgrade_modifiers = {}
            upgrade_on_off_state = {}
            upgrades_built = {}
            working = true
            true = userdata: 000001B000B2F930
        }
        MapArea = (102400, 102400)-(512000, 512000)
        MapSectors = {
            1 = {...}
            2 = {...}
            3 = {...}
            4 = {...}
            5 = {...}
            6 = {...}
            7 = {...}
            8 = {...}
            9 = {...}
            10 = {...}
            {...} = true
            {...} = true
            {...} = true
            {...} = true
            {...} = true
            {...} = true
            {...} = true
            {...} = true
            {...} = true
            {...} = true
            {...} = true
            {...} = true
            {...} = true
            {...} = true
            {...} = true
            {...} = true
            {...} = true
            {...} = true
            {...} = true
            {...} = true
            {...} = true
            {...} = true
            {...} = true
            {...} = true
            {...} = true
            {...} = true
            {...} = true
            {...} = true
            {...} = true
            {...} = true
            {...} = true
            {...} = true
            {...} = true
            {...} = true
            {...} = true
            {...} = true
            {...} = true
            {...} = true
            {...} = true
            {...} = true
            {...} = true
            {...} = true
            {...} = true
            {...} = true
            {...} = true
            {...} = true
            {...} = true
            {...} = true
            {...} = true
            {...} = true
            {...} = true
            {...} = true
            {...} = true
            {...} = true
            {...} = true
            {...} = true
            {...} = true
            {...} = true
            {...} = true
            {...} = true
            {...} = true
            {...} = true
            {...} = true
            {...} = true
            {...} = true
            {...} = true
            {...} = true
            {...} = true
            {...} = true
            {...} = true
            {...} = true
            {...} = true
            {...} = true
            {...} = true
            {...} = true
            {...} = true
            {...} = true
            {...} = true
            {...} = true
            {...} = true
            {...} = true
            {...} = true
            {...} = true
            {...} = true
            {...} = true
            {...} = true
            {...} = true
            {...} = true
            {...} = true
            {...} = true
            {...} = true
            {...} = true
            {...} = true
            {...} = true
            {...} = true
            {...} = true
            {...} = true
            {...} = true
            {...} = true
            {...} = true
        }
        air = { city = {...}, production_thread = thread: 000001B078803FE8, 1 = {...}, 2 = {...} }
        atmosphere_loss_today = 45
        atmosphere_loss_yesterday = 600
        available_prefabs = { DomeMegaTrigon = 1, MicroGAutoExtractorExoticMinerals = 4, MicroGAutoExtractorMetals = 5, MicroGAutoExtractorRareMetals = 4, MicroGAutoWaterExtractor = 4 }
        cascade_cable_deletion_dsiable_reasons = {}
        cascade_cable_deletion_enabled = true
        city = {loop!}
        colonist_heavy_update_time = 120000
        colony = {
            OutsourceResearchOrders = {}
            OutsourceResearchPoints = {}
            TechBoostPerField = {...}
            TechBoostPerTech = {}
            active_faction_quests = {}
            active_faction_task = false
            active_factions = {...}
            agenda_completed = false
            assembly_choice = IndependenceIntegrityEquality
            assembly_choice_faction_weights = {...}
            assembly_choice_goal = {...}
            asteroid_count = 3
            asteroids = {...}
            city_labels = {...}
            completed_faction_quests = {}
            completed_faction_tasks = {}
            compound_effects = {}
            construction_cost = {...}
            cur_policy_laws_state = {...}
            current_session = 116
            day = 337
            deposit_depth_exploitation_research_bonus = 1
            discover_idx = 162
            discoveries_made = {...}
            effects = {...}
            factions_approval = {...}
            factions_disaster = {}
            factions_tension = {...}
            factions_tension_warnings = {}
            factions_with_offered_agenda = {}
            funds = {...}
            global_tension = 26
            hardened_support_factions = {...}
            hour = 1
            in_session = true
            independence_progress = 3
            independence_progress_presets_completed = {...}
            instant_law_preparation_used = false
            label_effects = {}
            label_modifiers = {...}
            labels = {...}
            last_active_factions_update = 135180000
            legislature_largest_faction = ProsperityForMars
            legislature_members = {...}
            legislature_size = 100
            map_seed = 1212289065991454354
            minute = 50
            needed_specialist_cache = {...}
            needed_specialist_last_time = 241795083
            offered_agenda = false
            planetary_anomalies = {...}
            policies_prepared = {...}
            prev_policy_laws_state = {...}
            progress_begin_time = 241441843
            progress_end_time = 242161843
            recon_progress = 27240
            research_queue = {}
            selected_action_param = false
            selected_action_policy = false
            selected_action_target = false
            selected_faction_quests = {}
            session_action = none
            session_action_param = false
            session_thread = thread: 000001B08481C1D0
            tech_field = {...}
            tech_status = {...}
            tech_will_be_granted = false
            timed_out_faction_tasks = {...}
            underground_map_unlocked = true
            underground_passage_shown = true
            underground_welcome_shown = true
            unlocked_upgrades = {...}
        }
        construction_controllers = {
            ConstructionController = {...}
            GridConstructionController = {...}
            GridSwitchConstructionController = {...}
            LandscapeClearWasteRockController = {...}
            LandscapeRampController = {...}
            LandscapeTerraceController = {...}
            LandscapeTextureController = {...}
            LayoutConstructionController = {...}
            TunnelConstructionController = {...}
        }
        constructions_completed_today = 0
        consumption_resources_consumed_today = {
            BlackCube = 0
            Concrete = 0
            Electronics = 200
            Food = 2600
            Fuel = 10289
            MachineParts = 0
            Metals = 1113
            MysteryResource = 0
            Polymers = 0
            PreciousMetals = 705
            PreciousMinerals = 0
            Seeds = 1062
            WasteRock = 2500
        }
        consumption_resources_consumed_yesterday = {
            BlackCube = 0
            Concrete = 0
            Electronics = 31100
            Food = 293200
            Fuel = 128584
            MachineParts = 4500
            Metals = 16448
            MysteryResource = 0
            Polymers = 15900
            PreciousMetals = 9537
            PreciousMinerals = 0
            Seeds = 15742
            WasteRock = 60000
        }
        cur_sol_died = 0
        day = 337
        dome_networks = { {...} = 4, {...} = 1, {...} = 4, {...} = 3, {...} = 2, {...} = 3, {...} = 1, {...} = 1 }
        drone_prefabs = 4
        electricity = { city = {...}, production_thread = thread: 000001B080775920, 1 = {...}, 2 = {...} }
        fuel_for_rocket_refuel_today = 0
        fuel_for_rocket_refuel_yesterday = 0
        gathered_resources_today = {
            BlackCube = 0
            Concrete = 0
            Electronics = 0
            Food = 0
            Fuel = 0
            MachineParts = 0
            Metals = 0
            MysteryResource = 0
            Polymers = 0
            PreciousMetals = 0
            PreciousMinerals = 0
            Seeds = 1657
            WasteRock = 0
        }
        gathered_resources_total = {
            BlackCube = 0
            Concrete = 0
            Electronics = 0
            Food = 0
            Fuel = 0
            MachineParts = 0
            Metals = 1466000
            MysteryResource = 0
            Polymers = 19000
            PreciousMetals = 0
            PreciousMinerals = 0
            Seeds = 1889622
            WasteRock = 0
        }
        gathered_resources_yesterday = {
            BlackCube = 0
            Concrete = 0
            Electronics = 0
            Food = 0
            Fuel = 0
            MachineParts = 0
            Metals = 0
            MysteryResource = 0
            Polymers = 0
            PreciousMetals = 0
            PreciousMinerals = 0
            Seeds = 5069
            WasteRock = 0
        }
        handle = 1944122133
        hour = 1
        label_effects = {}
        label_modifiers = {
            Consts = {}
            LandscapeLake = {}
            MOXIE = {...}
            MoistureVaporator = {...}
            SolarPanelBase = {...}
            WindTurbine = {...}
            WindTurbine_Diffuser = {...}
            WindTurbine_Large = {...}
        }
        labels = {
            Accumulators = {...}
            Accumulators_Construction = {}
            Adult = {...}
            AllFarms = {...}
            AllFarms_Construction = {}
            AllRockets = {...}
            Amphitheater = {...}
            AmphitheaterBase = {...}
            Amphitheater_Construction = {}
            Anomaly = {}
            Apartments = {...}
            ApartmentsBase = {...}
            Apartments_Construction = {}
            Arcology = {...}
            ArcologyBase = {...}
            Arcology_Construction = {}
            ArtStores = {...}
            ArtStores_Construction = {}
            ArtWorkshop = {...}
            ArtWorkshopBase = {...}
            ArtWorkshop_Construction = {}
            ArtificialSun = {...}
            ArtificialSunBase = {...}
            ArtificialSun_Construction = {}
            AssemblyBase = {...}
            AtomicBattery = {...}
            AtomicBattery_Construction = {}
            BaseFarm = {}
            BaseResearchLab = {...}
            Battery_WaterFuelCell = {...}
            Battery_WaterFuelCell_Construction = {}
            BeautyEffectDeposit = {...}
            BioroboticsWorkshop = {...}
            BioroboticsWorkshopBase = {...}
            BioroboticsWorkshop_Construction = {}
            BrokenDrones = {}
            Building = {...}
            BuildingNoDomes = {...}
            CableConstructionSite = {}
            CarbonateProcessor = {...}
            CarbonateProcessorBase = {...}
            CarbonateProcessor_Construction = {}
            CargoShuttle = {...}
            CasinoComplex = {...}
            CasinoComplexBase = {...}
            CasinoComplex_Construction = {}
            Celebrity = {...}
            Child = {...}
            ClearWasteRockConstructionSite = {}
            Colonist = {...}
            ColonistFemale = {...}
            ColonistHighComfort = {...}
            ColonistMale = {...}
            ColonistOther = {...}
            Community = {...}
            ConcreteExtractors = {}
            ConcreteExtractors_Construction = {}
            ConstructionGroupLeader = {}
            ConstructionSite = {}
            ConstructionSiteWithHeightSurfaces = {}
            Consts = {...}
            DeadColonist = {}
            Decorations = {...}
            Decorations_Construction = {}
            DepositRevealer = {...}
            Depots = {...}
            Diner = {...}
            DinerBase = {...}
            Diner_Construction = {}
            Disappeared = {...}
            Dome = {...}
            DomeBasic = {...}
            DomeBasicBase = {...}
            DomeBasic_Construction = {}
            DomeMedium = {...}
            DomeMediumBase = {...}
            DomeMedium_Construction = {}
            DomeMega = {...}
            DomeMegaBase = {...}
            DomeMega_Construction = {}
            DomeNearBeautyDeposit = {...}
            DomeServices = {...}
            DomeServices_Construction = {}
            DomeSpires = {...}
            DomeSpires_Construction = {}
            Domes = {...}
            Domes_Construction = {}
            Drone = {...}
            DroneControl = {...}
            DroneFactory = {...}
            DroneFactoryBase = {...}
            DroneFactory_Construction = {}
            DroneHub = {...}
            DroneHubBase = {...}
            DroneHubExtender = {...}
            DroneHubExtenderBase = {...}
            DroneHubExtender_Construction = {}
            DroneHub_Construction = {}
            DroneHubs = {...}
            DroneHubs_Construction = {}
            DumpingSites = {...}
            DumpingSites_Construction = {}
            DustGenerator = {...}
            EffectDeposit = {...}
            EffectDepositMarker = {...}
            ElectricityGridElement_Construction = {}
            ElectricityStorage = {...}
            ElectricitySwitch_Construction = {}
            ElectronicsFactories = {...}
            ElectronicsFactories_Construction = {}
            ElectronicsFactory = {...}
            ElectronicsFactoryBase = {...}
            ElectronicsFactory_Construction = {}
            Elevator = {...}
            ElevatorBase = {...}
            Elevator_Construction = {}
            Employed = {...}
            EnlightenmentBuildings = {...}
            EnlightenmentBuildings_Construction = {}
            ExplorerRover = {...}
            Extractors = {...}
            Extractors_Construction = {}
            FactionObject = {...}
            FactionTargetBuilding = {...}
            FactoryBuildings = {...}
            FactoryBuildings_Construction = {}
            FarmHydroponic = {}
            Farms = {...}
            Farms_Construction = {}
            Female = {...}
            FoodProducers = {...}
            FoodProducers_Construction = {}
            ForestationPlant = {...}
            ForestationPlantBase = {...}
            ForestationPlant_Construction = {}
            Founder = {}
            FuelFactory = {...}
            FuelFactoryBase = {...}
            FuelFactory_Construction = {}
            FungalFarm = {...}
            FungalFarmBase = {...}
            FungalFarm_Construction = {}
            FusionReactor = {...}
            FusionReactorBase = {...}
            FusionReactor_Construction = {}
            GHGFactory = {...}
            GHGFactoryBase = {...}
            GHGFactory_Construction = {}
            GardenStone = {...}
            GardenStone_Construction = {}
            Genius = {...}
            GeoscapeDome = {...}
            GeoscapeDomeBase = {...}
            GeoscapeDome_Construction = {}
            Glutton = {...}
            GridSwitchConstructionSite = {}
            Groceries = {...}
            Groceries_Construction = {}
            Grocery = {...}
            Habitats = {...}
            Habitats_Construction = {}
            HangingGardens = {...}
            HangingGardensBase = {...}
            HangingGardens_Construction = {}
            Hidden = {...}
            Hidden_Construction = {}
            Homeless = {...}
            Hospital = {...}
            HospitalCCP1 = {...}
            HospitalCCP1_Construction = {}
            Hotel = {}
            HotelBase = {}
            Hotel_Construction = {}
            HydroponicFarm = {}
            HydroponicFarm_Construction = {}
            Infirmary = {...}
            InfirmaryBase = {...}
            Infirmary_Construction = {}
            Infrastructure = {...}
            Infrastructure_Construction = {}
            InsideBuildings = {...}
            InsideBuildings_Construction = {}
            InsideFarm = {}
            InsideFarm_Construction = {}
            InsidePasture = {...}
            InsidePastureBase = {...}
            InsidePasture_Construction = {}
            Lakes = {...}
            Lakes_Construction = {}
            LanderRocket = {...}
            LandingPad = {...}
            LandingPadBase = {...}
            LandingPad_Construction = {}
            LandingPads = {...}
            LandingPads_Construction = {}
            LandscapeClearWasteRock_Construction = {}
            LandscapeConstructionSite = {}
            LandscapeLake = {...}
            LandscapeLakeBig = {...}
            LandscapeLakeBig_Construction = {}
            LandscapeLakeHuge = {...}
            LandscapeLakeHuge_Construction = {}
            LandscapeLakeMid = {...}
            LandscapeLakeMid_Construction = {}
            LandscapeLakeSmall = {...}
            LandscapeLakeSmall_Construction = {}
            LandscapeTerrace_Construction = {}
            LandscapeTextureBuildings_Construction = {}
            LandscapeTextureSandChaos_Construction = {}
            Landscaping_Construction = {}
            LargeNursery = {...}
            LargeNurseryCCP1 = {...}
            LargeNurseryCCP1_Construction = {}
            LargeResidence = {...}
            LargeResidence_Construction = {}
            LargeWaterTank = {...}
            LargeWaterTank_Construction = {}
            LifeSupport = {...}
            LifeSupportGridElement_Construction = {}
            LifeSupport_Construction = {}
            LowGAmusementPark = {...}
            LowGAmusementParkBase = {...}
            LowGAmusementPark_Construction = {}
            MDSLaser = {...}
            MDSLaserBase = {...}
            MDSLaser_Construction = {}
            MOXIE = {...}
            MOXIEBase = {...}
            MOXIE_Construction = {}
            MachineFactories = {...}
            MachineFactories_Construction = {}
            MachinePartsFactory = {...}
            MachinePartsFactoryBase = {...}
            MachinePartsFactory_Construction = {}
            MagneticFieldGenerator = {...}
            MagneticFieldGeneratorBase = {...}
            MagneticFieldGenerator_Construction = {}
            Male = {...}
            MapSharedDepot = {...}
            MartianAssembly = {...}
            MartianAssembly_Construction = {}
            MartianUniversity = {...}
            MartianUniversityBase = {...}
            MartianUniversity_Construction = {}
            Martianborn = {...}
            MechanizedDepot = {...}
            MechanizedDepotConcrete = {...}
            MechanizedDepotConcrete_Construction = {}
            MechanizedDepotElectronics = {...}
            MechanizedDepotElectronics_Construction = {}
            MechanizedDepotFood = {...}
            MechanizedDepotFood_Construction = {}
            MechanizedDepotFuel = {...}
            MechanizedDepotFuel_Construction = {}
            MechanizedDepotMachineParts = {...}
            MechanizedDepotMachineParts_Construction = {}
            MechanizedDepotRareMetals = {...}
            MechanizedDepotRareMetals_Construction = {}
            MechanizedDepotRareMinerals = {...}
            MechanizedDepotRareMinerals_Construction = {}
            MechanizedDepotSeeds = {...}
            MechanizedDepotSeeds_Construction = {}
            MechanizedDepots = {...}
            MechanizedDepots_Construction = {}
            MedicalBuilding = {...}
            MedicalBuilding_Construction = {}
            MedicalCenter = {}
            MedicalCenterBase = {}
            MedicalCenter_Construction = {}
            MedicalPost = {...}
            MedicalPostCCP1 = {...}
            MedicalPostCCP1_Construction = {}
            MedicalStations = {...}
            MedicalStations_Construction = {}
            MediumLargeDomes = {...}
            MediumLargeDomes_Construction = {}
            MegaMall = {...}
            MegaMallBase = {...}
            MegaMall_Construction = {}
            MetalExtractors = {...}
            MetalExtractors_Construction = {}
            MetalsExtractor = {...}
            MetalsExtractorBase = {...}
            MetalsExtractor_Construction = {}
            Middle Aged = {...}
            MoistureVaporator = {...}
            MoistureVaporatorBase = {...}
            MoistureVaporator_Construction = {}
            Nerd = {...}
            NuclearBuildings = {...}
            NuclearBuildings_Construction = {}
            Nurseries = {...}
            Nurseries_Construction = {}
            OmegaTelescope = {...}
            OmegaTelescopeBase = {...}
            OmegaTelescope_Construction = {}
            OpenAirBuilding = {...}
            OpenAirGym = {...}
            OpenAirGymBase = {...}
            OpenAirGym_Construction = {}
            OpenPasture = {...}
            OpenPastureBase = {...}
            OpenPasture_Construction = {}
            OrbitalProbe = {}
            OrphanDrone = {}
            OutsideBuildings = {...}
            OutsideBuildingsTargets = {...}
            OutsideBuildingsTargets_Construction = {}
            OutsideBuildings_Construction = {}
            OxygenTank = {...}
            OxygenTankBase = {...}
            OxygenTankLarge = {...}
            OxygenTank_Construction = {}
            OxygenTank_Large = {...}
            OxygenTank_Large_Construction = {}
            OxygenTanks = {...}
            OxygenTanks_Construction = {}
            Parks = {...}
            Parks_Construction = {}
            Passage = {...}
            PassageBase = {...}
            PassageConstructionSite = {}
            PassageGridElement = {...}
            PassageGridElement_Construction = {}
            PassageRamp = {...}
            PassageRampBase = {...}
            PassageRamp_Construction = {}
            Pasture = {...}
            PipeConstructionSite = {}
            Playground = {...}
            PlaygroundBase = {...}
            Playground_Construction = {}
            PodLandingSite = {}
            Politics = {...}
            Politics_Construction = {}
            PolymerPlant = {...}
            PolymerPlantBase = {...}
            PolymerPlant_Construction = {}
            Power = {...}
            Power_Construction = {}
            PreciousMetalsExtractor = {...}
            PreciousMetalsExtractorBase = {...}
            PreciousMetalsExtractor_Construction = {}
            Production = {...}
            Production_Construction = {}
            RCExplorerBuilding = {}
            RCExplorerBuildingBase = {}
            RCExplorerBuilding_Construction = {}
            RCRover = {...}
            RCRoverAndChildren = {...}
            RCSafari = {...}
            RCTerraformer = {...}
            RCTerraformerBuilding = {}
            RCTerraformerBuildingBase = {}
            RCTerraformerBuilding_Construction = {}
            RCTransport = {...}
            RCTransportAndChildren = {...}
            Ranches = {...}
            Ranches_Construction = {}
            RechargeStation = {...}
            RechargeStationBase = {...}
            RechargeStation_Construction = {}
            Recharger = {...}
            ReconCenter = {...}
            ReconCenterBase = {...}
            ReconCenter_Construction = {}
            RegolithExtractor = {}
            RegolithExtractorBase = {}
            RegolithExtractor_Construction = {}
            Renegade = {...}
            ResearchBuildings = {...}
            ResearchBuildings_Construction = {}
            ResearchEffectDeposit = {...}
            ResearchLabs = {...}
            ResearchLabs_Construction = {}
            Residence = {...}
            Residence_Construction = {}
            ResourceExploiter = {...}
            ResourceProducer = {...}
            ResourceStockpile = {...}
            RocketExpedition = {}
            RocketLandingSite = {...}
            RocketLandingSiteBase = {...}
            RoundDomes = {...}
            RoundDomes_Construction = {}
            Rover = {...}
            Rovers = {}
            Rovers_Construction = {}
            Sanatorium = {...}
            SanatoriumBase = {...}
            Sanatorium_Construction = {}
            School = {...}
            SchoolBase = {...}
            SchoolSpire = {...}
            SchoolSpireCCP1 = {...}
            SchoolSpireCCP1_Construction = {}
            School_Construction = {}
            ScienceInstitute = {...}
            ScienceInstitute_Construction = {}
            SecretPolice = {...}
            SecretPoliceBase = {...}
            SecretPolice_Construction = {}
            SecurityBuildings = {...}
            SecurityBuildings_Construction = {}
            SecurityPost = {...}
            SecurityPostCCP1 = {...}
            SecurityPostCCP1_Construction = {}
            SecurityStation = {...}
            SecurityStationBase = {...}
            SecurityStation_Construction = {}
            SecurityStations = {...}
            SecurityStations_Construction = {}
            Senior = {...}
            SeniorsResidence = {...}
            SeniorsResidenceCCP1 = {...}
            SeniorsResidenceCCP1_Construction = {}
            SeniorsResidence_Construction = {}
            SensorTower = {...}
            SensorTowerBase = {...}
            SensorTower_Construction = {}
            Service = {...}
            ServiceBuildings = {...}
            ServiceBuildings_Construction = {}
            ServiceWorkplace = {...}
            ShiftsBuilding = {...}
            ShopsElectronics = {...}
            ShopsElectronics_Construction = {}
            ShopsFood = {...}
            ShopsFood_Construction = {}
            ShopsFood_Small = {...}
            ShopsFood_Small_Construction = {}
            ShopsJewelry = {...}
            ShopsJewelry_Construction = {}
            ShuttleHub = {...}
            ShuttleHubBase = {...}
            ShuttleHub_Construction = {}
            ShuttleHubs = {...}
            ShuttleHubs_Construction = {}
            SmallResidence = {...}
            SmallResidence_Construction = {}
            SmartApartments = {...}
            SmartApartmentsCCP1 = {...}
            SmartApartmentsCCP1_Construction = {}
            SmartHome = {}
            SmartHomeBase = {...}
            SmartHome_Construction = {}
            SmartHome_Small = {...}
            SmartHome_Small_Construction = {}
            SmartHomes = {...}
            SmartHomes_Construction = {}
            SmartResidence = {...}
            SmartResidence_Construction = {}
            SoilRemove = {...}
            SolarPanel = {...}
            SolarPanelBase = {...}
            SolarPanelBase_Construction = {}
            SolarPanelBig = {...}
            SolarPanelBig_Construction = {}
            SolarPanelBuilding = {...}
            SolarPanelCommon = {...}
            SolarPanel_Construction = {}
            SolarPanels = {...}
            SolarPanels_Construction = {}
            Spacebar = {...}
            SpacebarBase = {...}
            Spacebar_Construction = {}
            Spacebar_Small = {...}
            Spacebar_Small_Construction = {}
            Spacebars = {...}
            Spacebars_Construction = {}
            Station = {...}
            StationSmall = {...}
            StationSmall_Construction = {}
            Stations = {...}
            Stations_Construction = {}
            StirlingGenerator = {...}
            StirlingGeneratorBase = {...}
            StirlingGenerator_Construction = {}
            StirlingGenerators = {...}
            StirlingGenerators_Construction = {}
            StorageConcrete = {...}
            StorageElectronics = {...}
            StorageFood = {...}
            StorageFuel = {...}
            StorageMachineParts = {...}
            StorageMetals = {...}
            StoragePolymers = {...}
            StorageRareMetals = {...}
            StorageRareMinerals = {...}
            StorageSeeds = {...}
            Storages = {...}
            Storages_Construction = {}
            SubsurfaceAnomalyMarker = {...}
            SubsurfaceDeposit = {...}
            SubsurfaceDepositMarker = {...}
            SupplyPod = {}
            SupplyRocket = {...}
            SurfaceDeposit = {...}
            SurfaceDepositMarker = {...}
            SurfaceDomes = {...}
            SurfaceDomes_Construction = {}
            Suspended = {}
            TVStudioWorkshop = {...}
            TVStudioWorkshopCCP1 = {...}
            TVStudioWorkshopCCP1_Construction = {}
            Terraforming = {...}
            TerraformingBuilding = {...}
            TerraformingBuilding_Construction = {}
            Terraforming_Construction = {}
            TerrainDeposit = {...}
            TerrainDepositMarker = {...}
            TerrainPaintConstructionSite = {}
            Tourist = {}
            ToxicPool = {...}
            TrackBase = {...}
            TrackConstructionSite = {}
            TrackGridElement_Construction = {}
            TrackTunnelBase = {...}
            TradePad = {...}
            TradePadBase = {...}
            TradePadRocket = {}
            TradePad_Construction = {}
            Train = {...}
            TrainingBuilding = {...}
            TraitAlcoholic = {...}
            TraitAmerican = {...}
            TraitChronicCondition = {...}
            TraitComposed = {...}
            TraitCoward = {...}
            TraitEnglish = {...}
            TraitEnthusiast = {...}
            TraitExtrovert = {...}
            TraitFit = {...}
            TraitGambler = {...}
            TraitGamer = {...}
            TraitGerman = {...}
            TraitGuru = {...}
            TraitHippie = {...}
            TraitHypochondriac = {...}
            TraitIdiot = {...}
            TraitIntrovert = {...}
            TraitLazy = {...}
            TraitMars = {...}
            TraitMelancholic = {...}
            TraitOtherGender = {...}
            TraitReligious = {...}
            TraitRugged = {...}
            TraitSafari = {}
            TraitSaint = {...}
            TraitSexy = {...}
            TraitSurvivor = {...}
            TraitVegan = {...}
            TraitWhiner = {...}
            TraitWorkaholic = {...}
            TriboelectricScrubber = {...}
            TriboelectricScrubberBase = {...}
            TriboelectricScrubber_Construction = {}
            TunnelConstructionSite = {}
            Tunnel_Construction = {}
            UndergroundPassage = {...}
            UndergroundPassageBase = {...}
            UndergroundTunnelMarker = {...}
            Unemployed = {...}
            Unit = {...}
            UniversalHomes = {...}
            UniversalHomes_Construction = {}
            UniversalLanderRocket = {...}
            UniversalRocket = {}
            UniversalRocketBase = {...}
            UniversalStorageDepot = {...}
            UniversalStorageDepotBase = {...}
            UniversalSupplyPod = {}
            UniversalSupplyPodBase = {}
            UniversalTunnel = {...}
            UniversalTunnel_Construction = {}
            UniversalZeusRocket = {...}
            VRWorkshop = {...}
            VRWorkshopBase = {...}
            VRWorkshop_Construction = {}
            Vista = {...}
            WasteRockDumpHuge = {...}
            WasteRockDumpHuge_Construction = {}
            WasteRockDumpSite = {...}
            WasteRockProcessor = {}
            WasteRockProcessorBase = {}
            WasteRockProcessor_Construction = {}
            WaterBuilding = {...}
            WaterBuilding_Construction = {}
            WaterExtractor = {...}
            WaterExtractorBase = {...}
            WaterExtractor_Construction = {}
            WaterTank = {...}
            WaterTankBase = {...}
            WaterTankLarge = {...}
            WaterTank_Construction = {}
            WaterTanks = {...}
            WaterTanks_Construction = {}
            WindTurbine = {...}
            WindTurbineBase = {...}
            WindTurbine_Construction = {}
            WindTurbine_Diffuser = {...}
            WindTurbine_Diffuser_Construction = {}
            WindTurbines = {...}
            WindTurbines_Construction = {}
            Wonders = {...}
            Wonders_Construction = {}
            Workforce = {...}
            Workplace = {...}
            Workshop = {...}
            Workshop_Construction = {}
            Workshops = {...}
            Workshops_Construction = {}
            Youth = {...}
            botanist = {...}
            engineer = {...}
            geologist = {...}
            interestDining = {...}
            interestDrinking = {...}
            interestExercise = {...}
            interestGambling = {...}
            interestGaming = {...}
            interestLuxury = {...}
            interestPlaying = {...}
            interestRelaxation = {...}
            interestShopping = {...}
            interestSocial = {...}
            medic = {...}
            needFood = {...}
            needMedical = {...}
            none = {...}
            scientist = {...}
            security = {...}
        }
        last_export = { PreciousMinerals = {...} }
        last_sol_died = 0
        maintenance_resources_consumed_today = {
            BlackCube = 0
            Concrete = 1000
            Electronics = 0
            Food = 0
            Fuel = 0
            MachineParts = 0
            Metals = 0
            MysteryResource = 0
            Polymers = 3000
            PreciousMetals = 0
            PreciousMinerals = 0
            Seeds = 0
            WasteRock = 0
        }
        maintenance_resources_consumed_yesterday = {
            BlackCube = 0
            Concrete = 3300
            Electronics = 24200
            Food = 0
            Fuel = 0
            MachineParts = 13500
            Metals = 8000
            MysteryResource = 0
            Polymers = 21000
            PreciousMetals = 0
            PreciousMinerals = 0
            Seeds = 0
            WasteRock = 0
        }
        minute = 50
        needed_specialist_cache = { botanist = 37, engineer = 177, geologist = 0, medic = 26, scientist = 27, security = 36 }
        needed_specialist_last_time = 241795083
        produced_terraforming_today = { Atmosphere = 25, Temperature = 12, Vegetation = 10, Water = 52 }
        produced_terraforming_yesterday = { Atmosphere = 600, Temperature = 144, Vegetation = 132, Water = 592 }
        queued_resupply = {}
        selected_dome = { {...} = {...} }
        selected_dome_unit_tracking_thread = thread: 000001B0815BE568
        total_export = { PreciousMinerals = 100000 }
        train_track_routes = { {...} = {...}, {...} = {...}, {...} = {...}, {...} = {...}, {...} = {...}, {...} = {...}, {...} = {...}, {...} = {...}, {...} = {...}, {...} = {...}, {...} = {...} }
        ts_buildings = { data = {...}, next_index = 335 }
        ts_colonists = { data = {...}, next_index = 335 }
        ts_colonists_homeless = { data = {...}, next_index = 335 }
        ts_colonists_unemployed = { data = {...}, next_index = 335 }
        ts_constructions_completed = { data = {...}, next_index = 335 }
        ts_drones = { data = {...}, next_index = 335 }
        ts_resources = {
            Concrete = {...}
            Electronics = {...}
            Food = {...}
            Fuel = {...}
            MachineParts = {...}
            Metals = {...}
            Polymers = {...}
            PreciousMetals = {...}
            PreciousMinerals = {...}
            Seeds = {...}
            WasteRock = {...}
        }
        ts_resources_grid = { air = {...}, electricity = {...}, water = {...} }
        ts_shuttles = { data = {...}, next_index = 335 }
        ts_terraforming = { Atmosphere = {...}, Temperature = {...}, Vegetation = {...}, Water = {...} }
        ts_trains = { data = {...}, next_index = 335 }
        water = { city = {...}, production_thread = thread: 000001B08015CA98, 1 = {...}, 2 = {...}, 3 = {...}, 4 = {...}, 5 = {...} }
        true = userdata: 000001B000D159F8
    }
    clones_created = 0
    command_centers = {
        {
            AccumulateMaintenancePoints = function: 000001B0765FA8B0
            FuelResourceAmount = 30000
            GetPriorityForRequest = function: 000001B071506708
            RocketType = SupplyRocket
            UIWorkRadius = 35
            accept_requester_connects = true
            accumulate_maintenance_points = false
            are_requesters_connected = true
            arrival_loc = false
            arrival_time = false
            auto_connect = true
            auto_mode_on = false
            automode_start_time = false
            base_FuelResourceAmount = 50000
            base_PassengerOrbitLifetime = 3600000
            base_cargo_capacity = false
            base_construction_cost_BlackCube = 0
            base_construction_cost_Concrete = 0
            base_construction_cost_Electronics = 20000
            base_construction_cost_MachineParts = 0
            base_construction_cost_Metals = 60000
            base_construction_cost_Polymers = 0
            base_construction_cost_PreciousMetals = 0
            base_construction_cost_PreciousMinerals = 0
            base_construction_cost_WasteRock = 0
            base_consumption_amount = 1000
            base_disable_maintenance = 0
            base_in_dome_construction_modifier = 100
            base_maintenance_build_up_per_hr = 600
            base_maintenance_resource_amount = 1000
            base_maintenance_threshold_base = 100000
            base_salvage_modifier = 100
            base_show_service_area = true
            base_sight_satisfaction = 0
            base_sight_visible_size = 0
            base_upgrade1_consumption_amount = 1000
            base_upgrade2_consumption_amount = 1000
            base_upgrade3_consumption_amount = 1000
            base_work_radius = 35
            boarded = {...}
            boarding = {}
            bonus_sleep_time = false
            box_height = 100
            cargo = {...}
            cargo_request_passengers = false
            category = false
            charging_progress = 0
            charging_time_left = false
            city = {...}
            command = CmdWaitOrder
            command_centers = {...}
            command_destructors = {...}
            command_thread = thread: 000001B0760A7A88
            connected_task_requesters = {...}
            constructions = {}
            copy_forbidden_resources = false
            creation_time = 0
            deficit_table = {...}
            deficit_thread = thread: 000001B07A34CD58
            demand = {...}
            demand_queues = {...}
            departure_loc = {...}
            departure_thread = thread: 000001B077FCB1E8
            departures = {}
            drone_charged = false
            drones = {}
            drones_entering = {}
            drones_exiting = {}
            drones_in_queue_to_charge = {}
            dust_thread = thread: 000001B075E34AF8
            entrance_fallback = {...}
            export_above = false
            flight_time = false
            free_landing_slots = 0
            fx_working = true
            handle = 1063
            has_free_landing_slots = false
            heavy_workload_time = false
            import_below = false
            initialized = true
            is_paused = false
            landed = true
            landing_slots = {}
            lap_start = 62116918
            lap_time = 1438
            launch_time = false
            modifications = {...}
            name = Minotaur #6
            pin_blink = false
            pin_rollover = {...}
            pin_rollover_hint = userdata: FF00000000001DB4
            pin_rollover_hint_xbox = userdata: FF00000000000DD9
            pin_travel_origin_map = false
            pinned_on_map = {...}
            placed_cubes = {}
            placement = false
            placement_offset = {}
            priority_queue = {...}
            promoted_trees = {...}
            queued_shuttles = {}
            refuel_start_time = 200989930
            rename_allowed = true
            reserved_landing_sites = {...}
            resource = {...}
            resource_spots = {...}
            restrictor_tables = {...}
            restrictor_update_mask = 0
            restrictor_update_thread = thread: 000001B084356758
            serviced_rockets = {...}
            serviced_wasterock_dumps = {...}
            show_service_area = true
            signs = {}
            stockpiled_amount = {...}
            storable_resources = {...}
            supply = {...}
            supply_queues = {...}
            task_requests = {...}
            thread_running_destructors = false
            transported_passengers = {}
            transported_rovers = {}
            under_construction = {}
            units = {}
            update_constructions_thread = thread: 000001B07B475B58
            update_thread = thread: 000001B084357238
            upgrade_id_to_modifiers = {}
            upgrade_modifiers = {}
            upgrade_on_off_state = {}
            upgrades_built = {}
            visual_cubes = {}
            waypoint_chains = {...}
            working = true
            true = userdata: 000001B000E9E260
        }
        {
            UIWorkRadius = 50
            accumulated_maintenance_points = 139200
            are_requesters_connected = true
            base_construction_cost_BlackCube = 0
            base_construction_cost_Concrete = 0
            base_construction_cost_Electronics = 8000
            base_construction_cost_MachineParts = 0
            base_construction_cost_Metals = 12000
            base_construction_cost_Polymers = 0
            base_construction_cost_PreciousMetals = 0
            base_construction_cost_PreciousMinerals = 0
            base_construction_cost_WasteRock = 0
            base_consumption_amount = 1000
            base_disable_electricity_consumption = 0
            base_disable_maintenance = 0
            base_dome_comfort = 0
            base_dome_morale = 0
            base_electricity_consumption = 3000
            base_in_dome_construction_modifier = 100
            base_maintenance_build_up_per_hr = 600
            base_maintenance_resource_amount = 1000
            base_maintenance_threshold_base = 100000
            base_salvage_modifier = 100
            base_service_area_max = 35
            base_service_area_min = 5
            base_show_service_area = true
            base_sight_satisfaction = 0
            base_sight_visible_size = 0
            base_starting_drones = 4
            base_upgrade1_consumption_amount = 1000
            base_upgrade2_consumption_amount = 1000
            base_upgrade3_consumption_amount = 1000
            base_work_radius = 35
            charging_stations = {...}
            city = {...}
            command_centers = {...}
            connected_task_requesters = {...}
            construction_cost_at_completion = {...}
            constructions = {}
            creation_time = 13999372
            deficit_table = {...}
            deficit_thread = thread: 000001B084070DE0
            demand_queues = {...}
            drones = {...}
            electricity = {...}
            fx_working = true
            grids_applied = true
            handle = 1457
            heavy_workload_time = false
            init_with_skin = false
            lap_start = 241793875
            lap_time = 2010
            last_enter_maintenance_mode_ts = 234669372
            last_maintenance_points_accumulation_ts = 234839337
            last_maintenance_points_full_ts = false
            last_maintenance_serviced_ts = 234839337
            linked_extenders = {...}
            maintenance_phase = false
            maintenance_request_lookup = {...}
            maintenance_resource_request = demand "Electronics" from DroneHub actual:0 (target:0)
            maintenance_threshold_base = 120000
            maintenance_threshold_current = 142800
            maintenance_work_request = work "repair" from DroneHub actual:0 (target:0)
            max_colorization_materials_attaches = 3
            modifications = {...}
            name = 
            no_requests_time = 241793875
            orig_terrain1 = 22
            orig_terrain2 = 5
            priority_queue = {...}
            promoted_trees = {...}
            resource_spots = {...}
            restrictor_tables = {...}
            restrictor_update_mask = 0
            restrictor_update_thread = thread: 000001B07E9B1D88
            service_area_max = 50
            serviced_rockets = {...}
            serviced_wasterock_dumps = {...}
            signs = {}
            starting_drones = 6
            supply_queues = {...}
            task_requests = {...}
            under_construction = {}
            units = {}
            update_constructions_thread = thread: 000001B07920D1D0
            update_thread = thread: 000001B08171BBF0
            upgrade_id_to_modifiers = {}
            upgrade_modifiers = {}
            upgrade_on_off_state = {}
            upgrades_built = {}
            veg_management_thread = thread: 000001B06ED77EE0
            waypoint_chains = {...}
            work_radius = 50
            working = true
            true = userdata: 000001B00133B4B0
        }
        {
            UIWorkRadius = 50
            accumulated_maintenance_points = 85000
            alt_entity_2_sponsor = {...}
            are_requesters_connected = true
            base_construction_cost_BlackCube = 0
            base_construction_cost_Concrete = 0
            base_construction_cost_Electronics = 8000
            base_construction_cost_MachineParts = 0
            base_construction_cost_Metals = 12000
            base_construction_cost_Polymers = 0
            base_construction_cost_PreciousMetals = 0
            base_construction_cost_PreciousMinerals = 0
            base_construction_cost_WasteRock = 0
            base_consumption_amount = 1000
            base_disable_electricity_consumption = 0
            base_disable_maintenance = 0
            base_dome_comfort = 0
            base_dome_morale = 0
            base_electricity_consumption = 3000
            base_in_dome_construction_modifier = 100
            base_maintenance_build_up_per_hr = 600
            base_maintenance_resource_amount = 1000
            base_maintenance_threshold_base = 100000
            base_salvage_modifier = 100
            base_service_area_max = 35
            base_service_area_min = 5
            base_show_service_area = true
            base_sight_satisfaction = 0
            base_sight_visible_size = 0
            base_starting_drones = 4
            base_upgrade1_consumption_amount = 1000
            base_upgrade2_consumption_amount = 1000
            base_upgrade3_consumption_amount = 1000
            base_work_radius = 35
            charging_stations = {...}
            city = {...}
            command_centers = {...}
            connected_task_requesters = {...}
            constructions = {}
            creation_time = 144666
            deficit_table = {...}
            deficit_thread = thread: 000001B07DED1AC0
            demand_queues = {...}
            demolish_sinking = {...}
            demolish_tilt_angle = {...}
            drones = {...}
            electricity = {...}
            fx_working = true
            grids_applied = true
            handle = 1078
            heavy_workload_time = false
            init_with_skin = false
            lap_start = 241794133
            lap_time = 1234
            last_enter_maintenance_mode_ts = 239580526
            last_maintenance_points_accumulation_ts = 239652641
            last_maintenance_points_full_ts = false
            last_maintenance_serviced_ts = 239652641
            linked_extenders = {...}
            maintenance_phase = false
            maintenance_request_lookup = {...}
            maintenance_resource_request = demand "Electronics" from DroneHub actual:0 (target:0)
            maintenance_threshold_base = 120000
            maintenance_threshold_current = 138000
            maintenance_work_request = work "repair" from DroneHub actual:0 (target:0)
            max_colorization_materials_attaches = 3
            modifications = {...}
            name = 
            no_requests_time = 241794133
            priority_queue = {...}
            promoted_trees = {...}
            resource_spots = {...}
            restrictor_tables = {...}
            restrictor_update_mask = 0
            restrictor_update_thread = thread: 000001B07D9E0CF8
            service_area_max = 50
            serviced_rockets = {...}
            serviced_wasterock_dumps = {...}
            signs = {}
            starting_drones = 6
            supply_queues = {...}
            task_requests = {...}
            under_construction = {}
            units = {}
            update_constructions_thread = thread: 000001B07EC68BC0
            update_thread = thread: 000001B082612940
            upgrade_id_to_modifiers = {}
            upgrade_modifiers = {}
            upgrade_on_off_state = {}
            upgrades_built = {}
            veg_management_thread = thread: 000001B075ABD170
            waypoint_chains = {...}
            work_radius = 50
            working = true
            true = userdata: 000001B000B79608
        }
    }
    connected_domes = { {...} = 1, {...} = 1 }
    connected_passages = { {...} = true, {...} = true }
    connected_version = 2
    connections = { 3 = { {...} }, 9 = { {...} } }
    connections_skin_name = Default
    construction_cost_at_completion = { Concrete = 80000, Metals = 20000, Polymers = 10000 }
    creation_time = 1132513
    cupola_attach = { { SetSIModulation = function: 000001B0765FA8B0, handle = 6159086376, true = userdata: 000001B000EEDA30 } }
    cupola_interior_marker = { true = userdata: 000001B000EEB9E8 }
    daily_birth_progress = 3400356
    dome_comfort = 30000
    dome_dist_version = 24
    dome_entrances = {
        { handle = 5967487580, leadin_chain = {...}, leadout_chain = {...}, waypoint_chains = {...}, true = userdata: 000001B000EEC0E0 }
        { handle = 5649294274, leadin_chain = {...}, leadout_chain = {...}, waypoint_chains = {...}, true = userdata: 000001B000EEC950 }
        { handle = 5586456614, leadin_chain = {...}, leadout_chain = {...}, waypoint_chains = {...}, true = userdata: 000001B000EED1C0 }
    }
    dust_lerp_thread = false
    electricity = {
        building = {loop!}
        consumption = 12000
        consumption_lifetime = 116484000
        consumption_today = 12000
        consumption_yesterday = 288000
        current_consumption = 12000
        grid = {
            all_consumers_supplied = true
            charge = 0
            cities = {...}
            city = {...}
            city_elements = {...}
            connectors = {...}
            consumers = {...}
            consumption = 3109210
            consumption_for_overview = 3109210
            current_consumption = 3109210
            current_production = 3397749
            current_reserve = 848539
            current_storage = 14400000
            current_storage_change = 0
            current_throttled_production = 0
            current_waste = 288539
            discharge = 560000
            dust_thread = thread: 000001B07EF79F38
            elements = {...}
            handle = 9850426874
            overlay_id = 5
            producers = {...}
            production = 3397749
            sort_consumers = false
            storages = {...}
            throttled_production = 0
            update_consumer_state = false
            update_thread = thread: 000001B07B2975D8
            update_visuals = false
            update_visuals_args = false
            true = userdata: 000001B0026D5008
        }
        grid_to_grid_connections = false
        sort_index = 300001
    }
    electricity_consumption = 12000
    fertile_female = 47
    fertile_male = 55
    fracture_demand_request = demand "Polymers" from DomeBasic actual:0 (target:0)
    fracture_work_request = work "repair" from DomeBasic actual:0 (target:0)
    fractures = {}
    fractures_oxygen_modifier = { amount = 0, is_applied = true, percent = 0, prop = air_consumption, target = {loop!} }
    free_landing_slots = 3
    free_spaces = { exclusive = 0, inclusive = 0, traits = {} }
    future_is_open = false
    fx_working = true
    grids_applied = true
    handle = 1243
    has_free_landing_slots = true
    heat_lerp_thread = false
    init_with_skin = false
    label_effects = {}
    label_modifiers = { Religious = { {...} = {...}, {...} = {...} }, TraitReligious = { {...} = {...}, {...} = {...}, {...} = {...}, {...} = {...}, {...} = {...}, {...} = {...} } }
    labels = {
        Adult = {
            1 = {...}
            2 = {...}
            3 = {...}
            4 = {...}
            5 = {...}
            6 = {...}
            7 = {...}
            8 = {...}
            9 = {...}
            10 = {...}
            11 = {...}
            12 = {...}
            13 = {...}
            14 = {...}
            15 = {...}
            16 = {...}
            17 = {...}
            18 = {...}
            19 = {...}
            20 = {...}
            21 = {...}
            22 = {...}
            23 = {...}
            24 = {...}
            25 = {...}
            26 = {...}
            27 = {...}
            28 = {...}
            29 = {...}
            30 = {...}
            31 = {...}
            32 = {...}
            33 = {...}
            34 = {...}
            35 = {...}
            {...} = true
            {...} = true
            {...} = true
            {...} = true
            {...} = true
            {...} = true
            {...} = true
            {...} = true
            {...} = true
            {...} = true
            {...} = true
            {...} = true
            {...} = true
            {...} = true
            {...} = true
            {...} = true
            {...} = true
            {...} = true
            {...} = true
            {...} = true
            {...} = true
            {...} = true
            {...} = true
            {...} = true
            {...} = true
            {...} = true
            {...} = true
            {...} = true
            {...} = true
            {...} = true
            {...} = true
            {...} = true
            {...} = true
            {...} = true
            {...} = true
        }
        AllFarms = {}
        AllFarms_Construction = {}
        Arcology = { 1 = {...}, {...} = true }
        ArcologyBase = { 1 = {...}, {...} = true }
        Building = {
            1 = {...}
            2 = {...}
            3 = {...}
            4 = {...}
            5 = {...}
            6 = {...}
            7 = {...}
            8 = {...}
            9 = {...}
            10 = {...}
            11 = {...}
            12 = {...}
            13 = {...}
            14 = {...}
            15 = {...}
            16 = {...}
            17 = {...}
            18 = {...}
            19 = {...}
            {...} = true
            {...} = true
            {...} = true
            {...} = true
            {...} = true
            {...} = true
            {...} = true
            {...} = true
            {...} = true
            {...} = true
            {...} = true
            {...} = true
            {...} = true
            {...} = true
            {...} = true
            {...} = true
            {...} = true
            {...} = true
            {...} = true
        }
        Celebrity = { 1 = {...}, {...} = true }
        Child = {
            1 = {...}
            2 = {...}
            3 = {...}
            4 = {...}
            5 = {...}
            6 = {...}
            7 = {...}
            8 = {...}
            9 = {...}
            10 = {...}
            11 = {...}
            12 = {...}
            13 = {...}
            14 = {...}
            15 = {...}
            16 = {...}
            {...} = true
            {...} = true
            {...} = true
            {...} = true
            {...} = true
            {...} = true
            {...} = true
            {...} = true
            {...} = true
            {...} = true
            {...} = true
            {...} = true
            {...} = true
            {...} = true
            {...} = true
            {...} = true
        }
        Colonist = {
            1 = {...}
            2 = {...}
            3 = {...}
            4 = {...}
            5 = {...}
            6 = {...}
            7 = {...}
            8 = {...}
            9 = {...}
            10 = {...}
            11 = {...}
            12 = {...}
            13 = {...}
            14 = {...}
            15 = {...}
            16 = {...}
            17 = {...}
            18 = {...}
            19 = {...}
            20 = {...}
            21 = {...}
            22 = {...}
            23 = {...}
            24 = {...}
            25 = {...}
            26 = {...}
            27 = {...}
            28 = {...}
            29 = {...}
            30 = {...}
            31 = {...}
            32 = {...}
            33 = {...}
            34 = {...}
            35 = {...}
            36 = {...}
            37 = {...}
            38 = {...}
            39 = {...}
            40 = {...}
            41 = {...}
            42 = {...}
            43 = {...}
            44 = {...}
            45 = {...}
            46 = {...}
            47 = {...}
            48 = {...}
            49 = {...}
            50 = {...}
            51 = {...}
            52 = {...}
            53 = {...}
            54 = {...}
            55 = {...}
            56 = {...}
            57 = {...}
            58 = {...}
            59 = {...}
            60 = {...}
            61 = {...}
            62 = {...}
            63 = {...}
            64 = {...}
            65 = {...}
            66 = {...}
            67 = {...}
            68 = {...}
            69 = {...}
       
						Lua 1:23:08:322
[mod] [CB2] LEGR FORCED: StartBombard(<dome DomeMedium#8984>, 4000, 8, 500, 1500) — a volley that would not otherwise happen. MEASURED: the SPREAD (owner's eyes, the one reading that is eyes by nature) and the five integrity readings. speed=3 g_IncomingMissiles_before=0
[CB2] LEGR FORCED: StartBombard(<dome DomeMedium#8984>, 4000, 8, 500, 1500) — a volley that would not otherwise happen. MEASURED: the SPREAD (owner's eyes, the one reading that is eyes by nature) and the five integrity readings. speed=3 g_IncomingMissiles_before=0
[mod] [CB2] LEGR ⛔ FIRST EXECUTION of StartBombard by this project. Its documented recipe was measured BROKEN; this is the corrected form, and the pcall result below is printed whatever it says.
[CB2] LEGR ⛔ FIRST EXECUTION of StartBombard by this project. Its documented recipe was measured BROKEN; this is the corrected form, and the pcall result below is printed whatever it says.
[mod] [CB2] TRY StartBombard [FIRST EXECUTION] ok=true result=nil
[CB2] TRY StartBombard [FIRST EXECUTION] ok=true result=nil
[mod] [CB2] LEGR watching up to 3 minutes; the END line prints itself. ⇒ OWNER, EYES ON THE SKY NOW: a SCATTER (trails arriving from visibly different angles) or a RANK of parallel trails? Parallel is the old behaviour.
[CB2] LEGR watching up to 3 minutes; the END line prints itself. ⇒ OWNER, EYES ON THE SKY NOW: a SCATTER (trails arriving from visibly different angles) or a RANK of parallel trails? Parallel is the old behaviour.
						Lua 1:23:13:321
[mod] [CB2] LEGR VOLLEY ENDED — peak in-flight missiles = 5 (WITNESS: the table was non-empty, so this zero is a real end, not a volley that never started). A volley that never finishes is F26's stated FAIL.
[CB2] LEGR VOLLEY ENDED — peak in-flight missiles = 5 (WITNESS: the table was non-empty, so this zero is a real end, not a volley that never started). A volley that never finishes is F26's stated FAIL.
						Lua 1:23:13:323
[mod] [CB2] LEGR residue: scorch decals on map=-1 (read ok=true) | 0 of 13 dome(s) reading as cracked
[CB2] LEGR residue: scorch decals on map=-1 (read ok=true) | 0 of 13 dome(s) reading as cracked
[mod] [CB2] READ PT47-decals = -1 | population=0 | APPLICABLE=false | witness=DecRocketSplatter queried on MainMap after the volley; a failed read is -1 and is UNSAMPLED, not zero decals
[CB2] READ PT47-decals = -1 | population=0 | APPLICABLE=false | witness=DecRocketSplatter queried on MainMap after the volley; a failed read is -1 and is UNSAMPLED, not zero decals
[mod] [CB2] READ PT47-dome-crack = 0 | population=13 | APPLICABLE=true | witness=Dome label walked after the volley
[CB2] READ PT47-dome-crack = 0 | population=13 | APPLICABLE=true | witness=Dome label walked after the volley
[mod] [CB2] READ PT47-interception = 0 | population=0 | APPLICABLE=false | witness=DefenceTowerBase label — 0 towers means UNSAMPLED, never 'no interception happened'
[CB2] READ PT47-interception = 0 | population=0 | APPLICABLE=false | witness=DefenceTowerBase label — 0 towers means UNSAMPLED, never 'no interception happened'
[mod] [CB2] LEGR ⇒ OWNER: the remaining integrity readings are yours — did the 'Incoming Missile' notification appear AND clear, and did impacts leave scorch decals that FADE?
[CB2] LEGR ⇒ OWNER: the remaining integrity readings are yours — did the 'Incoming Missile' notification appear AND clear, and did impacts leave scorch decals that FADE?
						Lua 1:23:18:876
[mod] [CB2] LEGR FORCED: StartBombard(<dome DomeMedium#8984>, 4000, 8, 500, 1500) — a volley that would not otherwise happen. MEASURED: the SPREAD (owner's eyes, the one reading that is eyes by nature) and the five integrity readings. speed=3 g_IncomingMissiles_before=0
[CB2] LEGR FORCED: StartBombard(<dome DomeMedium#8984>, 4000, 8, 500, 1500) — a volley that would not otherwise happen. MEASURED: the SPREAD (owner's eyes, the one reading that is eyes by nature) and the five integrity readings. speed=3 g_IncomingMissiles_before=0
[mod] [CB2] LEGR ⛔ FIRST EXECUTION of StartBombard by this project. Its documented recipe was measured BROKEN; this is the corrected form, and the pcall result below is printed whatever it says.
[CB2] LEGR ⛔ FIRST EXECUTION of StartBombard by this project. Its documented recipe was measured BROKEN; this is the corrected form, and the pcall result below is printed whatever it says.
[mod] [CB2] TRY StartBombard [FIRST EXECUTION] ok=true result=nil
[CB2] TRY StartBombard [FIRST EXECUTION] ok=true result=nil
[mod] [CB2] LEGR watching up to 3 minutes; the END line prints itself. ⇒ OWNER, EYES ON THE SKY NOW: a SCATTER (trails arriving from visibly different angles) or a RANK of parallel trails? Parallel is the old behaviour.
[CB2] LEGR watching up to 3 minutes; the END line prints itself. ⇒ OWNER, EYES ON THE SKY NOW: a SCATTER (trails arriving from visibly different angles) or a RANK of parallel trails? Parallel is the old behaviour.
						Lua 1:23:23:874
[mod] [CB2] LEGR VOLLEY ENDED — peak in-flight missiles = 6 (WITNESS: the table was non-empty, so this zero is a real end, not a volley that never started). A volley that never finishes is F26's stated FAIL.
						Lua 1:23:23:875
[CB2] LEGR VOLLEY ENDED — peak in-flight missiles = 6 (WITNESS: the table was non-empty, so this zero is a real end, not a volley that never started). A volley that never finishes is F26's stated FAIL.
						Lua 1:23:23:876
[mod] [CB2] LEGR residue: scorch decals on map=-1 (read ok=true) | 0 of 13 dome(s) reading as cracked
[CB2] LEGR residue: scorch decals on map=-1 (read ok=true) | 0 of 13 dome(s) reading as cracked
[mod] [CB2] READ PT47-decals = -1 | population=0 | APPLICABLE=false | witness=DecRocketSplatter queried on MainMap after the volley; a failed read is -1 and is UNSAMPLED, not zero decals
[CB2] READ PT47-decals = -1 | population=0 | APPLICABLE=false | witness=DecRocketSplatter queried on MainMap after the volley; a failed read is -1 and is UNSAMPLED, not zero decals
[mod] [CB2] READ PT47-dome-crack = 0 | population=13 | APPLICABLE=true | witness=Dome label walked after the volley
[CB2] READ PT47-dome-crack = 0 | population=13 | APPLICABLE=true | witness=Dome label walked after the volley
[mod] [CB2] READ PT47-interception = 0 | population=0 | APPLICABLE=false | witness=DefenceTowerBase label — 0 towers means UNSAMPLED, never 'no interception happened'
[CB2] READ PT47-interception = 0 | population=0 | APPLICABLE=false | witness=DefenceTowerBase label — 0 towers means UNSAMPLED, never 'no interception happened'
[mod] [CB2] LEGR ⇒ OWNER: the remaining integrity readings are yours — did the 'Incoming Missile' notification appear AND clear, and did impacts leave scorch decals that FADE?
[CB2] LEGR ⇒ OWNER: the remaining integrity readings are yours — did the 'Incoming Missile' notification appear AND clear, and did impacts leave scorch decals that FADE?
						Lua 1:23:45:495
[mod] [CB2] LEGR FORCED: StartBombard(<dome DomeBasic#1243>, 4000, 8, 500, 1500) — a volley that would not otherwise happen. MEASURED: the SPREAD (owner's eyes, the one reading that is eyes by nature) and the five integrity readings. speed=3 g_IncomingMissiles_before=0
[CB2] LEGR FORCED: StartBombard(<dome DomeBasic#1243>, 4000, 8, 500, 1500) — a volley that would not otherwise happen. MEASURED: the SPREAD (owner's eyes, the one reading that is eyes by nature) and the five integrity readings. speed=3 g_IncomingMissiles_before=0
[mod] [CB2] LEGR ⛔ FIRST EXECUTION of StartBombard by this project. Its documented recipe was measured BROKEN; this is the corrected form, and the pcall result below is printed whatever it says.
[CB2] LEGR ⛔ FIRST EXECUTION of StartBombard by this project. Its documented recipe was measured BROKEN; this is the corrected form, and the pcall result below is printed whatever it says.
[mod] [CB2] TRY StartBombard [FIRST EXECUTION] ok=true result=nil
[CB2] TRY StartBombard [FIRST EXECUTION] ok=true result=nil
[mod] [CB2] LEGR watching up to 3 minutes; the END line prints itself. ⇒ OWNER, EYES ON THE SKY NOW: a SCATTER (trails arriving from visibly different angles) or a RANK of parallel trails? Parallel is the old behaviour.
[CB2] LEGR watching up to 3 minutes; the END line prints itself. ⇒ OWNER, EYES ON THE SKY NOW: a SCATTER (trails arriving from visibly different angles) or a RANK of parallel trails? Parallel is the old behaviour.
						Lua 1:23:50:492
[mod] [CB2] LEGR VOLLEY ENDED — peak in-flight missiles = 6 (WITNESS: the table was non-empty, so this zero is a real end, not a volley that never started). A volley that never finishes is F26's stated FAIL.
[CB2] LEGR VOLLEY ENDED — peak in-flight missiles = 6 (WITNESS: the table was non-empty, so this zero is a real end, not a volley that never started). A volley that never finishes is F26's stated FAIL.
						Lua 1:23:50:494
[mod] [CB2] LEGR residue: scorch decals on map=-1 (read ok=true) | 0 of 13 dome(s) reading as cracked
[CB2] LEGR residue: scorch decals on map=-1 (read ok=true) | 0 of 13 dome(s) reading as cracked
[mod] [CB2] READ PT47-decals = -1 | population=0 | APPLICABLE=false | witness=DecRocketSplatter queried on MainMap after the volley; a failed read is -1 and is UNSAMPLED, not zero decals
[CB2] READ PT47-decals = -1 | population=0 | APPLICABLE=false | witness=DecRocketSplatter queried on MainMap after the volley; a failed read is -1 and is UNSAMPLED, not zero decals
[mod] [CB2] READ PT47-dome-crack = 0 | population=13 | APPLICABLE=true | witness=Dome label walked after the volley
[CB2] READ PT47-dome-crack = 0 | population=13 | APPLICABLE=true | witness=Dome label walked after the volley
[mod] [CB2] READ PT47-interception = 0 | population=0 | APPLICABLE=false | witness=DefenceTowerBase label — 0 towers means UNSAMPLED, never 'no interception happened'
[CB2] READ PT47-interception = 0 | population=0 | APPLICABLE=false | witness=DefenceTowerBase label — 0 towers means UNSAMPLED, never 'no interception happened'
[mod] [CB2] LEGR ⇒ OWNER: the remaining integrity readings are yours — did the 'Incoming Missile' notification appear AND clear, and did impacts leave scorch decals that FADE?
[CB2] LEGR ⇒ OWNER: the remaining integrity readings are yours — did the 'Incoming Missile' notification appear AND clear, and did impacts leave scorch decals that FADE?
						Lua 1:28:33:535
[ERROR] Quantum Comet invalid pos with no holder
  [C](-1):  global GetStack
  Lua/Buildings/Station.lua(1258):  field log
  Lua/Buildings/Station.lua(1254):  field error
  Lua/Units/ColonistTransport.lua(33):  method GetStartingPoint
  Lua/Units/ColonistTransport.lua(51):  global GetTransportRoute
  Lua/Units/Colonist.lua(2562):  global CanReachByTrain
  Lua/Buildings/Dome.lua(289):  local IsReachable
  Lua/Buildings/Dome.lua(305):  global GetTransportThroughElevator
  Lua/Units/Colonist.lua(2544):   <>
  Lua/UniversalRocket.lua(1901):  method GenerateDepartures
  Lua/UniversalRocket.lua(1932):   <>
        --- end of stack
						Lua 1:29:25:945
MDSLaser
						Lua 1:29:42:657
[mod] [CB2] LEGR FORCED: StartBombard(<dome DomeMedium#8984>, 4000, 8, 500, 1500) — a volley that would not otherwise happen. MEASURED: the SPREAD (owner's eyes, the one reading that is eyes by nature) and the five integrity readings. speed=3 g_IncomingMissiles_before=0
[CB2] LEGR FORCED: StartBombard(<dome DomeMedium#8984>, 4000, 8, 500, 1500) — a volley that would not otherwise happen. MEASURED: the SPREAD (owner's eyes, the one reading that is eyes by nature) and the five integrity readings. speed=3 g_IncomingMissiles_before=0
[mod] [CB2] LEGR ⛔ FIRST EXECUTION of StartBombard by this project. Its documented recipe was measured BROKEN; this is the corrected form, and the pcall result below is printed whatever it says.
[CB2] LEGR ⛔ FIRST EXECUTION of StartBombard by this project. Its documented recipe was measured BROKEN; this is the corrected form, and the pcall result below is printed whatever it says.
[mod] [CB2] TRY StartBombard [FIRST EXECUTION] ok=true result=nil
[CB2] TRY StartBombard [FIRST EXECUTION] ok=true result=nil
[mod] [CB2] LEGR watching up to 3 minutes; the END line prints itself. ⇒ OWNER, EYES ON THE SKY NOW: a SCATTER (trails arriving from visibly different angles) or a RANK of parallel trails? Parallel is the old behaviour.
[CB2] LEGR watching up to 3 minutes; the END line prints itself. ⇒ OWNER, EYES ON THE SKY NOW: a SCATTER (trails arriving from visibly different angles) or a RANK of parallel trails? Parallel is the old behaviour.
						Lua 1:29:47:655
[mod] [CB2] LEGR VOLLEY ENDED — peak in-flight missiles = 7 (WITNESS: the table was non-empty, so this zero is a real end, not a volley that never started). A volley that never finishes is F26's stated FAIL.
[CB2] LEGR VOLLEY ENDED — peak in-flight missiles = 7 (WITNESS: the table was non-empty, so this zero is a real end, not a volley that never started). A volley that never finishes is F26's stated FAIL.
						Lua 1:29:47:657
[mod] [CB2] LEGR residue: scorch decals on map=-1 (read ok=true) | 0 of 13 dome(s) reading as cracked
[CB2] LEGR residue: scorch decals on map=-1 (read ok=true) | 0 of 13 dome(s) reading as cracked
[mod] [CB2] READ PT47-decals = -1 | population=0 | APPLICABLE=false | witness=DecRocketSplatter queried on MainMap after the volley; a failed read is -1 and is UNSAMPLED, not zero decals
[CB2] READ PT47-decals = -1 | population=0 | APPLICABLE=false | witness=DecRocketSplatter queried on MainMap after the volley; a failed read is -1 and is UNSAMPLED, not zero decals
[mod] [CB2] READ PT47-dome-crack = 0 | population=13 | APPLICABLE=true | witness=Dome label walked after the volley
[CB2] READ PT47-dome-crack = 0 | population=13 | APPLICABLE=true | witness=Dome label walked after the volley
[mod] [CB2] READ PT47-interception = 0 | population=0 | APPLICABLE=false | witness=DefenceTowerBase label — 0 towers means UNSAMPLED, never 'no interception happened'
[CB2] READ PT47-interception = 0 | population=0 | APPLICABLE=false | witness=DefenceTowerBase label — 0 towers means UNSAMPLED, never 'no interception happened'
[mod] [CB2] LEGR ⇒ OWNER: the remaining integrity readings are yours — did the 'Incoming Missile' notification appear AND clear, and did impacts leave scorch decals that FADE?
[CB2] LEGR ⇒ OWNER: the remaining integrity readings are yours — did the 'Incoming Missile' notification appear AND clear, and did impacts leave scorch decals that FADE?
						Lua 1:30:22:939
[mod] [CB2] ⛔ LEGR REFUSED — the game is PAUSED and StartBombard only spawns a game-time thread; nothing would happen. Unpause and call again.
[CB2] ⛔ LEGR REFUSED — the game is PAUSED and StartBombard only spawns a game-time thread; nothing would happen. Unpause and call again.
						Lua 1:30:29:493
[mod] [CB2] LEGR FORCED: StartBombard(<dome DomeMedium#8984>, 4000, 8, 500, 1500) — a volley that would not otherwise happen. MEASURED: the SPREAD (owner's eyes, the one reading that is eyes by nature) and the five integrity readings. speed=1 g_IncomingMissiles_before=0
[CB2] LEGR FORCED: StartBombard(<dome DomeMedium#8984>, 4000, 8, 500, 1500) — a volley that would not otherwise happen. MEASURED: the SPREAD (owner's eyes, the one reading that is eyes by nature) and the five integrity readings. speed=1 g_IncomingMissiles_before=0
[mod] [CB2] LEGR ⛔ FIRST EXECUTION of StartBombard by this project. Its documented recipe was measured BROKEN; this is the corrected form, and the pcall result below is printed whatever it says.
[CB2] LEGR ⛔ FIRST EXECUTION of StartBombard by this project. Its documented recipe was measured BROKEN; this is the corrected form, and the pcall result below is printed whatever it says.
[mod] [CB2] TRY StartBombard [FIRST EXECUTION] ok=true result=nil
[CB2] TRY StartBombard [FIRST EXECUTION] ok=true result=nil
[mod] [CB2] LEGR watching up to 3 minutes; the END line prints itself. ⇒ OWNER, EYES ON THE SKY NOW: a SCATTER (trails arriving from visibly different angles) or a RANK of parallel trails? Parallel is the old behaviour.
[CB2] LEGR watching up to 3 minutes; the END line prints itself. ⇒ OWNER, EYES ON THE SKY NOW: a SCATTER (trails arriving from visibly different angles) or a RANK of parallel trails? Parallel is the old behaviour.
						Lua 1:30:42:492
[mod] [CB2] LEGR VOLLEY ENDED — peak in-flight missiles = 7 (WITNESS: the table was non-empty, so this zero is a real end, not a volley that never started). A volley that never finishes is F26's stated FAIL.
[CB2] LEGR VOLLEY ENDED — peak in-flight missiles = 7 (WITNESS: the table was non-empty, so this zero is a real end, not a volley that never started). A volley that never finishes is F26's stated FAIL.
						Lua 1:30:42:494
[mod] [CB2] LEGR residue: scorch decals on map=-1 (read ok=true) | 0 of 13 dome(s) reading as cracked
[CB2] LEGR residue: scorch decals on map=-1 (read ok=true) | 0 of 13 dome(s) reading as cracked
[mod] [CB2] READ PT47-decals = -1 | population=0 | APPLICABLE=false | witness=DecRocketSplatter queried on MainMap after the volley; a failed read is -1 and is UNSAMPLED, not zero decals
[CB2] READ PT47-decals = -1 | population=0 | APPLICABLE=false | witness=DecRocketSplatter queried on MainMap after the volley; a failed read is -1 and is UNSAMPLED, not zero decals
[mod] [CB2] READ PT47-dome-crack = 0 | population=13 | APPLICABLE=true | witness=Dome label walked after the volley
[CB2] READ PT47-dome-crack = 0 | population=13 | APPLICABLE=true | witness=Dome label walked after the volley
[mod] [CB2] READ PT47-interception = 0 | population=0 | APPLICABLE=false | witness=DefenceTowerBase label — 0 towers means UNSAMPLED, never 'no interception happened'
[CB2] READ PT47-interception = 0 | population=0 | APPLICABLE=false | witness=DefenceTowerBase label — 0 towers means UNSAMPLED, never 'no interception happened'
[mod] [CB2] LEGR ⇒ OWNER: the remaining integrity readings are yours — did the 'Incoming Missile' notification appear AND clear, and did impacts leave scorch decals that FADE?
[CB2] LEGR ⇒ OWNER: the remaining integrity readings are yours — did the 'Incoming Missile' notification appear AND clear, and did impacts leave scorch decals that FADE?
						Lua 1:38:43:736
23
						Lua 1:39:00:833
Load Game: 
	lua_revision: 396349 
	assets_revision: 31031 

	mods: SMR_CommunityFixPackTestKit, SMR_CommunityFixPack 
						Lua 1:39:06:132
[mod] [SMRTest] console enable requested (clean) — press Enter (or Alt-Shift-C) once in a colony
[SMRTest] console enable requested (clean) — press Enter (or Alt-Shift-C) once in a colony
						Lua 1:39:06:158
game_settings:
    sponsor: NASA
    profile: rocketscientist
    founding_faction: ProsperityForMars
    rival_colonies: Japan, paradox
    mystery_random: 
    game_rules: (none)
more_game_settings: save_game_id: HdmSxGs6kyd0uz6-, mystery: none, coordinates: 0N107E, landing_spot: , logo: USA
map_conditions: altitude: -583, temperature: -1, cold_wave: 0, dust_devils: 66, dust_storm: 102, meteors: 109
map_resources: concrete: 146, metals: 146, precious_metals: 146, water: 176
						Lua 1:39:06:176
Game Loaded in 5344 ms
						Lua 1:39:06:208
[mod] [SMRTest] console enable requested (clean) — press Enter (or Alt-Shift-C) once in a colony
[SMRTest] console enable requested (clean) — press Enter (or Alt-Shift-C) once in a colony
						Lua 1:39:06:762
Game loaded on map BlankBigCanyonCMix_09 in 6142 ms
[mod] [CB2] LOAD OK #6 file=CB2SIT.savegame.sav — LoadGame returned no error
[CB2] LOAD OK #6 file=CB2SIT.savegame.sav — LoadGame returned no error
						Lua 1:39:08:068
[mod] [SMRTest] console enable requested (clean) — press Enter (or Alt-Shift-C) once in a colony
[SMRTest] console enable requested (clean) — press Enter (or Alt-Shift-C) once in a colony
						Lua 1:39:09:069
[mod] [SMRTest] console enable requested (clean) — press Enter (or Alt-Shift-C) once in a colony
[SMRTest] console enable requested (clean) — press Enter (or Alt-Shift-C) once in a colony
						Lua 1:39:22:261
[mod] [CB2] READ speed: SetGameSpeed(3) call=true | before=0 after=3
[CB2] READ speed: SetGameSpeed(3) call=true | before=0 after=3
						Lua 1:39:45:387
[mod] [CB2] PT35 FrictionlessComposites researched=false (ok=true) discovered=nil (ok=true) | 0 Large, 6 plain, 12 Diffuser turbine(s) | when=leg S, before the grant
[CB2] PT35 FrictionlessComposites researched=false (ok=true) discovered=nil (ok=true) | 0 Large, 6 plain, 12 Diffuser turbine(s) | when=leg S, before the grant
[mod] [CB2] READ PT35-turbine-half-fixture(a Large Wind Turbine exists) = 0 | population=0 | APPLICABLE=false | witness=WindTurbine_Large label walked this load — 0 is exactly why unattended-1's leg A turbine half was UNSAMPLED
[CB2] READ PT35-turbine-half-fixture(a Large Wind Turbine exists) = 0 | population=0 | APPLICABLE=false | witness=WindTurbine_Large label walked this load — 0 is exactly why unattended-1's leg A turbine half was UNSAMPLED
[mod] [CB2] LEGS FORCED: UIColony:SetTechResearched("FrictionlessComposites"). MEASURED: nothing — this leg builds a FIXTURE for a later 2-prompt unattended chain and claims no result of its own.
[CB2] LEGS FORCED: UIColony:SetTechResearched("FrictionlessComposites"). MEASURED: nothing — this leg builds a FIXTURE for a later 2-prompt unattended chain and claims no result of its own.
						Lua 1:39:45:388
[mod] [CB2] TRY SetTechResearched(FrictionlessComposites) ok=true result=true
[CB2] TRY SetTechResearched(FrictionlessComposites) ok=true result=true
						Lua 1:39:46:389
[mod] [CB2] PT35 FrictionlessComposites researched=1 (ok=true) discovered=163 (ok=true) | 0 Large, 6 plain, 12 Diffuser turbine(s) | when=leg S, after the grant						Lua 1:39:46:390

[CB2] PT35 FrictionlessComposites researched=1 (ok=true) discovered=163 (ok=true) | 0 Large, 6 plain, 12 Diffuser turbine(s) | when=leg S, after the grant
[mod] [CB2] READ PT35-turbine-half-fixture(a Large Wind Turbine exists) = 0 | population=0 | APPLICABLE=false | witness=WindTurbine_Large label walked this load — 0 is exactly why unattended-1's leg A turbine half was UNSAMPLED
[CB2] READ PT35-turbine-half-fixture(a Large Wind Turbine exists) = 0 | population=0 | APPLICABLE=false | witness=WindTurbine_Large label walked this load — 0 is exactly why unattended-1's leg A turbine half was UNSAMPLED
[mod] [CB2] LEGS ⇒ OWNER, HANDS: place ONE Large Wind Turbine and apply ONE building upgrade. Placement is UI — the one thing the rig cannot do. Say 'placed' when done.
[CB2] LEGS ⇒ OWNER, HANDS: place ONE Large Wind Turbine and apply ONE building upgrade. Placement is UI — the one thing the rig cannot do. Say 'placed' when done.
						Lua 1:43:45:656
[mod] [CB2] PT35 FrictionlessComposites researched=1 (ok=true) discovered=163 (ok=true) | 1 Large, 6 plain, 12 Diffuser turbine(s) | when=leg S, before the fixture save
[CB2] PT35 FrictionlessComposites researched=1 (ok=true) discovered=163 (ok=true) | 1 Large, 6 plain, 12 Diffuser turbine(s) | when=leg S, before the fixture save
[mod] [CB2] READ PT35-turbine-half-fixture(a Large Wind Turbine exists) = 1 | population=1 | APPLICABLE=true | witness=WindTurbine_Large label walked this load — 0 is exactly why unattended-1's leg A turbine half was UNSAMPLED
[CB2] READ PT35-turbine-half-fixture(a Large Wind Turbine exists) = 1 | population=1 | APPLICABLE=true | witness=WindTurbine_Large label walked this load — 0 is exactly why unattended-1's leg A turbine half was UNSAMPLED
[mod] [CB2] LEGS saving the FIXTURE as PT35FIXTURE.savegame.sav — this file is the one deliberate SURVIVOR of the sitting and must be NAMED in the recording commit.
[CB2] LEGS saving the FIXTURE as PT35FIXTURE.savegame.sav — this file is the one deliberate SURVIVOR of the sitting and must be NAMED in the recording commit.
true
						Lua 1:43:45:657
[mod] [CB2] TRY Savegame.ListForTag before ok=true result=-1
[CB2] TRY Savegame.ListForTag before ok=true result=-1
						Lua 1:43:46:385
[mod] [CB2] SAVE SaveGame returned err=false name=PT35FIXTURE.savegame.sav
[CB2] SAVE SaveGame returned err=false name=PT35FIXTURE.savegame.sav
[mod] [CB2] TRY SaveGame PT35FIXTURE.savegame.sav (yielding) ok=true result=false
[CB2] TRY SaveGame PT35FIXTURE.savegame.sav (yielding) ok=true result=false
						Lua 1:43:46:748
[mod] [CB2] TRY Savegame.ListForTag after ok=true result=-1
[CB2] TRY Savegame.ListForTag after ok=true result=-1
[mod] [CB2] SAVE WITNESS tagged savegame files -1 -> -1 (a save that did not land leaves this UNCHANGED — that is the liveness witness, not SaveGame's own return)
[CB2] SAVE WITNESS tagged savegame files -1 -> -1 (a save that did not land leaves this UNCHANGED — that is the liveness witness, not SaveGame's own return)
[mod] [CB2] SAVE ⛔ save_as_last was NOT passed — the owner's Continue button is untouched.
[CB2] SAVE ⛔ save_as_last was NOT passed — the owner's Continue button is untouched.
						Lua 1:45:49:725
[mod] [CB2] CONDITIONS pack=81/81 active | map=BlankBigCanyonCMix_09 | speed=5 | loads_this_process=6 | note=leg T: the state being saved, WITH the pack loaded
[CB2] CONDITIONS pack=81/81 active | map=BlankBigCanyonCMix_09 | speed=5 | loads_this_process=6 | note=leg T: the state being saved, WITH the pack loaded
[mod] [CB2] CONDITIONS by-name BombardmentSpread = active
[CB2] CONDITIONS by-name BombardmentSpread = active
[mod] [CB2] CONDITIONS by-name TrainWaitTime = active
[CB2] CONDITIONS by-name TrainWaitTime = active
[mod] [CB2] CONDITIONS by-name CohortHousing = active
[CB2] CONDITIONS by-name CohortHousing = active
[mod] [CB2] CONDITIONS by-name SaveSanitizer = active
[CB2] CONDITIONS by-name SaveSanitizer = active
[mod] [CB2] LEGT saving CB2UNINSTALL.savegame.sav WITH the pack active. FORCED: the save. MEASURED (after the owner's Mod-Manager disable and reload): whether the load is clean of any engine error naming pack code.
[CB2] LEGT saving CB2UNINSTALL.savegame.sav WITH the pack active. FORCED: the save. MEASURED (after the owner's Mod-Manager disable and reload): whether the load is clean of any engine error naming pack code.
[mod] [CB2] LEGT ⇒ OWNER, HANDS: quit to the main menu, open the Mod Manager, DISABLE the Community Fix Pack, then load this save. ⛔ Disabling the MOD is the test; toggling the MODULE is not, and would read clean by construction.
[CB2] LEGT ⇒ OWNER, HANDS: quit to the main menu, open the Mod Manager, DISABLE the Community Fix Pack, then load this save. ⛔ Disabling the MOD is the test; toggling the MODULE is not, and would read clean by construction.
[mod] [CB2] LEGT after the reload the read is the LOG, not a console line: zero engine error lines naming pack code, read across the whole post-load window. The sitting is over once this is answered.
[CB2] LEGT after the reload the read is the LOG, not a console line: zero engine error lines naming pack code, read across the whole post-load window. The sitting is over once this is answered.
						Lua 1:45:49:726
[mod] [CB2] TRY Savegame.ListForTag before ok=true result=-1
[CB2] TRY Savegame.ListForTag before ok=true result=-1
						Lua 1:45:50:438
[mod] [CB2] SAVE SaveGame returned err=false name=CB2UNINSTALL.savegame.sav
[CB2] SAVE SaveGame returned err=false name=CB2UNINSTALL.savegame.sav
[mod] [CB2] TRY SaveGame CB2UNINSTALL.savegame.sav (yielding) ok=true result=false
[CB2] TRY SaveGame CB2UNINSTALL.savegame.sav (yielding) ok=true result=false
						Lua 1:45:50:794
[mod] [CB2] TRY Savegame.ListForTag after ok=true result=-1
[CB2] TRY Savegame.ListForTag after ok=true result=-1
[mod] [CB2] SAVE WITNESS tagged savegame files -1 -> -1 (a save that did not land leaves this UNCHANGED — that is the liveness witness, not SaveGame's own return)
[CB2] SAVE WITNESS tagged savegame files -1 -> -1 (a save that did not land leaves this UNCHANGED — that is the liveness witness, not SaveGame's own return)
[mod] [CB2] SAVE ⛔ save_as_last was NOT passed — the owner's Continue button is untouched.
[CB2] SAVE ⛔ save_as_last was NOT passed — the owner's Continue button is untouched.
						Lua 1:46:12:361
[mod] [SMRTest] console enable requested (clean) — press Enter (or Alt-Shift-C) once in a colony
[SMRTest] console enable requested (clean) — press Enter (or Alt-Shift-C) once in a colony
						Lua 1:46:17:196
[mod] [SMRTest] console enable requested (clean) — press Enter (or Alt-Shift-C) once in a colony
[SMRTest] console enable requested (clean) — press Enter (or Alt-Shift-C) once in a colony
[mod] [SMRTest] no debug.getinfo (mod sandbox) — [install] probes will SKIP
[SMRTest] no debug.getinfo (mod sandbox) — [install] probes will SKIP
[mod] [SMRTest] test kit loaded — SMRTest.RunAll(), SMRTest.List(), SMRTest.<ProbeId>()
[SMRTest] test kit loaded — SMRTest.RunAll(), SMRTest.List(), SMRTest.<ProbeId>()
						Lua 1:46:17:200
[mod] [SMRTest][carry] fixture-carry dump available — run SMRTest.FixtureCarry()
						Lua 1:46:17:970
Reloading done in 1334 ms
						Lua 1:46:18:038
[mod] Loaded mod items for: SMR_CommunityFixPackTestKit
						Lua 1:46:22:419
Load Game: 
	lua_revision: 396349 
	assets_revision: 31031 

	mods: SMR_CommunityFixPackTestKit, SMR_CommunityFixPack 
						Lua 1:46:24:511
Unpersist missing permanent: Mod/SMR_CommunityFixPack | Fallback permanent: table: 000001B06DA9FC88 [7]
						Lua 1:46:24:563
[mod] This savegame tries to load Mod Community Fix Pack (id SMR_CommunityFixPack, v1.00-001), which is present, but not loaded
						Lua 1:46:27:459
[mod] [SMRTest] console enable requested (clean) — press Enter (or Alt-Shift-C) once in a colony
[SMRTest] console enable requested (clean) — press Enter (or Alt-Shift-C) once in a colony
						Lua 1:46:27:507
game_settings:
    sponsor: NASA
    profile: rocketscientist
    founding_faction: ProsperityForMars
    rival_colonies: Japan, paradox
    mystery_random: 
    game_rules: (none)
more_game_settings: save_game_id: HdmSxGs6kyd0uz6-, mystery: none, coordinates: 0N107E, landing_spot: , logo: USA
map_conditions: altitude: -583, temperature: -1, cold_wave: 0, dust_devils: 66, dust_storm: 102, meteors: 109
map_resources: concrete: 146, metals: 146, precious_metals: 146, water: 176
						Lua 1:46:27:526
Game Loaded in 5108 ms
						Lua 1:46:27:561
[mod] [SMRTest] console enable requested (clean) — press Enter (or Alt-Shift-C) once in a colony
[SMRTest] console enable requested (clean) — press Enter (or Alt-Shift-C) once in a colony
						Lua 1:46:28:178
Game loaded on map BlankBigCanyonCMix_09 in 5932 ms
[mod] [CB2] LOAD OK #1 file=CB2UNINSTALL.savegame.sav — LoadGame returned no error
[CB2] LOAD OK #1 file=CB2UNINSTALL.savegame.sav — LoadGame returned no error
						Lua 1:46:30:483
[mod] [SMRTest] console enable requested (clean) — press Enter (or Alt-Shift-C) once in a colony
[SMRTest] console enable requested (clean) — press Enter (or Alt-Shift-C) once in a colony
						Lua 1:46:43:676
[mod] [CB2] READ speed: SetGameSpeed(3) call=true | before=5 after=3
[CB2] READ speed: SetGameSpeed(3) call=true | before=5 after=3
						Lua 1:46:53:895
[mod] [SMRTest] console enable requested (clean) — press Enter (or Alt-Shift-C) once in a colony
[SMRTest] console enable requested (clean) — press Enter (or Alt-Shift-C) once in a colony
						Lua 1:47:27:437
Load Game: 
	lua_revision: 396349 
	assets_revision: 31031 

	mods: SMR_CommunityFixPackTestKit, SMR_CommunityFixPack 
						Lua 1:47:29:556
Unpersist missing permanent: Mod/SMR_CommunityFixPack | Fallback permanent: table: 000001B07E075010 [7]
						Lua 1:47:29:609
[mod] This savegame tries to load Mod Community Fix Pack (id SMR_CommunityFixPack, v1.00-001), which is present, but not loaded
						Lua 1:47:32:634
[mod] [SMRTest] console enable requested (clean) — press Enter (or Alt-Shift-C) once in a colony
[SMRTest] console enable requested (clean) — press Enter (or Alt-Shift-C) once in a colony
						Lua 1:47:32:679
game_settings:
    sponsor: NASA
    profile: rocketscientist
    founding_faction: ProsperityForMars
    rival_colonies: Japan, paradox
    mystery_random: 
    game_rules: (none)
more_game_settings: save_game_id: HdmSxGs6kyd0uz6-, mystery: none, coordinates: 0N107E, landing_spot: , logo: USA
map_conditions: altitude: -583, temperature: -1, cold_wave: 0, dust_devils: 66, dust_storm: 102, meteors: 109
map_resources: concrete: 146, metals: 146, precious_metals: 146, water: 176
						Lua 1:47:32:698
Game Loaded in 5262 ms
						Lua 1:47:32:734
[mod] [SMRTest] console enable requested (clean) — press Enter (or Alt-Shift-C) once in a colony
[SMRTest] console enable requested (clean) — press Enter (or Alt-Shift-C) once in a colony
						Lua 1:47:33:277
Game loaded on map BlankBigCanyonCMix_09 in 6028 ms
[mod] [CB2] LOAD OK #2 file=CB2UNINSTALL.savegame.sav — LoadGame returned no error
[CB2] LOAD OK #2 file=CB2UNINSTALL.savegame.sav — LoadGame returned no error
						Lua 1:47:35:584
[mod] [SMRTest] console enable requested (clean) — press Enter (or Alt-Shift-C) once in a colony
[SMRTest] console enable requested (clean) — press Enter (or Alt-Shift-C) once in a colony
						Lua 1:47:48:776
[mod] [CB2] READ speed: SetGameSpeed(3) call=true | before=5 after=3
[CB2] READ speed: SetGameSpeed(3) call=true | before=5 after=3
						Lua 1:47:56:769
[mod] [CB2] CONDITIONS pack=81/81 active | map=BlankBigCanyonCMix_09 | speed=3 | loads_this_process=2 | note=leg T: after the Mod-Manager disable
[CB2] CONDITIONS pack=81/81 active | map=BlankBigCanyonCMix_09 | speed=3 | loads_this_process=2 | note=leg T: after the Mod-Manager disable
81 81
						Lua 1:49:39:793


Stopping the game threads from the Lua side with exit code 0.

					Render 1:49:39:796


Stopping the game threads after receiving WM_QUIT.

					Render 1:49:40:302


*** Debug::Done()
Time (ms)	6580302


