					Render 0:00:00:005
*** executable info
Timestamp:     	6a22b86d
Date:          	Fri Jun  5 07:52:13 2026
Command line:  	
Compiler:      	194435214, 142 (VS 2019) or newer


*** hardware info
CPU name      	Intel(R) Core(TM) i7-14700K
CPU MHz       	3418
CPU cores     	20/28
Phys. Memory   	65278 MBytes
Memory In Use  	29%
Disk Free      	758104 MBytes


*** OS info
					Render 0:00:00:006
OS:            	Windows 11
Version:       	10.0.26100 


*** Debug::Init()


					Render 0:00:00:098
Steam initialized (AppId 3215050, Beta branch ???)
					Render 0:00:00:102
Drive type for game installation: SSD, savegames: SSD
Language: English
					Render 0:00:01:426
*** graphics info
GPU                            	NVIDIA GeForce RTX 4080 Feature Level: 12.1 {  DoublePrecisionFloatShaderOps: 1 OutputMergerLogicOp: 1 MinPrecisionSupport: 2 TiledResourcesTier: 4 ResourceBindingTier: 3 PSSpecifiedStencilRefSupported: 0 TypedUAVLoadAdditionalFormats: 1 ROVsSupported: 1 ConservativeRasterizationTier: 3 MaxGPUVirtualAddressBitsPerResource: 40 StandardSwizzle64KBSupported: 0 CrossNodeSharingTier: 0 CrossAdapterRowMajorTextureSupported: 0 VPAndRTArrayIndexFromAnyShaderFeedingRasterizerSupportedWithoutGSEmulation: 1 ResourceHeapTier: 2 NotZeroedPools: 1 UMA: 0 UnalignedBlockTextures: 1}
API                            	d3d12
GPU Driver Version             	32.0.16.1074
GPU Driver Package Version     	610.74
GPU Dedicated Video Memory     	16048 MB
					Render 0:00:01:557

Libs: Network, Sequences, MouseTrackWin, DumbAI, MapGen, Paradox, TriggersAndEvents, Notifications, Research, Resources 

					Render 0:00:01:753

Platform: desktop, editor, goldmaster, paradox, pc, steam

					Render 0:00:02:414
*** audio info
Audio Endpoint                 	Speakers (Razer Leviathan V2)
						Lua 0:00:02:469
Lua revision: 396349
Assets revision: 31031
Steam AppID: 3215050
Build version: 1.0.7.396349
Build branch:  Release
						Lua 0:00:17:459
Account storage loaded successfully in 1 ms
						Lua 0:00:17:461
[mod] Loaded mod def Community Fix Pack — Test Kit (id SMR_CommunityFixPackTestKit, v0.00-001) unpacked from appdata
[mod] Loaded mod def Community Fix Pack (id SMR_CommunityFixPack, v1.00-001) unpacked from appdata
						Lua 0:00:17:791
[mod] [SMRTest] console enable requested (flag-only, UI was not up) — press Enter (or Alt-Shift-C) once in a colony
[SMRTest] console enable requested (flag-only, UI was not up) — press Enter (or Alt-Shift-C) once in a colony
[mod] [SMRTest] no debug.getinfo (mod sandbox) — [install] probes will SKIP
[SMRTest] no debug.getinfo (mod sandbox) — [install] probes will SKIP
[mod] [SMRTest] test kit loaded — SMRTest.RunAll(), SMRTest.List(), SMRTest.<ProbeId>()
[SMRTest] test kit loaded — SMRTest.RunAll(), SMRTest.List(), SMRTest.<ProbeId>()
						Lua 0:00:17:795
[mod] [SMRTest][carry] fixture-carry dump available — run SMRTest.FixtureCarry()
						Lua 0:00:17:796
[mod] [CommunityFixPack] CaveInsNoDisasters: applied
[mod] [CommunityFixPack] MeteorFrequency: applied
[mod] [CommunityFixPack] UpgradeModifierLeak: applied
[mod] [CommunityFixPack] NightShiftWork: applied
[mod] [CommunityFixPack] MilestoneCrash: applied
[mod] [CommunityFixPack] WispRewards: applied
[mod] [CommunityFixPack] TouristApplicants: applied
[mod] [CommunityFixPack] TrainsToVoid: applied
[mod] [CommunityFixPack] LanderEmptyLaunch: applied
						Lua 0:00:17:797
[mod] [CommunityFixPack] LanderCargoRatchet: applied
[mod] [CommunityFixPack] LanderReturnFuel: applied
[mod] [CommunityFixPack] ShelterReflex: applied
[mod] [CommunityFixPack] BrokenTrackSalvage: applied
[mod] [CommunityFixPack] TrackSalvageWipe: applied
[mod] [CommunityFixPack] LakeEntombment: applied
[mod] [CommunityFixPack] GhostFarmOxygen: applied
[mod] [CommunityFixPack] RocketDroneChurn: applied
[mod] [CommunityFixPack] ShuttleTransportCache: applied
[mod] [CommunityFixPack] VacuumWalks: applied
						Lua 0:00:17:798
[mod] [CommunityFixPack] ArrivalDeaths: applied
[mod] [CommunityFixPack] DroneUnreachableForever: applied
[mod] [CommunityFixPack] StaleReservations: applied
[mod] [CommunityFixPack] CrystalMysteryHang: applied
[mod] [CommunityFixPack] TouristSatisfaction: applied
[mod] [CommunityFixPack] TrainPlatformWedge: applied
[mod] [CommunityFixPack] LowStorageWarning: applied
[mod] [CommunityFixPack] CommandCenterNumbers: applied
[mod] [CommunityFixPack] DomeOverviewHighlight: applied
[mod] [CommunityFixPack] TrainCargoDumping: applied
						Lua 0:00:17:799
[mod] [CommunityFixPack] UniversityOvertraining: applied
[mod] [CommunityFixPack] DestroyedTunnels: applied
[mod] [CommunityFixPack] DustSicknessBiorobots: applied
[mod] [CommunityFixPack] DustSicknessDamage: applied
[mod] [CommunityFixPack] GeneForging: applied
[mod] [CommunityFixPack] MirrorSphereSite: applied
[mod] [CommunityFixPack] PayloadTemplateRefill: applied
[mod] [CommunityFixPack] AsteroidLanderAvailable: applied
[mod] [CommunityFixPack] ShuttleHubOffAvailable: applied
[mod] [CommunityFixPack] FreedHousingNotice: applied
[mod] [CommunityFixPack] DomeFreeSpaceMismatch: applied
						Lua 0:00:17:800
[mod] [CommunityFixPack] SmallLandscapeSites: applied
[mod] [CommunityFixPack] LandscapeUnitFilter: applied
[mod] [CommunityFixPack] RocketInteractGuard: applied
[mod] [CommunityFixPack] TrackConnectorPingPong: applied
[mod] [CommunityFixPack] TrackTunnelPowerBridge: applied
						Lua 0:00:17:801
[mod] [CommunityFixPack] GridGlobalStorage: applied
[mod] [CommunityFixPack] LastTransmissionStorage: applied
[mod] [CommunityFixPack] GraphConsumedCaption: applied
[mod] [CommunityFixPack] MoraleComfortTooltip: applied
[mod] [CommunityFixPack] TrainWaitTime: applied
[mod] [CommunityFixPack] FounderTraitNotification: applied
[mod] [CommunityFixPack] StorageRateModifiers: applied
[mod] [CommunityFixPack] SequenceLatents: applied
[mod] [CommunityFixPack] IndependenceTerraforming: applied
[mod] [CommunityFixPack] TrackSalvageRefund: applied
						Lua 0:00:17:802
[mod] [CommunityFixPack] LayoutTechLock: applied
[mod] [CommunityFixPack] TrainMinors: applied
[mod] [CommunityFixPack] DroneTransportMinors: applied
[mod] [CommunityFixPack] AnomalyCaveInMap: applied
[mod] [CommunityFixPack] TechDescriptionBuilding: applied
[mod] [CommunityFixPack] BombardmentSpread: applied
[mod] [CommunityFixPack] ExtenderFlapChurn: applied
[mod] [CommunityFixPack] DisasterPredictionLeak: applied
[mod] [CommunityFixPack] MeteorStormWedge: applied
[mod] [CommunityFixPack] RainsDeadlock: applied
						Lua 0:00:17:803
[mod] [CommunityFixPack] FirstAsteroidPrefabs: applied
[mod] [CommunityFixPack] SaintBlessing: applied
[mod] [CommunityFixPack] DustDevilsDescrMap: applied
[mod] [CommunityFixPack] AstrogeologistExtractors: applied
[mod] [CommunityFixPack] SinkholeIndestructible: applied
[mod] [CommunityFixPack] DustStormUndergroundBreaks: applied
[mod] [CommunityFixPack] DustDevilSpawnGate: applied
[mod] [CommunityFixPack] SaveSanitizer: applied
[mod] [CommunityFixPack] ClassicRockets: applied
						Lua 0:00:17:804
[mod] [CommunityFixPack] AcknowledgedWarnings: applied
[mod] [CommunityFixPack] ResidencyControl: applied
[mod] [CommunityFixPack] MultipleSuns: applied
[mod] [CommunityFixPack] DroneOverhaul: applied
[mod] [CommunityFixPack] CohortHousing: applied
[mod] [CommunityFixPack] NoHomeless: self-check targets Community but Workforce declares HasFreeWorkplacesAround — authoring error, not a game update (FIX_POLICY §2)
[mod] [CommunityFixPack] NoHomeless: inactive (Community.HasFreeWorkplacesAround not found — expected on the FIRST load pass and NOT a game update: this check names Community while Workforce declares the method (authoring error — see the preceding line), and mod code loads before the class hierarchy is built, so the module applies cleanly on the second pass. If no 'NoHomeless: applied' line follows this one, the method is genuinely gone — without it a flagged dome could never be staffed)
						Lua 0:00:17:805
[mod] [CommunityFixPack] DroneStatDials: applied
						Lua 0:00:18:336
[mod] [CommunityFixPack] SaintBlessing: inactive (no dome-colonists trait presets)
[mod] [CommunityFixPack] SinkholeIndestructible: the St. Elmo's Fire sinkhole is now indestructible, like every other mystery set-piece
						Lua 0:00:18:407
Reloading done in 938 ms
						Lua 0:00:18:721
[preset] Preset postprocess took 53 ms.
						Lua 0:00:18:770
479 / 479 particle streams loaded in 45 ms.
						Lua 0:00:18:771
[mod] [CommunityFixPack] LastTransmissionStorage: 6 storage condition(s) made effective, 1 retargeted
[mod] [CommunityFixPack] IndependenceTerraforming: Independence_TerraformingProjects now discounts special projects by 20% as its param1 says
[mod] [CommunityFixPack] AstrogeologistExtractors: added 2 missing extractor entr(y/ies) to the astrogeologist profile (10 already present)
						Lua 0:00:18:772
[mod] [CommunityFixPack] MultipleSuns: BuildingTemplates.ArtificialSun not found — build limit NOT lifted (binding fix still active)
						Lua 0:00:18:962
[mod] [CommunityFixPack] SaintBlessing: corrected 1 dome-colonists trait modifier label(s) of 2
[mod] [CommunityFixPack] MultipleSuns: Artificial Sun build-once limit lifted
						Lua 0:00:19:015
[mod] [U2RUN] === unattended-2 U2RUN === watchdog 1500000ms						Lua 0:00:19:016

[U2RUN] === unattended-2 U2RUN === watchdog 1500000ms
[mod] [U2RUN] STEP 1-waiting-menu BEGIN
[U2RUN] STEP 1-waiting-menu BEGIN
[PdxSDK] Started up. Took 1547
						Lua 0:00:19:039
[mod] Loaded mod items for: SMR_CommunityFixPackTestKit, SMR_CommunityFixPack
						Lua 0:00:19:040
[mod] [CommunityFixPack] NoHomeless: applied
						Lua 0:00:19:510
[Braze] SessionStart error The server name or address could not be resolved

[Braze] Failed sending launcher ev The server name or address could not be resolved

[Braze] Failed to init
						Lua 0:00:19:610
[Braze] SessionStart error The server name or address could not be resolved

[Braze] Failed sending launcher ev The server name or address could not be resolved

[Braze] Failed to init
						Lua 0:00:21:477
[mod] [U2RUN] STEP 1-waiting-menu END 2500ms
[U2RUN] STEP 1-waiting-menu END 2500ms
[mod] [U2RUN] STEP 2-load-staged-copy BEGIN
[U2RUN] STEP 2-load-staged-copy BEGIN
						Lua 0:00:21:581
Load Game: 
	lua_revision: 396349 
	assets_revision: 31031 

	mods: SMR_CommunityFixPackTestKit, SMR_CommunityFixPack 
						Lua 0:00:21:587
*** Reloading assets from folder 'BinAssets/'
							IO Task 0:00:21:614
[ResManager Error] Cannot find file with base path: Animations/LawOfficeDoor_idle.hgacl
[ResManager Error] Cannot find file with base path: Animations/LawOfficeDoor_opening.hgacl
						Lua 0:00:23:269
*** Assets reloaded in 1.7 s, read 202.1 MB, read speed 120.2 MB/s, average read 4949 bytes.
						Lua 0:00:29:081
[mod] [SMRTest] console enable requested (clean) — press Enter (or Alt-Shift-C) once in a colony
[SMRTest] console enable requested (clean) — press Enter (or Alt-Shift-C) once in a colony
						Lua 0:00:29:132
game_settings:
    sponsor: NASA
    profile: rocketscientist
    founding_faction: ProsperityForMars
    rival_colonies: paradox, Japan
    mystery_random: 
    game_rules: (none)
more_game_settings: save_game_id: HdmSxGs6kyd0uz6-, mystery: none, coordinates: 0N107E, landing_spot: , logo: USA
map_conditions: altitude: -583, temperature: -1, cold_wave: 0, dust_devils: 66, dust_storm: 102, meteors: 109
map_resources: concrete: 146, metals: 146, precious_metals: 146, water: 176
						Lua 0:00:29:148
[mod] [CommunityFixPack] SaveSanitizer: F48 repaired TrackBase#4569 — 4 element(s), connections 7 -> 6, duplicate node_idx 0 -> 0
						Lua 0:00:29:150
[mod] [CommunityFixPack] SaveSanitizer: F48 repaired TrackBase#4619 — 23 element(s), connections 45 -> 44, duplicate node_idx 0 -> 0
						Lua 0:00:29:153
[mod] [CommunityFixPack] SaveSanitizer: F48 repaired TrackBase#4730 — 43 element(s), connections 86 -> 84, duplicate node_idx 0 -> 0
						Lua 0:00:29:157
[mod] [CommunityFixPack] SaveSanitizer: F48 repaired TrackBase#12454 — 280 element(s), connections 559 -> 558, duplicate node_idx 0 -> 0
						Lua 0:00:29:160
[mod] [CommunityFixPack] SaveSanitizer: F48 repaired TrackBase#12528 — 32 element(s), connections 63 -> 62, duplicate node_idx 0 -> 0
						Lua 0:00:29:170
[mod] [CommunityFixPack] SaveSanitizer: F48 repaired TrackBase#12637 — 17 element(s), connections 34 -> 32, duplicate node_idx 0 -> 0
						Lua 0:00:29:186
[mod] [CommunityFixPack] SaveSanitizer: F48 repaired TrackBase#13418 — 67 element(s), connections 133 -> 132, duplicate node_idx 0 -> 0
						Lua 0:00:29:188
[mod] [CommunityFixPack] SaveSanitizer: F48 station-connector pass repaired 7 of 17 track(s) walked (0 raised)
						Lua 0:00:29:192
Game Loaded in 7611 ms
						Lua 0:00:29:227
[mod] [SMRTest] console enable requested (clean) — press Enter (or Alt-Shift-C) once in a colony
[SMRTest] console enable requested (clean) — press Enter (or Alt-Shift-C) once in a colony
						Lua 0:00:29:951
Game loaded on map BlankBigCanyonCMix_09 in 8474 ms
[mod] [U2RUN] LOAD OK #1 file=U2STAGE.savegame.sav — LoadGame returned no error
[U2RUN] LOAD OK #1 file=U2STAGE.savegame.sav — LoadGame returned no error
						Lua 0:00:32:256
[mod] [SMRTest] console enable requested (clean) — press Enter (or Alt-Shift-C) once in a colony
[SMRTest] console enable requested (clean) — press Enter (or Alt-Shift-C) once in a colony
						Lua 0:00:45:450
[mod] [U2RUN] READ speed: SetGameSpeed(3) call=true | before=5 after=3
[U2RUN] READ speed: SetGameSpeed(3) call=true | before=5 after=3
[mod] [U2RUN] STEP 2-load-staged-copy END (no timing — this step blocks render mode)
[U2RUN] STEP 2-load-staged-copy END (no timing — this step blocks render mode)
[mod] [U2RUN] STEP 3-conditions-and-gate BEGIN
[U2RUN] STEP 3-conditions-and-gate BEGIN
[mod] [U2RUN] MODE REAL VERIFICATION RUN — the gate below stops the run if the pack is not loaded.
[U2RUN] MODE REAL VERIFICATION RUN — the gate below stops the run if the pack is not loaded.
[mod] [U2RUN] CONDITIONS pack=81/81 active | map=BlankBigCanyonCMix_09 | speed=3 | loads_this_process=1 | note=unattended-2 verification run, load 1 of 3, staged copy of PT35FIXTURE
[U2RUN] CONDITIONS pack=81/81 active | map=BlankBigCanyonCMix_09 | speed=3 | loads_this_process=1 | note=unattended-2 verification run, load 1 of 3, staged copy of PT35FIXTURE
[mod] [U2RUN] CONDITIONS by-name SaveSanitizer = active | detail=
[U2RUN] CONDITIONS by-name SaveSanitizer = active | detail=
[mod] [U2RUN] CONDITIONS by-name NoHomeless = active | detail=
[U2RUN] CONDITIONS by-name NoHomeless = active | detail=
[mod] [U2RUN] F100 ⛔ the acceptance reading for F100 is NOT taken here — the deactivation line prints at mod load, long before this payload runs, and an absence verdict may only come from the FINAL archived log (EF-047). The line above records what the module's status is NOW; the boot lines are read agent-side after this process exits.
[U2RUN] F100 ⛔ the acceptance reading for F100 is NOT taken here — the deactivation line prints at mod load, long before this payload runs, and an absence verdict may only come from the FINAL archived log (EF-047). The line above records what the module's status is NOW; the boot lines are read agent-side after this process exits.
[mod] [U2RUN] GATE pack-loaded OK :: 81/81 modules active :: load 1, before any verdict-bearing read
[U2RUN] GATE pack-loaded OK :: 81/81 modules active :: load 1, before any verdict-bearing read
[mod] [U2RUN] STEP 3-conditions-and-gate END 0ms
[U2RUN] STEP 3-conditions-and-gate END 0ms
[mod] [U2RUN] STEP 4-fixture-confirm BEGIN
[U2RUN] STEP 4-fixture-confirm BEGIN
[mod] [U2RUN] PT35 FrictionlessComposites researched=1 (type=number truthy=true ok=true) discovered=163 (type=number truthy=true ok=true) | 1 Large, 6 plain, 12 Diffuser turbine(s) | when=load 1, staged copy
[U2RUN] PT35 FrictionlessComposites researched=1 (type=number truthy=true ok=true) discovered=163 (type=number truthy=true ok=true) | 1 Large, 6 plain, 12 Diffuser turbine(s) | when=load 1, staged copy
[mod] [U2RUN] READ PT35-turbine-half-fixture(a Large Wind Turbine exists) = 1 | population=1 | APPLICABLE=true | witness=WindTurbine_Large label walked this load — 0 is exactly why unattended-1's leg A turbine half was UNSAMPLED
[U2RUN] READ PT35-turbine-half-fixture(a Large Wind Turbine exists) = 1 | population=1 | APPLICABLE=true | witness=WindTurbine_Large label walked this load — 0 is exactly why unattended-1's leg A turbine half was UNSAMPLED
						Lua 0:00:45:455
[mod] [U2RUN] PT35 upgraded buildings=144 | examples: SmartApartmentsCCP1#2480{1,SmartApartmentsCCP1_HomeCollective} SmartApartmentsCCP1#2774{1,SmartApartmentsCCP1_HomeCollective} SmartApartmentsCCP1#2909{1,SmartApartmentsCCP1_HomeCollective} SmartHome_Small#2910{1,SmartHome_HomeCollective} | when=load 1, staged copy
[U2RUN] PT35 upgraded buildings=144 | examples: SmartApartmentsCCP1#2480{1,SmartApartmentsCCP1_HomeCollective} SmartApartmentsCCP1#2774{1,SmartApartmentsCCP1_HomeCollective} SmartApartmentsCCP1#2909{1,SmartApartmentsCCP1_HomeCollective} SmartHome_Small#2910{1,SmartHome_HomeCollective} | when=load 1, staged copy
[mod] [U2RUN] READ PT35-F03-half-fixture(an APPLIED building upgrade exists) = 144 | population=144 | APPLICABLE=true | witness=every label of every city walked this load, upgrades_built read per object — the fixture's Remote Medic is the intended subject
[U2RUN] READ PT35-F03-half-fixture(an APPLIED building upgrade exists) = 144 | population=144 | APPLICABLE=true | witness=every label of every city walked this load, upgrades_built read per object — the fixture's Remote Medic is the intended subject
[mod] [U2RUN] STEP 4-fixture-confirm END 0ms
[U2RUN] STEP 4-fixture-confirm END 0ms
[mod] [U2RUN] STEP 5-f48-after-the-automatic-pass BEGIN
[U2RUN] STEP 5-f48-after-the-automatic-pass BEGIN
[mod] [U2RUN] F48FLAG load 1, after PostLoadGame :: UIColony.SMRFixPack_F48_StationConnectors = true (type=boolean truthy=true)
[U2RUN] F48FLAG load 1, after PostLoadGame :: UIColony.SMRFixPack_F48_StationConnectors = true (type=boolean truthy=true)
[mod] [U2RUN] SNAP load1-after-auto-pass TrackBase#4569 :: start_el=TrackGridElement#4567 end_el=TrackGridElement#4546 n=4 connections_total=6 duplicate_node_idx=[]
[U2RUN] SNAP load1-after-auto-pass TrackBase#4569 :: start_el=TrackGridElement#4567 end_el=TrackGridElement#4546 n=4 connections_total=6 duplicate_node_idx=[]
[mod] [U2RUN] SNAP load1-after-auto-pass TrackBase#4619 :: start_el=TrackGridElement#4575 end_el=TrackGridElement#4629 n=23 connections_total=44 duplicate_node_idx=[]
[U2RUN] SNAP load1-after-auto-pass TrackBase#4619 :: start_el=TrackGridElement#4575 end_el=TrackGridElement#4629 n=23 connections_total=44 duplicate_node_idx=[]
[mod] [U2RUN] SNAP load1-after-auto-pass TrackBase#4730 :: start_el=TrackGridElement#4846 end_el=TrackGridElement#4794 n=43 connections_total=84 duplicate_node_idx=[]
[U2RUN] SNAP load1-after-auto-pass TrackBase#4730 :: start_el=TrackGridElement#4846 end_el=TrackGridElement#4794 n=43 connections_total=84 duplicate_node_idx=[]
[mod] [U2RUN] SNAP load1-after-auto-pass TrackBase#5361 :: start_el=TrackGridElement#4796 end_el=TrackGridElement#4554 n=113 connections_total=224 duplicate_node_idx=[]
[U2RUN] SNAP load1-after-auto-pass TrackBase#5361 :: start_el=TrackGridElement#4796 end_el=TrackGridElement#4554 n=113 connections_total=224 duplicate_node_idx=[]
[mod] [U2RUN] SNAP load1-after-auto-pass TrackBase#5956 :: start_el=TrackGridElement#6293 end_el=TrackGridElement#4631 n=74 connections_total=146 duplicate_node_idx=[]
[U2RUN] SNAP load1-after-auto-pass TrackBase#5956 :: start_el=TrackGridElement#6293 end_el=TrackGridElement#4631 n=74 connections_total=146 duplicate_node_idx=[]
[mod] [U2RUN] SNAP load1-after-auto-pass TrackBase#8553 :: start_el=nil end_el=nil n=1 connections_total=0 duplicate_node_idx=[]
[U2RUN] SNAP load1-after-auto-pass TrackBase#8553 :: start_el=nil end_el=nil n=1 connections_total=0 duplicate_node_idx=[]
[mod] [U2RUN] SNAP load1-after-auto-pass TrackBase#9876 :: start_el=TrackGridElement#12430 end_el=TrackGridElement#4844 n=113 connections_total=224 duplicate_node_idx=[]
[U2RUN] SNAP load1-after-auto-pass TrackBase#9876 :: start_el=TrackGridElement#12430 end_el=TrackGridElement#4844 n=113 connections_total=224 duplicate_node_idx=[]
						Lua 0:00:45:456
[mod] [U2RUN] SNAP load1-after-auto-pass TrackBase#12454 :: start_el=TrackGridElement#12432 end_el=TrackGridElement#12476 n=280 connections_total=558 duplicate_node_idx=[]
[U2RUN] SNAP load1-after-auto-pass TrackBase#12454 :: start_el=TrackGridElement#12432 end_el=TrackGridElement#12476 n=280 connections_total=558 duplicate_node_idx=[]
[mod] [U2RUN] SNAP load1-after-auto-pass TrackBase#12511 :: start_el=TrackGridElement#12474 end_el=TrackGridElement#12507 n=14 connections_total=26 duplicate_node_idx=[]
[U2RUN] SNAP load1-after-auto-pass TrackBase#12511 :: start_el=TrackGridElement#12474 end_el=TrackGridElement#12507 n=14 connections_total=26 duplicate_node_idx=[]
[mod] [U2RUN] SNAP load1-after-auto-pass TrackBase#12528 :: start_el=TrackGridElement#12509 end_el=TrackGridElement#12498 n=32 connections_total=62 duplicate_node_idx=[]
[U2RUN] SNAP load1-after-auto-pass TrackBase#12528 :: start_el=TrackGridElement#12509 end_el=TrackGridElement#12498 n=32 connections_total=62 duplicate_node_idx=[]
[mod] [U2RUN] SNAP load1-after-auto-pass TrackBase#12632 :: start_el=nil end_el=nil n=1 connections_total=1 duplicate_node_idx=[]
[U2RUN] SNAP load1-after-auto-pass TrackBase#12632 :: start_el=nil end_el=nil n=1 connections_total=1 duplicate_node_idx=[]
[mod] [U2RUN] SNAP load1-after-auto-pass TrackBase#12637 :: start_el=TrackGridElement#12635 end_el=TrackGridElement#12723 n=17 connections_total=32 duplicate_node_idx=[]
[U2RUN] SNAP load1-after-auto-pass TrackBase#12637 :: start_el=TrackGridElement#12635 end_el=TrackGridElement#12723 n=17 connections_total=32 duplicate_node_idx=[]
[mod] [U2RUN] SNAP load1-after-auto-pass TrackBase#12727 :: start_el=TrackGridElement#12725 end_el=TrackGridElement#12500 n=32 connections_total=62 duplicate_node_idx=[]
[U2RUN] SNAP load1-after-auto-pass TrackBase#12727 :: start_el=TrackGridElement#12725 end_el=TrackGridElement#12500 n=32 connections_total=62 duplicate_node_idx=[]
[mod] [U2RUN] SNAP load1-after-auto-pass TrackBase#13411 :: start_el=nil end_el=nil n=1 connections_total=1 duplicate_node_idx=[]
[U2RUN] SNAP load1-after-auto-pass TrackBase#13411 :: start_el=nil end_el=nil n=1 connections_total=1 duplicate_node_idx=[]
[mod] [U2RUN] SNAP load1-after-auto-pass TrackBase#13418 :: start_el=TrackGridElement#13416 end_el=TrackGridElement#13410 n=67 connections_total=132 duplicate_node_idx=[]
[U2RUN] SNAP load1-after-auto-pass TrackBase#13418 :: start_el=TrackGridElement#13416 end_el=TrackGridElement#13410 n=67 connections_total=132 duplicate_node_idx=[]
[mod] [U2RUN] SNAP load1-after-auto-pass TrackBase#13945 :: start_el=nil end_el=nil n=1 connections_total=1 duplicate_node_idx=[]
[U2RUN] SNAP load1-after-auto-pass TrackBase#13945 :: start_el=nil end_el=nil n=1 connections_total=1 duplicate_node_idx=[]
[mod] [U2RUN] SNAP load1-after-auto-pass TrackBase#13950 :: start_el=TrackGridElement#13948 end_el=TrackGridElement#13414 n=110 connections_total=218 duplicate_node_idx=[]
[U2RUN] SNAP load1-after-auto-pass TrackBase#13950 :: start_el=TrackGridElement#13948 end_el=TrackGridElement#13414 n=110 connections_total=218 duplicate_node_idx=[]
[mod] [U2RUN] SNAPALL load1-after-auto-pass :: 17 track(s), 0 broken element(s), 0 repair site(s)
[U2RUN] SNAPALL load1-after-auto-pass :: 17 track(s), 0 broken element(s), 0 repair site(s)
[mod] [U2RUN] READ F48-track-population(tracks with elements to re-order) = 17 | population=17 | APPLICABLE=true | witness=TrackBase label walked this load
[U2RUN] READ F48-track-population(tracks with elements to re-order) = 17 | population=17 | APPLICABLE=true | witness=TrackBase label walked this load
[mod] [U2RUN] F48 the automatic pass has already run (PostLoadGame fires inside LoadGame). Its own per-track 'connections A -> B' lines and its 'repaired N of M track(s) walked' line are ABOVE this one — that pair is acceptance (c) and the first half of (a).
[U2RUN] F48 the automatic pass has already run (PostLoadGame fires inside LoadGame). Its own per-track 'connections A -> B' lines and its 'repaired N of M track(s) walked' line are ABOVE this one — that pair is acceptance (c) and the first half of (a).
						Lua 0:00:45:460
[mod] [CommunityFixPack] SaveSanitizer: F48 station-connector pass repaired 0 of 17 track(s) walked (0 raised)
[mod] [U2RUN] TRY Sanitizer.RepairStationConnectors load1-immediate-rerun (idempotence, PRE-RELOAD) ok=true result=0						Lua 0:00:45:461

[U2RUN] TRY Sanitizer.RepairStationConnectors load1-immediate-rerun (idempotence, PRE-RELOAD) ok=true result=0
[mod] [U2RUN] F48 load1-immediate-rerun (idempotence, PRE-RELOAD) :: direct call repaired 0 track(s) — the pass's own count line above carries the per-track effect
[U2RUN] F48 load1-immediate-rerun (idempotence, PRE-RELOAD) :: direct call repaired 0 track(s) — the pass's own count line above carries the per-track effect
[mod] [U2RUN] SNAP load1-after-direct-rerun TrackBase#4569 :: start_el=TrackGridElement#4567 end_el=TrackGridElement#4546 n=4 connections_total=6 duplicate_node_idx=[]
[U2RUN] SNAP load1-after-direct-rerun TrackBase#4569 :: start_el=TrackGridElement#4567 end_el=TrackGridElement#4546 n=4 connections_total=6 duplicate_node_idx=[]
[mod] [U2RUN] SNAP load1-after-direct-rerun TrackBase#4619 :: start_el=TrackGridElement#4575 end_el=TrackGridElement#4629 n=23 connections_total=44 duplicate_node_idx=[]
[U2RUN] SNAP load1-after-direct-rerun TrackBase#4619 :: start_el=TrackGridElement#4575 end_el=TrackGridElement#4629 n=23 connections_total=44 duplicate_node_idx=[]
[mod] [U2RUN] SNAP load1-after-direct-rerun TrackBase#4730 :: start_el=TrackGridElement#4846 end_el=TrackGridElement#4794 n=43 connections_total=84 duplicate_node_idx=[]
[U2RUN] SNAP load1-after-direct-rerun TrackBase#4730 :: start_el=TrackGridElement#4846 end_el=TrackGridElement#4794 n=43 connections_total=84 duplicate_node_idx=[]
[mod] [U2RUN] SNAP load1-after-direct-rerun TrackBase#5361 :: start_el=TrackGridElement#4796 end_el=TrackGridElement#4554 n=113 connections_total=224 duplicate_node_idx=[]
[U2RUN] SNAP load1-after-direct-rerun TrackBase#5361 :: start_el=TrackGridElement#4796 end_el=TrackGridElement#4554 n=113 connections_total=224 duplicate_node_idx=[]
[mod] [U2RUN] SNAP load1-after-direct-rerun TrackBase#5956 :: start_el=TrackGridElement#6293 end_el=TrackGridElement#4631 n=74 connections_total=146 duplicate_node_idx=[]
[U2RUN] SNAP load1-after-direct-rerun TrackBase#5956 :: start_el=TrackGridElement#6293 end_el=TrackGridElement#4631 n=74 connections_total=146 duplicate_node_idx=[]
[mod] [U2RUN] SNAP load1-after-direct-rerun TrackBase#8553 :: start_el=nil end_el=nil n=1 connections_total=0 duplicate_node_idx=[]
[U2RUN] SNAP load1-after-direct-rerun TrackBase#8553 :: start_el=nil end_el=nil n=1 connections_total=0 duplicate_node_idx=[]
[mod] [U2RUN] SNAP load1-after-direct-rerun TrackBase#9876 :: start_el=TrackGridElement#12430 end_el=TrackGridElement#4844 n=113 connections_total=224 duplicate_node_idx=[]
[U2RUN] SNAP load1-after-direct-rerun TrackBase#9876 :: start_el=TrackGridElement#12430 end_el=TrackGridElement#4844 n=113 connections_total=224 duplicate_node_idx=[]
[mod] [U2RUN] SNAP load1-after-direct-rerun TrackBase#12454 :: start_el=TrackGridElement#12432 end_el=TrackGridElement#12476 n=280 connections_total=558 duplicate_node_idx=[]
[U2RUN] SNAP load1-after-direct-rerun TrackBase#12454 :: start_el=TrackGridElement#12432 end_el=TrackGridElement#12476 n=280 connections_total=558 duplicate_node_idx=[]
[mod] [U2RUN] SNAP load1-after-direct-rerun TrackBase#12511 :: start_el=TrackGridElement#12474 end_el=TrackGridElement#12507 n=14 connections_total=26 duplicate_node_idx=[]
[U2RUN] SNAP load1-after-direct-rerun TrackBase#12511 :: start_el=TrackGridElement#12474 end_el=TrackGridElement#12507 n=14 connections_total=26 duplicate_node_idx=[]
[mod] [U2RUN] SNAP load1-after-direct-rerun TrackBase#12528 :: start_el=TrackGridElement#12509 end_el=TrackGridElement#12498 n=32 connections_total=62 duplicate_node_idx=[]
[U2RUN] SNAP load1-after-direct-rerun TrackBase#12528 :: start_el=TrackGridElement#12509 end_el=TrackGridElement#12498 n=32 connections_total=62 duplicate_node_idx=[]
[mod] [U2RUN] SNAP load1-after-direct-rerun TrackBase#12632 :: start_el=nil end_el=nil n=1 connections_total=1 duplicate_node_idx=[]
[U2RUN] SNAP load1-after-direct-rerun TrackBase#12632 :: start_el=nil end_el=nil n=1 connections_total=1 duplicate_node_idx=[]
[mod] [U2RUN] SNAP load1-after-direct-rerun TrackBase#12637 :: start_el=TrackGridElement#12635 end_el=TrackGridElement#12723 n=17 connections_total=32 duplicate_node_idx=[]
[U2RUN] SNAP load1-after-direct-rerun TrackBase#12637 :: start_el=TrackGridElement#12635 end_el=TrackGridElement#12723 n=17 connections_total=32 duplicate_node_idx=[]
[mod] [U2RUN] SNAP load1-after-direct-rerun TrackBase#12727 :: start_el=TrackGridElement#12725 end_el=TrackGridElement#12500 n=32 connections_total=62 duplicate_node_idx=[]
[U2RUN] SNAP load1-after-direct-rerun TrackBase#12727 :: start_el=TrackGridElement#12725 end_el=TrackGridElement#12500 n=32 connections_total=62 duplicate_node_idx=[]
[mod] [U2RUN] SNAP load1-after-direct-rerun TrackBase#13411 :: start_el=nil end_el=nil n=1 connections_total=1 duplicate_node_idx=[]
[U2RUN] SNAP load1-after-direct-rerun TrackBase#13411 :: start_el=nil end_el=nil n=1 connections_total=1 duplicate_node_idx=[]
[mod] [U2RUN] SNAP load1-after-direct-rerun TrackBase#13418 :: start_el=TrackGridElement#13416 end_el=TrackGridElement#13410 n=67 connections_total=132 duplicate_node_idx=[]
[U2RUN] SNAP load1-after-direct-rerun TrackBase#13418 :: start_el=TrackGridElement#13416 end_el=TrackGridElement#13410 n=67 connections_total=132 duplicate_node_idx=[]
[mod] [U2RUN] SNAP load1-after-direct-rerun TrackBase#13945 :: start_el=nil end_el=nil n=1 connections_total=1 duplicate_node_idx=[]
[U2RUN] SNAP load1-after-direct-rerun TrackBase#13945 :: start_el=nil end_el=nil n=1 connections_total=1 duplicate_node_idx=[]
[mod] [U2RUN] SNAP load1-after-direct-rerun TrackBase#13950 :: start_el=TrackGridElement#13948 end_el=TrackGridElement#13414 n=110 connections_total=218 duplicate_node_idx=[]
[U2RUN] SNAP load1-after-direct-rerun TrackBase#13950 :: start_el=TrackGridElement#13948 end_el=TrackGridElement#13414 n=110 connections_total=218 duplicate_node_idx=[]
[mod] [U2RUN] SNAPALL load1-after-direct-rerun :: 17 track(s), 0 broken element(s), 0 repair site(s)
[U2RUN] SNAPALL load1-after-direct-rerun :: 17 track(s), 0 broken element(s), 0 repair site(s)
[mod] [U2RUN] READ F48-track-population(tracks with elements to re-order) = 17 | population=17 | APPLICABLE=true | witness=TrackBase label walked this load
[U2RUN] READ F48-track-population(tracks with elements to re-order) = 17 | population=17 | APPLICABLE=true | witness=TrackBase label walked this load
[mod] [U2RUN] PT35DIFF F48 idempotence within load 1 (PRE-RELOAD ONLY — the round trip is load 2) :: 0 of 17 readings changed
[U2RUN] PT35DIFF F48 idempotence within load 1 (PRE-RELOAD ONLY — the round trip is load 2) :: 0 of 17 readings changed
[mod] [U2RUN] STEP 5-f48-after-the-automatic-pass END 0ms
[U2RUN] STEP 5-f48-after-the-automatic-pass END 0ms
[mod] [U2RUN] STEP 6-pt35-leg-a-load-1 BEGIN
[U2RUN] STEP 6-pt35-leg-a-load-1 BEGIN
[mod] [U2RUN] PT35   turbine label WindTurbine carries id=table: 000001ADDC0E23E8 prop=electricity_production percent=100 amount=0 | when=load1-before-heal-calls
[U2RUN] PT35   turbine label WindTurbine carries id=table: 000001ADDC0E23E8 prop=electricity_production percent=100 amount=0 | when=load1-before-heal-calls
[mod] [U2RUN] PT35   turbine label WindTurbine_Large carries id=table: 000001ADD92F9948 prop=electricity_production percent=100 amount=0 | when=load1-before-heal-calls
[U2RUN] PT35   turbine label WindTurbine_Large carries id=table: 000001ADD92F9948 prop=electricity_production percent=100 amount=0 | when=load1-before-heal-calls
[mod] [U2RUN] PT35   turbine label WindTurbine_Diffuser carries id=table: 000001ADDC0E2188 prop=electricity_production percent=100 amount=0 | when=load1-before-heal-calls
[U2RUN] PT35   turbine label WindTurbine_Diffuser carries id=table: 000001ADDC0E2188 prop=electricity_production percent=100 amount=0 | when=load1-before-heal-calls
[mod] [U2RUN] PT35NUM load1-before-heal-calls :: turbine_label_modifiers=3 turbine_percent_sum=300 large_turbine_electricity_production_own=29008 large_turbine_electricity_production_resolved=29008 colony_label_modifiers=131 colony_upgrade_shaped_ids=0 city_label_modifiers=8 city_upgrade_shaped_ids=0 dome_count=13 dome_label_modifiers=48 dome_upgrade_shaped_ids=3 turbines_large=1 turbines_plain=6 turbines_diffuser=12
[U2RUN] PT35NUM load1-before-heal-calls :: turbine_label_modifiers=3 turbine_percent_sum=300 large_turbine_electricity_production_own=29008 large_turbine_electricity_production_resolved=29008 colony_label_modifiers=131 colony_upgrade_shaped_ids=0 city_label_modifiers=8 city_upgrade_shaped_ids=0 dome_count=13 dome_label_modifiers=48 dome_upgrade_shaped_ids=3 turbines_large=1 turbines_plain=6 turbines_diffuser=12
[mod] [U2RUN] READ PT35-F03-do-no-harm-population(live upgrade-shaped modifier ids) = 3 | population=3 | APPLICABLE=true | witness=colony + every city + every dome label_modifiers walked this load
[U2RUN] READ PT35-F03-do-no-harm-population(live upgrade-shaped modifier ids) = 3 | population=3 | APPLICABLE=true | witness=colony + every city + every dome label_modifiers walked this load
[mod] [U2RUN] TRY Sanitizer.RepairTurbineBuff load 1 ok=true result=0
[U2RUN] TRY Sanitizer.RepairTurbineBuff load 1 ok=true result=0
[mod] [U2RUN] TRY Sanitizer.RepairLeakedUpgradeModifiers load 1 ok=true result=0
[U2RUN] TRY Sanitizer.RepairLeakedUpgradeModifiers load 1 ok=true result=0
[mod] [U2RUN] HEAL load 1 :: RepairTurbineBuff returned 0 | RepairLeakedUpgradeModifiers returned 0
[U2RUN] HEAL load 1 :: RepairTurbineBuff returned 0 | RepairLeakedUpgradeModifiers returned 0
						Lua 0:00:45:462
[mod] [U2RUN] PT35   turbine label WindTurbine carries id=table: 000001ADDC0E23E8 prop=electricity_production percent=100 amount=0 | when=load1-after-heal-calls
[U2RUN] PT35   turbine label WindTurbine carries id=table: 000001ADDC0E23E8 prop=electricity_production percent=100 amount=0 | when=load1-after-heal-calls
[mod] [U2RUN] PT35   turbine label WindTurbine_Large carries id=table: 000001ADD92F9948 prop=electricity_production percent=100 amount=0 | when=load1-after-heal-calls
[U2RUN] PT35   turbine label WindTurbine_Large carries id=table: 000001ADD92F9948 prop=electricity_production percent=100 amount=0 | when=load1-after-heal-calls
[mod] [U2RUN] PT35   turbine label WindTurbine_Diffuser carries id=table: 000001ADDC0E2188 prop=electricity_production percent=100 amount=0 | when=load1-after-heal-calls
[U2RUN] PT35   turbine label WindTurbine_Diffuser carries id=table: 000001ADDC0E2188 prop=electricity_production percent=100 amount=0 | when=load1-after-heal-calls
[mod] [U2RUN] PT35NUM load1-after-heal-calls :: turbine_label_modifiers=3 turbine_percent_sum=300 large_turbine_electricity_production_own=29008 large_turbine_electricity_production_resolved=29008 colony_label_modifiers=131 colony_upgrade_shaped_ids=0 city_label_modifiers=8 city_upgrade_shaped_ids=0 dome_count=13 dome_label_modifiers=48 dome_upgrade_shaped_ids=3 turbines_large=1 turbines_plain=6 turbines_diffuser=12
[U2RUN] PT35NUM load1-after-heal-calls :: turbine_label_modifiers=3 turbine_percent_sum=300 large_turbine_electricity_production_own=29008 large_turbine_electricity_production_resolved=29008 colony_label_modifiers=131 colony_upgrade_shaped_ids=0 city_label_modifiers=8 city_upgrade_shaped_ids=0 dome_count=13 dome_label_modifiers=48 dome_upgrade_shaped_ids=3 turbines_large=1 turbines_plain=6 turbines_diffuser=12
[mod] [U2RUN] READ PT35-F03-do-no-harm-population(live upgrade-shaped modifier ids) = 3 | population=3 | APPLICABLE=true | witness=colony + every city + every dome label_modifiers walked this load
[U2RUN] READ PT35-F03-do-no-harm-population(live upgrade-shaped modifier ids) = 3 | population=3 | APPLICABLE=true | witness=colony + every city + every dome label_modifiers walked this load
[mod] [U2RUN] PT35DIFF PT-35 leg A do-no-harm, load 1, both passes called (PRE-RELOAD ONLY) :: 0 of 14 readings changed
[U2RUN] PT35DIFF PT-35 leg A do-no-harm, load 1, both passes called (PRE-RELOAD ONLY) :: 0 of 14 readings changed
[mod] [U2RUN] STEP 6-pt35-leg-a-load-1 END 0ms
[U2RUN] STEP 6-pt35-leg-a-load-1 END 0ms
[mod] [U2RUN] STEP 7-save-round-trip-1 BEGIN
[U2RUN] STEP 7-save-round-trip-1 BEGIN
						Lua 0:00:46:052
[mod] [U2RUN] SAVE SaveGame returned err=false name=U2RT1.savegame.sav
[U2RUN] SAVE SaveGame returned err=false name=U2RT1.savegame.sav
[mod] [U2RUN] TRY SaveGame U2RT1.savegame.sav (yielding) ok=true result=false
[U2RUN] TRY SaveGame U2RT1.savegame.sav (yielding) ok=true result=false
						Lua 0:00:46:520
[mod] [U2RUN] TRY Savegame.ListForTag (EF-049 open question, NOT the witness) ok=true result=non-table:nil
[U2RUN] TRY Savegame.ListForTag (EF-049 open question, NOT the witness) ok=true result=non-table:nil
[mod] [U2RUN] SAVE WITNESS for U2RT1.savegame.sav = the on-disk file read agent-side after this process exits, plus the LoadGame of it below. NOT ListForTag (EF-049).
[U2RUN] SAVE WITNESS for U2RT1.savegame.sav = the on-disk file read agent-side after this process exits, plus the LoadGame of it below. NOT ListForTag (EF-049).
[mod] [U2RUN] STEP 7-save-round-trip-1 END (no timing — this step blocks render mode)
[U2RUN] STEP 7-save-round-trip-1 END (no timing — this step blocks render mode)
[mod] [U2RUN] STEP 8-load-round-trip-1 BEGIN
[U2RUN] STEP 8-load-round-trip-1 BEGIN
						Lua 0:00:46:648
Load Game: 
	lua_revision: 396349 
	assets_revision: 31031 

	mods: SMR_CommunityFixPackTestKit, SMR_CommunityFixPack 
						Lua 0:00:51:693
[mod] [SMRTest] console enable requested (clean) — press Enter (or Alt-Shift-C) once in a colony
[SMRTest] console enable requested (clean) — press Enter (or Alt-Shift-C) once in a colony
						Lua 0:00:51:718
game_settings:
    sponsor: NASA
    profile: rocketscientist
    founding_faction: ProsperityForMars
    rival_colonies: paradox, Japan
    mystery_random: 
    game_rules: (none)
more_game_settings: save_game_id: HdmSxGs6kyd0uz6-, mystery: none, 						Lua 0:00:51:719
coordinates: 0N107E, landing_spot: , logo: USA
map_conditions: altitude: -583, temperature: -1, cold_wave: 0, dust_devils: 66, dust_storm: 102, meteors: 109
map_resources: concrete: 146, metals: 146, precious_metals: 146, water: 176
						Lua 0:00:51:736
Game Loaded in 5088 ms
						Lua 0:00:51:772
[mod] [SMRTest] console enable requested (clean) — press Enter (or Alt-Shift-C) once in a colony
[SMRTest] console enable requested (clean) — press Enter (or Alt-Shift-C) once in a colony
						Lua 0:00:52:325
Game loaded on map BlankBigCanyonCMix_09 in 5805 ms
[mod] [U2RUN] LOAD OK #2 file=U2RT1.savegame.sav — LoadGame returned no error
[U2RUN] LOAD OK #2 file=U2RT1.savegame.sav — LoadGame returned no error
						Lua 0:00:53:632
[mod] [SMRTest] console enable requested (clean) — press Enter (or Alt-Shift-C) once in a colony
[SMRTest] console enable requested (clean) — press Enter (or Alt-Shift-C) once in a colony
						Lua 0:00:54:631
[mod] [SMRTest] console enable requested (clean) — press Enter (or Alt-Shift-C) once in a colony
[SMRTest] console enable requested (clean) — press Enter (or Alt-Shift-C) once in a colony
						Lua 0:01:07:826
[mod] [U2RUN] READ speed: SetGameSpeed(3) call=true | before=3 after=3
[U2RUN] READ speed: SetGameSpeed(3) call=true | before=3 after=3
[mod] [U2RUN] STEP 8-load-round-trip-1 END (no timing — this step blocks render mode)
[U2RUN] STEP 8-load-round-trip-1 END (no timing — this step blocks render mode)
[mod] [U2RUN] STEP 9-f48-across-the-round-trip BEGIN
[U2RUN] STEP 9-f48-across-the-round-trip BEGIN
[mod] [U2RUN] CONDITIONS pack=81/81 active | map=BlankBigCanyonCMix_09 | speed=3 | loads_this_process=2 | note=load 2 of 3, the R4 round trip
[U2RUN] CONDITIONS pack=81/81 active | map=BlankBigCanyonCMix_09 | speed=3 | loads_this_process=2 | note=load 2 of 3, the R4 round trip
[mod] [U2RUN] CONDITIONS by-name SaveSanitizer = active | detail=
[U2RUN] CONDITIONS by-name SaveSanitizer = active | detail=
[mod] [U2RUN] F48FLAG load 2, after PostLoadGame — a TRUE here is the automatic pass standing down, read rather than inferred from an absence of lines :: UIColony.SMRFixPack_F48_StationConnectors = true (type=boolean truthy=true)
[U2RUN] F48FLAG load 2, after PostLoadGame — a TRUE here is the automatic pass standing down, read rather than inferred from an absence of lines :: UIColony.SMRFixPack_F48_StationConnectors = true (type=boolean truthy=true)
[mod] [U2RUN] SNAP load2-after-reload TrackBase#4569 :: start_el=TrackGridElement#4567 end_el=TrackGridElement#4546 n=4 connections_total=6 duplicate_node_idx=[]
[U2RUN] SNAP load2-after-reload TrackBase#4569 :: start_el=TrackGridElement#4567 end_el=TrackGridElement#4546 n=4 connections_total=6 duplicate_node_idx=[]
[mod] [U2RUN] SNAP load2-after-reload TrackBase#4619 :: start_el=TrackGridElement#4575 end_el=TrackGridElement#4629 n=23 connections_total=44 duplicate_node_idx=[]
[U2RUN] SNAP load2-after-reload TrackBase#4619 :: start_el=TrackGridElement#4575 end_el=TrackGridElement#4629 n=23 connections_total=44 duplicate_node_idx=[]
[mod] [U2RUN] SNAP load2-after-reload TrackBase#4730 :: start_el=TrackGridElement#4846 end_el=TrackGridElement#4794 n=43 connections_total=84 duplicate_node_idx=[]
[U2RUN] SNAP load2-after-reload TrackBase#4730 :: start_el=TrackGridElement#4846 end_el=TrackGridElement#4794 n=43 connections_total=84 duplicate_node_idx=[]
[mod] [U2RUN] SNAP load2-after-reload TrackBase#5361 :: start_el=TrackGridElement#4796 end_el=TrackGridElement#4554 n=113 connections_total=224 duplicate_node_idx=[]
[U2RUN] SNAP load2-after-reload TrackBase#5361 :: start_el=TrackGridElement#4796 end_el=TrackGridElement#4554 n=113 connections_total=224 duplicate_node_idx=[]
[mod] [U2RUN] SNAP load2-after-reload TrackBase#5956 :: start_el=TrackGridElement#6293 end_el=TrackGridElement#4631 n=74 connections_total=146 duplicate_node_idx=[]
[U2RUN] SNAP load2-after-reload TrackBase#5956 :: start_el=TrackGridElement#6293 end_el=TrackGridElement#4631 n=74 connections_total=146 duplicate_node_idx=[]
[mod] [U2RUN] SNAP load2-after-reload TrackBase#8553 :: start_el=nil end_el=nil n=1 connections_total=0 duplicate_node_idx=[]
[U2RUN] SNAP load2-after-reload TrackBase#8553 :: start_el=nil end_el=nil n=1 connections_total=0 duplicate_node_idx=[]
[mod] [U2RUN] SNAP load2-after-reload TrackBase#9876 :: start_el=TrackGridElement#12430 end_el=TrackGridElement#4844 n=113 connections_total=224 duplicate_node_idx=[]
[U2RUN] SNAP load2-after-reload TrackBase#9876 :: start_el=TrackGridElement#12430 end_el=TrackGridElement#4844 n=113 connections_total=224 duplicate_node_idx=[]
[mod] [U2RUN] SNAP load2-after-reload TrackBase#12454 :: start_el=TrackGridElement#12432 end_el=TrackGridElement#12476 n=280 connections_total=558 duplicate_node_idx=[]
[U2RUN] SNAP load2-after-reload TrackBase#12454 :: start_el=TrackGridElement#12432 end_el=TrackGridElement#12476 n=280 connections_total=558 duplicate_node_idx=[]
[mod] [U2RUN] SNAP load2-after-reload TrackBase#12511 :: start_el=TrackGridElement#12474 end_el=TrackGridElement#12507 n=14 connections_total=26 duplicate_node_idx=[]
[U2RUN] SNAP load2-after-reload TrackBase#12511 :: start_el=TrackGridElement#12474 end_el=TrackGridElement#12507 n=14 connections_total=26 duplicate_node_idx=[]
[mod] [U2RUN] SNAP load2-after-reload TrackBase#12528 :: start_el=TrackGridElement#12509 end_el=TrackGridElement#12498 n=32 connections_total=62 duplicate_node_idx=[]
[U2RUN] SNAP load2-after-reload TrackBase#12528 :: start_el=TrackGridElement#12509 end_el=TrackGridElement#12498 n=32 connections_total=62 duplicate_node_idx=[]
[mod] [U2RUN] SNAP load2-after-reload TrackBase#12632 :: start_el=nil end_el=nil n=1 connections_total=1 duplicate_node_idx=[]
[U2RUN] SNAP load2-after-reload TrackBase#12632 :: start_el=nil end_el=nil n=1 connections_total=1 duplicate_node_idx=[]
[mod] [U2RUN] SNAP load2-after-reload TrackBase#12637 :: start_el=TrackGridElement#12635 end_el=TrackGridElement#12723 n=17 connections_total=32 duplicate_node_idx=[]
[U2RUN] SNAP load2-after-reload TrackBase#12637 :: start_el=TrackGridElement#12635 end_el=TrackGridElement#12723 n=17 connections_total=32 duplicate_node_idx=[]
[mod] [U2RUN] SNAP load2-after-reload TrackBase#12727 :: start_el=TrackGridElement#12725 end_el=TrackGridElement#12500 n=32 connections_total=62 duplicate_node_idx=[]
[U2RUN] SNAP load2-after-reload TrackBase#12727 :: start_el=TrackGridElement#12725 end_el=TrackGridElement#12500 n=32 connections_total=62 duplicate_node_idx=[]
[mod] [U2RUN] SNAP load2-after-reload TrackBase#13411 :: start_el=nil end_el=nil n=1 connections_total=1 duplicate_node_idx=[]
[U2RUN] SNAP load2-after-reload TrackBase#13411 :: start_el=nil end_el=nil n=1 connections_total=1 duplicate_node_idx=[]
[mod] [U2RUN] SNAP load2-after-reload TrackBase#13418 :: start_el=TrackGridElement#13416 end_el=TrackGridElement#13410 n=67 connections_total=132 duplicate_node_idx=[]
[U2RUN] SNAP load2-after-reload TrackBase#13418 :: start_el=TrackGridElement#13416 end_el=TrackGridElement#13410 n=67 connections_total=132 duplicate_node_idx=[]
[mod] [U2RUN] SNAP load2-after-reload TrackBase#13945 :: start_el=nil end_el=nil n=1 connections_total=1 duplicate_node_idx=[]
[U2RUN] SNAP load2-after-reload TrackBase#13945 :: start_el=nil end_el=nil n=1 connections_total=1 duplicate_node_idx=[]
[mod] [U2RUN] SNAP load2-after-reload TrackBase#13950 :: start_el=TrackGridElement#13948 end_el=TrackGridElement#13414 n=110 connections_total=218 duplicate_node_idx=[]
[U2RUN] SNAP load2-after-reload TrackBase#13950 :: start_el=TrackGridElement#13948 end_el=TrackGridElement#13414 n=110 connections_total=218 duplicate_node_idx=[]
						Lua 0:01:07:827
[mod] [U2RUN] SNAPALL load2-after-reload :: 17 track(s), 0 broken element(s), 0 repair site(s)
[U2RUN] SNAPALL load2-after-reload :: 17 track(s), 0 broken element(s), 0 repair site(s)
[mod] [U2RUN] READ F48-track-population(tracks with elements to re-order) = 17 | population=17 | APPLICABLE=true | witness=TrackBase label walked this load
[U2RUN] READ F48-track-population(tracks with elements to re-order) = 17 | population=17 | APPLICABLE=true | witness=TrackBase label walked this load
[mod] [U2RUN] PT35DIFF F48 acceptance (a) SECOND HALF — does the repaired state SURVIVE save+reload :: 0 of 17 readings changed
[U2RUN] PT35DIFF F48 acceptance (a) SECOND HALF — does the repaired state SURVIVE save+reload :: 0 of 17 readings changed
[mod] [U2RUN] STEP 9-f48-across-the-round-trip END 0ms
[U2RUN] STEP 9-f48-across-the-round-trip END 0ms
[mod] [U2RUN] STEP 10-f48-do-no-harm-on-a-clean-save BEGIN
[U2RUN] STEP 10-f48-do-no-harm-on-a-clean-save BEGIN
						Lua 0:01:07:831
[mod] [CommunityFixPack] SaveSanitizer: F48 station-connector pass repaired 0 of 17 track(s) walked (0 raised)
[mod] [U2RUN] TRY Sanitizer.RepairStationConnectors load2-do-no-harm (acceptance (b): an already-repaired save must report ZERO) ok=true result=0
[U2RUN] TRY Sanitizer.RepairStationConnectors load2-do-no-harm (acceptance (b): an already-repaired save must report ZERO) ok=true result=0
[mod] [U2RUN] F48 load2-do-no-harm (acceptance (b): an already-repaired save must report ZERO) :: direct call repaired 0 track(s) — the pass's own count line above carries the per-track effect
[U2RUN] F48 load2-do-no-harm (acceptance (b): an already-repaired save must report ZERO) :: direct call repaired 0 track(s) — the pass's own count line above carries the per-track effect
[mod] [U2RUN] SNAP load2-after-direct-call TrackBase#4569 :: start_el=TrackGridElement#4567 end_el=TrackGridElement#4546 n=4 connections_total=6 duplicate_node_idx=[]
[U2RUN] SNAP load2-after-direct-call TrackBase#4569 :: start_el=TrackGridElement#4567 end_el=TrackGridElement#4546 n=4 connections_total=6 duplicate_node_idx=[]
[mod] [U2RUN] SNAP load2-after-direct-call TrackBase#4619 :: start_el=TrackGridElement#4575 end_el=TrackGridElement#4629 n=23 connections_total=44 duplicate_node_idx=[]
[U2RUN] SNAP load2-after-direct-call TrackBase#4619 :: start_el=TrackGridElement#4575 end_el=TrackGridElement#4629 n=23 connections_total=44 duplicate_node_idx=[]
[mod] [U2RUN] SNAP load2-after-direct-call TrackBase#4730 :: start_el=TrackGridElement#4846 end_el=TrackGridElement#4794 n=43 connections_total=84 duplicate_node_idx=[]
[U2RUN] SNAP load2-after-direct-call TrackBase#4730 :: start_el=TrackGridElement#4846 end_el=TrackGridElement#4794 n=43 connections_total=84 duplicate_node_idx=[]
[mod] [U2RUN] SNAP load2-after-direct-call TrackBase#5361 :: start_el=TrackGridElement#4796 end_el=TrackGridElement#4554 n=113 connections_total=224 duplicate_node_idx=[]
[U2RUN] SNAP load2-after-direct-call TrackBase#5361 :: start_el=TrackGridElement#4796 end_el=TrackGridElement#4554 n=113 connections_total=224 duplicate_node_idx=[]
[mod] [U2RUN] SNAP load2-after-direct-call TrackBase#5956 :: start_el=TrackGridElement#6293 end_el=TrackGridElement#4631 n=74 connections_total=146 duplicate_node_idx=[]
[U2RUN] SNAP load2-after-direct-call TrackBase#5956 :: start_el=TrackGridElement#6293 end_el=TrackGridElement#4631 n=74 connections_total=146 duplicate_node_idx=[]
[mod] [U2RUN] SNAP load2-after-direct-call TrackBase#8553 :: start_el=nil end_el=nil n=1 connections_total=0 duplicate_node_idx=[]
[U2RUN] SNAP load2-after-direct-call TrackBase#8553 :: start_el=nil end_el=nil n=1 connections_total=0 duplicate_node_idx=[]
[mod] [U2RUN] SNAP load2-after-direct-call TrackBase#9876 :: start_el=TrackGridElement#12430 end_el=TrackGridElement#4844 n=113 connections_total=224 duplicate_node_idx=[]
[U2RUN] SNAP load2-after-direct-call TrackBase#9876 :: start_el=TrackGridElement#12430 end_el=TrackGridElement#4844 n=113 connections_total=224 duplicate_node_idx=[]
[mod] [U2RUN] SNAP load2-after-direct-call TrackBase#12454 :: start_el=TrackGridElement#12432 end_el=TrackGridElement#12476 n=280 connections_total=558 duplicate_node_idx=[]
[U2RUN] SNAP load2-after-direct-call TrackBase#12454 :: start_el=TrackGridElement#12432 end_el=TrackGridElement#12476 n=280 connections_total=558 duplicate_node_idx=[]
[mod] [U2RUN] SNAP load2-after-direct-call TrackBase#12511 :: start_el=TrackGridElement#12474 end_el=TrackGridElement#12507 n=14 connections_total=26 duplicate_node_idx=[]
[U2RUN] SNAP load2-after-direct-call TrackBase#12511 :: start_el=TrackGridElement#12474 end_el=TrackGridElement#12507 n=14 connections_total=26 duplicate_node_idx=[]
						Lua 0:01:07:832
[mod] [U2RUN] SNAP load2-after-direct-call TrackBase#12528 :: start_el=TrackGridElement#12509 end_el=TrackGridElement#12498 n=32 connections_total=62 duplicate_node_idx=[]
[U2RUN] SNAP load2-after-direct-call TrackBase#12528 :: start_el=TrackGridElement#12509 end_el=TrackGridElement#12498 n=32 connections_total=62 duplicate_node_idx=[]
[mod] [U2RUN] SNAP load2-after-direct-call TrackBase#12632 :: start_el=nil end_el=nil n=1 connections_total=1 duplicate_node_idx=[]
[U2RUN] SNAP load2-after-direct-call TrackBase#12632 :: start_el=nil end_el=nil n=1 connections_total=1 duplicate_node_idx=[]
[mod] [U2RUN] SNAP load2-after-direct-call TrackBase#12637 :: start_el=TrackGridElement#12635 end_el=TrackGridElement#12723 n=17 connections_total=32 duplicate_node_idx=[]
[U2RUN] SNAP load2-after-direct-call TrackBase#12637 :: start_el=TrackGridElement#12635 end_el=TrackGridElement#12723 n=17 connections_total=32 duplicate_node_idx=[]
[mod] [U2RUN] SNAP load2-after-direct-call TrackBase#12727 :: start_el=TrackGridElement#12725 end_el=TrackGridElement#12500 n=32 connections_total=62 duplicate_node_idx=[]
[U2RUN] SNAP load2-after-direct-call TrackBase#12727 :: start_el=TrackGridElement#12725 end_el=TrackGridElement#12500 n=32 connections_total=62 duplicate_node_idx=[]
[mod] [U2RUN] SNAP load2-after-direct-call TrackBase#13411 :: start_el=nil end_el=nil n=1 connections_total=1 duplicate_node_idx=[]
[U2RUN] SNAP load2-after-direct-call TrackBase#13411 :: start_el=nil end_el=nil n=1 connections_total=1 duplicate_node_idx=[]
[mod] [U2RUN] SNAP load2-after-direct-call TrackBase#13418 :: start_el=TrackGridElement#13416 end_el=TrackGridElement#13410 n=67 connections_total=132 duplicate_node_idx=[]
[U2RUN] SNAP load2-after-direct-call TrackBase#13418 :: start_el=TrackGridElement#13416 end_el=TrackGridElement#13410 n=67 connections_total=132 duplicate_node_idx=[]
[mod] [U2RUN] SNAP load2-after-direct-call TrackBase#13945 :: start_el=nil end_el=nil n=1 connections_total=1 duplicate_node_idx=[]
[U2RUN] SNAP load2-after-direct-call TrackBase#13945 :: start_el=nil end_el=nil n=1 connections_total=1 duplicate_node_idx=[]
[mod] [U2RUN] SNAP load2-after-direct-call TrackBase#13950 :: start_el=TrackGridElement#13948 end_el=TrackGridElement#13414 n=110 connections_total=218 duplicate_node_idx=[]
[U2RUN] SNAP load2-after-direct-call TrackBase#13950 :: start_el=TrackGridElement#13948 end_el=TrackGridElement#13414 n=110 connections_total=218 duplicate_node_idx=[]
[mod] [U2RUN] SNAPALL load2-after-direct-call :: 17 track(s), 0 broken element(s), 0 repair site(s)
[U2RUN] SNAPALL load2-after-direct-call :: 17 track(s), 0 broken element(s), 0 repair site(s)
[mod] [U2RUN] READ F48-track-population(tracks with elements to re-order) = 17 | population=17 | APPLICABLE=true | witness=TrackBase label walked this load
[U2RUN] READ F48-track-population(tracks with elements to re-order) = 17 | population=17 | APPLICABLE=true | witness=TrackBase label walked this load
[mod] [U2RUN] PT35DIFF F48 acceptance (b) — a direct call on an already-clean save must move nothing :: 0 of 17 readings changed
[U2RUN] PT35DIFF F48 acceptance (b) — a direct call on an already-clean save must move nothing :: 0 of 17 readings changed
[mod] [U2RUN] STEP 10-f48-do-no-harm-on-a-clean-save END 0ms
[U2RUN] STEP 10-f48-do-no-harm-on-a-clean-save END 0ms
[mod] [U2RUN] STEP 11-pt35-leg-a-round-trip-1 BEGIN
[U2RUN] STEP 11-pt35-leg-a-round-trip-1 BEGIN
[mod] [U2RUN] PT35   turbine label WindTurbine carries id=table: 000001ADD9250E18 prop=electricity_production percent=100 amount=0 | when=load2-before-heal-calls
[U2RUN] PT35   turbine label WindTurbine carries id=table: 000001ADD9250E18 prop=electricity_production percent=100 amount=0 | when=load2-before-heal-calls
[mod] [U2RUN] PT35   turbine label WindTurbine_Large carries id=table: 000001ADDD3A1870 prop=electricity_production percent=100 amount=0 | when=load2-before-heal-calls
[U2RUN] PT35   turbine label WindTurbine_Large carries id=table: 000001ADDD3A1870 prop=electricity_production percent=100 amount=0 | when=load2-before-heal-calls
[mod] [U2RUN] PT35   turbine label WindTurbine_Diffuser carries id=table: 000001ADDD3A0780 prop=electricity_production percent=100 amount=0 | when=load2-before-heal-calls
[U2RUN] PT35   turbine label WindTurbine_Diffuser carries id=table: 000001ADDD3A0780 prop=electricity_production percent=100 amount=0 | when=load2-before-heal-calls
[mod] [U2RUN] PT35NUM load2-before-heal-calls :: turbine_label_modifiers=3 turbine_percent_sum=300 large_turbine_electricity_production_own=29008 large_turbine_electricity_production_resolved=29008 colony_label_modifiers=131 colony_upgrade_shaped_ids=0 city_label_modifiers=8 city_upgrade_shaped_ids=0 dome_count=13 dome_label_modifiers=48 dome_upgrade_shaped_ids=3 turbines_large=1 turbines_plain=6 turbines_diffuser=12
[U2RUN] PT35NUM load2-before-heal-calls :: turbine_label_modifiers=3 turbine_percent_sum=300 large_turbine_electricity_production_own=29008 large_turbine_electricity_production_resolved=29008 colony_label_modifiers=131 colony_upgrade_shaped_ids=0 city_label_modifiers=8 city_upgrade_shaped_ids=0 dome_count=13 dome_label_modifiers=48 dome_upgrade_shaped_ids=3 turbines_large=1 turbines_plain=6 turbines_diffuser=12
[mod] [U2RUN] READ PT35-F03-do-no-harm-population(live upgrade-shaped modifier ids) = 3 | population=3 | APPLICABLE=true | witness=colony + every city + every dome label_modifiers walked this load
[U2RUN] READ PT35-F03-do-no-harm-population(live upgrade-shaped modifier ids) = 3 | population=3 | APPLICABLE=true | witness=colony + every city + every dome label_modifiers walked this load
[mod] [U2RUN] PT35DIFF PT-35 leg A ACROSS SAVE+RELOAD #1 (R4) — the entry's own claim is that these do not move :: 0 of 14 readings changed
[U2RUN] PT35DIFF PT-35 leg A ACROSS SAVE+RELOAD #1 (R4) — the entry's own claim is that these do not move :: 0 of 14 readings changed
[mod] [U2RUN] TRY Sanitizer.RepairTurbineBuff load 2 ok=true result=0
[U2RUN] TRY Sanitizer.RepairTurbineBuff load 2 ok=true result=0
[mod] [U2RUN] TRY Sanitizer.RepairLeakedUpgradeModifiers load 2 ok=true result=0
[U2RUN] TRY Sanitizer.RepairLeakedUpgradeModifiers load 2 ok=true result=0
[mod] [U2RUN] HEAL load 2 :: RepairTurbineBuff returned 0 | RepairLeakedUpgradeModifiers returned 0
[U2RUN] HEAL load 2 :: RepairTurbineBuff returned 0 | RepairLeakedUpgradeModifiers returned 0
[mod] [U2RUN] PT35   turbine label WindTurbine carries id=table: 000001ADD9250E18 prop=electricity_production percent=100 amount=0 | when=load2-after-heal-calls
[U2RUN] PT35   turbine label WindTurbine carries id=table: 000001ADD9250E18 prop=electricity_production percent=100 amount=0 | when=load2-after-heal-calls
[mod] [U2RUN] PT35   turbine label WindTurbine_Large carries id=table: 000001ADDD3A1870 prop=electricity_production percent=100 amount=0 | when=load2-after-heal-calls
[U2RUN] PT35   turbine label WindTurbine_Large carries id=table: 000001ADDD3A1870 prop=electricity_production percent=100 amount=0 | when=load2-after-heal-calls
[mod] [U2RUN] PT35   turbine label WindTurbine_Diffuser carries id=table: 000001ADDD3A0780 prop=electricity_production percent=100 amount=0 | when=load2-after-heal-calls
[U2RUN] PT35   turbine label WindTurbine_Diffuser carries id=table: 000001ADDD3A0780 prop=electricity_production percent=100 amount=0 | when=load2-after-heal-calls
[mod] [U2RUN] PT35NUM load2-after-heal-calls :: turbine_label_modifiers=3 turbine_percent_sum=300 large_turbine_electricity_production_own=29008 large_turbine_electricity_production_resolved=29008 colony_label_modifiers=131 colony_upgrade_shaped_ids=0 city_label_modifiers=8 city_upgrade_shaped_ids=0 dome_count=13 dome_label_modifiers=48 dome_upgrade_shaped_ids=3 turbines_large=1 turbines_plain=6 turbines_diffuser=12
[U2RUN] PT35NUM load2-after-heal-calls :: turbine_label_modifiers=3 turbine_percent_sum=300 large_turbine_electricity_production_own=29008 large_turbine_electricity_production_resolved=29008 colony_label_modifiers=131 colony_upgrade_shaped_ids=0 city_label_modifiers=8 city_upgrade_shaped_ids=0 dome_count=13 dome_label_modifiers=48 dome_upgrade_shaped_ids=3 turbines_large=1 turbines_plain=6 turbines_diffuser=12
[mod] [U2RUN] READ PT35-F03-do-no-harm-population(live upgrade-shaped modifier ids) = 3 | population=3 | APPLICABLE=true | witness=colony + every city + every dome label_modifiers walked this load
[U2RUN] READ PT35-F03-do-no-harm-population(live upgrade-shaped modifier ids) = 3 | population=3 | APPLICABLE=true | witness=colony + every city + every dome label_modifiers walked this load
[mod] [U2RUN] PT35DIFF PT-35 leg A do-no-harm, load 2, both passes called :: 0 of 14 readings changed
[U2RUN] PT35DIFF PT-35 leg A do-no-harm, load 2, both passes called :: 0 of 14 readings changed
[mod] [U2RUN] PT35 FrictionlessComposites researched=1 (type=number truthy=true ok=true) discovered=163 (type=number truthy=true ok=true) | 1 Large, 6 plain, 12 Diffuser turbine(s) | when=load 2, after the round trip
[U2RUN] PT35 FrictionlessComposites researched=1 (type=number truthy=true ok=true) discovered=163 (type=number truthy=true ok=true) | 1 Large, 6 plain, 12 Diffuser turbine(s) | when=load 2, after the round trip
[mod] [U2RUN] READ PT35-turbine-half-fixture(a Large Wind Turbine exists) = 1 | population=1 | APPLICABLE=true | witness=WindTurbine_Large label walked this load — 0 is exactly why unattended-1's leg A turbine half was UNSAMPLED
[U2RUN] READ PT35-turbine-half-fixture(a Large Wind Turbine exists) = 1 | population=1 | APPLICABLE=true | witness=WindTurbine_Large label walked this load — 0 is exactly why unattended-1's leg A turbine half was UNSAMPLED
						Lua 0:01:07:837
[mod] [U2RUN] PT35 upgraded buildings=144 | examples: FungalFarm#4693{2,FungalFarm_Automation} FungalFarm#4705{2,FungalFarm_Automation} FungalFarm#4712{2,FungalFarm_Automation} SmartApartmentsCCP1#2480{1,SmartApartmentsCCP1_HomeCollective} | when=load 2, after the round trip
[U2RUN] PT35 upgraded buildings=144 | examples: FungalFarm#4693{2,FungalFarm_Automation} FungalFarm#4705{2,FungalFarm_Automation} FungalFarm#4712{2,FungalFarm_Automation} SmartApartmentsCCP1#2480{1,SmartApartmentsCCP1_HomeCollective} | when=load 2, after the round trip
[mod] [U2RUN] READ PT35-F03-half-fixture(an APPLIED building upgrade exists) = 144 | population=144 | APPLICABLE=true | witness=every label of every city walked this load, upgrades_built read per object — the fixture's Remote Medic is the intended subject
[U2RUN] READ PT35-F03-half-fixture(an APPLIED building upgrade exists) = 144 | population=144 | APPLICABLE=true | witness=every label of every city walked this load, upgrades_built read per object — the fixture's Remote Medic is the intended subject
[mod] [U2RUN] STEP 11-pt35-leg-a-round-trip-1 END 0ms
[U2RUN] STEP 11-pt35-leg-a-round-trip-1 END 0ms
[mod] [U2RUN] STEP 12-save-round-trip-2 BEGIN
[U2RUN] STEP 12-save-round-trip-2 BEGIN
						Lua 0:01:08:467
[mod] [U2RUN] SAVE SaveGame returned err=false name=U2RT2.savegame.sav
[U2RUN] SAVE SaveGame returned err=false name=U2RT2.savegame.sav
[mod] [U2RUN] TRY SaveGame U2RT2.savegame.sav (yielding) ok=true result=false
[U2RUN] TRY SaveGame U2RT2.savegame.sav (yielding) ok=true result=false
						Lua 0:01:08:868
[mod] [U2RUN] TRY Savegame.ListForTag (EF-049 open question, NOT the witness) ok=true result=non-table:nil
[U2RUN] TRY Savegame.ListForTag (EF-049 open question, NOT the witness) ok=true result=non-table:nil
[mod] [U2RUN] SAVE WITNESS for U2RT2.savegame.sav = the on-disk file read agent-side after this process exits, plus the LoadGame of it below. NOT ListForTag (EF-049).
[U2RUN] SAVE WITNESS for U2RT2.savegame.sav = the on-disk file read agent-side after this process exits, plus the LoadGame of it below. NOT ListForTag (EF-049).
[mod] [U2RUN] STEP 12-save-round-trip-2 END (no timing — this step blocks render mode)
[U2RUN] STEP 12-save-round-trip-2 END (no timing — this step blocks render mode)
[mod] [U2RUN] STEP 13-load-round-trip-2 BEGIN
[U2RUN] STEP 13-load-round-trip-2 BEGIN
						Lua 0:01:08:992
Load Game: 
	lua_revision: 396349 
	assets_revision: 31031 

	mods: SMR_CommunityFixPackTestKit, SMR_CommunityFixPack 
						Lua 0:01:14:112
[mod] [SMRTest] console enable requested (clean) — press Enter (or Alt-Shift-C) once in a colony
[SMRTest] console enable requested (clean) — press Enter (or Alt-Shift-C) once in a colony
						Lua 0:01:14:138
game_settings:
    sponsor: NASA
    profile: rocketscientist
    founding_faction: ProsperityForMars
    rival_colonies: paradox, Japan
    mystery_random: 
    game_rules: (none)
more_game_settings: save_game_id: HdmSxGs6kyd0uz6-, mystery: none, coordinates: 0N107E, landing_spot: , logo: USA
map_conditions: altitude: -583, temperature: -1, cold_wave: 0, dust_devils: 66, dust_storm: 102, meteors: 109
map_resources: concrete: 146, metals: 146, precious_metals: 146, water: 176
						Lua 0:01:14:156
Game Loaded in 5164 ms
						Lua 0:01:14:192
[mod] [SMRTest] console enable requested (clean) — press Enter (or Alt-Shift-C) once in a colony
[SMRTest] console enable requested (clean) — press Enter (or Alt-Shift-C) once in a colony
						Lua 0:01:14:776
Game loaded on map BlankBigCanyonCMix_09 in 5908 ms
[mod] [U2RUN] LOAD OK #3 file=U2RT2.savegame.sav — LoadGame returned no error
[U2RUN] LOAD OK #3 file=U2RT2.savegame.sav — LoadGame returned no error
						Lua 0:01:16:077
[mod] [SMRTest] console enable requested (clean) — press Enter (or Alt-Shift-C) once in a colony
[SMRTest] console enable requested (clean) — press Enter (or Alt-Shift-C) once in a colony
						Lua 0:01:17:077
[mod] [SMRTest] console enable requested (clean) — press Enter (or Alt-Shift-C) once in a colony
[SMRTest] console enable requested (clean) — press Enter (or Alt-Shift-C) once in a colony
						Lua 0:01:30:274
[mod] [U2RUN] READ speed: SetGameSpeed(3) call=true | before=3 after=3
[U2RUN] READ speed: SetGameSpeed(3) call=true | before=3 after=3
[mod] [U2RUN] STEP 13-load-round-trip-2 END (no timing — this step blocks render mode)
[U2RUN] STEP 13-load-round-trip-2 END (no timing — this step blocks render mode)
[mod] [U2RUN] STEP 14-pt35-leg-a-round-trip-2 BEGIN
[U2RUN] STEP 14-pt35-leg-a-round-trip-2 BEGIN
[mod] [U2RUN] CONDITIONS pack=81/81 active | map=BlankBigCanyonCMix_09 | speed=3 | loads_this_process=3 | note=load 3 of 3, the second R4 round trip
[U2RUN] CONDITIONS pack=81/81 active | map=BlankBigCanyonCMix_09 | speed=3 | loads_this_process=3 | note=load 3 of 3, the second R4 round trip
[mod] [U2RUN] CONDITIONS by-name SaveSanitizer = active | detail=
[U2RUN] CONDITIONS by-name SaveSanitizer = active | detail=
[mod] [U2RUN] F48FLAG load 3, after PostLoadGame :: UIColony.SMRFixPack_F48_StationConnectors = true (type=boolean truthy=true)
[U2RUN] F48FLAG load 3, after PostLoadGame :: UIColony.SMRFixPack_F48_StationConnectors = true (type=boolean truthy=true)
[mod] [U2RUN] SNAP load3-after-second-reload TrackBase#4569 :: start_el=TrackGridElement#4567 end_el=TrackGridElement#4546 n=4 connections_total=6 duplicate_node_idx=[]
[U2RUN] SNAP load3-after-second-reload TrackBase#4569 :: start_el=TrackGridElement#4567 end_el=TrackGridElement#4546 n=4 connections_total=6 duplicate_node_idx=[]
[mod] [U2RUN] SNAP load3-after-second-reload TrackBase#4619 :: start_el=TrackGridElement#4575 end_el=TrackGridElement#4629 n=23 connections_total=44 duplicate_node_idx=[]
[U2RUN] SNAP load3-after-second-reload TrackBase#4619 :: start_el=TrackGridElement#4575 end_el=TrackGridElement#4629 n=23 connections_total=44 duplicate_node_idx=[]
[mod] [U2RUN] SNAP load3-after-second-reload TrackBase#4730 :: start_el=TrackGridElement#4846 end_el=TrackGridElement#4794 n=43 connections_total=84 duplicate_node_idx=[]
[U2RUN] SNAP load3-after-second-reload TrackBase#4730 :: start_el=TrackGridElement#4846 end_el=TrackGridElement#4794 n=43 connections_total=84 duplicate_node_idx=[]
[mod] [U2RUN] SNAP load3-after-second-reload TrackBase#5361 :: start_el=TrackGridElement#4796 end_el=TrackGridElement#4554 n=113 connections_total=224 duplicate_node_idx=[]
[U2RUN] SNAP load3-after-second-reload TrackBase#5361 :: start_el=TrackGridElement#4796 end_el=TrackGridElement#4554 n=113 connections_total=224 duplicate_node_idx=[]
[mod] [U2RUN] SNAP load3-after-second-reload TrackBase#5956 :: start_el=TrackGridElement#6293 end_el=TrackGridElement#4631 n=74 connections_total=146 duplicate_node_idx=[]
[U2RUN] SNAP load3-after-second-reload TrackBase#5956 :: start_el=TrackGridElement#6293 end_el=TrackGridElement#4631 n=74 connections_total=146 duplicate_node_idx=[]
[mod] [U2RUN] SNAP load3-after-second-reload TrackBase#8553 :: start_el=nil end_el=nil n=1 connections_total=0 duplicate_node_idx=[]
[U2RUN] SNAP load3-after-second-reload TrackBase#8553 :: start_el=nil end_el=nil n=1 connections_total=0 duplicate_node_idx=[]
[mod] [U2RUN] SNAP load3-after-second-reload TrackBase#9876 :: start_el=TrackGridElement#12430 end_el=TrackGridElement#4844 n=113 connections_total=224 duplicate_node_idx=[]
[U2RUN] SNAP load3-after-second-reload TrackBase#9876 :: start_el=TrackGridElement#12430 end_el=TrackGridElement#4844 n=113 connections_total=224 duplicate_node_idx=[]
[mod] [U2RUN] SNAP load3-after-second-reload TrackBase#12454 :: start_el=TrackGridElement#12432 end_el=TrackGridElement#12476 n=280 connections_total=558 duplicate_node_idx=[]
[U2RUN] SNAP load3-after-second-reload TrackBase#12454 :: start_el=TrackGridElement#12432 end_el=TrackGridElement#12476 n=280 connections_total=558 duplicate_node_idx=[]
[mod] [U2RUN] SNAP load3-after-second-reload TrackBase#12511 :: start_el=TrackGridElement#12474 end_el=TrackGridElement#12507 n=14 connections_total=26 duplicate_node_idx=[]
[U2RUN] SNAP load3-after-second-reload TrackBase#12511 :: start_el=TrackGridElement#12474 end_el=TrackGridElement#12507 n=14 connections_total=26 duplicate_node_idx=[]
[mod] [U2RUN] SNAP load3-after-second-reload TrackBase#12528 :: start_el=TrackGridElement#12509 end_el=TrackGridElement#12498 n=32 connections_total=62 duplicate_node_idx=[]
[U2RUN] SNAP load3-after-second-reload TrackBase#12528 :: start_el=TrackGridElement#12509 end_el=TrackGridElement#12498 n=32 connections_total=62 duplicate_node_idx=[]
[mod] [U2RUN] SNAP load3-after-second-reload TrackBase#12632 :: start_el=nil end_el=nil n=1 connections_total=1 duplicate_node_idx=[]
[U2RUN] SNAP load3-after-second-reload TrackBase#12632 :: start_el=nil end_el=nil n=1 connections_total=1 duplicate_node_idx=[]
[mod] [U2RUN] SNAP load3-after-second-reload TrackBase#12637 :: start_el=TrackGridElement#12635 end_el=TrackGridElement#12723 n=17 connections_total=32 duplicate_node_idx=[]
[U2RUN] SNAP load3-after-second-reload TrackBase#12637 :: start_el=TrackGridElement#12635 end_el=TrackGridElement#12723 n=17 connections_total=32 duplicate_node_idx=[]
[mod] [U2RUN] SNAP load3-after-second-reload TrackBase#12727 :: start_el=TrackGridElement#12725 end_el=TrackGridElement#12500 n=32 connections_total=62 duplicate_node_idx=[]
[U2RUN] SNAP load3-after-second-reload TrackBase#12727 :: start_el=TrackGridElement#12725 end_el=TrackGridElement#12500 n=32 connections_total=62 duplicate_node_idx=[]
[mod] [U2RUN] SNAP load3-after-second-reload TrackBase#13411 :: start_el=nil end_el=nil n=1 connections_total=1 duplicate_node_idx=[]
[U2RUN] SNAP load3-after-second-reload TrackBase#13411 :: start_el=nil end_el=nil n=1 connections_total=1 duplicate_node_idx=[]
[mod] [U2RUN] SNAP load3-after-second-reload TrackBase#13418 :: start_el=TrackGridElement#13416 end_el=TrackGridElement#13410 n=67 connections_total=132 duplicate_node_idx=[]
[U2RUN] SNAP load3-after-second-reload TrackBase#13418 :: start_el=TrackGridElement#13416 end_el=TrackGridElement#13410 n=67 connections_total=132 duplicate_node_idx=[]
						Lua 0:01:30:275
[mod] [U2RUN] SNAP load3-after-second-reload TrackBase#13945 :: start_el=nil end_el=nil n=1 connections_total=1 duplicate_node_idx=[]
[U2RUN] SNAP load3-after-second-reload TrackBase#13945 :: start_el=nil end_el=nil n=1 connections_total=1 duplicate_node_idx=[]
[mod] [U2RUN] SNAP load3-after-second-reload TrackBase#13950 :: start_el=TrackGridElement#13948 end_el=TrackGridElement#13414 n=110 connections_total=218 duplicate_node_idx=[]
[U2RUN] SNAP load3-after-second-reload TrackBase#13950 :: start_el=TrackGridElement#13948 end_el=TrackGridElement#13414 n=110 connections_total=218 duplicate_node_idx=[]
[mod] [U2RUN] SNAPALL load3-after-second-reload :: 17 track(s), 0 broken element(s), 0 repair site(s)
[U2RUN] SNAPALL load3-after-second-reload :: 17 track(s), 0 broken element(s), 0 repair site(s)
[mod] [U2RUN] READ F48-track-population(tracks with elements to re-order) = 17 | population=17 | APPLICABLE=true | witness=TrackBase label walked this load
[U2RUN] READ F48-track-population(tracks with elements to re-order) = 17 | population=17 | APPLICABLE=true | witness=TrackBase label walked this load
[mod] [U2RUN] PT35DIFF F48 — the repaired state across a SECOND save+reload :: 0 of 17 readings changed
[U2RUN] PT35DIFF F48 — the repaired state across a SECOND save+reload :: 0 of 17 readings changed
[mod] [U2RUN] PT35   turbine label WindTurbine carries id=table: 000001ADD5388F10 prop=electricity_production percent=100 amount=0 | when=load3-before-heal-calls
[U2RUN] PT35   turbine label WindTurbine carries id=table: 000001ADD5388F10 prop=electricity_production percent=100 amount=0 | when=load3-before-heal-calls
[mod] [U2RUN] PT35   turbine label WindTurbine_Large carries id=table: 000001ADDCC28E48 prop=electricity_production percent=100 amount=0 | when=load3-before-heal-calls
[U2RUN] PT35   turbine label WindTurbine_Large carries id=table: 000001ADDCC28E48 prop=electricity_production percent=100 amount=0 | when=load3-before-heal-calls
[mod] [U2RUN] PT35   turbine label WindTurbine_Diffuser carries id=table: 000001ADDF3D74B0 prop=electricity_production percent=100 amount=0 | when=load3-before-heal-calls
[U2RUN] PT35   turbine label WindTurbine_Diffuser carries id=table: 000001ADDF3D74B0 prop=electricity_production percent=100 amount=0 | when=load3-before-heal-calls
[mod] [U2RUN] PT35NUM load3-before-heal-calls :: turbine_label_modifiers=3 turbine_percent_sum=300 large_turbine_electricity_production_own=29008 large_turbine_electricity_production_resolved=29008 colony_label_modifiers=131 colony_upgrade_shaped_ids=0 city_label_modifiers=8 city_upgrade_shaped_ids=0 dome_count=13 dome_label_modifiers=48 dome_upgrade_shaped_ids=3 turbines_large=1 turbines_plain=6 turbines_diffuser=12
[U2RUN] PT35NUM load3-before-heal-calls :: turbine_label_modifiers=3 turbine_percent_sum=300 large_turbine_electricity_production_own=29008 large_turbine_electricity_production_resolved=29008 colony_label_modifiers=131 colony_upgrade_shaped_ids=0 city_label_modifiers=8 city_upgrade_shaped_ids=0 dome_count=13 dome_label_modifiers=48 dome_upgrade_shaped_ids=3 turbines_large=1 turbines_plain=6 turbines_diffuser=12
[mod] [U2RUN] READ PT35-F03-do-no-harm-population(live upgrade-shaped modifier ids) = 3 | population=3 | APPLICABLE=true | witness=colony + every city + every dome label_modifiers walked this load
[U2RUN] READ PT35-F03-do-no-harm-population(live upgrade-shaped modifier ids) = 3 | population=3 | APPLICABLE=true | witness=colony + every city + every dome label_modifiers walked this load
[mod] [U2RUN] PT35DIFF PT-35 leg A ACROSS SAVE+RELOAD #2 (R4) :: 0 of 14 readings changed
[U2RUN] PT35DIFF PT-35 leg A ACROSS SAVE+RELOAD #2 (R4) :: 0 of 14 readings changed
[mod] [U2RUN] TRY Sanitizer.RepairTurbineBuff load 3 ok=true result=0
[U2RUN] TRY Sanitizer.RepairTurbineBuff load 3 ok=true result=0
[mod] [U2RUN] TRY Sanitizer.RepairLeakedUpgradeModifiers load 3 ok=true result=0
[U2RUN] TRY Sanitizer.RepairLeakedUpgradeModifiers load 3 ok=true result=0
[mod] [U2RUN] HEAL load 3 :: RepairTurbineBuff returned 0 | RepairLeakedUpgradeModifiers returned 0
[U2RUN] HEAL load 3 :: RepairTurbineBuff returned 0 | RepairLeakedUpgradeModifiers returned 0
[mod] [U2RUN] PT35   turbine label WindTurbine carries id=table: 000001ADD5388F10 prop=electricity_production percent=100 amount=0 | when=load3-after-heal-calls
[U2RUN] PT35   turbine label WindTurbine carries id=table: 000001ADD5388F10 prop=electricity_production percent=100 amount=0 | when=load3-after-heal-calls
[mod] [U2RUN] PT35   turbine label WindTurbine_Large carries id=table: 000001ADDCC28E48 prop=electricity_production percent=100 amount=0 | when=load3-after-heal-calls
[U2RUN] PT35   turbine label WindTurbine_Large carries id=table: 000001ADDCC28E48 prop=electricity_production percent=100 amount=0 | when=load3-after-heal-calls
[mod] [U2RUN] PT35   turbine label WindTurbine_Diffuser carries id=table: 000001ADDF3D74B0 prop=electricity_production percent=100 amount=0 | when=load3-after-heal-calls
[U2RUN] PT35   turbine label WindTurbine_Diffuser carries id=table: 000001ADDF3D74B0 prop=electricity_production percent=100 amount=0 | when=load3-after-heal-calls
[mod] [U2RUN] PT35NUM load3-after-heal-calls :: turbine_label_modifiers=3 turbine_percent_sum=300 large_turbine_electricity_production_own=29008 large_turbine_electricity_production_resolved=29008 colony_label_modifiers=131 colony_upgrade_shaped_ids=0 city_label_modifiers=8 city_upgrade_shaped_ids=0 dome_count=13 dome_label_modifiers=48 dome_upgrade_shaped_ids=3 turbines_large=1 turbines_plain=6 turbines_diffuser=12
[U2RUN] PT35NUM load3-after-heal-calls :: turbine_label_modifiers=3 turbine_percent_sum=300 large_turbine_electricity_production_own=29008 large_turbine_electricity_production_resolved=29008 colony_label_modifiers=131 colony_upgrade_shaped_ids=0 city_label_modifiers=8 city_upgrade_shaped_ids=0 dome_count=13 dome_label_modifiers=48 dome_upgrade_shaped_ids=3 turbines_large=1 turbines_plain=6 turbines_diffuser=12
[mod] [U2RUN] READ PT35-F03-do-no-harm-population(live upgrade-shaped modifier ids) = 3 | population=3 | APPLICABLE=true | witness=colony + every city + every dome label_modifiers walked this load
[U2RUN] READ PT35-F03-do-no-harm-population(live upgrade-shaped modifier ids) = 3 | population=3 | APPLICABLE=true | witness=colony + every city + every dome label_modifiers walked this load
[mod] [U2RUN] PT35DIFF PT-35 leg A do-no-harm, load 3, both passes called :: 0 of 14 readings changed
[U2RUN] PT35DIFF PT-35 leg A do-no-harm, load 3, both passes called :: 0 of 14 readings changed
[mod] [U2RUN] PT35DIFF PT-35 leg A START -> FINISH (three loads, two round trips, six pass calls) :: 0 of 14 readings changed
[U2RUN] PT35DIFF PT-35 leg A START -> FINISH (three loads, two round trips, six pass calls) :: 0 of 14 readings changed
[mod] [U2RUN] PT35 FrictionlessComposites researched=1 (type=number truthy=true ok=true) discovered=163 (type=number truthy=true ok=true) | 1 Large, 6 plain, 12 Diffuser turbine(s) | when=load 3, final
[U2RUN] PT35 FrictionlessComposites researched=1 (type=number truthy=true ok=true) discovered=163 (type=number truthy=true ok=true) | 1 Large, 6 plain, 12 Diffuser turbine(s) | when=load 3, final
[mod] [U2RUN] READ PT35-turbine-half-fixture(a Large Wind Turbine exists) = 1 | population=1 | APPLICABLE=true | witness=WindTurbine_Large label walked this load — 0 is exactly why unattended-1's leg A turbine half was UNSAMPLED
[U2RUN] READ PT35-turbine-half-fixture(a Large Wind Turbine exists) = 1 | population=1 | APPLICABLE=true | witness=WindTurbine_Large label walked this load — 0 is exactly why unattended-1's leg A turbine half was UNSAMPLED
						Lua 0:01:30:280
[mod] [U2RUN] PT35 upgraded buildings=144 | examples: SmartApartmentsCCP1#2480{1,SmartApartmentsCCP1_HomeCollective} SmartApartmentsCCP1#2774{1,SmartApartmentsCCP1_HomeCollective} SmartApartmentsCCP1#2909{1,SmartApartmentsCCP1_HomeCollective} SmartHome_Small#2910{1,SmartHome_HomeCollective} | when=load 3, final
[U2RUN] PT35 upgraded buildings=144 | examples: SmartApartmentsCCP1#2480{1,SmartApartmentsCCP1_HomeCollective} SmartApartmentsCCP1#2774{1,SmartApartmentsCCP1_HomeCollective} SmartApartmentsCCP1#2909{1,SmartApartmentsCCP1_HomeCollective} SmartHome_Small#2910{1,SmartHome_HomeCollective} | when=load 3, final
[mod] [U2RUN] READ PT35-F03-half-fixture(an APPLIED building upgrade exists) = 144 | population=144 | APPLICABLE=true | witness=every label of every city walked this load, upgrades_built read per object — the fixture's Remote Medic is the intended subject
[U2RUN] READ PT35-F03-half-fixture(an APPLIED building upgrade exists) = 144 | population=144 | APPLICABLE=true | witness=every label of every city walked this load, upgrades_built read per object — the fixture's Remote Medic is the intended subject
[mod] [U2RUN] STEP 14-pt35-leg-a-round-trip-2 END 0ms
[U2RUN] STEP 14-pt35-leg-a-round-trip-2 END 0ms
[mod] [U2RUN] STEP 15-c43-full-suite BEGIN
[U2RUN] STEP 15-c43-full-suite BEGIN
[mod] [U2RUN] C43 ⛔ the acceptance reading is ZERO engine error lines naming Test Kit code in the FINAL archived log, both refusal-carrying probes reporting SKIP, and every other probe's verdict unchanged against the retail baseline (docs/archive/logs/Mars.exe-20260803-22.23.59-6a22b86d.log, 78 PASS / 0 FAIL / 9 SKIP / 0 ERROR over 87 probes). Absence is NOT read from here (EF-047).
[U2RUN] C43 ⛔ the acceptance reading is ZERO engine error lines naming Test Kit code in the FINAL archived log, both refusal-carrying probes reporting SKIP, and every other probe's verdict unchanged against the retail baseline (docs/archive/logs/Mars.exe-20260803-22.23.59-6a22b86d.log, 78 PASS / 0 FAIL / 9 SKIP / 0 ERROR over 87 probes). Absence is NOT read from here (EF-047).
[mod] [SMRTest] ---- RunAll (all probes) ----
[SMRTest] ---- RunAll (all probes) ----
[mod] [SMRTest] fix pack present: 81/81 fixes active
[SMRTest] fix pack present: 81/81 fixes active
[mod] [SMRTest] SKIP  CaveInsNoDisasters       [install] introspection unavailable (retail sandbox)
[SMRTest] SKIP  CaveInsNoDisasters       [install] introspection unavailable (retail sandbox)
[mod] [CommunityFixPack] MeteorFrequency: WATCHDOG — no meteor resolved for 99 game hours (thread ALIVE but stuck); restarting onto vanilla's body
[mod] [SMRTest] PASS  MeteorFrequency          [behavior] wrapper stretches only the Meteors thread's roll; body copy gone; watchdog restarts a stalled thread and spares a fresh one
[SMRTest] PASS  MeteorFrequency          [behavior] wrapper stretches only the Meteors thread's roll; body copy gone; watchdog restarts a stalled thread and spares a fresh one
[mod] [SMRTest] PASS  UpgradeModifierLeak      [behavior] modifier turned off
[SMRTest] PASS  UpgradeModifierLeak      [behavior] modifier turned off
[mod] [SMRTest] PASS  NightShiftWork           [behavior] hours 0 and 1 send shift-3 colonists to work
[SMRTest] PASS  NightShiftWork           [behavior] hours 0 and 1 send shift-3 colonists to work
[mod] [SMRTest] SKIP  MilestoneCrash           [install] introspection unavailable (retail sandbox)
[SMRTest] SKIP  MilestoneCrash           [install] introspection unavailable (retail sandbox)
						Lua 0:01:30:281
[mod] [SMRTest] PASS  WispPower                [behavior] 3 wisps -> 3000 power units
[SMRTest] PASS  WispPower                [behavior] 3 wisps -> 3000 power units
[mod] [SMRTest] PASS  WispResearch             [behavior] no double grant; notification says 300 for 3 wisps
[SMRTest] PASS  WispResearch             [behavior] no double grant; notification says 300 for 3 wisps
[mod] [SMRTest] PASS  TouristApplicants        [behavior] 1-star 159 < 2-star 319 over 400 rolls
[SMRTest] PASS  TouristApplicants        [behavior] 1-star 159 < 2-star 319 over 400 rolls
[mod] [SMRTest] PASS  FactionFundingCheck      [behavior] returned 0 (non-discriminating: engine tolerates pairs(nil) — not evidence)
[SMRTest] PASS  FactionFundingCheck      [behavior] returned 0 (non-discriminating: engine tolerates pairs(nil) — not evidence)
[mod] [SMRTest] SKIP  TrainsToVoid             [install] introspection unavailable (retail sandbox)
[SMRTest] SKIP  TrainsToVoid             [install] introspection unavailable (retail sandbox)
[mod] [SMRTest] PASS  LanderEmptyLaunch        [behavior] empty flight blocked, loaded flight still ready
[SMRTest] PASS  LanderEmptyLaunch        [behavior] empty flight blocked, loaded flight still ready
[mod] [SMRTest] PASS  LanderCargoRatchet       [behavior] request 300000 >= 300000 aboard
[SMRTest] PASS  LanderCargoRatchet       [behavior] request 300000 >= 300000 aboard
[mod] [SMRTest] PASS  LanderReturnFuel         [behavior] parked lander keeps 3500 fuel requested
[SMRTest] PASS  LanderReturnFuel         [behavior] parked lander keeps 3500 fuel requested
[mod] [SMRTest] PASS  ShelterReflex            [behavior] life-support blip tolerated; Idle wrapper unverified (introspection unavailable (retail sandbox))
[SMRTest] PASS  ShelterReflex            [behavior] life-support blip tolerated; Idle wrapper unverified (introspection unavailable (retail sandbox))
						Lua 0:01:30:283
[mod] [SMRTest] F45: 0 track repair site(s); 0 with a non-numeric node_idx (track unsalvageable)
[SMRTest] F45: 0 track repair site(s); 0 with a non-numeric node_idx (track unsalvageable)
[mod] [SMRTest] SKIP  BrokenTrackSalvage       [install] introspection unavailable (retail sandbox)
[SMRTest] SKIP  BrokenTrackSalvage       [install] introspection unavailable (retail sandbox)
[mod] [SMRTest] SKIP  TrackSalvageWipe         [install] introspection unavailable (retail sandbox)
[SMRTest] SKIP  TrackSalvageWipe         [install] introspection unavailable (retail sandbox)
						Lua 0:01:30:285
[mod] [SMRTest] SKIP  LakeEntombment           [install] introspection unavailable (retail sandbox)
[SMRTest] SKIP  LakeEntombment           [install] introspection unavailable (retail sandbox)
						Lua 0:01:30:286
[mod] [SMRTest] SKIP  GhostFarmOxygen          [install] introspection unavailable (retail sandbox)
[SMRTest] SKIP  GhostFarmOxygen          [install] introspection unavailable (retail sandbox)
[mod] [SMRTest] PASS  RocketDroneChurn         [behavior] steady-state refresh keeps the drones; new requests still reconnect
[SMRTest] PASS  RocketDroneChurn         [behavior] steady-state refresh keeps the drones; new requests still reconnect
[mod] [SMRTest] PASS  ShuttleTransportCache    [behavior] verdict recomputed when shuttle availability flips, and still cached while it does not
[SMRTest] PASS  ShuttleTransportCache    [behavior] verdict recomputed when shuttle availability flips, and still cached while it does not
[mod] [SMRTest] PASS  VacuumWalks              [behavior] vacuum move uses the passage route; breathable maps unchanged
[SMRTest] PASS  VacuumWalks              [behavior] vacuum move uses the passage route; breathable maps unchanged
[mod] [SMRTest] PASS  ArrivalDeaths            [behavior] the impassable drop spot was snapped to a walkable one; could not read Arrive's source (SMRTest:no-introspection) (6 colonist(s) currently walking between domes)
[SMRTest] PASS  ArrivalDeaths            [behavior] the impassable drop spot was snapped to a walkable one; could not read Arrive's source (SMRTest:no-introspection) (6 colonist(s) currently walking between domes)
[mod] [SMRTest] PASS  DroneUnreachableForever  [behavior] failure normalised to now+0 ms; expires after 3600000 ms
[SMRTest] PASS  DroneUnreachableForever  [behavior] failure normalised to now+0 ms; expires after 3600000 ms
[mod] [SMRTest] F58: 26 residence(s) hold 54 reserved slot(s); 42 are clearly stale
[SMRTest] F58: 26 residence(s) hold 54 reserved slot(s); 42 are clearly stale
[mod] [SMRTest] PASS  StaleReservations        [behavior] reservation timestamped for the daily sweep (54 reserved slot(s) in this save, 42 clearly stale)
[SMRTest] PASS  StaleReservations        [behavior] reservation timestamped for the daily sweep (54 reserved slot(s) in this save, 42 clearly stale)
						Lua 0:01:30:287
[mod] [SMRTest] PASS  CrystalMysteryHang       [install] CrystalFlyAway handler registered (current mystery: )
[SMRTest] PASS  CrystalMysteryHang       [install] CrystalFlyAway handler registered (current mystery: )
[mod] [SMRTest] PASS  TouristSatisfaction      [behavior] 0->100 pays 40000, 100->0 charges -40000
[SMRTest] PASS  TouristSatisfaction      [behavior] 0->100 pays 40000, 100->0 charges -40000
[mod] [SMRTest] PASS  TrainPlatformWedge       [behavior] stale passenger removed and ticket discarded
[SMRTest] PASS  TrainPlatformWedge       [behavior] stale passenger removed and ticket discarded
[mod] [SMRTest] SKIP  LowStorageWarning        [install] introspection unavailable (retail sandbox)
[SMRTest] SKIP  LowStorageWarning        [install] introspection unavailable (retail sandbox)
[mod] [SMRTest] PASS  CommandCenterNumbers     [behavior] all 11 getters present
[SMRTest] PASS  CommandCenterNumbers     [behavior] all 11 getters present
[mod] [SMRTest] PASS  DomeOverviewHighlight    [behavior] low stat rendered as <red>20</red>
[SMRTest] PASS  DomeOverviewHighlight    [behavior] low stat rendered as <red>20</red>
[mod] [SMRTest] PASS  PayloadTemplateRefill    [behavior] template prefills a fresh payload (20) but never overrides a configured one
[SMRTest] PASS  PayloadTemplateRefill    [behavior] template prefills a fresh payload (20) but never overrides a configured one
[mod] [SMRTest] PASS  ClassicRockets           [behavior] a parked player rocket keeps 3500 fuel requested
[SMRTest] PASS  ClassicRockets           [behavior] a parked player rocket keeps 3500 fuel requested
[mod] [CommunityFixPack] SaveSanitizer: restored the Frictionless Composites buff on the WindTurbine label (+100% electricity_production)
[mod] [CommunityFixPack] SaveSanitizer: restored the Frictionless Composites buff on the WindTurbine_Large label (+100% electricity_production)
[mod] [SMRTest] PASS  SaveSanitizerTurbineBuff [behavior] all three turbine labels at 100%, unchanged by a second run
[SMRTest] PASS  SaveSanitizerTurbineBuff [behavior] all three turbine labels at 100%, unchanged by a second run
[mod] [CommunityFixPack] SaveSanitizer: removed 1 leaked upgrade modifier(s) from salvaged buildings
[mod] [SMRTest] PASS  SaveSanitizerUpgradeLeak [behavior] orphaned upgrade bonus removed; live building's and unrelated modifiers untouched
[SMRTest] PASS  SaveSanitizerUpgradeLeak [behavior] orphaned upgrade bonus removed; live building's and unrelated modifiers untouched
[mod] [SMRTest] PASS  LandscapeUnitFilter      [behavior] boarding unit skipped, ordinary unit reported exactly once
[SMRTest] PASS  LandscapeUnitFilter      [behavior] boarding unit skipped, ordinary unit reported exactly once
[mod] [SMRTest] PASS  SmallLandscapeSites      [behavior] two-hex site returns 2 destinations, nine-hex site still returns the closest 5
[SMRTest] PASS  SmallLandscapeSites      [behavior] two-hex site returns 2 destinations, nine-hex site still returns the closest 5
[mod] [SMRTest] PASS  DomeFreeSpaceMismatch    [behavior] tally follows the player's switch, matching ChooseResidence
[SMRTest] PASS  DomeFreeSpaceMismatch    [behavior] tally follows the player's switch, matching ChooseResidence
[mod] [SMRTest] PASS  FreedHousingNotice       [behavior] vacated home notifies the dome's homeless; a residence with no free slot does not
[SMRTest] PASS  FreedHousingNotice       [behavior] vacated home notifies the dome's homeless; a residence with no free slot does not
[mod] [SMRTest] PASS  ShuttleHubOffAvailable   [behavior] player-disabled hub not counted; working and self-lifting-suspended hubs still are
[SMRTest] PASS  ShuttleHubOffAvailable   [behavior] player-disabled hub not counted; working and self-lifting-suspended hubs still are
[mod] [SMRTest] PASS  AsteroidLanderAvailable  [behavior] busy-but-unassigned landers on the pad count; assigned and off-world ones do not
[SMRTest] PASS  AsteroidLanderAvailable  [behavior] busy-but-unassigned landers on the pad count; assigned and off-world ones do not
[mod] [SMRTest] PASS  AutoExportPriority       [behavior] the scarce hold goes to PreciousMinerals; with room to spare both are still requested
[SMRTest] PASS  AutoExportPriority       [behavior] the scarce hold goes to PreciousMinerals; with room to spare both are still requested
[mod] [SMRTest] PASS  MirrorSphereSite         [behavior] finished site locked out, unfinished site still workable
[SMRTest] PASS  MirrorSphereSite         [behavior] finished site locked out, unfinished site still workable
[mod] [SMRTest] PASS  GeneForging              [behavior] Gene Forging +50, Gene Selection +100, both +150
[SMRTest] PASS  GeneForging              [behavior] Gene Forging +50, Gene Selection +100, both +150
[mod] [SMRTest] PASS  DustSicknessDamage       [behavior] damage rolls 5..14 instead of a flat 10
[SMRTest] PASS  DustSicknessDamage       [behavior] damage rolls 5..14 instead of a flat 10
[mod] [SMRTest] PASS  DustSicknessBiorobots    [behavior] all 4 infection effects filter Biorobots out
[SMRTest] PASS  DustSicknessBiorobots    [behavior] all 4 infection effects filter Biorobots out
[mod] [SMRTest] PASS  DestroyedTunnels         [behavior] ruined tunnels skipped, intact tunnel still registered
[SMRTest] PASS  DestroyedTunnels         [behavior] ruined tunnels skipped, intact tunnel still registered
[mod] [SMRTest] PASS  UniversityOvertraining   [behavior] automated extractor needs 0, manned extractor still needs 12
[SMRTest] PASS  UniversityOvertraining   [behavior] automated extractor needs 0, manned extractor still needs 12
[mod] [SMRTest] PASS  TrainCargoDumping        [behavior] switched-off station refused, accepting station served, undeliverable cargo still dropped
[SMRTest] PASS  TrainCargoDumping        [behavior] switched-off station refused, accepting station served, undeliverable cargo still dropped
[mod] [SMRTest] PASS  RocketInteractGuard      [behavior] load orders on a UniversalTradeRocket are refused; ordinary depots still accept them
[SMRTest] PASS  RocketInteractGuard      [behavior] load orders on a UniversalTradeRocket are refused; ordinary depots still accept them
						Lua 0:01:30:288
[mod] [SMRTest] PASS  TrackConnectorPingPong   [behavior] a live neighbour keeps its connector hex; an abandoned element is still cleared; a dying building schedules its neighbours' reclaim
[SMRTest] PASS  TrackConnectorPingPong   [behavior] a live neighbour keeps its connector hex; an abandoned element is still cleared; a dying building schedules its neighbours' reclaim
[mod] [SMRTest] PASS  TrackTunnelPowerBridge   [behavior] bridges only the short track whose stations really are on different grids
[SMRTest] PASS  TrackTunnelPowerBridge   [behavior] bridges only the short track whose stations really are on different grids
[mod] [SMRTest] PASS  GridGlobalStorage        [behavior] 1h reserve reads 180000, empty reads 0, 100h reads 3000000 (2-sol mark is 1440000)
[SMRTest] PASS  GridGlobalStorage        [behavior] 1h reserve reads 180000, empty reads 0, 100h reads 3000000 (2-sol mark is 1440000)
[mod] [SMRTest] PASS  LastTransmissionStorage  [behavior] all 6 storage conditions are on Condition and read their own grid
[SMRTest] PASS  LastTransmissionStorage  [behavior] all 6 storage conditions are on Condition and read their own grid
[mod] [SMRTest] PASS  TrainWaitTime            [behavior] station keeps the 90000 wait; the travel clock restarts at boarding (0)
[SMRTest] PASS  TrainWaitTime            [behavior] station keeps the 90000 wait; the travel clock restarts at boarding (0)
[mod] [SMRTest] PASS  GraphConsumedCaption     [behavior] MachineParts caption reports 10, matching the plotted consumption+maintenance
[SMRTest] PASS  GraphConsumedCaption     [behavior] MachineParts caption reports 10, matching the plotted consumption+maintenance
[mod] [SMRTest] PASS  MoraleComfortTooltip     [behavior] Comfort reads 69 (below the 70 mark); other stats untouched
[SMRTest] PASS  MoraleComfortTooltip     [behavior] Comfort reads 69 (below the 70 mark); other stats untouched
[mod] [SMRTest] PASS  StorageRateModifiers     [behavior] rates reached the element (7777/8888), UpdateStorage ran 2 time(s)
[SMRTest] PASS  StorageRateModifiers     [behavior] rates reached the element (7777/8888), UpdateStorage ran 2 time(s)
[mod] [SMRTest] PASS  SequenceLatents          [behavior] 2 of 2 latent sequence paths behave as written
[SMRTest] PASS  SequenceLatents          [behavior] 2 of 2 latent sequence paths behave as written
[mod] [SMRTest] PASS  FounderTraitNotification [behavior] Founder gaining Celebrity (Positive) raises the notification
[SMRTest] PASS  FounderTraitNotification [behavior] Founder gaining Celebrity (Positive) raises the notification
[mod] [CommunityFixPack] IndependenceTerraforming: corrected the already-researched tech's stored discount from 10% to 20% (savegame sweep)
[mod] [SMRTest] PASS  IndependenceTerraforming [behavior] discount is 20%, matching param1; the savegame sweep replaces a stale stored modifier and leaves a correct one alone
[SMRTest] PASS  IndependenceTerraforming [behavior] discount is 20%, matching param1; the savegame sweep replaces a stale stored modifier and leaves a correct one alone
[mod] [SMRTest] PASS  TrackSalvageRefund       [behavior] three groups refund 300 Metals (was one group's 100); single-group and unstamped tracks unchanged; partial salvage returns the destroyed elements' share
[SMRTest] PASS  TrackSalvageRefund       [behavior] three groups refund 300 Metals (was one group's 100); single-group and unstamped tracks unchanged; partial salvage returns the destroyed elements' share
[mod] [SMRTest] PASS  LayoutTechLock           [behavior] locked entries drop; researched, prefab-package and owned-prefab entries and grid runs all survive
[SMRTest] PASS  LayoutTechLock           [behavior] locked entries drop; researched, prefab-package and owned-prefab entries and grid runs all survive
[mod] [SMRTest] PASS  TrainMinors              [behavior] train cap recomputed 4->1, 40->2, 0->0
[SMRTest] PASS  TrainMinors              [behavior] train cap recomputed 4->1, 40->2, 0->0
[mod] [SMRTest] PASS  DroneTransportMinors     [behavior] weak keys restored; count corrected 4 -> 2
[SMRTest] PASS  DroneTransportMinors     [behavior] weak keys restored; count corrected 4 -> 2
[mod] [SMRTest] set_global refused 'AddAreaRubble' — stub target undeclared on this build (nothing was stubbed; the shipped code ran unstubbed)
[SMRTest] set_global refused 'AddAreaRubble' — stub target undeclared on this build (nothing was stubbed; the shipped code ran unstubbed)
[mod] [SMRTest] set_global refused 'IsNearDome' — stub target undeclared on this build (nothing was stubbed; the shipped code ran unstubbed)
[SMRTest] set_global refused 'IsNearDome' — stub target undeclared on this build (nothing was stubbed; the shipped code ran unstubbed)
[mod] [SMRTest] SKIP  AnomalyCaveInMap         [behavior] stub target undeclared on this build: AddAreaRubble, IsNearDome — steps 1-3 held (the false map was declined, SMRFixPack.AnomalyCaveInMap.IsUsableMap is installed, and a usable map still reached the shipped body), but the cave-in ran against the shipped rubble/dome helpers rather than this probe's stand-ins, so the last step is not the controlled exercise it claims to be
[SMRTest] SKIP  AnomalyCaveInMap         [behavior] stub target undeclared on this build: AddAreaRubble, IsNearDome — steps 1-3 held (the false map was declined, SMRFixPack.AnomalyCaveInMap.IsUsableMap is installed, and a usable map still reached the shipped body), but the cave-in ran against the shipped rubble/dome helpers rather than this probe's stand-ins, so the last step is not the controlled exercise it claims to be
[mod] [SMRTest] SKIP  TechDescriptionBuilding  [behavior] the tech has no description T
[SMRTest] SKIP  TechDescriptionBuilding  [behavior] the tech has no description T
[mod] [SMRTest] PASS  BombardmentSpread        [behavior] 20 of 20 per-missile directions deviate from the volley direction
[SMRTest] PASS  BombardmentSpread        [behavior] 20 of 20 per-missile directions deviate from the volley direction
[mod] [CommunityFixPack] DisasterPredictionLeak: cleared stranded prediction flag 'DisasterMeteorStorm' (no live notification behind it)
[mod] [SMRTest] PASS  DisasterPredictionLeak   [behavior] stranded flag cleared, notification-backed flag kept (1 cleared)
[SMRTest] PASS  DisasterPredictionLeak   [behavior] stranded flag cleared, notification-backed flag kept (1 cleared)
[mod] [SMRTest] PASS  MeteorStormWedge         [behavior] all four watchdog states correct: no-storm, live storm protected, signature arms, sustained heals
[SMRTest] PASS  MeteorStormWedge         [behavior] all four watchdog states correct: no-storm, live storm protected, signature arms, sustained heals
[mod] [CommunityFixPack] RainsDeadlock: stale-ACTIVE rain 'probe_legacy' (main_thread dead) — healing through vanilla FinishRainProcedure (C34)
[mod] [CommunityFixPack] RainsDeadlock: 'probe_legacy' rain loop migrated onto vanilla's body (settings 'Toxic_VeryLow', version 1.0.1)
[mod] [SMRTest] PASS  RainsDeadlock            [behavior] 1 loop(s) migrated and stamped, current-version entry untouched, stale-ACTIVE healed (no unique-type preset in the live group: id-less sub-check skipped)
[SMRTest] PASS  RainsDeadlock            [behavior] 1 loop(s) migrated and stamped, current-version entry untouched, stale-ACTIVE healed (no unique-type preset in the live group: id-less sub-check skipped)
[mod] [CommunityFixPack] FirstAsteroidPrefabs: First Asteroid prefabs recovered after a save/load (3 granted)
						Lua 0:01:30:289
[mod] [SMRTest] PASS  FirstAsteroidPrefabs     [behavior] stranded save granted 1/1/1 and latched; already-healed and non-FirstAsteroid states granted nothing
[SMRTest] PASS  FirstAsteroidPrefabs     [behavior] stranded save granted 1/1/1 and latched; already-healed and non-FirstAsteroid states granted nothing
[mod] [SMRTest] PASS  UpdateReport             [behavior] healthy registry clean; 4 rot shapes flagged, 4 healthy shapes ignored
[SMRTest] PASS  UpdateReport             [behavior] healthy registry clean; 4 rot shapes flagged, 4 healthy shapes ignored
[mod] [SMRTest] PASS  TrackShellLeak           [behavior] mass salvage deletes the emptied track, and zero shells survive in the loaded save
[SMRTest] PASS  TrackShellLeak           [behavior] mass salvage deletes the emptied track, and zero shells survive in the loaded save
						Lua 0:01:30:291
[mod] [SMRTest] PASS  SaintBlessing            [behavior] Saint's modifier names TraitReligious, and all 15 dome Saint(s) have it registered
[SMRTest] PASS  SaintBlessing            [behavior] Saint's modifier names TraitReligious, and all 15 dome Saint(s) have it registered
[mod] [SMRTest] PASS  DustDevilsDescrMap       [behavior] the descriptor follows MainMap in both directions, and MainMap's own disabled setting still wins
[SMRTest] PASS  DustDevilsDescrMap       [behavior] the descriptor follows MainMap in both directions, and MainMap's own disabled setting still wins
[mod] [SMRTest] PASS  AsteroidVisitPrecedence  [behavior] supply rockets no longer open the picker; landers and F72's unloading case still do
[SMRTest] PASS  AsteroidVisitPrecedence  [behavior] supply rockets no longer open the picker; landers and F72's unloading case still do
[mod] [SMRTest] PASS  AstrogeologistExtractors [behavior] all 12 buildable extractors are paid (12 Effect_ModifyLabel entries on the profile)
[SMRTest] PASS  AstrogeologistExtractors [behavior] all 12 buildable extractors are paid (12 Effect_ModifyLabel entries on the profile)
[mod] [SMRTest] PASS  SinkholeIndestructible   [behavior] Sinkhole is indestructible on the class and the template; 0 instance(s) inspected, none overriding
[SMRTest] PASS  SinkholeIndestructible   [behavior] Sinkhole is indestructible on the class and the template; 0 instance(s) inspected, none overriding
[mod] [SMRTest] PASS  DustStormBreakMapFilter  [behavior] merged fragments are filtered to MainMap connectors, single-map fragments pass straight through, and the persisted array is restored by identity in both cases
[SMRTest] PASS  DustStormBreakMapFilter  [behavior] merged fragments are filtered to MainMap connectors, single-map fragments pass straight through, and the persisted array is restored by identity in both cases
[mod] [SMRTest] PASS  DustDevilSpawnGate       [behavior] the authored 6..8 range is reachable on a passed gate and the count is exactly 0 on a failed one, the shared preset is copied not mutated, class-default properties survive the copy, and full-chance presets, other disasters and nil all pass through untouched
[SMRTest] PASS  DustDevilSpawnGate       [behavior] the authored 6..8 range is reachable on a passed gate and the count is exactly 0 on a failed one, the shared preset is copied not mutated, class-default properties survive the copy, and full-chance presets, other disasters and nil all pass through untouched
[mod] [SMRTest] PASS  AcknowledgedWarnings     [behavior] dismissal stamps listed buildings, blocks their re-adds, skips the id-wide window; recovery re-arms
[SMRTest] PASS  AcknowledgedWarnings     [behavior] dismissal stamps listed buildings, blocks their re-adds, skips the id-wide window; recovery re-arms
[mod] [SMRTest] PASS  ResidencyControl         [behavior] closed dome refused to resettlers and arrivals; tourists and the safety fallback untouched
[SMRTest] PASS  ResidencyControl         [behavior] closed dome refused to resettlers and arrivals; tourists and the safety fallback untouched
[mod] [SMRTest] PASS  MultipleSuns             [behavior] build limit lifted; panel picks up whichever Artificial Sun is actually in range
[SMRTest] PASS  MultipleSuns             [behavior] build limit lifted; panel picks up whichever Artificial Sun is actually in range
						Lua 0:01:30:292
[mod] [SMRTest] PASS  CohortHousing            [behavior] in-dome move + cross-dome tie-bypass work; employed/forced/no-slot/quarantine all left vanilla
[SMRTest] PASS  CohortHousing            [behavior] in-dome move + cross-dome tie-bypass work; employed/forced/no-slot/quarantine all left vanilla
[mod] [SMRTest] PASS  NoHomeless               [behavior] only the workforce-age UNEMPLOYED are pushed out, and only from a dome that has a Nursery or Retirement Home built and NO job opening they could take; employed/Senior/Child/tourist/housed/hotel-only/ping-pong/unsuitable/quarantine all left vanilla, the free-work door holds on BOTH sides so a flagged dome can still staff itself, and a shipped answer is never overridden except for the symmetric veto
[SMRTest] PASS  NoHomeless               [behavior] only the workforce-age UNEMPLOYED are pushed out, and only from a dome that has a Nursery or Retirement Home built and NO job opening they could take; employed/Senior/Child/tourist/housed/hotel-only/ping-pong/unsuitable/quarantine all left vanilla, the free-work door holds on BOTH sides so a flagged dome can still staff itself, and a shipped answer is never overridden except for the symmetric veto
[mod] [SMRTest] PASS  DroneStatDials           [behavior] 2x/+1 landed as label modifiers (move_speed +100, carry +1 over probe-forced base 2) and base removed both by id; account carry dial AT BASE on entry
[SMRTest] PASS  DroneStatDials           [behavior] 2x/+1 landed as label modifiers (move_speed +100, carry +1 over probe-forced base 2) and base removed both by id; account carry dial AT BASE on entry
						Lua 0:01:30:293
[mod] [SMRTest] PASS  OptionsMenu              [behavior] default_options + 6 toggles + 2 D09 dials present, names match the registry, bridge helpers installed
[SMRTest] PASS  OptionsMenu              [behavior] default_options + 6 toggles + 2 D09 dials present, names match the registry, bridge helpers installed
[mod] [SMRTest] ---- 77 PASS, 0 FAIL, 10 SKIP, 0 ERROR ----
[SMRTest] ---- 77 PASS, 0 FAIL, 10 SKIP, 0 ERROR ----
[mod] [U2RUN] TRY SMRTest.RunAll() ok=true result=PASS=77 FAIL=0 SKIP=10 ERROR=0
[U2RUN] TRY SMRTest.RunAll() ok=true result=PASS=77 FAIL=0 SKIP=10 ERROR=0
[mod] [U2RUN] STEP 15-c43-full-suite END 0ms
[U2RUN] STEP 15-c43-full-suite END 0ms
[mod] [U2RUN] ERRORWATCH U2RUN — every engine error line (the bracketed LUA-ERROR marker) in this log between the '=== unattended-2 U2RUN ===' banner and this line happened inside this run. Report every unexplained line verbatim with its position and its age; never discount one. stage_at_close=15-c43-full-suite loads_this_process=3
[U2RUN] ERRORWATCH U2RUN — every engine error line (the bracketed LUA-ERROR marker) in this log between the '=== unattended-2 U2RUN ===' banner and this line happened inside this run. Report every unexplained line verbatim with its position and its age; never discount one. stage_at_close=15-c43-full-suite loads_this_process=3
[mod] [U2RUN] SHUTDOWN done
[U2RUN] SHUTDOWN done
						Lua 0:01:33:274


Stopping the game threads from the Lua side with exit code 0.

					Render 0:01:33:276


Stopping the game threads after receiving WM_QUIT.

					Render 0:01:33:585


*** Debug::Done()
Time (ms)	93585


