					Render 0:00:00:007
*** executable info
Timestamp:     	6a91a190
Date:          	Fri Aug 28 10:56:16 2026
Command line:  	
Compiler:      	195136247, 142 (VS 2019) or newer


*** hardware info
CPU name      	Intel(R) Core(TM) i7-14700K
CPU MHz       	3418
CPU cores     	20/28
Phys. Memory   	65278 MBytes
Memory In Use  	58%
Disk Free      	808760 MBytes


*** OS info
OS:            	Windows 11
Version:       	10.0.26100 


*** Debug::Init()


					Render 0:00:00:126
Steam initialized (AppId 3215050)
					Render 0:00:00:130
Drive type for game installation: SSD, savegames: SSD
Language: English
					Render 0:00:02:121
*** graphics info
GPU                            	NVIDIA GeForce RTX 4080 Feature Level: 12.1 {  DoublePrecisionFloatShaderOps: 1 OutputMergerLogicOp: 1 MinPrecisionSupport: 2 TiledResourcesTier: 4 ResourceBindingTier: 3 PSSpecifiedStencilRefSupported: 0 TypedUAVLoadAdditionalFormats: 1 ROVsSupported: 1 ConservativeRasterizationTier: 3 MaxGPUVirtualAddressBitsPerResource: 40 StandardSwizzle64KBSupported: 0 CrossNodeSharingTier: 0 CrossAdapterRowMajorTextureSupported: 0 VPAndRTArrayIndexFromAnyShaderFeedingRasterizerSupportedWithoutGSEmulation: 1 ResourceHeapTier: 2 NotZeroedPools: 1 UMA: 0 UnalignedBlockTextures: 1}
API                            	d3d12
GPU Driver Version             	32.0.16.1074
GPU Driver Package Version     	610.74
GPU Dedicated Video Memory     	16048 MB
					Render 0:00:02:295

Libs: Network, Sequences, MouseTrackWin, DumbAI, MapGen, Paradox, TriggersAndEvents, Notifications, Research, Resources, Tutorial, Objectives 

					Render 0:00:02:538

Platform: desktop, editor, goldmaster, paradox, pc, steam

					Render 0:00:03:564
*** audio info
Audio Endpoint                 	Speakers (Razer Leviathan V2)
						Lua 0:00:03:565
Lua revision: 403908
Assets revision: 33006
Steam AppID: 3215050
Build version: 1.1.0.403908
Build branch:  Release
						Lua 0:00:17:073
Account storage loaded successfully in 2 ms
						Lua 0:00:17:083
DLC norman loaded, lua revision 403908, assets revision 33006
DLC thomas loaded, lua revision 403908, assets revision 33006
						Lua 0:00:17:116
[mod] Loaded mod def Community Fix Pack — Test Kit (id SMR_CommunityFixPackTestKit, v0.00-001) unpacked from appdata
[mod] Loaded mod def Relaunched Fix Pack (id SMR_CommunityFixPack, v1.00-011) unpacked from appdata
[mod] Loaded mod def TEMPORARY - Linux NVIDIA 580 Crash Workaround (id SMR_FR1TempWorkaround, v0.00-003) unpacked from appdata
[mod] Loaded mod def Relaunched Fix Pack: Opt-In Modules (id SMR_CommunityOptInPack, v1.00-000) unpacked from appdata
						Lua 0:00:17:519
[mod] [CommunityOptInPack] ClassicRockets: applied
						Lua 0:00:17:526
[mod] [CommunityOptInPack] AcknowledgedWarnings: applied
						Lua 0:00:17:531
[mod] [CommunityOptInPack] ResidencyControl: applied
						Lua 0:00:17:537
[mod] [CommunityOptInPack] MultipleSuns: applied
						Lua 0:00:17:543
[mod] [CommunityOptInPack] DroneOverhaul: applied
						Lua 0:00:17:550
[mod] [CommunityOptInPack] CohortHousing: applied
						Lua 0:00:17:557
[mod] [CommunityOptInPack] NoHomeless: self-check targets Community but Workforce declares HasFreeWorkplacesAround — authoring error, not a game update (FIX_POLICY §2)
[mod] [CommunityOptInPack] NoHomeless: inactive (Community.HasFreeWorkplacesAround not found — expected on the FIRST load pass and NOT a game update: this check names Community while Workforce declares the method (authoring error — see the preceding line), and mod code loads before the class hierarchy is built, so the module applies cleanly on the second pass. If no 'NoHomeless: applied' line follows this one, the method is genuinely gone — without it a flagged dome could never be staffed)
						Lua 0:00:17:563
[mod] [CommunityOptInPack] DroneStatDials: applied
						Lua 0:00:17:564
[mod] [CommunityFixPack] NightShiftWork: applied
[mod] [CommunityFixPack] WispRewards: applied
						Lua 0:00:17:565
[mod] [CommunityFixPack] TrainsToVoid: applied
[mod] [CommunityFixPack] LanderEmptyLaunch: applied
[mod] [CommunityFixPack] ShelterReflex: applied
[mod] [CommunityFixPack] BrokenTrackSalvage: applied
						Lua 0:00:17:566
[mod] [CommunityFixPack] TrackSalvageWipe: applied
[mod] [CommunityFixPack] LakeEntombment: applied
[mod] [CommunityFixPack] RocketDroneChurn: applied
[mod] [CommunityFixPack] TradeRocketFuelRefresh: applied
						Lua 0:00:17:567
[mod] [CommunityFixPack] ShuttleTransportCache: applied
[mod] [CommunityFixPack] VacuumWalks: applied
[mod] [CommunityFixPack] ArrivalDeaths: applied
[mod] [CommunityFixPack] StaleReservations: applied
[mod] [CommunityFixPack] CrystalMysteryHang: applied
[mod] [CommunityFixPack] DomeOverviewHighlight: applied
[mod] [CommunityFixPack] TrainCargoDumping: applied						Lua 0:00:17:568

[mod] [CommunityFixPack] DestroyedTunnels: applied
[mod] [CommunityFixPack] DustSicknessBiorobots: applied
[mod] [CommunityFixPack] GeneForging: applied
[mod] [CommunityFixPack] MirrorSphereSite: applied
[mod] [CommunityFixPack] PayloadTemplateRefill: applied
[mod] [CommunityFixPack] ShuttleHubOffAvailable: applied
[mod] [CommunityFixPack] FreedHousingNotice: applied
[mod] [CommunityFixPack] LandscapeUnitFilter: applied
						Lua 0:00:17:569
[mod] [CommunityFixPack] RocketInteractGuard: applied
						Lua 0:00:17:570
[mod] [CommunityFixPack] TrackConnectorPingPong: applied
[mod] [CommunityFixPack] TrackTunnelPowerBridge: applied
[mod] [CommunityFixPack] GraphConsumedCaption: applied
[mod] [CommunityFixPack] TrainWaitTime: applied
[mod] [CommunityFixPack] FounderTraitNotification: applied
[mod] [CommunityFixPack] SequenceLatents: applied
[mod] [CommunityFixPack] TrackSalvageRefund: applied
[mod] [CommunityFixPack] DroneTransportMinors: applied
[mod] [CommunityFixPack] ScanDowngrade: applied
						Lua 0:00:17:571
[mod] [CommunityFixPack] BombardmentSpread: applied
[mod] [CommunityFixPack] ExtenderFlapChurn: applied
[mod] [CommunityFixPack] SaintBlessing: applied
[mod] [CommunityFixPack] SinkholeIndestructible: applied
[mod] [CommunityFixPack] ExoticDepositSign: applied
[mod] [CommunityFixPack] JumboCaveReinforcementWedge: applied
[mod] [CommunityFixPack] SilentHitMomentFX: applied
						Lua 0:00:17:572
[mod] [CommunityFixPack] CloggedBuildingRelease: applied
[mod] [CommunityFixPack] FactionDomeSizeGate: applied
[mod] [CommunityFixPack] BuildingCodesPrefab: applied
[mod] [CommunityFixPack] SaveSanitizer: applied
						Lua 0:00:17:573
[mod] [SMRTest] console enable requested (flag-only, UI was not up) — press Enter (or Alt-Shift-C) once in a colony
[SMRTest] console enable requested (flag-only, UI was not up) — press Enter (or Alt-Shift-C) once in a colony
[mod] [SMRTest] no debug.getinfo (mod sandbox) — [install] probes will SKIP
[SMRTest] no debug.getinfo (mod sandbox) — [install] probes will SKIP
[mod] [SMRTest] test kit loaded — SMRTest.RunAll(), SMRTest.List(), SMRTest.<ProbeId>()
[SMRTest] test kit loaded — SMRTest.RunAll(), SMRTest.List(), SMRTest.<ProbeId>()
						Lua 0:00:17:578
[mod] [SMRTK] SMRTK_CORE loaded=true tee=false t=12293 id=1						Lua 0:00:17:579

[SMRTK] SMRTK_CORE loaded=true tee=false t=12293 id=1
						Lua 0:00:17:583
[mod] [SMRTK] SMRTK_SLOTS armed_at_load=0 sitting=smrtk08 slots="1 console_status,2 probe_preflight,3 check_after_load,4 read_map_click,5 short_breakpoint,6 dump_selected,scratch read_sitting" trigger=smrtk08_break t=12293 id=2
[SMRTK] SMRTK_SLOTS armed_at_load=0 sitting=smrtk08 slots="1 console_status,2 probe_preflight,3 check_after_load,4 read_map_click,5 short_breakpoint,6 dump_selected,scratch read_sitting" trigger=smrtk08_break t=12293 id=2
						Lua 0:00:17:584
[mod] [SMRTest][carry] fixture-carry dump available — run SMRTest.FixtureCarry()
						Lua 0:00:18:355
[mod] [CommunityFixPack] SaintBlessing: inactive (no dome-colonists trait presets)
[mod] [CommunityFixPack] SinkholeIndestructible: the St. Elmo's Fire sinkhole is now indestructible, like every other mystery set-piece
						Lua 0:00:18:456
Reloading done in 1340 ms
						Lua 0:00:18:458
Available DLCs: norman(Feeding the Future),thomas(Interplanetary Codex) 
						Lua 0:00:18:503
[mod] [SMRTK] SMRTK_CONSOLE_ARM enabled=true hook=DataLoading t=12293 id=3
[SMRTK] SMRTK_CONSOLE_ARM enabled=true hook=DataLoading t=12293 id=3
						Lua 0:00:18:944
[preset] Preset postprocess took 215 ms.
						Lua 0:00:19:002
482 / 482 particle streams loaded in 52 ms.
						Lua 0:00:19:003
5 / 5 particle streams loaded in 1 ms.
						Lua 0:00:19:005
[mod] [CommunityOptInPack] MultipleSuns: BuildingTemplates.ArtificialSun not found — build limit NOT lifted (binding fix still active)
[mod] [CommunityFixPack] SilentHitMomentFX: registered 11 missing animation-moment preset(s)
[mod] [CommunityFixPack] FactionDomeSizeGate: 7 faction dislike(s) now wait for 10 colonists in a dome
						Lua 0:00:19:249
[mod] [CommunityOptInPack] MultipleSuns: Artificial Sun build-once limit lifted
[mod] [CommunityFixPack] SaintBlessing: the shipped code resolves the trait label itself — data left untouched; save re-base armed for 1 preset(s) of 2
						Lua 0:00:19:344
[mod] [SMRTK] SMRTK_SHORTCUT console=true key=Ctrl-Shift-F11 t=12293 id=4
						Lua 0:00:19:376
[mod] [SMRTK] SMRTK_SHORTCUT console=true key=Ctrl-Shift-F11 t=12293 id=5						Lua 0:00:19:377

						Lua 0:00:19:385
[mod] Loaded mod items for: SMR_CommunityOptInPack, SMR_CommunityFixPack, SMR_CommunityFixPackTestKit
[mod] [CommunityOptInPack] NoHomeless: applied
						Lua 0:00:20:219
[PdxSDK] Started up. Took 1109
						Lua 0:00:20:630
[Braze] SessionStart error The server name or address could not be resolved

[Braze] Failed sending launcher ev The server name or address could not be resolved

[Braze] Failed to init
						Lua 0:00:20:739
[Braze] SessionStart error The server name or address could not be resolved

						Lua 0:00:20:740
[Braze] Failed sending launcher ev The server name or address could not be resolved

[Braze] Failed to init
						Lua 0:12:24:511
Load Game: 
	lua_revision: 403908 (last saved with) 
	orig_lua_revision: 403908 (created with) 
	assets_revision: 33006 

	dlcs: norman, thomas 
						Lua 0:12:24:523
*** Reloading assets from folder 'BinAssets/'
						Lua 0:12:27:746
*** Assets reloaded in 3.2 s, read 359.3 MB, read speed 111.5 MB/s, average read 8137 bytes.
						Lua 0:12:28:260
[mod] [SMRTK] SMRTK_SHORTCUT console=true key=Ctrl-Shift-F11 t=736480 id=6
						Lua 0:12:28:737
[mod] [SMRTK] SMRTK_SHORTCUT console=true key=Ctrl-Shift-F11 t=736480 id=7
						Lua 0:12:29:121
[mod] [SMRTK] SMRTK_SHORTCUT console=true key=Ctrl-Shift-F11 t=736480 id=8
						Lua 0:12:29:504
[mod] [SMRTK] SMRTK_CONSOLE_ARM enabled=true hook=PreLoadGame t=736480 id=9
[SMRTK] SMRTK_CONSOLE_ARM enabled=true hook=PreLoadGame t=736480 id=9
						Lua 0:12:32:337
[mod] [CommunityFixPack] ExoticDepositSign: 1 Exotic Minerals deposit(s) re-signed onto the clean entity
						Lua 0:12:32:338
[mod] [CommunityFixPack] SilentHitMomentFX: restored 2 missing hit-moment tracker(s) on load
						Lua 0:12:32:345
[mod] [SMRTest] console enable requested (clean) — press Enter (or Alt-Shift-C) once in a colony
[SMRTest] console enable requested (clean) — press Enter (or Alt-Shift-C) once in a colony
						Lua 0:12:32:873
game_settings:
    sponsor: Japan
    profile: citymayor
    founding_faction: WorkersParty
    rival_colonies: Roscosmos, NewArk, CNSA, SpaceY
    mystery_random: 
    game_rules: (none)
more_game_settings: save_game_id: 55afqP8zZV1vEYMb, mystery: MirrorSphereMystery, coordinates: 2N176E, landing_spot: ElysiumBeta, logo: Japan
map_conditions: altitude: -2776, temperature: -15, cold_wave: 36, dust_devils: 47, dust_storm: 0, meteors: 73
map_resources: concrete: 254, metals: 146, precious_metals: 146, water: 109
						Lua 0:12:32:976
[mod] [CommunityFixPack] SaveSanitizer: F95 astrogeologist-residue pass removed 0 modifier(s), left 0 unidentified
						Lua 0:12:32:986
[mod] [CommunityFixPack] SaveSanitizer: F48 repaired TrackBase#5804 — 2 element(s), connections 4 -> 2, duplicate node_idx 0 -> 0
						Lua 0:12:32:990
[mod] [CommunityFixPack] SaveSanitizer: F48 station-connector pass repaired 1 of 11 track(s) walked (0 raised)
Game Loaded in 8479 ms
[mod] [SMRTK] SMRTK_PROVENANCE actions=unavailable last=unavailable present=false session=unavailable t=352005049 id=10
[SMRTK] SMRTK_PROVENANCE actions=unavailable last=unavailable present=false session=unavailable t=352005049 id=10
						Lua 0:12:33:000
[mod] [SMRTK] SMRTK_SHORTCUT console=true key=Ctrl-Shift-F11 t=352005049 id=11
						Lua 0:12:33:020
[mod] [SMRTK] SMRTK_SECTION action=section_attach attached=true dialog=ipBuilding object=UniversalRocket(3212) status=OK t=352005049 id=12
						Lua 0:12:33:024
[mod] [SMRTK] SMRTK_DOCK action=dock_attach attached=true status=OK surface=dock+side t=352005049 id=13
						Lua 0:12:33:034
[mod] [SMRTest] console enable requested (clean) — press Enter (or Alt-Shift-C) once in a colony
[SMRTest] console enable requested (clean) — press Enter (or Alt-Shift-C) once in a colony
						Lua 0:12:33:188
[mod] [SMRTK] SMRTK_SHORTCUT console=true key=Ctrl-Shift-F11 t=352005049 id=14
						Lua 0:12:33:857
Game loaded on map BlankBig_04 in 9468 ms
						Lua 0:12:36:167
[mod] [SMRTest] console enable requested (clean) — press Enter (or Alt-Shift-C) once in a colony
[SMRTest] console enable requested (clean) — press Enter (or Alt-Shift-C) once in a colony
						Lua 0:12:36:177
[mod] [SMRTK] SMRTK_SHORTCUT console=true key=Ctrl-Shift-F11 t=352019429 id=15
						Lua 0:13:43:549
Load Game: 
	lua_revision: 403908 (last saved with) 
	orig_lua_revision: 403908 (created with) 
	assets_revision: 33006 

	dlcs: norman, thomas 

	mods: SMR_CommunityOptInPack, SMR_CommunityFixPack, SMR_CommunityFixPackTestKit 
						Lua 0:13:43:550
[mod] [SMRTK] SMRTK_CONSOLE_ARM enabled=true hook=ChangeMap t=352034344 id=16
[SMRTK] SMRTK_CONSOLE_ARM enabled=true hook=ChangeMap t=352034344 id=16
						Lua 0:13:43:591
[mod] [SMRTK] SMRTK_CONSOLE_ARM enabled=true hook=ChangeMap t=352034344 id=17
[SMRTK] SMRTK_CONSOLE_ARM enabled=true hook=ChangeMap t=352034344 id=17
						Lua 0:13:43:633
[mod] [SMRTK] SMRTK_CONSOLE_ARM enabled=true hook=ChangeMap t=352034344 id=18
[SMRTK] SMRTK_CONSOLE_ARM enabled=true hook=ChangeMap t=352034344 id=18
						Lua 0:13:43:684
[mod] [SMRTK] SMRTK_CONSOLE_ARM enabled=true hook=ChangeMap t=352034344 id=19
[SMRTK] SMRTK_CONSOLE_ARM enabled=true hook=ChangeMap t=352034344 id=19
						Lua 0:13:44:305
[mod] [SMRTK] SMRTK_SHORTCUT console=false key=Ctrl-Shift-F11 t=0 id=20
						Lua 0:13:44:702
[mod] [SMRTK] SMRTK_SHORTCUT console=false key=Ctrl-Shift-F11 t=0 id=21
						Lua 0:13:45:101
[mod] [SMRTK] SMRTK_SHORTCUT console=false key=Ctrl-Shift-F11 t=0 id=22
						Lua 0:13:45:487
[mod] [SMRTK] SMRTK_CONSOLE_ARM enabled=true hook=PreLoadGame t=0 id=23
[SMRTK] SMRTK_CONSOLE_ARM enabled=true hook=PreLoadGame t=0 id=23
						Lua 0:13:48:336
[mod] [CommunityFixPack] ExoticDepositSign: 1 Exotic Minerals deposit(s) re-signed onto the clean entity
						Lua 0:13:48:337
[mod] [CommunityFixPack] SilentHitMomentFX: restored 2 missing hit-moment tracker(s) on load
						Lua 0:13:48:343
[mod] [SMRTest] console enable requested (clean) — press Enter (or Alt-Shift-C) once in a colony
[SMRTest] console enable requested (clean) — press Enter (or Alt-Shift-C) once in a colony
						Lua 0:13:48:433
game_settings:
    sponsor: Japan
    profile: citymayor
    founding_faction: WorkersParty
    rival_colonies: Roscosmos, NewArk, SpaceY, CNSA
    mystery_random: 
    game_rules: (none)
more_game_settings: save_game_id: 55afqP8zZV1vEYMb, mystery: MirrorSphereMystery, coordinates: 2N176E, landing_spot: ElysiumBeta, logo: Japan
map_conditions: altitude: -2776, temperature: -15, cold_wave: 36, dust_devils: 47, dust_storm: 0, meteors: 73
map_resources: concrete: 254, metals: 146, precious_metals: 146, water: 109
						Lua 0:13:48:539
[mod] [CommunityFixPack] SaveSanitizer: F95 astrogeologist-residue pass removed 0 modifier(s), left 0 unidentified
Game Loaded in 4990 ms
[mod] [SMRTK] SMRTK_PROVENANCE actions=2 last=unavailable last_id=15 present=true session=1789400587:3032022245:16476155:704241777 t=352034344 id=24
[SMRTK] SMRTK_PROVENANCE actions=2 last=unavailable last_id=15 present=true session=1789400587:3032022245:16476155:704241777 t=352034344 id=24
						Lua 0:13:48:549
[mod] [SMRTK] SMRTK_SHORTCUT console=true key=Ctrl-Shift-F11 t=352034344 id=25
						Lua 0:13:48:565
[mod] [SMRTK] SMRTK_DOCK action=dock_attach attached=true status=OK surface=dock+side t=352034344 id=26
						Lua 0:13:48:572
[mod] [SMRTest] console enable requested (clean) — press Enter (or Alt-Shift-C) once in a colony
[SMRTest] console enable requested (clean) — press Enter (or Alt-Shift-C) once in a colony
						Lua 0:13:48:744
[mod] [SMRTK] SMRTK_SHORTCUT console=true key=Ctrl-Shift-F11 t=352034344 id=27
						Lua 0:13:49:027
Game loaded on map BlankBig_04 in 5629 ms
						Lua 0:13:50:325
[mod] [SMRTest] console enable requested (clean) — press Enter (or Alt-Shift-C) once in a colony
[SMRTest] console enable requested (clean) — press Enter (or Alt-Shift-C) once in a colony
						Lua 0:13:50:336
[mod] [SMRTK] SMRTK_SHORTCUT console=true key=Ctrl-Shift-F11 t=352034344 id=28
						Lua 0:13:51:325
[mod] [SMRTest] console enable requested (clean) — press Enter (or Alt-Shift-C) once in a colony
[SMRTest] console enable requested (clean) — press Enter (or Alt-Shift-C) once in a colony
						Lua 0:13:51:336
[mod] [SMRTK] SMRTK_SHORTCUT console=true key=Ctrl-Shift-F11 t=352037634 id=29
						Lua 0:15:23:805
Story bits: Triggered story bit - MedSt_CorporateWarfare						Lua 0:20:31:177
Story bits: Reply selected - Outbid the rivals. Money solves all problems						Lua 0:21:33:454
[mod] [SMRTK] SMRTK_MENU action=dock_menu open=true status=OK surface=native t=352760254 id=30
						Lua 0:21:35:362
[mod] [SMRTK] SMRTK_MENU action=dock_menu open=false status=OK t=352760254 id=31
						Lua 0:21:40:250
[mod] [SMRTK] SMRTK_MENU action=dock_menu open=true status=OK surface=native t=352760254 id=32
						Lua 0:21:47:541
[mod] [SMRTK] SMRTK_MENU action=dock_submenu menu=SMRTKDock_World open=true status=OK t=352760254 id=33
						Lua 0:21:49:222
[mod] [SMRTK] SMRTK_MENU action=dock_submenu menu=SMRTKDock_Kit open=true status=OK t=352760254 id=34
						Lua 0:21:50:685
[mod] [SMRTK] SMRTK_MENU action=dock_submenu menu=SMRTKDock_Sitting open=true status=OK t=352760254 id=35
						Lua 0:21:52:160
[mod] [SMRTK] SMRTK_CLEAR action=clear status=OK t=352760254 id=36
						Lua 0:21:53:888
[mod] [SMRTK] SMRTK_MENU action=dock_menu open=true status=OK surface=native t=352760254 id=37
						Lua 0:21:54:285
[mod] [SMRTK] SMRTK_MENU action=dock_menu open=false status=OK t=352760254 id=38
						Lua 0:25:15:303
[mod] [SMRTK] SMRTK_SECTION action=section_attach attached=true dialog=ipBuilding object=SmartHome(8725) status=OK t=352760254 id=39
						Lua 0:39:24:081
[mod] [SMRTK] SMRTK_MENU action=dock_menu open=true status=OK surface=native t=352760254 id=40
						Lua 0:39:26:696
[mod] [SMRTK] SMRTK_MENU action=dock_submenu menu=SMRTKDock_Agent open=true status=OK t=352760254 id=41
						Lua 0:39:28:369
[mod] [SMRTK] SMRTK_TAB action=dock_page page=Sitting status=OK surface=side t=352760254 id=42
						Lua 0:39:30:561
[mod] [SMRTK] SMRTK_MENU action=dock_menu open=true status=OK surface=native t=352760254 id=43
						Lua 0:39:33:909
[mod] [SMRTK] SMRTK_MENU action=dock_menu open=true status=OK surface=native t=352760254 id=44
						Lua 0:39:38:778
[mod] [SMRTK] SMRTK_TAB action=dock_page page=Agent status=OK surface=side t=352760254 id=45
						Lua 0:39:40:195
[mod] [SMRTK] SMRTK_MENU action=dock_menu open=true status=OK surface=native t=352760254 id=46
						Lua 0:39:41:125
[mod] [SMRTK] SMRTK_TAB action=dock_page page=Agent status=OK surface=side t=352760254 id=47
						Lua 0:39:42:195
[mod] [SMRTK] SMRTK_MENU action=dock_menu open=true status=OK surface=native t=352760254 id=48
						Lua 0:39:44:115
[mod] [SMRTK] SMRTK_TAB action=dock_page page=World status=OK surface=side t=352760254 id=49
						Lua 0:39:51:343
[mod] [SMRTK] SMRTK_COLLAPSE action=panel_collapse collapsed=true status=OK t=352760254 id=50
						Lua 0:39:51:989
[mod] [SMRTK] SMRTK_COLLAPSE action=panel_collapse collapsed=false status=OK t=352760254 id=51
						Lua 0:40:00:153
[mod] [SMRTK] SMRTK_MENU action=dock_menu open=true status=OK surface=native t=352760254 id=52
						Lua 0:40:03:034
[mod] [SMRTK] SMRTK_PANEL action=dock_close_panel open=false status=OK t=352760254 id=53
						Lua 0:40:20:309
[mod] [SMRTK] SMRTK_MENU action=dock_menu open=true status=OK surface=native t=352760254 id=54
						Lua 0:40:21:078
[mod] [SMRTK] SMRTK_MENU action=dock_menu open=false status=OK t=352760254 id=55
						Lua 0:40:25:411
[mod] [SMRTK] SMRTK_MENU action=dock_menu open=true status=OK surface=native t=352760254 id=56
						Lua 0:40:35:563
[mod] [SMRTK] SMRTK_TAB action=dock_page page=Stamper status=OK surface=side t=352760254 id=57
						Lua 0:40:36:471
[mod] [SMRTK] SMRTK_MENU action=dock_menu open=true status=OK surface=native t=352760254 id=58
						Lua 0:40:37:769
[mod] [SMRTK] SMRTK_PANEL action=dock_close_panel open=false status=OK t=352760254 id=59
						Lua 0:40:59:275
[mod] [SMRTK] SMRTK_SECTION action=section_attach attached=true dialog=ipBuilding object=GeoscapeDome(8588) status=OK t=352760254 id=60
						Lua 0:46:15:233
[mod] [SMRTK] SMRTK_MENU action=dock_menu open=true status=OK surface=native t=352760254 id=61
						Lua 0:46:18:159
[mod] [SMRTK] SMRTK_MENU action=dock_submenu menu=SMRTKDock_Sitting open=true status=OK t=352760254 id=62
						Lua 0:53:10:056
[mod] [SMRTK] SMRTK_PANEL action=panel_toggle open=true status=OK tab=Stamper t=352760254 id=63
						Lua 0:53:10:876
[mod] [SMRTK] SMRTK_PANEL action=panel_toggle open=false status=OK tab=Stamper t=352760254 id=64
						Lua 0:53:28:237
[mod] [SMRTK] SMRTK_MENU action=dock_menu open=true status=OK surface=native t=352760254 id=65
						Lua 0:53:34:393
[mod] [SMRTK] SMRTK_TAB action=dock_page page=Kit status=OK surface=side t=352760254 id=66
						Lua 0:53:36:813
[mod] [SMRTK] SMRTK_MENU action=dock_menu open=true status=OK surface=native t=352760254 id=67
						Lua 0:53:37:777
[mod] [SMRTK] SMRTK_TAB action=dock_page page=Sitting status=OK surface=side t=352760254 id=68
						Lua 0:53:38:776
[mod] [SMRTK] SMRTK_MENU action=dock_menu open=true status=OK surface=native t=352760254 id=69
						Lua 0:53:47:527
[mod] [SMRTK] SMRTK_MENU action=dock_menu open=false status=OK t=352760254 id=70
						Lua 0:53:48:104
[mod] [SMRTK] SMRTK_MENU action=dock_menu open=true status=OK surface=native t=352760254 id=71
						Lua 0:53:53:673
[mod] [SMRTK] SMRTK_MENU action=dock_menu open=false status=OK t=352760254 id=72
						Lua 0:53:54:054
[mod] [SMRTK] SMRTK_MENU action=dock_menu open=true status=OK surface=native t=352760254 id=73
						Lua 0:54:01:390
[mod] [SMRTK] SMRTK_MENU action=dock_menu open=false status=OK t=352760254 id=74
						Lua 0:54:01:830
[mod] [SMRTK] SMRTK_MENU action=dock_menu open=true status=OK surface=native t=352760254 id=75
						Lua 0:54:09:098
[mod] [SMRTK] SMRTK_MARK action=mark label=MARK mark=87 status=OK t=352760254 id=76
[SMRTK] SMRTK_MARK action=mark label=MARK mark=87 status=OK t=352760254 id=76
[mod] [SMRTK] SMRTK_FINGERPRINT action=fingerprint fix_pack_present=46/46 game=403908 mark_action=mark mods=SMR_CommunityFixPack,SMR_CommunityFixPackTestKit,SMR_CommunityOptInPack pack_version=11 read="live registry" save=SMRTK_490.savegame.sav sol=491 status=OK t=352760254 id=77
[SMRTK] SMRTK_FINGERPRINT action=fingerprint fix_pack_present=46/46 game=403908 mark_action=mark mods=SMR_CommunityFixPack,SMR_CommunityFixPackTestKit,SMR_CommunityOptInPack pack_version=11 read="live registry" save=SMRTK_490.savegame.sav sol=491 status=OK t=352760254 id=77
						Lua 0:54:10:234
[mod] [SMRTK] SMRTK_FLUSH action=flush status=OK t=352760254 id=78
[SMRTK] SMRTK_FLUSH action=flush status=OK t=352760254 id=78
						Lua 0:54:14:922
[mod] [SMRTK] SMRTK_MENU action=dock_menu open=false status=OK t=352760254 id=79
						Lua 0:54:22:771
[mod] [SMRTK] SMRTK_MARK action=mark label=SMRTK08_BEGIN mark=92 status=OK t=352760254 id=80
[SMRTK] SMRTK_MARK action=mark label=SMRTK08_BEGIN mark=92 status=OK t=352760254 id=80
[mod] [SMRTK] SMRTK_FINGERPRINT action=fingerprint fix_pack_present=46/46 game=403908 mark_action=mark mods=SMR_CommunityFixPack,SMR_CommunityFixPackTestKit,SMR_CommunityOptInPack pack_version=11 read="live registry" save=SMRTK_490.savegame.sav sol=491 status=OK t=352760254 id=81
[SMRTK] SMRTK_FINGERPRINT action=fingerprint fix_pack_present=46/46 game=403908 mark_action=mark mods=SMR_CommunityFixPack,SMR_CommunityFixPackTestKit,SMR_CommunityOptInPack pack_version=11 read="live registry" save=SMRTK_490.savegame.sav sol=491 status=OK t=352760254 id=81
						Lua 0:54:30:778
[mod] [SMRTK] SMRTK_TAINT_READ action=taint_read status=OK used=false t=352760254 id=82						Lua 0:54:30:779

[SMRTK] SMRTK_TAINT_READ action=taint_read status=OK used=false t=352760254 id=82
true { action = taint_read, status = OK, used = false }
						Lua 0:54:36:768
[mod] [SMRTK] SMRTK_ELIGIBILITY action=eligibility reason=UNAVAILABLE:sandbox status=OK t=352760254 id=83
[SMRTK] SMRTK_ELIGIBILITY action=eligibility reason=UNAVAILABLE:sandbox status=OK t=352760254 id=83
						Lua 0:54:36:769
true { action = eligibility, reason = UNAVAILABLE:sandbox, status = OK }
						Lua 0:54:43:827
[mod] [SMRTK] SMRTK_TAB action=tab_Agent page=Agent status=OK t=352760254 id=84
						Lua 0:55:50:360
[mod] [SMRTK] SMRTK_DUMP armed=none armed_count=0 buildings=1147 colonists=663 constructions=0 depots_mechanized=13 depots_universal=77 domes=13 drone_hubs=12 drones=939 errors=0 errors_since_mark=0 grids="screen check; not enumerated here" leg=read_sitting map=[table] mark=92 mark_label=SMRTK08_BEGIN rocket_detail=UniversalRocket(3212):CmdLoad:not-ready|UniversalRocket(2848):CmdWaitOrder:not-ready|UniversalRocket(4080):CmdLoad:not-ready|UniversalRocket(3217):CmdLoad:not-ready|UniversalLanderRocket(4317):CmdWaitOrder:not-ready|UniversalSupplyPod(8916):CmdWaitInOrbit:not-ready rockets=8 rockets_ready=0 sol=491 t=352760254 id=85
[SMRTK] SMRTK_DUMP armed=none armed_count=0 buildings=1147 colonists=663 constructions=0 depots_mechanized=13 depots_universal=77 domes=13 drone_hubs=12 drones=939 errors=0 errors_since_mark=0 grids="screen check; not enumerated here" leg=read_sitting map=[table] mark=92 mark_label=SMRTK08_BEGIN rocket_detail=UniversalRocket(3212):CmdLoad:not-ready|UniversalRocket(2848):CmdWaitOrder:not-ready|UniversalRocket(4080):CmdLoad:not-ready|UniversalRocket(3217):CmdLoad:not-ready|UniversalLanderRocket(4317):CmdWaitOrder:not-ready|UniversalSupplyPod(8916):CmdWaitInOrbit:not-ready rockets=8 rockets_ready=0 sol=491 t=352760254 id=85
[mod] [SMRTK] SMRTK_ACTION action=slot_scratch armed=none armed_count=0 buildings=1147 colonists=663 constructions=0 depots_mechanized=13 depots_universal=77 domes=13 drone_hubs=12 drones=939 errors=0 errors_since_mark=0 grids="screen check; not enumerated here" leg=read_sitting map=[table] mark=92 mark_label=SMRTK08_BEGIN rocket_detail=UniversalRocket(3212):CmdLoad:not-ready|UniversalRocket(2848):CmdWaitOrder:not-ready|UniversalRocket(4080):CmdLoad:not-ready|UniversalRocket(3217):CmdLoad:not-ready|UniversalLanderRocket(4317):CmdWaitOrder:not-ready|UniversalSupplyPod(8916):CmdWaitInOrbit:not-ready rockets=8 rockets_ready=0 sol=491 status=OK t=352760254 id=86
[SMRTK] SMRTK_ACTION action=slot_scratch armed=none armed_count=0 buildings=1147 colonists=663 constructions=0 depots_mechanized=13 depots_universal=77 domes=13 drone_hubs=12 drones=939 errors=0 errors_since_mark=0 grids="screen check; not enumerated here" leg=read_sitting map=[table] mark=92 mark_label=SMRTK08_BEGIN rocket_detail=UniversalRocket(3212):CmdLoad:not-ready|UniversalRocket(2848):CmdWaitOrder:not-ready|UniversalRocket(4080):CmdLoad:not-ready|UniversalRocket(3217):CmdLoad:not-ready|UniversalLanderRocket(4317):CmdWaitOrder:not-ready|UniversalSupplyPod(8916):CmdWaitInOrbit:not-ready rockets=8 rockets_ready=0 sol=491 status=OK t=352760254 id=86
						Lua 0:56:00:892
[mod] [SMRTK] SMRTK_CLEAR action=clear status=OK t=352760254 id=87
						Lua 0:56:28:631
[mod] [SMRTK] SMRTK_MENU action=dock_menu open=true status=OK surface=native t=352760254 id=88
						Lua 0:56:40:762
[mod] [SMRTK] SMRTK_MENU action=dock_menu open=true status=OK surface=native t=352760254 id=89
						Lua 0:56:41:924
[mod] [SMRTK] SMRTK_MENU action=dock_submenu menu=SMRTKDock_Sitting open=true status=OK t=352760254 id=90
						Lua 0:56:44:190
[mod] [SMRTK] SMRTK_MENU action=dock_submenu menu=SMRTKDock_Stamper open=true status=OK t=352760254 id=91
						Lua 0:56:44:796
[mod] [SMRTK] SMRTK_MENU action=dock_submenu menu=SMRTKDock_Agent open=true status=OK t=352760254 id=92
						Lua 0:56:45:707
[mod] [SMRTK] SMRTK_TAB action=dock_page page=Sitting status=OK surface=side t=352760254 id=93
						Lua 0:56:47:016
[mod] [SMRTK] SMRTK_MENU action=dock_menu open=true status=OK surface=native t=352760254 id=94
						Lua 0:56:47:999
[mod] [SMRTK] SMRTK_TAB action=dock_page page=World status=OK surface=side t=352760254 id=95
						Lua 0:56:50:133
[mod] [SMRTK] SMRTK_MENU action=dock_menu open=true status=OK surface=native t=352760254 id=96
						Lua 0:56:53:818
[mod] [SMRTK] SMRTK_MENU action=dock_submenu menu=SMRTKDock_Sitting open=true status=OK t=352760254 id=97
						Lua 0:56:59:111
[mod] [SMRTK] SMRTK_MENU action=dock_submenu menu=SMRTKDock_World open=true status=OK t=352760254 id=98
						Lua 0:57:54:263
[mod] [SMRTK] SMRTK_SECTION action=section_attach attached=true dialog=ipBuilding object=BaristaCafe(8707) status=OK t=352760254 id=99
						Lua 0:57:58:663
[mod] [SMRTK] SMRTK_SECTION action=section_attach attached=true dialog=ipBuilding object=UniversalIngredientsDepot(8590) status=OK t=352760254 id=100
						Lua 0:58:04:069
[mod] [SMRTK] SMRTK_ACTION action=selected_fill method=CheatFill object=UniversalIngredientsDepot(8590) status=OK valid_after=true t=352760254 id=101
[SMRTK] SMRTK_ACTION action=selected_fill method=CheatFill object=UniversalIngredientsDepot(8590) status=OK valid_after=true t=352760254 id=101
						Lua 0:58:36:768
[mod] [SMRTK] SMRTK_SECTION action=section_attach attached=true dialog=ipBuilding object=UniversalIngredientsDepot(8590) status=OK t=352760254 id=102
						Lua 1:02:01:240
[mod] [SMRTK] SMRTK_TAB action=tab_Saves page=Saves status=OK t=352760254 id=103
						Lua 1:03:06:919
[mod] [SMRTK] SMRTK_SECTION action=section_attach attached=true dialog=ipBuilding object=StorageFood(8748) status=OK t=352760254 id=104
						Lua 1:03:07:927
[mod] [SMRTK] SMRTK_ACTION action=selected_fill after=180000 before=113988 method=CheatFill object=StorageFood(8748) resource=Food resources=1 status=OK valid_after=true t=352760254 id=105
[SMRTK] SMRTK_ACTION action=selected_fill after=180000 before=113988 method=CheatFill object=StorageFood(8748) resource=Food resources=1 status=OK valid_after=true t=352760254 id=105
						Lua 1:03:46:756
[mod] [SMRTK] SMRTK_SECTION action=section_attach attached=true dialog=ipBuilding object=UniversalIngredientsDepot(8590) status=OK t=352760254 id=106
						Lua 1:03:58:833
  - Upgrade not researched!
Force unlocking 
						Lua 1:03:58:835
[mod] [SMRTK] SMRTK_ACTION action=selected_upgrade_1 method=CheatUpgrade1 object=UniversalIngredientsDepot(8590) status=OK valid_after=true t=352760254 id=107
[SMRTK] SMRTK_ACTION action=selected_upgrade_1 method=CheatUpgrade1 object=UniversalIngredientsDepot(8590) status=OK valid_after=true t=352760254 id=107
						Lua 1:03:58:861
[mod] [SMRTK] SMRTK_SECTION action=section_attach attached=true dialog=ipBuilding object=UniversalIngredientsDepot(8590) status=OK t=352760254 id=108
						Lua 1:07:06:414
[mod] [SMRTK] SMRTK_SECTION action=section_attach attached=true dialog=ipBuilding object=UniversalRocket(3212) status=OK t=352760254 id=109
						Lua 1:07:10:482
[mod] [SMRTK] SMRTK_SECTION action=section_attach attached=true dialog=ipBuilding object=UniversalRocket(4080) status=OK t=352760254 id=110
						Lua 1:07:17:177
[mod] [SMRTK] SMRTK_MENU action=dock_menu open=true status=OK surface=native t=352760254 id=111
						Lua 1:07:18:558
[mod] [SMRTK] SMRTK_PANEL action=dock_close_panel open=false status=OK t=352760254 id=112
						Lua 1:08:15:588
[mod] [SMRTK] SMRTK_SECTION action=section_attach attached=false reason="no supported actions" status=OK t=352800689 id=113
						Lua 1:08:51:207
[mod] [SMRTK] SMRTK_SECTION action=section_attach attached=true dialog=ipBuilding object=UniversalTunnel(5803) status=OK t=352800689 id=114
						Lua 1:08:55:040
[mod] [SMRTK] SMRTK_SECTION action=section_attach attached=true dialog=ipBuilding object=UniversalTunnel(5802) status=OK t=352800689 id=115
						Lua 1:08:59:896
[mod] [SMRTK] SMRTK_SECTION action=section_attach attached=true dialog=ipBuilding object=StorageElectronics(7071) status=OK t=352800689 id=116
						Lua 1:10:37:602
[mod] [SMRTK] SMRTK_MENU action=dock_menu open=true status=OK surface=native t=352800689 id=117
						Lua 1:10:38:823
[mod] [SMRTK] SMRTK_MENU action=dock_submenu menu=SMRTKDock_Kit open=true status=OK t=352800689 id=118
						Lua 1:10:39:894
[mod] [SMRTK] SMRTK_CONSOLE action=console_open requested=true status=OK witness="console must be visible" t=352800689 id=119
[SMRTK] SMRTK_CONSOLE action=console_open requested=true status=OK witness="console must be visible" t=352800689 id=119
						Lua 1:10:47:986
[mod] [SMRTK] SMRTK_MENU action=dock_menu open=true status=OK surface=native t=352800689 id=120
						Lua 1:10:49:483
[mod] [SMRTK] SMRTK_MENU action=dock_submenu menu=SMRTKDock_World open=true status=OK t=352800689 id=121
						Lua 1:10:49:957
[mod] [SMRTK] SMRTK_MENU action=dock_submenu menu=SMRTKDock_Kit open=true status=OK t=352800689 id=122
						Lua 1:10:52:379
[mod] [SMRTK] SMRTK_CONSOLE action=console_open requested=true status=OK witness="console must be visible" t=352800689 id=123
[SMRTK] SMRTK_CONSOLE action=console_open requested=true status=OK witness="console must be visible" t=352800689 id=123
						Lua 1:13:29:460
[mod] [SMRTK] SMRTK_MENU action=dock_menu open=true status=OK surface=native t=352800689 id=124
						Lua 1:13:30:511
[mod] [SMRTK] SMRTK_MENU action=dock_submenu menu=SMRTKDock_Kit open=true status=OK t=352800689 id=125
						Lua 1:13:31:637
[mod] [SMRTK] SMRTK_CONSOLE action=console_open requested=true status=OK witness="console must be visible" t=352800689 id=126
[SMRTK] SMRTK_CONSOLE action=console_open requested=true status=OK witness="console must be visible" t=352800689 id=126
						Lua 1:13:37:535
not understood
						Lua 1:13:55:030
[mod] [SMRTK] SMRTK_MENU action=dock_menu open=true status=OK surface=native t=352800689 id=127
						Lua 1:13:56:690
[mod] [SMRTK] SMRTK_MENU action=dock_submenu menu=SMRTKDock_Kit open=true status=OK t=352800689 id=128
						Lua 1:13:59:154
[mod] [SMRTK] SMRTK_TAB action=dock_page page=Sitting status=OK surface=side t=352800689 id=129
						Lua 1:14:00:366
[mod] [SMRTK] SMRTK_TAB action=tab_Agent page=Agent status=OK t=352800689 id=130
						Lua 1:14:12:339
[mod] [SMRTK] SMRTK_MARK action=mark label=SMRTK08_S1_BEGIN mark=151 status=OK t=352800689 id=131
[SMRTK] SMRTK_MARK action=mark label=SMRTK08_S1_BEGIN mark=151 status=OK t=352800689 id=131
[mod] [SMRTK] SMRTK_FINGERPRINT action=fingerprint fix_pack_present=46/46 game=403908 mark_action=mark mods=SMR_CommunityFixPack,SMR_CommunityFixPackTestKit,SMR_CommunityOptInPack pack_version=11 read="live registry" save=SMRTK_490.savegame.sav sol=491 status=OK t=352800689 id=132
						Lua 1:14:12:340
[SMRTK] SMRTK_FINGERPRINT action=fingerprint fix_pack_present=46/46 game=403908 mark_action=mark mods=SMR_CommunityFixPack,SMR_CommunityFixPackTestKit,SMR_CommunityOptInPack pack_version=11 read="live registry" save=SMRTK_490.savegame.sav sol=491 status=OK t=352800689 id=132
						Lua 1:14:12:351
[mod] [SMRTK] SMRTK_SHORTCUT console=false key=Ctrl-Shift-F11 t=352800689 id=133
						Lua 1:14:12:359
[mod] [SMRTK] SMRTK_CONSOLE_ARM enabled=true hook=control t=352800689 id=134
[SMRTK] SMRTK_CONSOLE_ARM enabled=true hook=control t=352800689 id=134
						Lua 1:14:12:370
[mod] [SMRTK] SMRTK_SHORTCUT console=true key=Ctrl-Shift-F11 t=352800689 id=135
						Lua 1:14:12:379
[mod] [SMRTK] SMRTK_CONSOLE_CONTROL action=console_control discriminates=true negative=false positive=true status=OK t=352800689 id=136
[SMRTK] SMRTK_CONSOLE_CONTROL action=console_control discriminates=true negative=false positive=true status=OK t=352800689 id=136
[mod] [SMRTK] SMRTK_TAINT_READ action=taint_read status=OK used=false t=352800689 id=137
[SMRTK] SMRTK_TAINT_READ action=taint_read status=OK used=false t=352800689 id=137
[mod] [SMRTK] SMRTK_ELIGIBILITY action=eligibility reason=UNAVAILABLE:sandbox status=OK t=352800689 id=138
[SMRTK] SMRTK_ELIGIBILITY action=eligibility reason=UNAVAILABLE:sandbox status=OK t=352800689 id=138
[mod] [SMRTK] SMRTK_DUMP armed=none armed_count=0 buildings=1147 console_discriminates=true console_enabled=true console_negative=false console_positive=true console_status=OK eligibility_reason=UNAVAILABLE:sandbox eligibility_status=OK errors=0 game=403908 leg=console_and_status map=[table] platform_cheats=nil session=1789400587:3032022245:16476155:704241777 sitting=8 sol=491 taint_status=OK taint_used=false t=352800689 id=139
[SMRTK] SMRTK_DUMP armed=none armed_count=0 buildings=1147 console_discriminates=true console_enabled=true console_negative=false console_positive=true console_status=OK eligibility_reason=UNAVAILABLE:sandbox eligibility_status=OK errors=0 game=403908 leg=console_and_status map=[table] platform_cheats=nil session=1789400587:3032022245:16476155:704241777 sitting=8 sol=491 taint_status=OK taint_used=false t=352800689 id=139
[mod] [SMRTK] SMRTK_MARK action=mark label=SMRTK08_S1_END mark=160 status=OK t=352800689 id=140
[SMRTK] SMRTK_MARK action=mark label=SMRTK08_S1_END mark=160 status=OK t=352800689 id=140
[mod] [SMRTK] SMRTK_FINGERPRINT action=fingerprint fix_pack_present=46/46 game=403908 mark_action=mark mods=SMR_CommunityFixPack,SMR_CommunityFixPackTestKit,SMR_CommunityOptInPack pack_version=11 read="live registry" save=SMRTK_490.savegame.sav sol=491 status=OK t=352800689 id=141
[SMRTK] SMRTK_FINGERPRINT action=fingerprint fix_pack_present=46/46 game=403908 mark_action=mark mods=SMR_CommunityFixPack,SMR_CommunityFixPackTestKit,SMR_CommunityOptInPack pack_version=11 read="live registry" save=SMRTK_490.savegame.sav sol=491 status=OK t=352800689 id=141
[mod] [SMRTK] SMRTK_ACTION action=slot_1 discriminates=true eligibility=UNAVAILABLE:sandbox status=OK taint=false t=352800689 id=142
[SMRTK] SMRTK_ACTION action=slot_1 discriminates=true eligibility=UNAVAILABLE:sandbox status=OK taint=false t=352800689 id=142
						Lua 1:16:22:634
[mod] [SMRTK] SMRTK_TAB action=tab_Kit page=Kit status=OK t=352800689 id=143
						Lua 1:17:19:276
[mod] [SMRTK] SMRTK_RUNALL action=run_all reason="desktop probe sweep not provisioned for this sitting" status=REFUSED t=352800689 id=144
[SMRTK] SMRTK_RUNALL action=run_all reason="desktop probe sweep not provisioned for this sitting" status=REFUSED t=352800689 id=144
						Lua 1:18:02:220
[mod] [SMRTK] SMRTK_TAB action=tab_Agent page=Agent status=OK t=352800689 id=145
						Lua 1:18:06:492
[mod] [SMRTK] SMRTK_MARK action=mark label=SMRTK08_S2_PREFLIGHT mark=167 status=OK t=352800689 id=146
[SMRTK] SMRTK_MARK action=mark label=SMRTK08_S2_PREFLIGHT mark=167 status=OK t=352800689 id=146
[mod] [SMRTK] SMRTK_FINGERPRINT action=fingerprint fix_pack_present=46/46 game=403908 mark_action=mark mods=SMR_CommunityFixPack,SMR_CommunityFixPackTestKit,SMR_CommunityOptInPack pack_version=11 read="live registry" save=SMRTK_490.savegame.sav sol=491 status=OK t=352800689 id=147
[SMRTK] SMRTK_FINGERPRINT action=fingerprint fix_pack_present=46/46 game=403908 mark_action=mark mods=SMR_CommunityFixPack,SMR_CommunityFixPackTestKit,SMR_CommunityOptInPack pack_version=11 read="live registry" save=SMRTK_490.savegame.sav sol=491 status=OK t=352800689 id=147
[mod] [SMRTK] SMRTK_PROBE_PREFLIGHT action=probe_preflight brief="smrtk 08 full attended sitting; 47 pack Code files + 34 TestKit Code files swept, zero stale probes" clean=true evidence="" exit=1 hits=0 pack_head=3ae67dea1e4fe3355dc1bb905254f8649f4b54fd sitting=8 status=OK testkit_head=c886fb7049cf50a149938f9515eae78d039af33b t=352800689 id=148
[SMRTK] SMRTK_PROBE_PREFLIGHT action=probe_preflight brief="smrtk 08 full attended sitting; 47 pack Code files + 34 TestKit Code files swept, zero stale probes" clean=true evidence="" exit=1 hits=0 pack_head=3ae67dea1e4fe3355dc1bb905254f8649f4b54fd sitting=8 status=OK testkit_head=c886fb7049cf50a149938f9515eae78d039af33b t=352800689 id=148
[mod] [SMRTK] SMRTK_DUMP checked_at=2026-09-14T15:20:31Z game=403908 hits=0 leg=probe_preflight pack_head=3ae67dea1e4fe3355dc1bb905254f8649f4b54fd reason=nil session=1789400587:3032022245:16476155:704241777 sitting=8 status=OK testkit_head=c886fb7049cf50a149938f9515eae78d039af33b t=352800689 id=149
[SMRTK] SMRTK_DUMP checked_at=2026-09-14T15:20:31Z game=403908 hits=0 leg=probe_preflight pack_head=3ae67dea1e4fe3355dc1bb905254f8649f4b54fd reason=nil session=1789400587:3032022245:16476155:704241777 sitting=8 status=OK testkit_head=c886fb7049cf50a149938f9515eae78d039af33b t=352800689 id=149
[mod] [SMRTK] SMRTK_ACTION action=slot_2 clean=true hits=0 pack_head=3ae67dea1e4fe3355dc1bb905254f8649f4b54fd sitting=8 status=OK testkit_head=c886fb7049cf50a149938f9515eae78d039af33b t=352800689 id=150
[SMRTK] SMRTK_ACTION action=slot_2 clean=true hits=0 pack_head=3ae67dea1e4fe3355dc1bb905254f8649f4b54fd sitting=8 status=OK testkit_head=c886fb7049cf50a149938f9515eae78d039af33b t=352800689 id=150
						Lua 1:18:46:750
[mod] [SMRTK] SMRTK_MARK action=mark label=SMRTK08_S3_CHECK mark=172 status=OK t=352800689 id=151
[SMRTK] SMRTK_MARK action=mark label=SMRTK08_S3_CHECK mark=172 status=OK t=352800689 id=151
[mod] [SMRTK] SMRTK_FINGERPRINT action=fingerprint fix_pack_present=46/46 game=403908 mark_action=mark mods=SMR_CommunityFixPack,SMR_CommunityFixPackTestKit,SMR_CommunityOptInPack pack_version=11 read="live registry" save=SMRTK_490.savegame.sav sol=491 status=OK t=352800689 id=152
[SMRTK] SMRTK_FINGERPRINT action=fingerprint fix_pack_present=46/46 game=403908 mark_action=mark mods=SMR_CommunityFixPack,SMR_CommunityFixPackTestKit,SMR_CommunityOptInPack pack_version=11 read="live registry" save=SMRTK_490.savegame.sav sol=491 status=OK t=352800689 id=152
[mod] [SMRTK] SMRTK_DUMP armed=none armed_count=0 attestation="STILL PRESENT" click_owner=none current_session=1789400587:3032022245:16476155:704241777 errors=0 layout_name=fixture layout_target_armed=false layouts_held=0 leg=check_after_load map=[table] pins="A=none B=none C=none" pins_cleared=true provenance_actions=2 provenance_last=unavailable provenance_present=true provenance_session=1789400587:3032022245:16476155:704241777 save_name=unavailable session_matches=true sitting=8 sol=491 t=352800689 id=153
[SMRTK] SMRTK_DUMP armed=none armed_count=0 attestation="STILL PRESENT" click_owner=none current_session=1789400587:3032022245:16476155:704241777 errors=0 layout_name=fixture layout_target_armed=false layouts_held=0 leg=check_after_load map=[table] pins="A=none B=none C=none" pins_cleared=true provenance_actions=2 provenance_last=unavailable provenance_present=true provenance_session=1789400587:3032022245:16476155:704241777 save_name=unavailable session_matches=true sitting=8 sol=491 t=352800689 id=153
[mod] [SMRTK] SMRTK_MARK action=mark label=SMRTK08_S3_END mark=175 status=OK t=352800689 id=154
[SMRTK] SMRTK_MARK action=mark label=SMRTK08_S3_END mark=175 status=OK t=352800689 id=154
[mod] [SMRTK] SMRTK_FINGERPRINT action=fingerprint fix_pack_present=46/46 game=403908 mark_action=mark mods=SMR_CommunityFixPack,SMR_CommunityFixPackTestKit,SMR_CommunityOptInPack pack_version=11 read="live registry" save=SMRTK_490.savegame.sav sol=491 status=OK t=352800689 id=155
[SMRTK] SMRTK_FINGERPRINT action=fingerprint fix_pack_present=46/46 game=403908 mark_action=mark mods=SMR_CommunityFixPack,SMR_CommunityFixPackTestKit,SMR_CommunityOptInPack pack_version=11 read="live registry" save=SMRTK_490.savegame.sav sol=491 status=OK t=352800689 id=155
[mod] [SMRTK] SMRTK_ACTION action=slot_3 armed=none armed_count=0 attestation="STILL PRESENT" click_owner=none current_session=1789400587:3032022245:16476155:704241777 errors=0 layout_name=fixture layout_target_armed=false layouts_held=0 leg=check_after_load map=[table] pins="A=none B=none C=none" pins_cleared=true provenance_actions=2 provenance_last=unavailable provenance_present=true provenance_session=1789400587:3032022245:16476155:704241777 save_name=unavailable session_matches=true sitting=8 sol=491 status=OK t=352800689 id=156
[SMRTK] SMRTK_ACTION action=slot_3 armed=none armed_count=0 attestation="STILL PRESENT" click_owner=none current_session=1789400587:3032022245:16476155:704241777 errors=0 layout_name=fixture layout_target_armed=false layouts_held=0 leg=check_after_load map=[table] pins="A=none B=none C=none" pins_cleared=true provenance_actions=2 provenance_last=unavailable provenance_present=true provenance_session=1789400587:3032022245:16476155:704241777 save_name=unavailable session_matches=true sitting=8 sol=491 status=OK t=352800689 id=156
						Lua 1:19:09:173
[mod] [SMRTK] SMRTK_CLEAR action=clear status=OK t=352800689 id=157
						Lua 1:19:21:334
[mod] [SMRTK] SMRTK_TAB action=tab_Sitting page=Sitting status=OK t=352800689 id=158
						Lua 1:19:22:217
[mod] [SMRTK] SMRTK_TAB action=tab_Agent page=Agent status=OK t=352800689 id=159
						Lua 1:22:24:935
[mod] [SMRTK] SMRTK_TAB action=tab_Kit page=Kit status=OK t=352800689 id=160
						Lua 1:23:04:200
[mod] [SMRTest] PASS  MeteorFrequency          [retired] 'Meteors' is a map repeat and the old global thread func is gone (R-9 premise confirmed; cadence itself is unmeasured and needs a sitting)						Lua 1:23:04:201

[SMRTest] PASS  MeteorFrequency          [retired] 'Meteors' is a map repeat and the old global thread func is gone (R-9 premise confirmed; cadence itself is unmeasured and needs a sitting)
[mod] [SMRTK] SMRTK_PROBE action=run_probe message="'Meteors' is a map repeat and the old global thread func is gone (R-9 premise confirmed; cadence itself is unmeasured and needs a sitting)" preflight="DESKTOP sweep CLEAN: 2026-09-14T15:20:31Z pack=3ae67dea1e4fe3355dc1bb905254f8649f4b54fd kit=c886fb7049cf50a149938f9515eae78d039af33b" probe=MeteorFrequency status=OK verdict=PASS t=352800689 id=161
[SMRTK] SMRTK_PROBE action=run_probe message="'Meteors' is a map repeat and the old global thread func is gone (R-9 premise confirmed; cadence itself is unmeasured and needs a sitting)" preflight="DESKTOP sweep CLEAN: 2026-09-14T15:20:31Z pack=3ae67dea1e4fe3355dc1bb905254f8649f4b54fd kit=c886fb7049cf50a149938f9515eae78d039af33b" probe=MeteorFrequency status=OK verdict=PASS t=352800689 id=161
						Lua 1:23:11:915
[mod] [SMRTest] ---- RunAll (all probes) ----
[SMRTest] ---- RunAll (all probes) ----
[mod] [SMRTest] fix pack present: 46/46 fixes active
[SMRTest] fix pack present: 46/46 fixes active
[mod] [SMRTest] opt-in pack present: 8/8 modules active
[SMRTest] opt-in pack present: 8/8 modules active
[mod] [SMRTest] save-rescue NOT loaded — its probes SKIP (a separate cleanup mod, absent by design)
[SMRTest] save-rescue NOT loaded — its probes SKIP (a separate cleanup mod, absent by design)
[mod] [SMRTest] PASS  CaveInsNoDisasters       [retired] condition true with NoDisasters off, false with it on — vanilla honours the rule (R-18 confirmed)
[SMRTest] PASS  CaveInsNoDisasters       [retired] condition true with NoDisasters off, false with it on — vanilla honours the rule (R-18 confirmed)
[mod] [SMRTest] PASS  MeteorFrequency          [retired] 'Meteors' is a map repeat and the old global thread func is gone (R-9 premise confirmed; cadence itself is unmeasured and needs a sitting)
[SMRTest] PASS  MeteorFrequency          [retired] 'Meteors' is a map repeat and the old global thread func is gone (R-9 premise confirmed; cadence itself is unmeasured and needs a sitting)
[mod] [SMRTest] PASS  UpgradeModifierLeak      [retired] modifier turned off by the shipped code (R-5 confirmed)
[SMRTest] PASS  UpgradeModifierLeak      [retired] modifier turned off by the shipped code (R-5 confirmed)
[mod] [SMRTest] PASS  NightShiftWork           [behavior] hours 0 and 1 send shift-3 colonists to work
[SMRTest] PASS  NightShiftWork           [behavior] hours 0 and 1 send shift-3 colonists to work
[mod] [SMRTest] PASS  WispPower                [behavior] 3 wisps -> 3000 power units
[SMRTest] PASS  WispPower                [behavior] 3 wisps -> 3000 power units
[mod] [SMRTest] PASS  WispResearch             [behavior] no double grant; notification says 300 for 3 wisps
[SMRTest] PASS  WispResearch             [behavior] no double grant; notification says 300 for 3 wisps
						Lua 1:23:11:916
[mod] [SMRTest] PASS  TouristApplicants        [retired] 1-star 132 < 2-star 325 over 400 rolls
[SMRTest] PASS  TouristApplicants        [retired] 1-star 132 < 2-star 325 over 400 rolls
[mod] [SMRTest] SKIP  FactionFundingCheck      [retired] returned 0 without error, but this cannot discriminate: the engine tolerates pairs(nil), so fixed and unfixed give the same answer (not evidence)
[SMRTest] SKIP  FactionFundingCheck      [retired] returned 0 without error, but this cannot discriminate: the engine tolerates pairs(nil), so fixed and unfixed give the same answer (not evidence)
[mod] [SMRTest] SKIP  TrainsToVoid             [install] introspection unavailable (retail sandbox)
[SMRTest] SKIP  TrainsToVoid             [install] introspection unavailable (retail sandbox)
[mod] [SMRTest] PASS  LanderEmptyLaunch        [behavior] empty flight blocked, loaded flight still ready (1.1.0 body :535-559 driven; fixture past the :554 automode gate)
[SMRTest] PASS  LanderEmptyLaunch        [behavior] empty flight blocked, loaded flight still ready (1.1.0 body :535-559 driven; fixture past the :554 automode gate)
[mod] [SMRTest] ERROR LanderCargoRatchet       [retired] Lua/UniversalRocket.lua:2039: attempt to call a nil value (method 'GetAutoModeThresholds')
[SMRTest] ERROR LanderCargoRatchet       [retired] Lua/UniversalRocket.lua:2039: attempt to call a nil value (method 'GetAutoModeThresholds')
[mod] [SMRTest] PASS  LanderReturnFuel         [retired] parked lander keeps 3500 fuel requested by the shipped code (R-25 confirmed)
[SMRTest] PASS  LanderReturnFuel         [retired] parked lander keeps 3500 fuel requested by the shipped code (R-25 confirmed)
[mod] [SMRTest] SKIP  ShelterReflex            [install] Idle wrapper unverified (introspection unavailable (retail sandbox))
[SMRTest] SKIP  ShelterReflex            [install] Idle wrapper unverified (introspection unavailable (retail sandbox))
						Lua 1:23:11:921
[mod] [SMRTest] F45: 0 track repair site(s); 0 with a non-numeric node_idx (track unsalvageable)
[SMRTest] F45: 0 track repair site(s); 0 with a non-numeric node_idx (track unsalvageable)
[mod] [SMRTest] SKIP  BrokenTrackSalvage       [install] introspection unavailable (retail sandbox)
[SMRTest] SKIP  BrokenTrackSalvage       [install] introspection unavailable (retail sandbox)
[mod] [SMRTest] SKIP  TrackSalvageWipe         [install] introspection unavailable (retail sandbox)
[SMRTest] SKIP  TrackSalvageWipe         [install] introspection unavailable (retail sandbox)
						Lua 1:23:11:924
[mod] [SMRTest] SKIP  LakeEntombment           [install] introspection unavailable (retail sandbox)
[SMRTest] SKIP  LakeEntombment           [install] introspection unavailable (retail sandbox)
						Lua 1:23:11:925
[mod] [SMRTest] SKIP  GhostFarmOxygen          [install] introspection unavailable (retail sandbox)
[SMRTest] SKIP  GhostFarmOxygen          [install] introspection unavailable (retail sandbox)
[mod] [SMRTest] PASS  RocketDroneChurn         [behavior] steady-state refresh keeps the drones; new requests still reconnect
[SMRTest] PASS  RocketDroneChurn         [behavior] steady-state refresh keeps the drones; new requests still reconnect
[mod] [SMRTest] PASS  ShuttleTransportCache    [behavior] verdict recomputed when shuttle availability flips, and still cached while it does not
[SMRTest] PASS  ShuttleTransportCache    [behavior] verdict recomputed when shuttle availability flips, and still cached while it does not
[mod] [SMRTest] PASS  VacuumWalks              [behavior] vacuum move uses the passage route; breathable maps unchanged
[SMRTest] PASS  VacuumWalks              [behavior] vacuum move uses the passage route; breathable maps unchanged
[mod] [SMRTest] PASS  ArrivalDeaths            [behavior] the impassable drop spot was snapped to a walkable one; could not read Arrive's source (SMRTest:no-introspection) (1 colonist(s) currently walking between domes)
[SMRTest] PASS  ArrivalDeaths            [behavior] the impassable drop spot was snapped to a walkable one; could not read Arrive's source (SMRTest:no-introspection) (1 colonist(s) currently walking between domes)
[mod] [SMRTest] PASS  ArrivalDeathsChooseDomeArg [behavior] the colonist is accepted; the old traits-table call still throws (Lua/Filter.lua:116: attempt to index a nil value (local 'obj_attributes'))
[SMRTest] PASS  ArrivalDeathsChooseDomeArg [behavior] the colonist is accepted; the old traits-table call still throws (Lua/Filter.lua:116: attempt to index a nil value (local 'obj_attributes'))
[mod] [SMRTest] ERROR DroneUnreachableForever  [retired] Lua/Units/Drone.lua:926: attempt to call a nil value (method 'MarkUnreachable')
[SMRTest] ERROR DroneUnreachableForever  [retired] Lua/Units/Drone.lua:926: attempt to call a nil value (method 'MarkUnreachable')
[mod] [SMRTest] F58: 6 residence(s) hold 15 reserved slot(s); 15 are clearly stale
[SMRTest] F58: 6 residence(s) hold 15 reserved slot(s); 15 are clearly stale
[mod] [SMRTest] PASS  StaleReservations        [behavior] reservation timestamped for the daily sweep (15 reserved slot(s) in this save, 15 clearly stale)
[SMRTest] PASS  StaleReservations        [behavior] reservation timestamped for the daily sweep (15 reserved slot(s) in this save, 15 clearly stale)
						Lua 1:23:11:926
[mod] [SMRTest] PASS  CrystalMysteryHang       [install] CrystalFlyAway handler registered (current mystery: MirrorSphereMystery)
[SMRTest] PASS  CrystalMysteryHang       [install] CrystalFlyAway handler registered (current mystery: MirrorSphereMystery)
[mod] [SMRTest] PASS  TouristSatisfaction      [retired] Colonist.UpdateSatisfaction does not exist — the Satisfaction stat was deleted, so F09 cannot occur (R-3 confirmed in-game)
[SMRTest] PASS  TouristSatisfaction      [retired] Colonist.UpdateSatisfaction does not exist — the Satisfaction stat was deleted, so F09 cannot occur (R-3 confirmed in-game)
[mod] [SMRTest] PASS  TrainPlatformWedge       [retired] stale passenger removed and ticket discarded
[SMRTest] PASS  TrainPlatformWedge       [retired] stale passenger removed and ticket discarded
[mod] [SMRTest] PASS  CommandCenterNumbers     [retired] all 11 Command Center resources resolve through vanilla's parameterised GetAvailable (R-19 confirmed)
[SMRTest] PASS  CommandCenterNumbers     [retired] all 11 Command Center resources resolve through vanilla's parameterised GetAvailable (R-19 confirmed)
[mod] [SMRTest] PASS  DomeOverviewHighlight    [behavior] low stat rendered as <red>20</red>
[SMRTest] PASS  DomeOverviewHighlight    [behavior] low stat rendered as <red>20</red>
[mod] [SMRTest] PASS  PayloadTemplateRefill    [behavior] template prefills a fresh payload (20), a confirmed payload keeps an emptied row empty, and a cancelled prompt neither stamps nor locks the template (20)
[SMRTest] PASS  PayloadTemplateRefill    [behavior] template prefills a fresh payload (20), a confirmed payload keeps an emptied row empty, and a cancelled prompt neither stamps nor locks the template (20)
[mod] [SMRTest] ERROR ClassicRockets           [behavior] Lua/UniversalRocket.lua:1894: attempt to call a nil value (method 'IsSpecialAutomode')
[SMRTest] ERROR ClassicRockets           [behavior] Lua/UniversalRocket.lua:1894: attempt to call a nil value (method 'IsSpecialAutomode')
[mod] [CommunityFixPack] SaveSanitizer: restored the Frictionless Composites buff on the WindTurbine label (+100% electricity_production)
[mod] [CommunityFixPack] SaveSanitizer: restored the Frictionless Composites buff on the WindTurbine_Large label (+100% electricity_production)
[mod] [SMRTest] PASS  SaveSanitizerTurbineBuff [behavior] all three turbine labels at 100%, unchanged by a second run
[SMRTest] PASS  SaveSanitizerTurbineBuff [behavior] all three turbine labels at 100%, unchanged by a second run
[mod] [SMRTest] PASS  LandscapeUnitFilter      [behavior] boarding unit skipped, ordinary unit reported exactly once
[SMRTest] PASS  LandscapeUnitFilter      [behavior] boarding unit skipped, ordinary unit reported exactly once
[mod] [SMRTest] PASS  SmallLandscapeSites      [retired] 1-, 2- and 10-hex sites each return every destination without raising — vanilla bounds-checks (R-6 confirmed; removal restores vanilla's 10, which our clamp cut to 5)
[SMRTest] PASS  SmallLandscapeSites      [retired] 1-, 2- and 10-hex sites each return every destination without raising — vanilla bounds-checks (R-6 confirmed; removal restores vanilla's 10, which our clamp cut to 5)
[mod] [SMRTest] FAIL  DomeFreeSpaceMismatch    [behavior] a residence whose power is out counts as zero free space — the dome reads as full for births and immigration while ChooseResidence keeps assigning colonists into it
[SMRTest] FAIL  DomeFreeSpaceMismatch    [behavior] a residence whose power is out counts as zero free space — the dome reads as full for births and immigration while ChooseResidence keeps assigning colonists into it
[mod] [SMRTest] PASS  FreedHousingNotice       [behavior] vacated home offers the bed to the dome's homeless once the caller's operation has finished, not inside it; a residence with no free slot does not
[SMRTest] PASS  FreedHousingNotice       [behavior] vacated home offers the bed to the dome's homeless once the caller's operation has finished, not inside it; a residence with no free slot does not
[mod] [SMRTest] PASS  ShuttleHubOffAvailable   [behavior] player-disabled hub not counted; working and self-lifting-suspended hubs still are
[SMRTest] PASS  ShuttleHubOffAvailable   [behavior] player-disabled hub not counted; working and self-lifting-suspended hubs still are
[mod] [SMRTest] PASS  AsteroidLanderAvailable  [retired] unloading, waiting-maintenance and idle landers on the pad all count, an off-world one does not — the predicate ignores `command` by construction (R-11 confirmed)
[SMRTest] PASS  AsteroidLanderAvailable  [retired] unloading, waiting-maintenance and idle landers on the pad all count, an off-world one does not — the predicate ignores `command` by construction (R-11 confirmed)
[mod] [SMRTest] ERROR AutoExportPriority       [retired] Lua/UniversalRocket.lua:2039: attempt to call a nil value (method 'GetAutoModeThresholds')
[SMRTest] ERROR AutoExportPriority       [retired] Lua/UniversalRocket.lua:2039: attempt to call a nil value (method 'GetAutoModeThresholds')
[mod] [SMRTest] PASS  MirrorSphereSite         [behavior] finished site locked out, unfinished site still workable
[SMRTest] PASS  MirrorSphereSite         [behavior] finished site locked out, unfinished site still workable
[mod] [SMRTest] PASS  GeneForging              [behavior] ladder holds: neither -> nil, GeneSelection -> 100, GeneForging -> 50, both -> 150
[SMRTest] PASS  GeneForging              [behavior] ladder holds: neither -> nil, GeneSelection -> 100, GeneForging -> 50, both -> 150
[mod] [SMRTest] PASS  DustSicknessDamage       [retired] DailyUpdate never consults Random and deals a flat 10 — F17's only intent tell (the dead `5 + Random(param)` line) is gone, so flat damage is the stated design (R-15 confirmed)
[SMRTest] PASS  DustSicknessDamage       [retired] DailyUpdate never consults Random and deals a flat 10 — F17's only intent tell (the dead `5 + Random(param)` line) is gone, so flat damage is the stated design (R-15 confirmed)
[mod] [SMRTest] PASS  DustSicknessBiorobots    [behavior] all 4 infection effects filter Biorobots out
[SMRTest] PASS  DustSicknessBiorobots    [behavior] all 4 infection effects filter Biorobots out
						Lua 1:23:11:927
[mod] [SMRTest] PASS  DestroyedTunnels         [behavior] ruined tunnels skipped, intact tunnel still registered
[SMRTest] PASS  DestroyedTunnels         [behavior] ruined tunnels skipped, intact tunnel still registered
[mod] [SMRTest] PASS  TrainCargoDumping        [behavior] switched-off station refused, accepting station served, undeliverable cargo still dropped, and a storable-but-undemanded resource neither throws nor unloads (F114 input)
[SMRTest] PASS  TrainCargoDumping        [behavior] switched-off station refused, accepting station served, undeliverable cargo still dropped, and a storable-but-undemanded resource neither throws nor unloads (F114 input)
[mod] [SMRTest] PASS  RocketInteractGuard      [behavior] load orders on a UniversalTradeRocket are refused; ordinary depots still accept them
[SMRTest] PASS  RocketInteractGuard      [behavior] load orders on a UniversalTradeRocket are refused; ordinary depots still accept them
[mod] [SMRTest] PASS  TrackConnectorPingPong   [behavior] a live neighbour keeps its connector hex on an UNFORCED claim but loses it on a FORCED one (vanilla 1.1.0's save-load behaviour); an abandoned element is still cleared; a dying building schedules its neighbours' reclaim
[SMRTest] PASS  TrackConnectorPingPong   [behavior] a live neighbour keeps its connector hex on an UNFORCED claim but loses it on a FORCED one (vanilla 1.1.0's save-load behaviour); an abandoned element is still cleared; a dying building schedules its neighbours' reclaim
[mod] [SMRTest] PASS  TrackTunnelPowerBridge   [behavior] bridges only the short track whose stations really are on different grids
[SMRTest] PASS  TrackTunnelPowerBridge   [behavior] bridges only the short track whose stations really are on different grids
[mod] [SMRTest] PASS  GridGlobalStorage        [retired] GetGridGlobalStorage does not exist — the ratio-summing global that carried F22 is gone, and the per-dome ScriptFunc_DomesGridStorage replacement is present (R-12 confirmed in-game)
[SMRTest] PASS  GridGlobalStorage        [retired] GetGridGlobalStorage does not exist — the ratio-summing global that carried F22 is gone, and the per-dome ScriptFunc_DomesGridStorage replacement is present (R-12 confirmed in-game)
[mod] [SMRTest] PASS  LastTransmissionStorage  [retired] all 6 storage conditions carry a Condition naming their own resource (R-13 confirmed)
[SMRTest] PASS  LastTransmissionStorage  [retired] all 6 storage conditions carry a Condition naming their own resource (R-13 confirmed)
[mod] [SMRTest] PASS  TrainWaitTime            [behavior] station keeps the 90000 wait; the travel clock restarts at boarding (0)
[SMRTest] PASS  TrainWaitTime            [behavior] station keeps the 90000 wait; the travel clock restarts at boarding (0)
[mod] [SMRTest] PASS  GraphConsumedCaption     [behavior] MachineParts caption reports 10, matching the plotted consumption+maintenance
[SMRTest] PASS  GraphConsumedCaption     [behavior] MachineParts caption reports 10, matching the plotted consumption+maintenance
[mod] [SMRTest] SKIP  MoraleComfortTooltip     [retired] the tooltip builder asked about Comfort and read the stand-in's 75 (high mark 70) — a stat tooltip reading its stat, not evidence of the phantom row; R-29 needs a screen check
[SMRTest] SKIP  MoraleComfortTooltip     [retired] the tooltip builder asked about Comfort and read the stand-in's 75 (high mark 70) — a stat tooltip reading its stat, not evidence of the phantom row; R-29 needs a screen check
[mod] [SMRTest] PASS  StorageRateModifiers     [retired] rates reached the element (7777/8888), UpdateStorage ran 1 time(s) — R-31 confirmed
[SMRTest] PASS  StorageRateModifiers     [retired] rates reached the element (7777/8888), UpdateStorage ran 1 time(s) — R-31 confirmed
[mod] [SMRTest] PASS  SequenceLatents          [behavior] 2 of 2 latent sequence paths behave as written
[SMRTest] PASS  SequenceLatents          [behavior] 2 of 2 latent sequence paths behave as written
[mod] [SMRTest] PASS  FounderTraitNotification [behavior] Founder gaining Introvert (Negative) raises the notification
[SMRTest] PASS  FounderTraitNotification [behavior] Founder gaining Introvert (Negative) raises the notification
[mod] [SMRTest] SKIP  IndependenceTerraforming [retired] the tech no longer modifies SpecialProjectResourcesModifier
[SMRTest] SKIP  IndependenceTerraforming [retired] the tech no longer modifies SpecialProjectResourcesModifier
[mod] [SMRTest] PASS  TrackSalvageRefund       [behavior] three groups refund 300 Metals (was one group's 100); single-group and unstamped tracks unchanged; partial salvage returns the destroyed elements' share
[SMRTest] PASS  TrackSalvageRefund       [behavior] three groups refund 300 Metals (was one group's 100); single-group and unstamped tracks unchanged; partial salvage returns the destroyed elements' share
						Lua 1:23:11:928
[mod] [SMRTest] FAIL  LayoutTechLock           [behavior] fix 'LayoutTechLock' not registered
[SMRTest] FAIL  LayoutTechLock           [behavior] fix 'LayoutTechLock' not registered
[mod] [SMRTest] PASS  TrainMinors              [retired] GetTrainsOnRoute and TrackBase:CanAddVehicle both present — the cap is the route's station count and a stale max_vehicles is display-only (R-34 premise confirmed; the x/max display refresh is the known cosmetic cost, unmeasured here)
[SMRTest] PASS  TrainMinors              [retired] GetTrainsOnRoute and TrackBase:CanAddVehicle both present — the cap is the route's station count and a stale max_vehicles is display-only (R-34 premise confirmed; the x/max display refresh is the known cosmetic cost, unmeasured here)
[mod] [SMRTest] SKIP  DroneTransportMinors     [behavior] the shipped handler did not drop the changed map's entries — probe setup no longer matches
[SMRTest] SKIP  DroneTransportMinors     [behavior] the shipped handler did not drop the changed map's entries — probe setup no longer matches
[mod] [SMRTest] FAIL  AnomalyCaveInMap         [behavior] TriggerCaveIn(false, pos) raised (Lua/Buildings/CaveInRubble.lua:109: attempt to index a boolean value (local 'map')) — CaveInRubble.lua:101 calls map:MapFindNearest with no check, and UndergroundMap is a GameVar defaulting to false, which eight scenario call sites pass in unconditionally
[SMRTest] FAIL  AnomalyCaveInMap         [behavior] TriggerCaveIn(false, pos) raised (Lua/Buildings/CaveInRubble.lua:109: attempt to index a boolean value (local 'map')) — CaveInRubble.lua:101 calls map:MapFindNearest with no check, and UndergroundMap is a GameVar defaulting to false, which eight scenario call sites pass in unconditionally
[mod] [SMRTest] SKIP  TechDescriptionBuilding  [retired] the tech in Techs has no Description T
[SMRTest] SKIP  TechDescriptionBuilding  [retired] the tech in Techs has no Description T
[mod] [SMRTest] PASS  BombardmentSpread        [behavior] 20 of 20 per-missile directions deviate from the volley direction
[SMRTest] PASS  BombardmentSpread        [behavior] 20 of 20 per-missile directions deviate from the volley direction
[mod] [SMRTest] PASS  MeteorStormWedge         [retired] 'MeteorStorm' is a map repeat and the old global thread func is gone (R-10 premise confirmed; the unbounded-storm residual R-10 names is NOT measured here and needs a sitting)
[SMRTest] PASS  MeteorStormWedge         [retired] 'MeteorStorm' is a map repeat and the old global thread func is gone (R-10 premise confirmed; the unbounded-storm residual R-10 names is NOT measured here and needs a sitting)
[mod] [SMRTest] PASS  RainsDeadlock            [retired] rains run through RainsDisasterRepeatCycle and RainsDisasterLoop is gone — no untimed WaitMsg to deadlock on, and vanilla migrates old saves itself via SavegameFixups.RainsDisasterLoopToRepeat2 (R-14 confirmed)
[SMRTest] PASS  RainsDeadlock            [retired] rains run through RainsDisasterRepeatCycle and RainsDisasterLoop is gone — no untimed WaitMsg to deadlock on, and vanilla migrates old saves itself via SavegameFixups.RainsDisasterLoopToRepeat2 (R-14 confirmed)
[mod] [SMRTest] PASS  UpdateReport             [behavior] healthy registry clean; 4 rot shapes flagged, 4 healthy shapes ignored
[SMRTest] PASS  UpdateReport             [behavior] healthy registry clean; 4 rot shapes flagged, 4 healthy shapes ignored
[mod] [SMRTest] PASS  TrackShellLeak           [behavior] mass salvage deletes the emptied track, and zero shells survive in the loaded save
[SMRTest] PASS  TrackShellLeak           [behavior] mass salvage deletes the emptied track, and zero shells survive in the loaded save
						Lua 1:23:11:930
[mod] [SMRTest] PASS  SaintBlessing            [behavior] a Saint's blessing files under TraitReligious, and all 3 dome Saint(s) carry it
[SMRTest] PASS  SaintBlessing            [behavior] a Saint's blessing files under TraitReligious, and all 3 dome Saint(s) carry it
[mod] [SMRTest] PASS  DustDevilsDescrMap       [retired] the descriptor follows MainMap in both directions, and MainMap's own disabled setting still wins (R-22 confirmed)
[SMRTest] PASS  DustDevilsDescrMap       [retired] the descriptor follows MainMap in both directions, and MainMap's own disabled setting still wins (R-22 confirmed)
[mod] [SMRTest] PASS  AsteroidVisitPrecedence  [retired] non-landers and supply pods are refused whatever their command, and a genuine lander still qualifies (R-11 confirmed on the over-broad half)
[SMRTest] PASS  AsteroidVisitPrecedence  [retired] non-landers and supply pods are refused whatever their command, and a genuine lander still qualifies (R-11 confirmed on the over-broad half)
[mod] [SMRTest] PASS  AstrogeologistExtractors [retired] profile pays extractors label-wide (2 effect(s)), carries no per-building append, and this save holds no leftover +10% modifier (F-5 confirmed, residue clear)
[SMRTest] PASS  AstrogeologistExtractors [retired] profile pays extractors label-wide (2 effect(s)), carries no per-building append, and this save holds no leftover +10% modifier (F-5 confirmed, residue clear)
[mod] [SMRTest] PASS  SinkholeIndestructible   [behavior] Sinkhole is indestructible on the class and the template; 0 instance(s) inspected, none overriding
[SMRTest] PASS  SinkholeIndestructible   [behavior] Sinkhole is indestructible on the class and the template; 0 instance(s) inspected, none overriding
						Lua 1:23:11:931
[mod] [SMRTest] PASS  DustStormBreakMapFilter  [retired] a surface storm over an underground-only fragment breaks nothing, while the same fragment asked for its own map does break — vanilla filters connectors by map (R-23 confirmed)
[SMRTest] PASS  DustStormBreakMapFilter  [retired] a surface storm over an underground-only fragment breaks nothing, while the same fragment asked for its own map does break — vanilla filters connectors by map (R-23 confirmed)
[mod] [SMRTest] PASS  DustDevilSpawnGate       [retired] 'DustDevils' is a map repeat and the old global thread func is gone, and the staged g_DustDevilsState var is present (R-21 premise confirmed; the authored count RANGE is not measured here — that needs a sitting watching wave sizes)
[SMRTest] PASS  DustDevilSpawnGate       [retired] 'DustDevils' is a map repeat and the old global thread func is gone, and the staged g_DustDevilsState var is present (R-21 premise confirmed; the authored count RANGE is not measured here — that needs a sitting watching wave sizes)
[mod] [SMRTest] FAIL  C47OpenFarmSeedBufferShape [behavior] Vegetation 'Herbs' (displayed as 'Herbs') costs 50 seeds per hex, not 100 — C47's per-tick arithmetic is derived from this table
[SMRTest] FAIL  C47OpenFarmSeedBufferShape [behavior] Vegetation 'Herbs' (displayed as 'Herbs') costs 50 seeds per hex, not 100 — C47's per-tick arithmetic is derived from this table
[mod] [SMRTest] PASS  LocalizedUIText          [retired] the terraforming heading id 914616772802 resolves in English (R-27 confirmed)
[SMRTest] PASS  LocalizedUIText          [retired] the terraforming heading id 914616772802 resolves in English (R-27 confirmed)
[mod] [SMRTest] SKIP  SpaceYDroneCapBullet     [retired] the SpaceY effect string carries no literal to read (T shape changed)
[SMRTest] SKIP  SpaceYDroneCapBullet     [retired] the SpaceY effect string carries no literal to read (T shape changed)
[mod] [SMRTest] SMRTEST-DISPATCH ClassNonInheritableMembers = { UNREADABLE } — the copy-skip set could not be read
[SMRTest] SMRTEST-DISPATCH ClassNonInheritableMembers = { UNREADABLE } — the copy-skip set could not be read
[mod] [SMRTest] SMRTEST-DISPATCH the sweep reports which classes DO NOT REACH a wrap. It does NOT report which of them are ever instantiated — a hit is a reach gap, NOT a broken fix.
[SMRTest] SMRTEST-DISPATCH the sweep reports which classes DO NOT REACH a wrap. It does NOT report which of them are ever instantiated — a hit is a reach gap, NOT a broken fix.
						Lua 1:23:11:942
[mod] [SMRTest] SMRTEST-DISPATCH 90_SaveSanitizer               LabelContainer.SetLabelModifier                            link=copy  desc=46    reach=1     UNREACHED=0    (own-copy 0)  MULTI=45 (unreached 0)
[SMRTest] SMRTEST-DISPATCH 90_SaveSanitizer               LabelContainer.SetLabelModifier                            link=copy  desc=46    reach=1     UNREACHED=0    (own-copy 0)  MULTI=45 (unreached 0)
[mod] [SMRTest] SMRTEST-DISPATCH Fix_ArrivalDeaths              Colonist.Idle                                              link=?     desc=0     reach=0     UNREACHED=0    (own-copy 0)  MULTI=0 (unreached 0)
[SMRTest] SMRTEST-DISPATCH Fix_ArrivalDeaths              Colonist.Idle                                              link=?     desc=0     reach=0     UNREACHED=0    (own-copy 0)  MULTI=0 (unreached 0)
[mod] [SMRTest] SMRTEST-DISPATCH Fix_ArrivalDeaths              Colonist.OnArrival                                         link=?     desc=0     reach=0     UNREACHED=0    (own-copy 0)  MULTI=0 (unreached 0)
[SMRTest] SMRTEST-DISPATCH Fix_ArrivalDeaths              Colonist.OnArrival                                         link=?     desc=0     reach=0     UNREACHED=0    (own-copy 0)  MULTI=0 (unreached 0)
[mod] [SMRTest] SMRTEST-DISPATCH Fix_ArrivalDeaths              Colonist.Arrive                                            link=?     desc=0     reach=0     UNREACHED=0    (own-copy 0)  MULTI=0 (unreached 0)
[SMRTest] SMRTEST-DISPATCH Fix_ArrivalDeaths              Colonist.Arrive                                            link=?     desc=0     reach=0     UNREACHED=0    (own-copy 0)  MULTI=0 (unreached 0)
						Lua 1:23:11:943
[mod] [SMRTest] SMRTEST-DISPATCH Fix_BombardmentSpread          BaseMeteor.HitsDome                                        link=copy  desc=7     reach=6     UNREACHED=0    (own-copy 0)  MULTI=1 (unreached 0)
[SMRTest] SMRTEST-DISPATCH Fix_BombardmentSpread          BaseMeteor.HitsDome                                        link=copy  desc=7     reach=6     UNREACHED=0    (own-copy 0)  MULTI=1 (unreached 0)
[mod] [SMRTest] SMRTEST-DISPATCH Fix_BombardmentSpread          BaseMeteor.GetTimeToImpact                                 link=copy  desc=7     reach=6     UNREACHED=0    (own-copy 0)  MULTI=1 (unreached 0)
[SMRTest] SMRTEST-DISPATCH Fix_BombardmentSpread          BaseMeteor.GetTimeToImpact                                 link=copy  desc=7     reach=6     UNREACHED=0    (own-copy 0)  MULTI=1 (unreached 0)
[mod] [SMRTest] SMRTEST-DISPATCH Fix_BrokenTrackSalvage         TrackBase.BreakTrackElement                                link=copy  desc=1     reach=1     UNREACHED=0    (own-copy 0)  MULTI=0 (unreached 0)
[SMRTest] SMRTEST-DISPATCH Fix_BrokenTrackSalvage         TrackBase.BreakTrackElement                                link=copy  desc=1     reach=1     UNREACHED=0    (own-copy 0)  MULTI=0 (unreached 0)
[mod] [SMRTest] SMRTEST-DISPATCH Fix_CrystalMysteryHang         Crystal.ComposeProc                                        link=?     desc=0     reach=0     UNREACHED=0    (own-copy 0)  MULTI=0 (unreached 0)
[SMRTest] SMRTEST-DISPATCH Fix_CrystalMysteryHang         Crystal.ComposeProc                                        link=?     desc=0     reach=0     UNREACHED=0    (own-copy 0)  MULTI=0 (unreached 0)
[mod] [SMRTest] SMRTEST-DISPATCH Fix_DestroyedTunnels           TunnelBase.AddPFTunnel                                     link=copy  desc=4     reach=1     UNREACHED=0    (own-copy 0)  MULTI=3 (unreached 0)
[SMRTest] SMRTEST-DISPATCH Fix_DestroyedTunnels           TunnelBase.AddPFTunnel                                     link=copy  desc=4     reach=1     UNREACHED=0    (own-copy 0)  MULTI=3 (unreached 0)
[mod] [SMRTest] SMRTEST-DISPATCH Fix_DestroyedTunnels           TunnelBase.RemovePFTunnel                                  link=copy  desc=4     reach=1     UNREACHED=0    (own-copy 0)  MULTI=3 (unreached 0)
[SMRTest] SMRTEST-DISPATCH Fix_DestroyedTunnels           TunnelBase.RemovePFTunnel                                  link=copy  desc=4     reach=1     UNREACHED=0    (own-copy 0)  MULTI=3 (unreached 0)
[mod] [SMRTest] SMRTEST-DISPATCH Fix_DomeFreeSpaceMismatch      Dome.RefreshFreeLivingSpaces                               link=copy  desc=30    reach=29    UNREACHED=0    (own-copy 0)  MULTI=1 (unreached 0)
[SMRTest] SMRTEST-DISPATCH Fix_DomeFreeSpaceMismatch      Dome.RefreshFreeLivingSpaces                               link=copy  desc=30    reach=29    UNREACHED=0    (own-copy 0)  MULTI=1 (unreached 0)
						Lua 1:23:11:944
[mod] [SMRTest] SMRTEST-DISPATCH Fix_DomeOverviewHighlight      Community.UICommandCenterStatUpdate                        link=?     desc=35    reach=0     UNREACHED=0    (own-copy 0)  MULTI=35 (unreached 0)
[SMRTest] SMRTEST-DISPATCH Fix_DomeOverviewHighlight      Community.UICommandCenterStatUpdate                        link=?     desc=35    reach=0     UNREACHED=0    (own-copy 0)  MULTI=35 (unreached 0)
[mod] [SMRTest] SMRTEST-DISPATCH Fix_DroneTransportMinors       DroneControl.UpdateRocketsInternal                         link=?     desc=46    reach=0     UNREACHED=0    (own-copy 0)  MULTI=46 (unreached 0)
[SMRTest] SMRTEST-DISPATCH Fix_DroneTransportMinors       DroneControl.UpdateRocketsInternal                         link=?     desc=46    reach=0     UNREACHED=0    (own-copy 0)  MULTI=46 (unreached 0)
[mod] [SMRTest] SMRTEST-DISPATCH Fix_FreedHousingNotice         Colonist.SetResidence                                      link=?     desc=0     reach=0     UNREACHED=0    (own-copy 0)  MULTI=0 (unreached 0)
[SMRTest] SMRTEST-DISPATCH Fix_FreedHousingNotice         Colonist.SetResidence                                      link=?     desc=0     reach=0     UNREACHED=0    (own-copy 0)  MULTI=0 (unreached 0)
[mod] [SMRTest] SMRTEST-DISPATCH Fix_FreedHousingNotice         Residence.CheckHomeForHomeless                             link=?     desc=25    reach=0     UNREACHED=0    (own-copy 0)  MULTI=25 (unreached 0)
[SMRTest] SMRTEST-DISPATCH Fix_FreedHousingNotice         Residence.CheckHomeForHomeless                             link=?     desc=25    reach=0     UNREACHED=0    (own-copy 0)  MULTI=25 (unreached 0)
						Lua 1:23:11:945
[mod] [SMRTest] SMRTEST-DISPATCH Fix_FreedHousingNotice         Residence.GetFreeSpace                                     link=?     desc=25    reach=0     UNREACHED=0    (own-copy 0)  MULTI=25 (unreached 0)
[SMRTest] SMRTEST-DISPATCH Fix_FreedHousingNotice         Residence.GetFreeSpace                                     link=?     desc=25    reach=0     UNREACHED=0    (own-copy 0)  MULTI=25 (unreached 0)
						Lua 1:23:11:949
[mod] [SMRTest] SMRTEST-DISPATCH Fix_GhostFarmOxygen            Building.SetDome                                           link=chain desc=630   reach=91    UNREACHED=0    (own-copy 0)  MULTI=539 (unreached 40)
[SMRTest] SMRTEST-DISPATCH Fix_GhostFarmOxygen            Building.SetDome                                           link=chain desc=630   reach=91    UNREACHED=0    (own-copy 0)  MULTI=539 (unreached 40)
[mod] [SMRTest] SMRTEST-DISPATCH Fix_GhostFarmOxygen            FarmBase.ApplyOxygenProductionMod                          link=copy  desc=16    reach=10    UNREACHED=6    (own-copy 6) [FarmFungalBase, FarmInsect, FarmInsectBase, FungalFarm, FungalFarmBase, FungalFarm_Asteroid]  MULTI=0 (unreached 0)
[SMRTest] SMRTEST-DISPATCH Fix_GhostFarmOxygen            FarmBase.ApplyOxygenProductionMod                          link=copy  desc=16    reach=10    UNREACHED=6    (own-copy 6) [FarmFungalBase, FarmInsect, FarmInsectBase, FungalFarm, FungalFarmBase, FungalFarm_Asteroid]  MULTI=0 (unreached 0)
[mod] [SMRTest] SMRTEST-DISPATCH Fix_GraphConsumedCaption       City.GetColonyStatsButtons                                 link=?     desc=0     reach=0     UNREACHED=0    (own-copy 0)  MULTI=0 (unreached 0)
[SMRTest] SMRTEST-DISPATCH Fix_GraphConsumedCaption       City.GetColonyStatsButtons                                 link=?     desc=0     reach=0     UNREACHED=0    (own-copy 0)  MULTI=0 (unreached 0)
[mod] [SMRTest] SMRTEST-DISPATCH Fix_GraphConsumedCaption       ResourceOverview.GetConsumedByMaintenanceYesterday         link=?     desc=0     reach=0     UNREACHED=0    (own-copy 0)  MULTI=0 (unreached 0)
[SMRTest] SMRTEST-DISPATCH Fix_GraphConsumedCaption       ResourceOverview.GetConsumedByMaintenanceYesterday         link=?     desc=0     reach=0     UNREACHED=0    (own-copy 0)  MULTI=0 (unreached 0)
[mod] [SMRTest] SMRTEST-DISPATCH Fix_GraphConsumedCaption       ResourceOverview.GetConsumedByConsumptionYesterday         link=?     desc=0     reach=0     UNREACHED=0    (own-copy 0)  MULTI=0 (unreached 0)
						Lua 1:23:11:950
[SMRTest] SMRTEST-DISPATCH Fix_GraphConsumedCaption       ResourceOverview.GetConsumedByConsumptionYesterday         link=?     desc=0     reach=0     UNREACHED=0    (own-copy 0)  MULTI=0 (unreached 0)
[mod] [SMRTest] SMRTEST-DISPATCH Fix_GraphConsumedCaption       ResourceOverview.GetProducedYesterday                      link=?     desc=0     reach=0     UNREACHED=0    (own-copy 0)  MULTI=0 (unreached 0)
[SMRTest] SMRTEST-DISPATCH Fix_GraphConsumedCaption       ResourceOverview.GetProducedYesterday                      link=?     desc=0     reach=0     UNREACHED=0    (own-copy 0)  MULTI=0 (unreached 0)
[mod] [SMRTest] SMRTEST-DISPATCH Fix_JumboCaveReinforcementWedge ConstructionSite.TestBlockerClearenceProgress              link=copy  desc=13    reach=7     UNREACHED=1    (own-copy 1) [ConstructionGroupLeader]  MULTI=5 (unreached 0)
[SMRTest] SMRTEST-DISPATCH Fix_JumboCaveReinforcementWedge ConstructionSite.TestBlockerClearenceProgress              link=copy  desc=13    reach=7     UNREACHED=1    (own-copy 1) [ConstructionGroupLeader]  MULTI=5 (unreached 0)
[mod] [SMRTest] SMRTEST-DISPATCH Fix_LakeEntombment             LandscapeLake.PlacePrefab                                  link=copy  desc=4     reach=4     UNREACHED=0    (own-copy 0)  MULTI=0 (unreached 0)
[SMRTest] SMRTEST-DISPATCH Fix_LakeEntombment             LandscapeLake.PlacePrefab                                  link=copy  desc=4     reach=4     UNREACHED=0    (own-copy 0)  MULTI=0 (unreached 0)
[mod] [SMRTest] SMRTEST-DISPATCH Fix_LakeEntombment             Unit.ExitImpassable                                        link=chain desc=43    reach=0     UNREACHED=1    (own-copy 1) [Firefly]  MULTI=42 (unreached 16)
[SMRTest] SMRTEST-DISPATCH Fix_LakeEntombment             Unit.ExitImpassable                                        link=chain desc=43    reach=0     UNREACHED=1    (own-copy 1) [Firefly]  MULTI=42 (unreached 16)
[mod] [SMRTest] SMRTEST-DISPATCH Fix_LanderEmptyLaunch          UniversalRocketBase.IsCargoReady                           link=copy  desc=10    reach=10    UNREACHED=0    (own-copy 0)  MULTI=0 (unreached 0)
[SMRTest] SMRTEST-DISPATCH Fix_LanderEmptyLaunch          UniversalRocketBase.IsCargoReady                           link=copy  desc=10    reach=10    UNREACHED=0    (own-copy 0)  MULTI=0 (unreached 0)
[mod] [SMRTest] SMRTEST-DISPATCH Fix_LanderEmptyLaunch          UniversalRocketBase.CheckAutoDepart                        link=copy  desc=10    reach=10    UNREACHED=0    (own-copy 0)  MULTI=0 (unreached 0)
[SMRTest] SMRTEST-DISPATCH Fix_LanderEmptyLaunch          UniversalRocketBase.CheckAutoDepart                        link=copy  desc=10    reach=10    UNREACHED=0    (own-copy 0)  MULTI=0 (unreached 0)
						Lua 1:23:11:951
[mod] [SMRTest] SMRTEST-DISPATCH Fix_LanderEmptyLaunch          UniversalRocketBase.IsSpecialAutomode                      link=copy  desc=10    reach=10    UNREACHED=0    (own-copy 0)  MULTI=0 (unreached 0)
[SMRTest] SMRTEST-DISPATCH Fix_LanderEmptyLaunch          UniversalRocketBase.IsSpecialAutomode                      link=copy  desc=10    reach=10    UNREACHED=0    (own-copy 0)  MULTI=0 (unreached 0)
[mod] [SMRTest] SMRTEST-DISPATCH Fix_LanderEmptyLaunch          UniversalRocketBase.IsPlayerControlled                     link=copy  desc=10    reach=10    UNREACHED=0    (own-copy 0)  MULTI=0 (unreached 0)
[SMRTest] SMRTEST-DISPATCH Fix_LanderEmptyLaunch          UniversalRocketBase.IsPlayerControlled                     link=copy  desc=10    reach=10    UNREACHED=0    (own-copy 0)  MULTI=0 (unreached 0)
[mod] [SMRTest] SMRTEST-DISPATCH Fix_LanderEmptyLaunch          AutoMode.IsAutoModeEnabled                                 link=?     desc=21    reach=0     UNREACHED=0    (own-copy 0)  MULTI=21 (unreached 0)
[SMRTest] SMRTEST-DISPATCH Fix_LanderEmptyLaunch          AutoMode.IsAutoModeEnabled                                 link=?     desc=21    reach=0     UNREACHED=0    (own-copy 0)  MULTI=21 (unreached 0)
[mod] [SMRTest] SMRTEST-DISPATCH Fix_LayoutTechLock             LayoutConstructionController.Activate                      link=?     desc=0     reach=0     UNREACHED=0    (own-copy 0)  MULTI=0 (unreached 0)
[SMRTest] SMRTEST-DISPATCH Fix_LayoutTechLock             LayoutConstructionController.Activate                      link=?     desc=0     reach=0     UNREACHED=0    (own-copy 0)  MULTI=0 (unreached 0)
[mod] [SMRTest] SMRTEST-DISPATCH Fix_MirrorSphereSite           MirrorSphereBuildingBase.StartAction                       link=copy  desc=1     reach=1     UNREACHED=0    (own-copy 0)  MULTI=0 (unreached 0)
[SMRTest] SMRTEST-DISPATCH Fix_MirrorSphereSite           MirrorSphereBuildingBase.StartAction                       link=copy  desc=1     reach=1     UNREACHED=0    (own-copy 0)  MULTI=0 (unreached 0)
[mod] [SMRTest] SMRTEST-DISPATCH Fix_NightShiftWork             Colonist.ShouldLeaveForWork                                link=?     desc=0     reach=0     UNREACHED=0    (own-copy 0)  MULTI=0 (unreached 0)
[SMRTest] SMRTEST-DISPATCH Fix_NightShiftWork             Colonist.ShouldLeaveForWork                                link=?     desc=0     reach=0     UNREACHED=0    (own-copy 0)  MULTI=0 (unreached 0)
[mod] [SMRTest] SMRTEST-DISPATCH Fix_PayloadTemplateRefill      CargoRequestNew.RetrieveRequests                           link=copy  desc=1     reach=1     UNREACHED=0    (own-copy 0)  MULTI=0 (unreached 0)
[SMRTest] SMRTEST-DISPATCH Fix_PayloadTemplateRefill      CargoRequestNew.RetrieveRequests                           link=copy  desc=1     reach=1     UNREACHED=0    (own-copy 0)  MULTI=0 (unreached 0)
[mod] [SMRTest] SMRTEST-DISPATCH Fix_PayloadTemplateRefill      CargoRequestNew.Apply                                      link=copy  desc=1     reach=0     UNREACHED=1    (own-copy 1) [SpaceElevatorCargoRequest]  MULTI=0 (unreached 0)
[SMRTest] SMRTEST-DISPATCH Fix_PayloadTemplateRefill      CargoRequestNew.Apply                                      link=copy  desc=1     reach=0     UNREACHED=1    (own-copy 1) [SpaceElevatorCargoRequest]  MULTI=0 (unreached 0)
[mod] [SMRTest] SMRTEST-DISPATCH Fix_PayloadTemplateRefill      CargoRequestNew.SetRequest                                 link=copy  desc=1     reach=1     UNREACHED=0    (own-copy 0)  MULTI=0 (unreached 0)
[SMRTest] SMRTEST-DISPATCH Fix_PayloadTemplateRefill      CargoRequestNew.SetRequest                                 link=copy  desc=1     reach=1     UNREACHED=0    (own-copy 0)  MULTI=0 (unreached 0)
[mod] [SMRTest] SMRTEST-DISPATCH Fix_PayloadTemplateRefill      CargoRequestNew.PromptRocketCargoIssue                     link=copy  desc=1     reach=1     UNREACHED=0    (own-copy 0)  MULTI=0 (unreached 0)
[SMRTest] SMRTEST-DISPATCH Fix_PayloadTemplateRefill      CargoRequestNew.PromptRocketCargoIssue                     link=copy  desc=1     reach=1     UNREACHED=0    (own-copy 0)  MULTI=0 (unreached 0)
[mod] [SMRTest] SMRTEST-DISPATCH Fix_PayloadTemplateRefill      CargoRequestNew.GetCargoList                               link=copy  desc=1     reach=1     UNREACHED=0    (own-copy 0)  MULTI=0 (unreached 0)
[SMRTest] SMRTEST-DISPATCH Fix_PayloadTemplateRefill      CargoRequestNew.GetCargoList                               link=copy  desc=1     reach=1     UNREACHED=0    (own-copy 0)  MULTI=0 (unreached 0)
						Lua 1:23:11:952
[mod] [SMRTest] SMRTEST-DISPATCH Fix_RocketDroneChurn           CargoTransporterNew.UpdateCargoResourceRequests            link=?     desc=13    reach=0     UNREACHED=0    (own-copy 0)  MULTI=13 (unreached 13)
[SMRTest] SMRTEST-DISPATCH Fix_RocketDroneChurn           CargoTransporterNew.UpdateCargoResourceRequests            link=?     desc=13    reach=0     UNREACHED=0    (own-copy 0)  MULTI=13 (unreached 13)
[mod] [SMRTest] SMRTEST-DISPATCH Fix_RocketDroneChurn           CargoTransporterNew.AddCargoDemandRequest                  link=?     desc=13    reach=0     UNREACHED=0    (own-copy 0)  MULTI=13 (unreached 0)
[SMRTest] SMRTEST-DISPATCH Fix_RocketDroneChurn           CargoTransporterNew.AddCargoDemandRequest                  link=?     desc=13    reach=0     UNREACHED=0    (own-copy 0)  MULTI=13 (unreached 0)
[mod] [SMRTest] SMRTEST-DISPATCH Fix_RocketDroneChurn           CargoTransporterNew.AddCargoSupplyRequest                  link=?     desc=13    reach=0     UNREACHED=0    (own-copy 0)  MULTI=13 (unreached 0)
[SMRTest] SMRTEST-DISPATCH Fix_RocketDroneChurn           CargoTransporterNew.AddCargoSupplyRequest                  link=?     desc=13    reach=0     UNREACHED=0    (own-copy 0)  MULTI=13 (unreached 0)
[mod] [SMRTest] SMRTEST-DISPATCH Fix_RocketInteractGuard        RCTransport.CanInteractWithObject                          link=copy  desc=4     reach=0     UNREACHED=2    (own-copy 2) [RCConstructor, RCConstructorBase]  MULTI=2 (unreached 2)
[SMRTest] SMRTEST-DISPATCH Fix_RocketInteractGuard        RCTransport.CanInteractWithObject                          link=copy  desc=4     reach=0     UNREACHED=2    (own-copy 2) [RCConstructor, RCConstructorBase]  MULTI=2 (unreached 2)
[mod] [SMRTest] SMRTEST-DISPATCH Fix_RocketInteractGuard        RCTransport.InteractWithObject                             link=copy  desc=4     reach=0     UNREACHED=2    (own-copy 2) [RCConstructor, RCConstructorBase]  MULTI=2 (unreached 2)
[SMRTest] SMRTEST-DISPATCH Fix_RocketInteractGuard        RCTransport.InteractWithObject                             link=copy  desc=4     reach=0     UNREACHED=2    (own-copy 2) [RCConstructor, RCConstructorBase]  MULTI=2 (unreached 2)
[mod] [SMRTest] SMRTEST-DISPATCH Fix_SaintBlessing              TraitPreset.AddDomeColonistsModifier                       link=?     desc=1     reach=0     UNREACHED=0    (own-copy 0)  MULTI=1 (unreached 0)
[SMRTest] SMRTEST-DISPATCH Fix_SaintBlessing              TraitPreset.AddDomeColonistsModifier                       link=?     desc=1     reach=0     UNREACHED=0    (own-copy 0)  MULTI=1 (unreached 0)
[mod] [SMRTest] SMRTEST-DISPATCH Fix_SaintBlessing              LabelContainer.SetLabelModifier                            link=copy  desc=46    reach=1     UNREACHED=0    (own-copy 0)  MULTI=45 (unreached 0)
[SMRTest] SMRTEST-DISPATCH Fix_SaintBlessing              LabelContainer.SetLabelModifier                            link=copy  desc=46    reach=1     UNREACHED=0    (own-copy 0)  MULTI=45 (unreached 0)
						Lua 1:23:11:956
[mod] [SMRTest] SMRTEST-DISPATCH Fix_ShuttleHubOffAvailable     BaseBuilding.GetWorkNotPermittedReason                     link=copy  desc=691   reach=6     UNREACHED=0    (own-copy 0)  MULTI=685 (unreached 633)
[SMRTest] SMRTEST-DISPATCH Fix_ShuttleHubOffAvailable     BaseBuilding.GetWorkNotPermittedReason                     link=copy  desc=691   reach=6     UNREACHED=0    (own-copy 0)  MULTI=685 (unreached 633)
						Lua 1:23:11:958
[mod] [SMRTest] SMRTEST-DISPATCH Fix_ShuttleHubOffAvailable     BaseBuilding.GetWorkNotPossibleReason                      link=copy  desc=691   reach=5     UNREACHED=1    (own-copy 1) [UpgradeConsumption]  MULTI=685 (unreached 633)
[SMRTest] SMRTEST-DISPATCH Fix_ShuttleHubOffAvailable     BaseBuilding.GetWorkNotPossibleReason                      link=copy  desc=691   reach=5     UNREACHED=1    (own-copy 1) [UpgradeConsumption]  MULTI=685 (unreached 633)
						Lua 1:23:11:959
[mod] [SMRTest] SMRTEST-DISPATCH Fix_StaleReservations          Residence.ReserveResidence                                 link=?     desc=25    reach=0     UNREACHED=0    (own-copy 0)  MULTI=25 (unreached 4)
[SMRTest] SMRTEST-DISPATCH Fix_StaleReservations          Residence.ReserveResidence                                 link=?     desc=25    reach=0     UNREACHED=0    (own-copy 0)  MULTI=25 (unreached 4)
[mod] [SMRTest] SMRTEST-DISPATCH Fix_StaleReservations          Residence.CancelResidenceReservation                       link=?     desc=25    reach=0     UNREACHED=0    (own-copy 0)  MULTI=25 (unreached 4)
[SMRTest] SMRTEST-DISPATCH Fix_StaleReservations          Residence.CancelResidenceReservation                       link=?     desc=25    reach=0     UNREACHED=0    (own-copy 0)  MULTI=25 (unreached 4)
[mod] [SMRTest] SMRTEST-DISPATCH Fix_TrackConnectorPingPong     TrackConnectedObjBase.CreateConnectorElements              link=?     desc=6     reach=0     UNREACHED=0    (own-copy 0)  MULTI=6 (unreached 0)
[SMRTest] SMRTEST-DISPATCH Fix_TrackConnectorPingPong     TrackConnectedObjBase.CreateConnectorElements              link=?     desc=6     reach=0     UNREACHED=0    (own-copy 0)  MULTI=6 (unreached 0)
[mod] [SMRTest] SMRTEST-DISPATCH Fix_TrackConnectorPingPong     TrackConnectedObjBase.Done                                 link=?     desc=6     reach=0     UNREACHED=0    (own-copy 0)  MULTI=6 (unreached 6)
[SMRTest] SMRTEST-DISPATCH Fix_TrackConnectorPingPong     TrackConnectedObjBase.Done                                 link=?     desc=6     reach=0     UNREACHED=0    (own-copy 0)  MULTI=6 (unreached 6)
[mod] [SMRTest] SMRTEST-DISPATCH Fix_TrackSalvageRefund         TrackBase.GetRefundResources                               link=copy  desc=1     reach=1     UNREACHED=0    (own-copy 0)  MULTI=0 (unreached 0)
[SMRTest] SMRTEST-DISPATCH Fix_TrackSalvageRefund         TrackBase.GetRefundResources                               link=copy  desc=1     reach=1     UNREACHED=0    (own-copy 0)  MULTI=0 (unreached 0)
[mod] [SMRTest] SMRTEST-DISPATCH Fix_TrackSalvageRefund         TrackGridElement.Demolish                                  link=?     desc=1     reach=0     UNREACHED=0    (own-copy 0)  MULTI=1 (unreached 0)
[SMRTest] SMRTEST-DISPATCH Fix_TrackSalvageRefund         TrackGridElement.Demolish                                  link=?     desc=1     reach=0     UNREACHED=0    (own-copy 0)  MULTI=1 (unreached 0)
						Lua 1:23:11:963
[mod] [SMRTest] SMRTEST-DISPATCH Fix_TrackSalvageRefund         Building.CalcRefundAmount                                  link=chain desc=630   reach=91    UNREACHED=0    (own-copy 0)  MULTI=539 (unreached 0)
[SMRTest] SMRTEST-DISPATCH Fix_TrackSalvageRefund         Building.CalcRefundAmount                                  link=chain desc=630   reach=91    UNREACHED=0    (own-copy 0)  MULTI=539 (unreached 0)
						Lua 1:23:11:968
[mod] [SMRTest] SMRTEST-DISPATCH Fix_TrackSalvageRefund         Building.AddRefundResource                                 link=chain desc=630   reach=91    UNREACHED=0    (own-copy 0)  MULTI=539 (unreached 0)
[SMRTest] SMRTEST-DISPATCH Fix_TrackSalvageRefund         Building.AddRefundResource                                 link=chain desc=630   reach=91    UNREACHED=0    (own-copy 0)  MULTI=539 (unreached 0)
[mod] [SMRTest] SMRTEST-DISPATCH Fix_TrackSalvageRefund         ConstructionGroupLeader.Complete                           link=?     desc=0     reach=0     UNREACHED=0    (own-copy 0)  MULTI=0 (unreached 0)
[SMRTest] SMRTEST-DISPATCH Fix_TrackSalvageRefund         ConstructionGroupLeader.Complete                           link=?     desc=0     reach=0     UNREACHED=0    (own-copy 0)  MULTI=0 (unreached 0)
[mod] [SMRTest] SMRTEST-DISPATCH Fix_TrackSalvageRefund         ConstructionSite.MarkSpentResources                        link=copy  desc=13    reach=8     UNREACHED=0    (own-copy 0)  MULTI=5 (unreached 0)
[SMRTest] SMRTEST-DISPATCH Fix_TrackSalvageRefund         ConstructionSite.MarkSpentResources                        link=copy  desc=13    reach=8     UNREACHED=0    (own-copy 0)  MULTI=5 (unreached 0)
[mod] [SMRTest] SMRTEST-DISPATCH Fix_TrackSalvageWipe           TrackGridElement.DemolishAndSplitTrack                     link=?     desc=1     reach=0     UNREACHED=0    (own-copy 0)  MULTI=1 (unreached 0)
[SMRTest] SMRTEST-DISPATCH Fix_TrackSalvageWipe           TrackGridElement.DemolishAndSplitTrack                     link=?     desc=1     reach=0     UNREACHED=0    (own-copy 0)  MULTI=1 (unreached 0)
[mod] [SMRTest] SMRTEST-DISPATCH Fix_TrackTunnelPowerBridge     TrackBase.ConnectToGrids                                   link=copy  desc=1     reach=1     UNREACHED=0    (own-copy 0)  MULTI=0 (unreached 0)
[SMRTest] SMRTEST-DISPATCH Fix_TrackTunnelPowerBridge     TrackBase.ConnectToGrids                                   link=copy  desc=1     reach=1     UNREACHED=0    (own-copy 0)  MULTI=0 (unreached 0)
[mod] [SMRTest] SMRTEST-DISPATCH Fix_TrackTunnelPowerBridge     TrackBase.GetStartStation                                  link=copy  desc=1     reach=1     UNREACHED=0    (own-copy 0)  MULTI=0 (unreached 0)
[SMRTest] SMRTEST-DISPATCH Fix_TrackTunnelPowerBridge     TrackBase.GetStartStation                                  link=copy  desc=1     reach=1     UNREACHED=0    (own-copy 0)  MULTI=0 (unreached 0)
[mod] [SMRTest] SMRTEST-DISPATCH Fix_TrackTunnelPowerBridge     TrackBase.GetEndStation                                    link=copy  desc=1     reach=1     UNREACHED=0    (own-copy 0)  MULTI=0 (unreached 0)
[SMRTest] SMRTEST-DISPATCH Fix_TrackTunnelPowerBridge     TrackBase.GetEndStation                                    link=copy  desc=1     reach=1     UNREACHED=0    (own-copy 0)  MULTI=0 (unreached 0)
[mod] [SMRTest] SMRTEST-DISPATCH Fix_TrackTunnelPowerBridge     TrackBase.Done                                             link=copy  desc=1     reach=1     UNREACHED=0    (own-copy 0)  MULTI=0 (unreached 0)
[SMRTest] SMRTEST-DISPATCH Fix_TrackTunnelPowerBridge     TrackBase.Done                                             link=copy  desc=1     reach=1     UNREACHED=0    (own-copy 0)  MULTI=0 (unreached 0)
[mod] [SMRTest] SMRTEST-DISPATCH Fix_TrackTunnelPowerBridge     TrackBase.DisconnectFromGrids                              link=copy  desc=1     reach=1     UNREACHED=0    (own-copy 0)  MULTI=0 (unreached 0)
[SMRTest] SMRTEST-DISPATCH Fix_TrackTunnelPowerBridge     TrackBase.DisconnectFromGrids                              link=copy  desc=1     reach=1     UNREACHED=0    (own-copy 0)  MULTI=0 (unreached 0)
[mod] [SMRTest] SMRTEST-DISPATCH Fix_TrainCargoDumping          Train.UnloadAll                                            link=?     desc=0     reach=0     UNREACHED=0    (own-copy 0)  MULTI=0 (unreached 0)
[SMRTest] SMRTEST-DISPATCH Fix_TrainCargoDumping          Train.UnloadAll                                            link=?     desc=0     reach=0     UNREACHED=0    (own-copy 0)  MULTI=0 (unreached 0)
[mod] [SMRTest] SMRTEST-DISPATCH Fix_TrainWaitTime              TransportStatistics.AddSpentTime                           link=?     desc=7     reach=0     UNREACHED=0    (own-copy 0)  MULTI=7 (unreached 0)
[SMRTest] SMRTEST-DISPATCH Fix_TrainWaitTime              TransportStatistics.AddSpentTime                           link=?     desc=7     reach=0     UNREACHED=0    (own-copy 0)  MULTI=7 (unreached 0)
[mod] [SMRTest] SMRTEST-DISPATCH Fix_TrainWaitTime              Colonist.BoardVehicle                                      link=?     desc=0     reach=0     UNREACHED=0    (own-copy 0)  MULTI=0 (unreached 0)
[SMRTest] SMRTEST-DISPATCH Fix_TrainWaitTime              Colonist.BoardVehicle                                      link=?     desc=0     reach=0     UNREACHED=0    (own-copy 0)  MULTI=0 (unreached 0)
[mod] [SMRTest] SMRTEST-DISPATCH Fix_TrainWaitTime              Colonist.ExitVehicle                                       link=?     desc=0     reach=0     UNREACHED=0    (own-copy 0)  MULTI=0 (unreached 0)
[SMRTest] SMRTEST-DISPATCH Fix_TrainWaitTime              Colonist.ExitVehicle                                       link=?     desc=0     reach=0     UNREACHED=0    (own-copy 0)  MULTI=0 (unreached 0)
						Lua 1:23:11:972
[mod] [SMRTest] SMRTEST-DISPATCH Fix_TrainsToVoid               Building.OnDemolish                                        link=chain desc=630   reach=89    UNREACHED=2    (own-copy 2) [AsteroidCatcher, AsteroidCatcherBase]  MULTI=539 (unreached 62)
[SMRTest] SMRTEST-DISPATCH Fix_TrainsToVoid               Building.OnDemolish                                        link=chain desc=630   reach=89    UNREACHED=2    (own-copy 2) [AsteroidCatcher, AsteroidCatcherBase]  MULTI=539 (unreached 62)
[mod] [SMRTest] SMRTEST-DISPATCH Fix_TrainsToVoid               Train.DestroySilent                                        link=?     desc=0     reach=0     UNREACHED=0    (own-copy 0)  MULTI=0 (unreached 0)
[SMRTest] SMRTEST-DISPATCH Fix_TrainsToVoid               Train.DestroySilent                                        link=?     desc=0     reach=0     UNREACHED=0    (own-copy 0)  MULTI=0 (unreached 0)
[mod] [SMRTest] SMRTEST-DISPATCH Fix_VacuumWalks                Colonist.TryToEmigrateToDome                               link=?     desc=0     reach=0     UNREACHED=0    (own-copy 0)  MULTI=0 (unreached 0)
[SMRTest] SMRTEST-DISPATCH Fix_VacuumWalks                Colonist.TryToEmigrateToDome                               link=?     desc=0     reach=0     UNREACHED=0    (own-copy 0)  MULTI=0 (unreached 0)
[mod] [SMRTest] SMRTEST-DISPATCH Fix_VacuumWalks                Colonist.DiscardTransportTicket                            link=?     desc=0     reach=0     UNREACHED=0    (own-copy 0)  MULTI=0 (unreached 0)
						Lua 1:23:11:973
[SMRTest] SMRTEST-DISPATCH Fix_VacuumWalks                Colonist.DiscardTransportTicket                            link=?     desc=0     reach=0     UNREACHED=0    (own-copy 0)  MULTI=0 (unreached 0)
[mod] [SMRTest] SMRTEST-DISPATCH Fix_VacuumWalks                Colonist.ClearTransportRequest                             link=?     desc=0     reach=0     UNREACHED=0    (own-copy 0)  MULTI=0 (unreached 0)
[SMRTest] SMRTEST-DISPATCH Fix_VacuumWalks                Colonist.ClearTransportRequest                             link=?     desc=0     reach=0     UNREACHED=0    (own-copy 0)  MULTI=0 (unreached 0)
[mod] [SMRTest] SMRTEST-DISPATCH TOTAL targets=72 clean=64 with-unreached=8 missing=0 | descendants=4459 reach=499 UNREACHED=16 | MULTI-PARENT=3944 (of which unreached=1415, reported separately, NOT folded into either verdict)
[SMRTest] SMRTEST-DISPATCH TOTAL targets=72 clean=64 with-unreached=8 missing=0 | descendants=4459 reach=499 UNREACHED=16 | MULTI-PARENT=3944 (of which unreached=1415, reported separately, NOT folded into either verdict)
[mod] [SMRTest] PASS  DispatchReach            [behavior] swept 72 declared targets over 4459 descendants: 64 targets clean, 8 with unreached descendants (16 single-parent-path classes do not reach their wrap; a further 1415 multi-parent-path classes do not, reported separately). ⛔ UNREACHED is a reach gap, NOT a broken-fix count — instantiation is not measured. Detail: SMRTEST-DISPATCH lines.
[SMRTest] PASS  DispatchReach            [behavior] swept 72 declared targets over 4459 descendants: 64 targets clean, 8 with unreached descendants (16 single-parent-path classes do not reach their wrap; a further 1415 multi-parent-path classes do not, reported separately). ⛔ UNREACHED is a reach gap, NOT a broken-fix count — instantiation is not measured. Detail: SMRTEST-DISPATCH lines.
[mod] [SMRTest] SMRTEST-F105GUARD LandscapeConstructionSite: unguarded-state call ok=true
[SMRTest] SMRTEST-F105GUARD LandscapeConstructionSite: unguarded-state call ok=true
[mod] [SMRTest] SMRTEST-F105GUARD ClearWasteRockConstructionSite: unguarded-state call ok=true
[SMRTest] SMRTEST-F105GUARD ClearWasteRockConstructionSite: unguarded-state call ok=true
[mod] [SMRTest] SMRTEST-F105GUARD TerrainPaintConstructionSite: unguarded-state call ok=true
[SMRTest] SMRTEST-F105GUARD TerrainPaintConstructionSite: unguarded-state call ok=true
[mod] [SMRTest] SMRTEST-F107WIDE ConstructionSite: ungathered-state call ok=true
[SMRTest] SMRTEST-F107WIDE ConstructionSite: ungathered-state call ok=true
[mod] [SMRTest] SMRTEST-F107WIDE ConstructionSite: gathered-state call ok=true set_to=90 start_cost=50
[SMRTest] SMRTEST-F107WIDE ConstructionSite: gathered-state call ok=true set_to=90 start_cost=50
[mod] [SMRTest] PASS  LandscapeCostGuard       [retired] guard reached and still delegating on LandscapeConstructionSite, ClearWasteRockConstructionSite, TerrainPaintConstructionSite, ConstructionSite (clause 3, ordinary site). ⛔ mechanism + guard only — the field route (a levelling site on a real map plus a *_Construction cost tech) is NOT tested here. The F107 widening to ordinary construction sites IS now covered at the mechanism level: on ConstructionSite itself the guard returns in the ungathered state where vanilla raises at :670, and delegates identically (SetAmount 90, start cost 50) in the gathered state where vanilla succeeds.
[SMRTest] PASS  LandscapeCostGuard       [retired] guard reached and still delegating on LandscapeConstructionSite, ClearWasteRockConstructionSite, TerrainPaintConstructionSite, ConstructionSite (clause 3, ordinary site). ⛔ mechanism + guard only — the field route (a levelling site on a real map plus a *_Construction cost tech) is NOT tested here. The F107 widening to ordinary construction sites IS now covered at the mechanism level: on ConstructionSite itself the guard returns in the ungathered state where vanilla raises at :670, and delegates identically (SetAmount 90, start cost 50) in the gathered state where vanilla succeeds.
[mod] [SMRTest] PASS  CloggedBuildingRelease   [behavior] the stuck end state (exceptional_circumstances + reason 789863173059, shipped Duration 0) is released, and all five refusals hold: story bit running, follow-up armed, story-bit popup pending, a different reason id, not disabled. ⛔ predicate only — no building was clogged or released by this probe, and nothing here proves a storm produces the state (checklist 158 A/B does that)
[SMRTest] PASS  CloggedBuildingRelease   [behavior] the stuck end state (exceptional_circumstances + reason 789863173059, shipped Duration 0) is released, and all five refusals hold: story bit running, follow-up armed, story-bit popup pending, a different reason id, not disabled. ⛔ predicate only — no building was clogged or released by this probe, and nothing here proves a storm produces the state (checklist 158 A/B does that)
[mod] [SMRTest] PASS  FactionDomeSizeGate      [behavior] ⚖️ judgment call: 7 of 7 faction dislikes now wait for ten colonists in a dome (CollectiveHomeless, CollectiveUnemployment, NewSolHomeless, NewSolUnemployment, ProsperityUnemployment, UtopiaHomeless, UtopiaUnemployment); each refuses a dome of 3 with 1 idle/homeless colonist and still fires on a dome of 10, and both Justice Movement dislikes behave exactly as they shipped. ⛔ evals only — no faction was seated and no approval recalc ran here (checklist 158's A/B does that)
[SMRTest] PASS  FactionDomeSizeGate      [behavior] ⚖️ judgment call: 7 of 7 faction dislikes now wait for ten colonists in a dome (CollectiveHomeless, CollectiveUnemployment, NewSolHomeless, NewSolUnemployment, ProsperityUnemployment, UtopiaHomeless, UtopiaUnemployment); each refuses a dome of 3 with 1 idle/homeless colonist and still fires on a dome of 10, and both Justice Movement dislikes behave exactly as they shipped. ⛔ evals only — no faction was seated and no approval recalc ran here (checklist 158's A/B does that)
[mod] [SMRTest] PASS  BuildingCodesPrefab      [behavior] a prefab building receives the maintenance change for Policy_BuildingCodesLax +50% and Policy_BuildingCodesStrict -30%, each under the LAW'S OWN id and at the law's own parameter value, and a non-maintenance building receives none. ⛔ applier only — no ConstructionComplete was posted and no real building was touched; and ⛔ buildings already standing cannot be repaired at all (from_prefab is not stored on a finished building), so this fix reaches only buildings completed after it is installed
						Lua 1:23:11:974
[SMRTest] PASS  BuildingCodesPrefab      [behavior] a prefab building receives the maintenance change for Policy_BuildingCodesLax +50% and Policy_BuildingCodesStrict -30%, each under the LAW'S OWN id and at the law's own parameter value, and a non-maintenance building receives none. ⛔ applier only — no ConstructionComplete was posted and no real building was touched; and ⛔ buildings already standing cannot be repaired at all (from_prefab is not stored on a finished building), so this fix reaches only buildings completed after it is installed
[mod] [SMRTest] PASS  AcknowledgedWarnings     [behavior] dismissal stamps listed buildings, blocks their re-adds, skips the id-wide window; recovery re-arms
[SMRTest] PASS  AcknowledgedWarnings     [behavior] dismissal stamps listed buildings, blocks their re-adds, skips the id-wide window; recovery re-arms
[mod] [SMRTest] PASS  ResidencyControl         [behavior] closed dome refused to resettlers and arrivals; tourists and the safety fallback untouched
[SMRTest] PASS  ResidencyControl         [behavior] closed dome refused to resettlers and arrivals; tourists and the safety fallback untouched
[mod] [SMRTest] PASS  MultipleSuns             [behavior] build limit lifted; panel picks up whichever Artificial Sun is actually in range
[SMRTest] PASS  MultipleSuns             [behavior] build limit lifted; panel picks up whichever Artificial Sun is actually in range
[mod] [SMRTest] ERROR CohortHousing            [behavior] Lua/Units/Colonist.lua:3268: attempt to call a nil value (method 'GetRadius')
[SMRTest] ERROR CohortHousing            [behavior] Lua/Units/Colonist.lua:3268: attempt to call a nil value (method 'GetRadius')
[mod] [SMRTest] ERROR NoHomeless               [behavior] Lua/Units/Colonist.lua:3268: attempt to call a nil value (method 'GetRadius')
[SMRTest] ERROR NoHomeless               [behavior] Lua/Units/Colonist.lua:3268: attempt to call a nil value (method 'GetRadius')
						Lua 1:23:11:982
[mod] [SMRTest] PASS  DroneStatDials           [behavior] 2x/+1 landed as label modifiers (move_speed +100, carry +1 over probe-forced base 2) and base removed both by id; account carry dial OFF BASE on entry (const 4 vs base 2) — set it to base before any human baseline read
[SMRTest] PASS  DroneStatDials           [behavior] 2x/+1 landed as label modifiers (move_speed +100, carry +1 over probe-forced base 2) and base removed both by id; account carry dial OFF BASE on entry (const 4 vs base 2) — set it to base before any human baseline read
[mod] [SMRTest] PASS  OptionsMenuOptIn         [behavior] default_options + 7 toggles + 2 D09 dials present, names match the opt-in registry, bridge helpers installed
[SMRTest] PASS  OptionsMenuOptIn         [behavior] default_options + 7 toggles + 2 D09 dials present, names match the opt-in registry, bridge helpers installed
[mod] [SMRTest] PASS  OptionsMenuFixPack       [behavior] fix pack declares no default_options and no option items, and none of the 8 moved ids is in its registry
[SMRTest] PASS  OptionsMenuFixPack       [behavior] fix pack declares no default_options and no option items, and none of the 8 moved ids is in its registry
[mod] [SMRTest] SKIP  SaveRescueCleanPass      [behavior] save-rescue mod not installed (separate mod — not a failure)
[SMRTest] SKIP  SaveRescueCleanPass      [behavior] save-rescue mod not installed (separate mod — not a failure)
[mod] [SMRTest] SKIP  SaveRescueStandDown      [behavior] save-rescue mod not installed (separate mod — not a failure)
[SMRTest] SKIP  SaveRescueStandDown      [behavior] save-rescue mod not installed (separate mod — not a failure)
[mod] [SMRTest] SKIP  SaveRescueIdempotent     [behavior] save-rescue mod not installed (separate mod — not a failure)
[SMRTest] SKIP  SaveRescueIdempotent     [behavior] save-rescue mod not installed (separate mod — not a failure)
[mod] [SMRTest] SKIP  SaveRescueHealBounds     [behavior] save-rescue mod not installed (separate mod — not a failure)
[SMRTest] SKIP  SaveRescueHealBounds     [behavior] save-rescue mod not installed (separate mod — not a failure)
[mod] [SMRTest] SKIP  SaveRescueSelfClean      [behavior] save-rescue mod not installed (separate mod — not a failure)
[SMRTest] SKIP  SaveRescueSelfClean      [behavior] save-rescue mod not installed (separate mod — not a failure)
[mod] [SMRTest] SKIP  SaveRescueResidueTable   [behavior] save-rescue mod not installed (separate mod — not a failure)
[SMRTest] SKIP  SaveRescueResidueTable   [behavior] save-rescue mod not installed (separate mod — not a failure)
[mod] [SMRTest] ---- 69 PASS, 4 FAIL, 18 SKIP, 6 ERROR ----
[SMRTest] ---- 69 PASS, 4 FAIL, 18 SKIP, 6 ERROR ----
[mod] [SMRTK] SMRTK_RUNALL action=run_all counts={ERROR:6,FAIL:4,PASS:69,SKIP:18} preflight="DESKTOP sweep CLEAN: 2026-09-14T15:20:31Z pack=3ae67dea1e4fe3355dc1bb905254f8649f4b54fd kit=c886fb7049cf50a149938f9515eae78d039af33b" status=OK t=352800689 id=162
[SMRTK] SMRTK_RUNALL action=run_all counts={ERROR:6,FAIL:4,PASS:69,SKIP:18} preflight="DESKTOP sweep CLEAN: 2026-09-14T15:20:31Z pack=3ae67dea1e4fe3355dc1bb905254f8649f4b54fd kit=c886fb7049cf50a149938f9515eae78d039af33b" status=OK t=352800689 id=162
						Lua 1:23:28:332
[mod] [SMRTK] SMRTK_CLEAR action=clear status=OK t=352800689 id=163
						Lua 1:23:45:764
[mod] [SMRTK] SMRTK_FINGERPRINT action=fingerprint fix_pack_present=46/46 game=403908 mark_action=button mods=SMR_CommunityFixPack,SMR_CommunityFixPackTestKit,SMR_CommunityOptInPack pack_version=11 read="live registry" save=SMRTK_490.savegame.sav sol=491 status=OK t=352800689 id=164
[SMRTK] SMRTK_FINGERPRINT action=fingerprint fix_pack_present=46/46 game=403908 mark_action=button mods=SMR_CommunityFixPack,SMR_CommunityFixPackTestKit,SMR_CommunityOptInPack pack_version=11 read="live registry" save=SMRTK_490.savegame.sav sol=491 status=OK t=352800689 id=164
						Lua 1:23:54:414
[mod] [SMRTK] SMRTK_SECTION action=section_attach attached=true dialog=ipBuilding object=ElectronicsFactory(7064) status=OK t=352800689 id=165
						Lua 1:24:02:571
[mod] [SMRTK] SMRTK_DUMP action=dump_selected active_shift=0 class=ElectronicsFactory current_shift=1 demolishing=false destroyed=false dome=DomeMega(5470) handle=7064 hex=55,457 malfunction=nil modifiers="{electricity_consumption:{1:{amount:0,id:GameEffect,percent:-50,prop:electricity_consumption},2:{amount:20000,is_applied:true,percent:0,prop:electricity_consumption,target:ElectronicsFactory(7064),upgrade_id:ElectronicsFactory_Amplify},amount:20000,min:0,percent:50},maintenance_resource_amount:{1:{amount:0,display_text:userdata: FF0000193AC70A82,id:Policy_BuildingCodesStrict,percent:-30,prop:maintenance_resource_amount},2:{amount:0,id:OpenDome,percent:10,prop:maintenance_resource_amount},3:{amount:0,is_applied:true,percent:-50,prop:maintenance_resource_amount,target:ElectronicsFactory(7064),upgrade_id:ElectronicsFactory_PredictiveMaintenance},amount:0,min:0,percent:30},maintenance_threshold_base:{1:{amount:0,id:GameEffect,percent:20,prop:maintenance_threshold_base},2:{amount:0,id:GameEffect,percent:20,prop:maintenance_threshold_base},amount:0,percent:140},max_workers:{1:{amount:0,display_text:[table],id:[table],name:[table],percent:-50,prop:max_workers},2:{amount:-2,is_applied:true,percent:0,prop:max_workers,target:ElectronicsFactory(7064),upgrade_id:ElectronicsFactory_Automation},amount:-2,max:20,min:0,percent:50},performance:{1:{amount:10,display_text:[table],id:[table],name:[table],percent:0,prop:performance},amount:10,min:0,percent:100},production_per_day1:{1:{amount:0,display_text:[table],id:[table],name:[table],percent:33,prop:production_per_day1},2:{amount:0,is_applied:true,percent:25,prop:production_per_day1,target:ElectronicsFactory(7064),upgrade_id:ElectronicsFactory_Amplify},3:{amount:0,is_applied:true,percent:20,prop:production_per_day1,target:ElectronicsFactory(7064),upgrade_id:ElectronicsFactory_MaterialFlowOptimization},4:{amount:0,is_applied:true,percent:20,prop:production_per_day1,target:ElectronicsFactory(7064),upgrade_id:ElectronicsFactory_FactoryAI},amount:0,percent:198},work_sanity_protection:{1:{amount:50,id:GameEffect,percent:0,prop:work_sanity_protection},amount:50,max:100,min:0,percent:100}}" object=ElectronicsFactory(7064) pos="(283500, 395762, 10006)" shifts=true status=OK storage=nil template=unavailable valid=true workers={1:{1:Colonist(2000280921),2:Colonist(2000286599)},2:{1:Colonist(2000240909),2:Colonist(2000291835)},3:{1:Colonist(2000289387),2:Colonist(2000291843)}} t=352800689 id=166
[SMRTK] SMRTK_DUMP action=dump_selected active_shift=0 class=ElectronicsFactory current_shift=1 demolishing=false destroyed=false dome=DomeMega(5470) handle=7064 hex=55,457 malfunction=nil modifiers="{electricity_consumption:{1:{amount:0,id:GameEffect,percent:-50,prop:electricity_consumption},2:{amount:20000,is_applied:true,percent:0,prop:electricity_consumption,target:ElectronicsFactory(7064),upgrade_id:ElectronicsFactory_Amplify},amount:20000,min:0,percent:50},maintenance_resource_amount:{1:{amount:0,display_text:userdata: FF0000193AC70A82,id:Policy_BuildingCodesStrict,percent:-30,prop:maintenance_resource_amount},2:{amount:0,id:OpenDome,percent:10,prop:maintenance_resource_amount},3:{amount:0,is_applied:true,percent:-50,prop:maintenance_resource_amount,target:ElectronicsFactory(7064),upgrade_id:ElectronicsFactory_PredictiveMaintenance},amount:0,min:0,percent:30},maintenance_threshold_base:{1:{amount:0,id:GameEffect,percent:20,prop:maintenance_threshold_base},2:{amount:0,id:GameEffect,percent:20,prop:maintenance_threshold_base},amount:0,percent:140},max_workers:{1:{amount:0,display_text:[table],id:[table],name:[table],percent:-50,prop:max_workers},2:{amount:-2,is_applied:true,percent:0,prop:max_workers,target:ElectronicsFactory(7064),upgrade_id:ElectronicsFactory_Automation},amount:-2,max:20,min:0,percent:50},performance:{1:{amount:10,display_text:[table],id:[table],name:[table],percent:0,prop:performance},amount:10,min:0,percent:100},production_per_day1:{1:{amount:0,display_text:[table],id:[table],name:[table],percent:33,prop:production_per_day1},2:{amount:0,is_applied:true,percent:25,prop:production_per_day1,target:ElectronicsFactory(7064),upgrade_id:ElectronicsFactory_Amplify},3:{amount:0,is_applied:true,percent:20,prop:production_per_day1,target:ElectronicsFactory(7064),upgrade_id:ElectronicsFactory_MaterialFlowOptimization},4:{amount:0,is_applied:true,percent:20,prop:production_per_day1,target:ElectronicsFactory(7064),upgrade_id:ElectronicsFactory_FactoryAI},amount:0,percent:198},work_sanity_protection:{1:{amount:50,id:GameEffect,percent:0,prop:work_sanity_protection},amount:50,max:100,min:0,percent:100}}" object=ElectronicsFactory(7064) pos="(283500, 395762, 10006)" shifts=true status=OK storage=nil template=unavailable valid=true workers={1:{1:Colonist(2000280921),2:Colonist(2000286599)},2:{1:Colonist(2000240909),2:Colonist(2000291835)},3:{1:Colonist(2000289387),2:Colonist(2000291843)}} t=352800689 id=166
						Lua 1:24:10:189
[mod] [SMRTK] SMRTK_ARM action=watch_selected_field status=NOT_BUILT t=352800689 id=167
[SMRTK] SMRTK_ARM action=watch_selected_field status=NOT_BUILT t=352800689 id=167
						Lua 1:24:13:224
[mod] [SMRTK] SMRTK_ARM action=watch_selected_field status=NOT_BUILT t=352800689 id=168
[SMRTK] SMRTK_ARM action=watch_selected_field status=NOT_BUILT t=352800689 id=168
						Lua 1:24:33:805
[mod] [SMRTK] SMRTK_FLUSH action=flush status=OK t=352800689 id=169
[SMRTK] SMRTK_FLUSH action=flush status=OK t=352800689 id=169
						Lua 1:28:43:137
[mod] [SMRTK] SMRTK_WATCH action=watch_field armed=false field=command object=ElectronicsFactory(7064) status=OK trigger=watch_selected_field t=352800689 id=170
[SMRTK] SMRTK_WATCH action=watch_field armed=false field=command object=ElectronicsFactory(7064) status=OK trigger=watch_selected_field t=352800689 id=170
						Lua 1:30:53:864
[mod] [SMRTest] logger DustDevils ON
[SMRTest] logger DustDevils ON
[mod] [SMRTK] SMRTK_ARM action=logger_DustDevils enabled=true logger=DustDevils status=OK t=352800689 id=171
[SMRTK] SMRTK_ARM action=logger_DustDevils enabled=true logger=DustDevils status=OK t=352800689 id=171
						Lua 1:31:07:072
[mod] [SMRTK] SMRTK_ARM action=print_tee status=OK t=352800689 id=172
[SMRTK] SMRTK_ARM action=print_tee status=OK t=352800689 id=172
						Lua 1:31:20:992
smrtk08 tee witness
[mod] [SMRTK] SMRTK_FIRE action=print_tee status=OK text="smrtk08 tee witness" t=352800689 id=173
[SMRTK] SMRTK_FIRE action=print_tee status=OK text="smrtk08 tee witness" t=352800689 id=173
						Lua 1:31:26:535
[mod] [SMRTK] SMRTK_DISARM action=print_tee reason=manual status=OK t=352800689 id=174
[SMRTK] SMRTK_DISARM action=print_tee reason=manual status=OK t=352800689 id=174
						Lua 1:31:37:087
[mod] [SMRTK] SMRTK_FLUSH action=flush status=OK t=352800689 id=175
[SMRTK] SMRTK_FLUSH action=flush status=OK t=352800689 id=175
						Lua 1:31:42:639
[mod] [SMRTK] SMRTK_TAB action=tab_World page=World status=OK t=352800689 id=176
						Lua 1:31:56:712
[mod] [SMRTK] SMRTK_DISASTER action=cold_wave outcome=leaf_dispatched position=global setting=ColdWave_High status=OK t=352800689 id=177
[SMRTK] SMRTK_DISASTER action=cold_wave outcome=leaf_dispatched position=global setting=ColdWave_High status=OK t=352800689 id=177
						Lua 1:32:08:582
[mod] [SMRTK] SMRTK_MENU action=dock_menu open=true status=OK surface=native t=352811206 id=178
						Lua 1:32:11:097
[mod] [SMRTK] SMRTK_CLEAR action=clear status=OK t=352813721 id=179
						Lua 1:32:14:350
[mod] [SMRTK] SMRTK_PANEL action=dock_close_panel open=false status=OK t=352816977 id=180
						Lua 1:32:20:022
[mod] [SMRTK] SMRTK_MENU action=dock_menu open=true status=OK surface=native t=352822648 id=181
						Lua 1:32:22:378
[mod] [SMRTK] SMRTK_TAB action=dock_page page=World status=OK surface=side t=352825003 id=182
						Lua 1:32:34:104
[mod] [SMRTK] SMRTK_DISASTER_STOP action=stop_disaster outcome=stop_requested status=OK t=352836731 id=183
[SMRTK] SMRTK_DISASTER_STOP action=stop_disaster outcome=stop_requested status=OK t=352836731 id=183
						Lua 1:32:35:375
[mod] [SMRTK] SMRTK_MENU action=dock_menu open=true status=OK surface=native t=352838001 id=184
						Lua 1:32:36:542
[mod] [SMRTK] SMRTK_PANEL action=dock_close_panel open=false status=OK t=352839168 id=185
						Lua 1:32:43:895
[mod] [SMRTK] SMRTK_MENU action=dock_menu open=true status=OK surface=native t=352846521 id=186
						Lua 1:32:46:605
[mod] [SMRTK] SMRTK_TAB action=dock_page page=World status=OK surface=side t=352849230 id=187
						Lua 1:33:17:080
[mod] [SMRTK] SMRTK_ARM action=meteor_single setting=Meteor_GameRule status=OK target="next map click" t=352879705 id=188
[SMRTK] SMRTK_ARM action=meteor_single setting=Meteor_GameRule status=OK target="next map click" t=352879705 id=188
						Lua 1:33:18:126
[mod] [SMRTK] SMRTK_FIRE action=meteor_single outcome=leaf_dispatched position="(295051, 365885, 10000)" setting=Meteor_GameRule status=OK t=352880753 id=189
[SMRTK] SMRTK_FIRE action=meteor_single outcome=leaf_dispatched position="(295051, 365885, 10000)" setting=Meteor_GameRule status=OK t=352880753 id=189
[mod] [SMRTK] SMRTK_DISARM action=meteor_single reason="one shot" status=OK t=352880753 id=190
[SMRTK] SMRTK_DISARM action=meteor_single reason="one shot" status=OK t=352880753 id=190
						Lua 1:34:42:161
[mod] [SMRTK] SMRTK_ARM action=meteor_single setting=Meteor_GameRule status=OK target="next map click" t=352964789 id=191
[SMRTK] SMRTK_ARM action=meteor_single setting=Meteor_GameRule status=OK target="next map click" t=352964789 id=191
						Lua 1:34:43:220
[mod] [SMRTK] SMRTK_FIRE action=meteor_single outcome=leaf_dispatched position="(325355, 453882, 10100)" setting=Meteor_GameRule status=OK t=352965846 id=192
[SMRTK] SMRTK_FIRE action=meteor_single outcome=leaf_dispatched position="(325355, 453882, 10100)" setting=Meteor_GameRule status=OK t=352965846 id=192
						Lua 1:34:43:221
[mod] [SMRTK] SMRTK_DISARM action=meteor_single reason="one shot" status=OK t=352965846 id=193
[SMRTK] SMRTK_DISARM action=meteor_single reason="one shot" status=OK t=352965846 id=193
						Lua 1:34:59:570
[mod] [SMRTK] SMRTK_SECTION action=section_attach attached=true dialog=ipPillaredPipe object=LifeSupportGridElement(5764) status=OK t=352982179 id=194
						Lua 1:35:07:887
[mod] [SMRTK] SMRTK_SECTION action=section_attach attached=true dialog=ipBuilding object=DomeDiamond(5295) status=OK t=352990493 id=195
						Lua 1:36:17:086
[mod] [SMRTK] SMRTK_SECTION action=section_attach attached=true dialog=ipBuilding object=AutomaticMetalsExtractor(7442) status=OK t=353016744 id=196
						Lua 1:36:22:154
[mod] [SMRTK] SMRTK_SECTION action=section_attach attached=true dialog=ipBuilding object=AutomaticMetalsExtractor(7448) status=OK t=353016744 id=197
						Lua 1:38:01:652
[mod] [SMRTK] SMRTK_TAB action=tab_World page=World status=OK t=353016744 id=198
						Lua 1:38:05:317
[mod] [SMRTK] SMRTK_ARM action=quiet reason="disable logger DustDevils before quiet" status=REFUSED t=353016744 id=199
[SMRTK] SMRTK_ARM action=quiet reason="disable logger DustDevils before quiet" status=REFUSED t=353016744 id=199
						Lua 1:38:52:675
[mod] [SMRTK] SMRTK_TAB action=tab_Kit page=Kit status=OK t=353082443 id=200
						Lua 1:39:12:380
[mod] [SMRTK] SMRTK_SNAPSHOT action=snapshot data="{buildings:{Amphitheater:11,Arcology:1,ArtWorkshop:3,AtomicBattery:3,AutomatedFarm:4,AutomaticMetalsExtractor:3,Bakery:5,BaristaCafe:9,BioroboticsWorkshop:10,CarbonateProcessor:2,CasinoComplex:7,CoffeeVendingMachine:2,CoreHeatConvector:1,Diner:3,DomeBasic:3,DomeDiamond:2,DomeMedium:1,DomeMega:3,DomeMegaTrigon:2,DroneFactory:1,DroneHub:12,DroneHubExtender:2,EarthEmbassy:1,ElectronicsFactory:3,Elevator:1,Farm:12,FarmInsect:5,FarmSmall:1,FastFoodRestaurant:5,FoodPackagingPlant:1,FoodProcessingPlant:1,FoodStand:1,ForestationPlant:37,FountainSmall:10,FuelFactory:14,FusionReactor:27,GHGFactory:6,GardenAlleys_Small:6,GardenNatural_Large:7,GeoscapeDome:1,GourmetRestaurant:4,HangingGardens:4,HospitalCCP1:4,Hotel:4,HydroponicFarm:1,Infirmary:2,InsidePasture:1,Lake:1,LandingPad:11,LandscapeLakeBig:3,LandscapeLakeHuge:5,LandscapeLakeMid:3,LandscapeLakeSmall:3,LargeNurseryCCP1:9,LargeWaterTank:3,LowGAmusementPark:8,MDSLaser:13,MOXIE:5,MachinePartsFactory:3,MagneticFieldGenerator:5,MapSharedDepot:1,MarsReservation:7,MartianAssembly:1,MartianUniversity:2,MechanizedDepotConcrete:1,MechanizedDepotElectronics:2,MechanizedDepotFood:2,MechanizedDepotFuel:1,MechanizedDepotMachineParts:2,MechanizedDepotMetals:1,MechanizedDepotPolymers:1,MechanizedDepotRareMetals:1,MechanizedDepotRareMinerals:1,MechanizedDepotSeeds:1,MediaCenter:4,MedicalCenter:1,MedicalPostCCP1:1,MinistryEconomy:1,MinistryInternalAffairs:1,MinistryResearch:1,[truncated]},colonist_status_basis:live status/command field,colonists:{GoToDome:7,Rest:72,Roam:94,Transport:3,TransportByFoot:3,VisitService:339,Work:40,WorkCycle:90},disaster_scope:main-map/colony active state; no scheduler-thread inference,disasters:{dust_devils:0,g_ColdWave:false,g_DustStorm:false,g_MarsquakeActive:false,g_MeteorStorm:false,g_RainDisaster:false},funding:398876200000,map:BlankBig_04,resource_scope:colony,resources:{BlackCube:0,Bread:210000,Butter:3000,Cheese:14000,Coffee:239000,Concrete:5521000,Electronics:8666000,Food:4178000,Fuel:3555000,Herbs:723000,MachineParts:9067000,Meat:67000,Metals:5183000,MysteryResource:0,Polymers:5120000,PreciousMetals:734000,PreciousMinerals:5166000,Seeds:4979000,Spices:658000,Sugar:1719000,WasteRock:11384000},scope:current map,sitting:8,sol:491,speed:normal}" snapshot=1 status=OK t=353102147 id=201
[SMRTK] SMRTK_SNAPSHOT action=snapshot data="{buildings:{Amphitheater:11,Arcology:1,ArtWorkshop:3,AtomicBattery:3,AutomatedFarm:4,AutomaticMetalsExtractor:3,Bakery:5,BaristaCafe:9,BioroboticsWorkshop:10,CarbonateProcessor:2,CasinoComplex:7,CoffeeVendingMachine:2,CoreHeatConvector:1,Diner:3,DomeBasic:3,DomeDiamond:2,DomeMedium:1,DomeMega:3,DomeMegaTrigon:2,DroneFactory:1,DroneHub:12,DroneHubExtender:2,EarthEmbassy:1,ElectronicsFactory:3,Elevator:1,Farm:12,FarmInsect:5,FarmSmall:1,FastFoodRestaurant:5,FoodPackagingPlant:1,FoodProcessingPlant:1,FoodStand:1,ForestationPlant:37,FountainSmall:10,FuelFactory:14,FusionReactor:27,GHGFactory:6,GardenAlleys_Small:6,GardenNatural_Large:7,GeoscapeDome:1,GourmetRestaurant:4,HangingGardens:4,HospitalCCP1:4,Hotel:4,HydroponicFarm:1,Infirmary:2,InsidePasture:1,Lake:1,LandingPad:11,LandscapeLakeBig:3,LandscapeLakeHuge:5,LandscapeLakeMid:3,LandscapeLakeSmall:3,LargeNurseryCCP1:9,LargeWaterTank:3,LowGAmusementPark:8,MDSLaser:13,MOXIE:5,MachinePartsFactory:3,MagneticFieldGenerator:5,MapSharedDepot:1,MarsReservation:7,MartianAssembly:1,MartianUniversity:2,MechanizedDepotConcrete:1,MechanizedDepotElectronics:2,MechanizedDepotFood:2,MechanizedDepotFuel:1,MechanizedDepotMachineParts:2,MechanizedDepotMetals:1,MechanizedDepotPolymers:1,MechanizedDepotRareMetals:1,MechanizedDepotRareMinerals:1,MechanizedDepotSeeds:1,MediaCenter:4,MedicalCenter:1,MedicalPostCCP1:1,MinistryEconomy:1,MinistryInternalAffairs:1,MinistryResearch:1,[truncated]},colonist_status_basis:live status/command field,colonists:{GoToDome:7,Rest:72,Roam:94,Transport:3,TransportByFoot:3,VisitService:339,Work:40,WorkCycle:90},disaster_scope:main-map/colony active state; no scheduler-thread inference,disasters:{dust_devils:0,g_ColdWave:false,g_DustStorm:false,g_MarsquakeActive:false,g_MeteorStorm:false,g_RainDisaster:false},funding:398876200000,map:BlankBig_04,resource_scope:colony,resources:{BlackCube:0,Bread:210000,Butter:3000,Cheese:14000,Coffee:239000,Concrete:5521000,Electronics:8666000,Food:4178000,Fuel:3555000,Herbs:723000,MachineParts:9067000,Meat:67000,Metals:5183000,MysteryResource:0,Polymers:5120000,PreciousMetals:734000,PreciousMinerals:5166000,Seeds:4979000,Spices:658000,Sugar:1719000,WasteRock:11384000},scope:current map,sitting:8,sol:491,speed:normal}" snapshot=1 status=OK t=353102147 id=201
						Lua 1:41:02:923
[mod] [SMRTK] SMRTK_TAB action=tab_World page=World status=OK t=353212336 id=202
						Lua 1:41:14:692
[mod] [SMRTK] SMRTK_ACTION action=funding_plus after=399376200000 amount=500000000 before=398876200000 status=OK t=353224108 id=203
[SMRTK] SMRTK_ACTION action=funding_plus after=399376200000 amount=500000000 before=398876200000 status=OK t=353224108 id=203
						Lua 1:41:27:924
[mod] [SMRTK] SMRTK_TAB action=tab_Kit page=Kit status=OK t=353237339 id=204
						Lua 1:41:34:420
[mod] [SMRTK] SMRTK_SNAPSHOT action=snapshot data="{buildings:{Amphitheater:11,Arcology:1,ArtWorkshop:3,AtomicBattery:3,AutomatedFarm:4,AutomaticMetalsExtractor:3,Bakery:5,BaristaCafe:9,BioroboticsWorkshop:10,CarbonateProcessor:2,CasinoComplex:7,CoffeeVendingMachine:2,CoreHeatConvector:1,Diner:3,DomeBasic:3,DomeDiamond:2,DomeMedium:1,DomeMega:3,DomeMegaTrigon:2,DroneFactory:1,DroneHub:12,DroneHubExtender:2,EarthEmbassy:1,ElectronicsFactory:3,Elevator:1,Farm:12,FarmInsect:5,FarmSmall:1,FastFoodRestaurant:5,FoodPackagingPlant:1,FoodProcessingPlant:1,FoodStand:1,ForestationPlant:37,FountainSmall:10,FuelFactory:14,FusionReactor:27,GHGFactory:6,GardenAlleys_Small:6,GardenNatural_Large:7,GeoscapeDome:1,GourmetRestaurant:4,HangingGardens:4,HospitalCCP1:4,Hotel:4,HydroponicFarm:1,Infirmary:2,InsidePasture:1,Lake:1,LandingPad:11,LandscapeLakeBig:3,LandscapeLakeHuge:5,LandscapeLakeMid:3,LandscapeLakeSmall:3,LargeNurseryCCP1:9,LargeWaterTank:3,LowGAmusementPark:8,MDSLaser:13,MOXIE:5,MachinePartsFactory:3,MagneticFieldGenerator:5,MapSharedDepot:1,MarsReservation:7,MartianAssembly:1,MartianUniversity:2,MechanizedDepotConcrete:1,MechanizedDepotElectronics:2,MechanizedDepotFood:2,MechanizedDepotFuel:1,MechanizedDepotMachineParts:2,MechanizedDepotMetals:1,MechanizedDepotPolymers:1,MechanizedDepotRareMetals:1,MechanizedDepotRareMinerals:1,MechanizedDepotSeeds:1,MediaCenter:4,MedicalCenter:1,MedicalPostCCP1:1,MinistryEconomy:1,MinistryInternalAffairs:1,MinistryResearch:1,[truncated]},colonist_status_basis:live status/command field,colonists:{Rest:78,Roam:223,Transport:1,TransportByFoot:1,VisitService:208,Work:1,WorkCycle:136},disaster_scope:main-map/colony active state; no scheduler-thread inference,disasters:{dust_devils:0,g_ColdWave:false,g_DustStorm:false,g_MarsquakeActive:false,g_MeteorStorm:false,g_RainDisaster:false},funding:399376200000,map:BlankBig_04,resource_scope:colony,resources:{BlackCube:0,Bread:220000,Butter:3000,Cheese:12000,Coffee:238000,Concrete:5523000,Electronics:8679000,Food:4174000,Fuel:3596000,Herbs:730000,MachineParts:9067000,Meat:70000,Metals:5186000,MysteryResource:0,Polymers:5119000,PreciousMetals:730000,PreciousMinerals:5173000,Seeds:4980000,Spices:654000,Sugar:1712000,WasteRock:11378000},scope:current map,sitting:8,sol:491,speed:normal}" snapshot=2 status=OK t=353243833 id=205
[SMRTK] SMRTK_SNAPSHOT action=snapshot data="{buildings:{Amphitheater:11,Arcology:1,ArtWorkshop:3,AtomicBattery:3,AutomatedFarm:4,AutomaticMetalsExtractor:3,Bakery:5,BaristaCafe:9,BioroboticsWorkshop:10,CarbonateProcessor:2,CasinoComplex:7,CoffeeVendingMachine:2,CoreHeatConvector:1,Diner:3,DomeBasic:3,DomeDiamond:2,DomeMedium:1,DomeMega:3,DomeMegaTrigon:2,DroneFactory:1,DroneHub:12,DroneHubExtender:2,EarthEmbassy:1,ElectronicsFactory:3,Elevator:1,Farm:12,FarmInsect:5,FarmSmall:1,FastFoodRestaurant:5,FoodPackagingPlant:1,FoodProcessingPlant:1,FoodStand:1,ForestationPlant:37,FountainSmall:10,FuelFactory:14,FusionReactor:27,GHGFactory:6,GardenAlleys_Small:6,GardenNatural_Large:7,GeoscapeDome:1,GourmetRestaurant:4,HangingGardens:4,HospitalCCP1:4,Hotel:4,HydroponicFarm:1,Infirmary:2,InsidePasture:1,Lake:1,LandingPad:11,LandscapeLakeBig:3,LandscapeLakeHuge:5,LandscapeLakeMid:3,LandscapeLakeSmall:3,LargeNurseryCCP1:9,LargeWaterTank:3,LowGAmusementPark:8,MDSLaser:13,MOXIE:5,MachinePartsFactory:3,MagneticFieldGenerator:5,MapSharedDepot:1,MarsReservation:7,MartianAssembly:1,MartianUniversity:2,MechanizedDepotConcrete:1,MechanizedDepotElectronics:2,MechanizedDepotFood:2,MechanizedDepotFuel:1,MechanizedDepotMachineParts:2,MechanizedDepotMetals:1,MechanizedDepotPolymers:1,MechanizedDepotRareMetals:1,MechanizedDepotRareMinerals:1,MechanizedDepotSeeds:1,MediaCenter:4,MedicalCenter:1,MedicalPostCCP1:1,MinistryEconomy:1,MinistryInternalAffairs:1,MinistryResearch:1,[truncated]},colonist_status_basis:live status/command field,colonists:{Rest:78,Roam:223,Transport:1,TransportByFoot:1,VisitService:208,Work:1,WorkCycle:136},disaster_scope:main-map/colony active state; no scheduler-thread inference,disasters:{dust_devils:0,g_ColdWave:false,g_DustStorm:false,g_MarsquakeActive:false,g_MeteorStorm:false,g_RainDisaster:false},funding:399376200000,map:BlankBig_04,resource_scope:colony,resources:{BlackCube:0,Bread:220000,Butter:3000,Cheese:12000,Coffee:238000,Concrete:5523000,Electronics:8679000,Food:4174000,Fuel:3596000,Herbs:730000,MachineParts:9067000,Meat:70000,Metals:5186000,MysteryResource:0,Polymers:5119000,PreciousMetals:730000,PreciousMinerals:5173000,Seeds:4980000,Spices:654000,Sugar:1712000,WasteRock:11378000},scope:current map,sitting:8,sol:491,speed:normal}" snapshot=2 status=OK t=353243833 id=205
						Lua 1:41:39:337
[mod] [SMRTK] SMRTK_DIFF action=snapshot_diff changes={colonists.GoToDome:7->nil,colonists.Rest:6,colonists.Roam:129,colonists.Transport:-2,colonists.TransportByFoot:-2,colonists.VisitService:-131,colonists.Work:-39,colonists.WorkCycle:46,funding:500000000,resources.Bread:10000,resources.Cheese:-2000,resources.Coffee:-1000,resources.Concrete:2000,resources.Electronics:13000,resources.Food:-4000,resources.Fuel:41000,resources.Herbs:7000,resources.Meat:3000,resources.Metals:3000,resources.Polymers:-1000,resources.PreciousMetals:-4000,resources.PreciousMinerals:7000,resources.Seeds:1000,resources.Spices:-4000,resources.Sugar:-7000,resources.WasteRock:-6000} from=1 status=OK to=2 t=353248754 id=206						Lua 1:41:39:338

[SMRTK] SMRTK_DIFF action=snapshot_diff changes={colonists.GoToDome:7->nil,colonists.Rest:6,colonists.Roam:129,colonists.Transport:-2,colonists.TransportByFoot:-2,colonists.VisitService:-131,colonists.Work:-39,colonists.WorkCycle:46,funding:500000000,resources.Bread:10000,resources.Cheese:-2000,resources.Coffee:-1000,resources.Concrete:2000,resources.Electronics:13000,resources.Food:-4000,resources.Fuel:41000,resources.Herbs:7000,resources.Meat:3000,resources.Metals:3000,resources.Polymers:-1000,resources.PreciousMetals:-4000,resources.PreciousMinerals:7000,resources.Seeds:1000,resources.Spices:-4000,resources.Sugar:-7000,resources.WasteRock:-6000} from=1 status=OK to=2 t=353248754 id=206
						Lua 1:41:47:299
[mod] [SMRTK] SMRTK_TAB action=tab_World page=World status=OK t=353256712 id=207
						Lua 1:41:52:579
[mod] [SMRTK] SMRTK_ACTION action=tech_points_1 after=4 before=3 count=1 status=OK t=353261995 id=208
[SMRTK] SMRTK_ACTION action=tech_points_1 after=4 before=3 count=1 status=OK t=353261995 id=208
						Lua 1:42:00:604
[mod] [SMRTK] SMRTK_ACTION action=applicants_50 count=50 outcome=leaf_completed status=OK t=353270012 id=209
[SMRTK] SMRTK_ACTION action=applicants_50 count=50 outcome=leaf_completed status=OK t=353270012 id=209
						Lua 1:45:51:498
[mod] [SMRTK] SMRTK_TAB action=tab_World page=World status=OK t=353500908 id=210
						Lua 1:45:54:106
[mod] [SMRTK] SMRTK_CLEAR action=clear status=OK t=353503522 id=211
						Lua 1:45:57:472
[mod] [SMRTK] SMRTK_SPEED action=speed_normal before=1000 factor=1000 requested=1 status=OK t=353506888 id=212
[SMRTK] SMRTK_SPEED action=speed_normal before=1000 factor=1000 requested=1 status=OK t=353506888 id=212
						Lua 1:46:00:024
[mod] [SMRTK] SMRTK_SPEED action=speed_fast before=1000 factor=5000 requested=5 status=OK t=353509441 id=213
[SMRTK] SMRTK_SPEED action=speed_fast before=1000 factor=5000 requested=5 status=OK t=353509441 id=213
						Lua 1:46:02:136
[mod] [SMRTest] READ (not the scheduler — console; tally untouched) | sol 492 hour 5 | id=DustDevils_VeryLow spawn_chance=20 count=1..1 gated=no
[SMRTest] READ (not the scheduler — console; tally untouched) | sol 492 hour 5 | id=DustDevils_VeryLow spawn_chance=20 count=1..1 gated=no
						Lua 1:46:16:483
[mod] [SMRTK] SMRTK_SPEED action=speed_ultra before=5000 factor=128000 requested=128 status=OK t=353591731 id=214
[SMRTK] SMRTK_SPEED action=speed_ultra before=5000 factor=128000 requested=128 status=OK t=353591731 id=214
						Lua 1:46:20:132
[mod] [SMRTK] SMRTK_SPEED action=pause before=128000 factor=0 requested=0 status=OK t=353645619 id=215
[SMRTK] SMRTK_SPEED action=pause before=128000 factor=0 requested=0 status=OK t=353645619 id=215
						Lua 1:46:21:083
[mod] [SMRTK] SMRTK_SPEED action=pause before=0 factor=128000 requested=128 status=OK t=353645619 id=216
[SMRTK] SMRTK_SPEED action=pause before=0 factor=128000 requested=128 status=OK t=353645619 id=216
						Lua 1:46:21:682
[mod] [SMRTK] SMRTK_SPEED action=pause before=128000 factor=0 requested=0 status=OK t=353654195 id=217
[SMRTK] SMRTK_SPEED action=pause before=128000 factor=0 requested=0 status=OK t=353654195 id=217
						Lua 1:46:23:086
[mod] [SMRTK] SMRTK_SPEED action=speed_normal before=0 factor=1000 requested=1 status=OK t=353654195 id=218
[SMRTK] SMRTK_SPEED action=speed_normal before=0 factor=1000 requested=1 status=OK t=353654195 id=218
						Lua 1:46:30:149
[mod] [SMRTK] SMRTK_TAB action=tab_Kit page=Kit status=OK t=353661256 id=219
						Lua 1:46:35:860
[mod] [SMRTest] logger DustDevils OFF
[SMRTest] logger DustDevils OFF
[mod] [SMRTK] SMRTK_DISARM action=logger_DustDevils enabled=false logger=DustDevils reason=manual status=OK t=353666968 id=220
[SMRTK] SMRTK_DISARM action=logger_DustDevils enabled=false logger=DustDevils reason=manual status=OK t=353666968 id=220
						Lua 1:46:38:146
[mod] [SMRTK] SMRTK_FLUSH action=flush status=OK t=353669255 id=221
[SMRTK] SMRTK_FLUSH action=flush status=OK t=353669255 id=221
						Lua 1:51:43:747
[mod] [SMRTK] SMRTK_FLUSH action=flush status=OK t=353974856 id=222
[SMRTK] SMRTK_FLUSH action=flush status=OK t=353974856 id=222
						Lua 1:51:50:367
[mod] [SMRTK] SMRTK_TAB action=tab_World page=World status=OK t=353981474 id=223
						Lua 1:51:58:082
[mod] [SMRTK] SMRTK_ARM action=quiet active_disasters=untouched on=true routes=7 status=OK t=353989192 id=224
[SMRTK] SMRTK_ARM action=quiet active_disasters=untouched on=true routes=7 status=OK t=353989192 id=224
						Lua 1:52:02:518
[mod] [SMRTK] SMRTK_DISARM action=quiet on=false reason=manual routes=7 status=OK t=353993628 id=225
[SMRTK] SMRTK_DISARM action=quiet on=false reason=manual routes=7 status=OK t=353993628 id=225
						Lua 1:52:04:712
[mod] [SMRTK] SMRTK_FLUSH action=flush status=OK t=353995822 id=226
[SMRTK] SMRTK_FLUSH action=flush status=OK t=353995822 id=226
						Lua 1:53:30:455
[mod] [SMRTK] SMRTK_SECTION action=section_attach attached=true dialog=ipBuilding object=StorageCheese(7134) status=OK t=354079700 id=227
						Lua 1:53:31:301
[mod] [SMRTK] SMRTK_SECTION action=section_attach attached=true dialog=ipBuilding object=StorageBread(7132) status=OK t=354080544 id=228
						Lua 1:53:32:590
[mod] [SMRTK] SMRTK_SECTION action=section_attach attached=true dialog=ipBuilding object=StorageMachineParts(7078) status=OK t=354081831 id=229
						Lua 1:53:37:295
[mod] [SMRTK] SMRTK_SECTION action=section_attach attached=true dialog=ipBuilding object=DomeMega(5446) status=OK t=354086531 id=230
						Lua 1:53:38:599
[mod] [SMRTK] SMRTK_SECTION action=section_attach attached=true dialog=ipBuilding object=StorageCoffee(7273) status=OK t=354087845 id=231
						Lua 1:53:41:069
[mod] [SMRTK] SMRTK_SECTION action=section_attach attached=true dialog=ipBuilding object=StorageSpices(7279) status=OK t=354090318 id=232
						Lua 1:53:50:434
[mod] [SMRTK] SMRTK_SECTION action=section_attach attached=true dialog=ipBuilding object=StorageMetals(5278) status=OK t=354099679 id=233
						Lua 1:53:51:990
[mod] [SMRTK] SMRTK_SECTION action=section_attach attached=true dialog=ipBuilding object=StorageFood(5611) status=OK t=354101235 id=234
						Lua 1:53:53:426
[mod] [SMRTK] SMRTK_SECTION action=section_attach attached=true dialog=ipBuilding object=UniversalIngredientsDepot(5615) status=OK t=354102669 id=235
						Lua 1:53:54:785
[mod] [SMRTK] SMRTK_SECTION action=section_attach attached=true dialog=ipBuilding object=UniversalIngredientsDepot(5614) status=OK t=354104027 id=236
						Lua 1:53:55:635
[mod] [SMRTK] SMRTK_SECTION action=section_attach attached=true dialog=ipBuilding object=StorageMachineParts(5608) status=OK t=354104879 id=237
						Lua 1:53:56:276
[mod] [SMRTK] SMRTK_SECTION action=section_attach attached=true dialog=ipDrone object=FlyingDrone(2000195839) status=OK t=354105521 id=238
						Lua 1:53:56:838
[mod] [SMRTK] SMRTK_SECTION action=section_attach attached=true dialog=ipBuilding object=UniversalIngredientsDepot(5614) status=OK t=354106076 id=239
						Lua 1:53:58:358
[mod] [SMRTK] SMRTK_SECTION action=section_attach attached=true dialog=ipBuilding object=UniversalIngredientsDepot(5613) status=OK t=354107601 id=240
						Lua 1:54:04:628
[mod] [SMRTK] SMRTK_SECTION action=section_attach attached=true dialog=ipBuilding object=StorageRareMetals(7074) status=OK t=354113876 id=241
						Lua 1:54:06:175
[mod] [SMRTK] SMRTK_SECTION action=section_attach attached=true dialog=ipBuilding object=StorageElectronics(7072) status=OK t=354115423 id=242
						Lua 1:54:14:538
[mod] [SMRTK] SMRTK_SECTION action=section_attach attached=true dialog=ipBuilding object=StorageRareMetals(7073) status=OK t=354123786 id=243
						Lua 1:54:29:394
[mod] [SMRTK] SMRTK_SECTION action=section_attach attached=true dialog=ipBuilding object=StorageElectronics(7361) status=OK t=354138643 id=244
						Lua 1:54:30:446
[mod] [SMRTK] SMRTK_SECTION action=section_attach attached=true dialog=ipBuilding object=UniversalStorageDepot(3183) status=OK t=354139693 id=245
						Lua 1:54:31:476
[mod] [SMRTK] SMRTK_SECTION action=section_attach attached=true dialog=ipBuilding object=UniversalIngredientsDepot(3229) status=OK t=354140724 id=246
						Lua 1:54:31:832
[mod] [SMRTK] SMRTK_SECTION action=section_attach attached=true dialog=ipBuilding object=StorageFood(3228) status=OK t=354141081 id=247
						Lua 1:54:35:873
[mod] [SMRTK] SMRTK_SECTION action=section_attach attached=true dialog=ipBuilding object=StorageFood(3228) status=OK t=354145124 id=248
						Lua 1:54:40:665
[mod] [SMRTK] SMRTK_SECTION action=section_attach attached=true dialog=ipBuilding object=StorageMetals(8145) status=OK t=354149915 id=249
						Lua 1:55:15:028
[mod] [SMRTK] SMRTK_TAB action=tab_Agent page=Agent status=OK t=354183527 id=250
						Lua 1:55:17:526
[mod] [SMRTK] SMRTK_PIN A=StorageMetals(8145) action=pin_A status=OK t=354186025 id=251
[SMRTK] SMRTK_PIN A=StorageMetals(8145) action=pin_A status=OK t=354186025 id=251
						Lua 1:55:42:559
[mod] [SMRTK] SMRTK_MARK action=mark label=SMRTK08_S6_BEFORE mark=466 status=OK t=354211059 id=252
[SMRTK] SMRTK_MARK action=mark label=SMRTK08_S6_BEFORE mark=466 status=OK t=354211059 id=252
[mod] [SMRTK] SMRTK_FINGERPRINT action=fingerprint fix_pack_present=46/46 game=403908 mark_action=mark mods=SMR_CommunityFixPack,SMR_CommunityFixPackTestKit,SMR_CommunityOptInPack pack_version=11 read="live registry" save=SMRTK_490.savegame.sav sol=493 status=OK t=354211059 id=253
[SMRTK] SMRTK_FINGERPRINT action=fingerprint fix_pack_present=46/46 game=403908 mark_action=mark mods=SMR_CommunityFixPack,SMR_CommunityFixPackTestKit,SMR_CommunityOptInPack pack_version=11 read="live registry" save=SMRTK_490.savegame.sav sol=493 status=OK t=354211059 id=253
[mod] [SMRTK] SMRTK_DUMP action=dump_selected active_shift=nil class=StorageMetals current_shift=nil demolishing=false destroyed=false dome=nil handle=8145 hex=112,188 malfunction=nil modifiers="{maintenance_resource_amount:{1:{amount:0,display_text:userdata: FF0000193AC70A82,id:Policy_BuildingCodesStrict,percent:-30,prop:maintenance_resource_amount},amount:0,min:0,percent:70}}" object=StorageMetals(8145) pos="(206000, 162808, 10006)" shifts=true status=OK storage={Metals:5592} template=unavailable valid=true workers=nil t=354211059 id=254
[SMRTK] SMRTK_DUMP action=dump_selected active_shift=nil class=StorageMetals current_shift=nil demolishing=false destroyed=false dome=nil handle=8145 hex=112,188 malfunction=nil modifiers="{maintenance_resource_amount:{1:{amount:0,display_text:userdata: FF0000193AC70A82,id:Policy_BuildingCodesStrict,percent:-30,prop:maintenance_resource_amount},amount:0,min:0,percent:70}}" object=StorageMetals(8145) pos="(206000, 162808, 10006)" shifts=true status=OK storage={Metals:5592} template=unavailable valid=true workers=nil t=354211059 id=254
						Lua 1:55:42:561
[mod] [SMRTK] SMRTK_ACTION action=selected_fill after=180000 before=5592 method=CheatFill object=StorageMetals(8145) resource=Metals resources=1 status=OK valid_after=true t=354211059 id=255
[SMRTK] SMRTK_ACTION action=selected_fill after=180000 before=5592 method=CheatFill object=StorageMetals(8145) resource=Metals resources=1 status=OK valid_after=true t=354211059 id=255
[mod] [SMRTK] SMRTK_DUMP action=dump_selected active_shift=nil class=StorageMetals current_shift=nil demolishing=false destroyed=false dome=nil handle=8145 hex=112,188 malfunction=nil modifiers="{maintenance_resource_amount:{1:{amount:0,display_text:userdata: FF0000193AC70A82,id:Policy_BuildingCodesStrict,percent:-30,prop:maintenance_resource_amount},amount:0,min:0,percent:70}}" object=StorageMetals(8145) pos="(206000, 162808, 10006)" shifts=true status=OK storage={Metals:180000} template=unavailable valid=true workers=nil t=354211059 id=256
[SMRTK] SMRTK_DUMP action=dump_selected active_shift=nil class=StorageMetals current_shift=nil demolishing=false destroyed=false dome=nil handle=8145 hex=112,188 malfunction=nil modifiers="{maintenance_resource_amount:{1:{amount:0,display_text:userdata: FF0000193AC70A82,id:Policy_BuildingCodesStrict,percent:-30,prop:maintenance_resource_amount},amount:0,min:0,percent:70}}" object=StorageMetals(8145) pos="(206000, 162808, 10006)" shifts=true status=OK storage={Metals:180000} template=unavailable valid=true workers=nil t=354211059 id=256
[mod] [SMRTK] SMRTK_DUMP after_dump=OK amount_after=180000 amount_before=5592 leg=dump_selected method=CheatFill object=StorageMetals(8145) resource=Metals resources=1 state_after="working=true ui_working=true priority=2" state_before="working=true ui_working=true priority=2" storage_after={Metals:180000} storage_before={Metals:5592} valid_after=true t=354211059 id=257
[SMRTK] SMRTK_DUMP after_dump=OK amount_after=180000 amount_before=5592 leg=dump_selected method=CheatFill object=StorageMetals(8145) resource=Metals resources=1 state_after="working=true ui_working=true priority=2" state_before="working=true ui_working=true priority=2" storage_after={Metals:180000} storage_before={Metals:5592} valid_after=true t=354211059 id=257
[mod] [SMRTK] SMRTK_MARK action=mark label=SMRTK08_S6_AFTER mark=472 status=OK t=354211059 id=258
[SMRTK] SMRTK_MARK action=mark label=SMRTK08_S6_AFTER mark=472 status=OK t=354211059 id=258
[mod] [SMRTK] SMRTK_FINGERPRINT action=fingerprint fix_pack_present=46/46 game=403908 mark_action=mark mods=SMR_CommunityFixPack,SMR_CommunityFixPackTestKit,SMR_CommunityOptInPack pack_version=11 read="live registry" save=SMRTK_490.savegame.sav sol=493 status=OK t=354211059 id=259
[SMRTK] SMRTK_FINGERPRINT action=fingerprint fix_pack_present=46/46 game=403908 mark_action=mark mods=SMR_CommunityFixPack,SMR_CommunityFixPackTestKit,SMR_CommunityOptInPack pack_version=11 read="live registry" save=SMRTK_490.savegame.sav sol=493 status=OK t=354211059 id=259
[mod] [SMRTK] SMRTK_ACTION action=slot_6 after=180000 before=5592 method=CheatFill object=StorageMetals(8145) status=OK valid_after=true t=354211059 id=260
[SMRTK] SMRTK_ACTION action=slot_6 after=180000 before=5592 method=CheatFill object=StorageMetals(8145) status=OK valid_after=true t=354211059 id=260
						Lua 1:57:17:078
[mod] [SMRTK] SMRTK_ACTION action=selected_empty after=0 before=180000 method=CheatEmpty object=StorageMetals(8145) resource=Metals resources=1 status=OK valid_after=true t=354305577 id=261
[SMRTK] SMRTK_ACTION action=selected_empty after=0 before=180000 method=CheatEmpty object=StorageMetals(8145) resource=Metals resources=1 status=OK valid_after=true t=354305577 id=261
						Lua 1:57:20:068
[mod] [SMRTK] SMRTK_ACTION action=selected_fill after=180000 before=4000 method=CheatFill object=StorageMetals(8145) resource=Metals resources=1 status=OK valid_after=true t=354308565 id=262
[SMRTK] SMRTK_ACTION action=selected_fill after=180000 before=4000 method=CheatFill object=StorageMetals(8145) resource=Metals resources=1 status=OK valid_after=true t=354308565 id=262
						Lua 1:57:23:490
[mod] [SMRTK] SMRTK_MARK action=mark label=SMRTK08_S6_BEFORE mark=477 status=OK t=354311991 id=263
[SMRTK] SMRTK_MARK action=mark label=SMRTK08_S6_BEFORE mark=477 status=OK t=354311991 id=263
[mod] [SMRTK] SMRTK_FINGERPRINT action=fingerprint fix_pack_present=46/46 game=403908 mark_action=mark mods=SMR_CommunityFixPack,SMR_CommunityFixPackTestKit,SMR_CommunityOptInPack pack_version=11 read="live registry" save=SMRTK_490.savegame.sav sol=493 status=OK t=354311991 id=264
[SMRTK] SMRTK_FINGERPRINT action=fingerprint fix_pack_present=46/46 game=403908 mark_action=mark mods=SMR_CommunityFixPack,SMR_CommunityFixPackTestKit,SMR_CommunityOptInPack pack_version=11 read="live registry" save=SMRTK_490.savegame.sav sol=493 status=OK t=354311991 id=264
						Lua 1:57:23:491
[mod] [SMRTK] SMRTK_DUMP action=dump_selected active_shift=nil class=StorageMetals current_shift=nil demolishing=false destroyed=false dome=nil handle=8145 hex=112,188 malfunction=nil modifiers="{maintenance_resource_amount:{1:{amount:0,display_text:userdata: FF0000193AC70A82,id:Policy_BuildingCodesStrict,percent:-30,prop:maintenance_resource_amount},amount:0,min:0,percent:70}}" object=StorageMetals(8145) pos="(206000, 162808, 10006)" shifts=true status=OK storage={Metals:180000} template=unavailable valid=true workers=nil t=354311991 id=265
[SMRTK] SMRTK_DUMP action=dump_selected active_shift=nil class=StorageMetals current_shift=nil demolishing=false destroyed=false dome=nil handle=8145 hex=112,188 malfunction=nil modifiers="{maintenance_resource_amount:{1:{amount:0,display_text:userdata: FF0000193AC70A82,id:Policy_BuildingCodesStrict,percent:-30,prop:maintenance_resource_amount},amount:0,min:0,percent:70}}" object=StorageMetals(8145) pos="(206000, 162808, 10006)" shifts=true status=OK storage={Metals:180000} template=unavailable valid=true workers=nil t=354311991 id=265
[mod] [SMRTK] SMRTK_ACTION action=selected_fill after=180000 before=180000 method=CheatFill object=StorageMetals(8145) resource=Metals resources=1 status=OK valid_after=true t=354311991 id=266
[SMRTK] SMRTK_ACTION action=selected_fill after=180000 before=180000 method=CheatFill object=StorageMetals(8145) resource=Metals resources=1 status=OK valid_after=true t=354311991 id=266
[mod] [SMRTK] SMRTK_DUMP action=dump_selected active_shift=nil class=StorageMetals current_shift=nil demolishing=false destroyed=false dome=nil handle=8145 hex=112,188 malfunction=nil modifiers="{maintenance_resource_amount:{1:{amount:0,display_text:userdata: FF0000193AC70A82,id:Policy_BuildingCodesStrict,percent:-30,prop:maintenance_resource_amount},amount:0,min:0,percent:70}}" object=StorageMetals(8145) pos="(206000, 162808, 10006)" shifts=true status=OK storage={Metals:180000} template=unavailable valid=true workers=nil t=354311991 id=267
[SMRTK] SMRTK_DUMP action=dump_selected active_shift=nil class=StorageMetals current_shift=nil demolishing=false destroyed=false dome=nil handle=8145 hex=112,188 malfunction=nil modifiers="{maintenance_resource_amount:{1:{amount:0,display_text:userdata: FF0000193AC70A82,id:Policy_BuildingCodesStrict,percent:-30,prop:maintenance_resource_amount},amount:0,min:0,percent:70}}" object=StorageMetals(8145) pos="(206000, 162808, 10006)" shifts=true status=OK storage={Metals:180000} template=unavailable valid=true workers=nil t=354311991 id=267
[mod] [SMRTK] SMRTK_DUMP after_dump=OK amount_after=180000 amount_before=180000 leg=dump_selected method=CheatFill object=StorageMetals(8145) resource=Metals resources=1 state_after="working=true ui_working=true priority=2" state_before="working=true ui_working=true priority=2" storage_after={Metals:180000} storage_before={Metals:180000} valid_after=true t=354311991 id=268
[SMRTK] SMRTK_DUMP after_dump=OK amount_after=180000 amount_before=180000 leg=dump_selected method=CheatFill object=StorageMetals(8145) resource=Metals resources=1 state_after="working=true ui_working=true priority=2" state_before="working=true ui_working=true priority=2" storage_after={Metals:180000} storage_before={Metals:180000} valid_after=true t=354311991 id=268
[mod] [SMRTK] SMRTK_MARK action=mark label=SMRTK08_S6_AFTER mark=483 status=OK t=354311991 id=269
[SMRTK] SMRTK_MARK action=mark label=SMRTK08_S6_AFTER mark=483 status=OK t=354311991 id=269
[mod] [SMRTK] SMRTK_FINGERPRINT action=fingerprint fix_pack_present=46/46 game=403908 mark_action=mark mods=SMR_CommunityFixPack,SMR_CommunityFixPackTestKit,SMR_CommunityOptInPack pack_version=11 read="live registry" save=SMRTK_490.savegame.sav sol=493 status=OK t=354311991 id=270
[SMRTK] SMRTK_FINGERPRINT action=fingerprint fix_pack_present=46/46 game=403908 mark_action=mark mods=SMR_CommunityFixPack,SMR_CommunityFixPackTestKit,SMR_CommunityOptInPack pack_version=11 read="live registry" save=SMRTK_490.savegame.sav sol=493 status=OK t=354311991 id=270
[mod] [SMRTK] SMRTK_ACTION action=slot_6 after=180000 before=180000 method=CheatFill object=StorageMetals(8145) status=OK valid_after=true t=354311991 id=271
[SMRTK] SMRTK_ACTION action=slot_6 after=180000 before=180000 method=CheatFill object=StorageMetals(8145) status=OK valid_after=true t=354311991 id=271
						Lua 1:57:33:252
[mod] [SMRTK] SMRTK_SECTION action=section_attach attached=true dialog=ipBuilding object=DroneHub(8161) status=OK t=354321701 id=272
						Lua 1:57:36:974
[mod] [SMRTK] SMRTK_CLEAR action=clear status=OK t=354325474 id=273
						Lua 1:57:37:739
[mod] [SMRTK] SMRTK_PIN B=DroneHub(8161) action=pin_B status=OK t=354326240 id=274
[SMRTK] SMRTK_PIN B=DroneHub(8161) action=pin_B status=OK t=354326240 id=274
						Lua 1:57:39:923
[mod] [SMRTK] SMRTK_SECTION action=section_attach attached=true dialog=ipBuilding object=BaristaCafe(8707) status=OK t=354328402 id=275
						Lua 1:57:41:866
[mod] [SMRTK] SMRTK_SECTION action=section_attach attached=true dialog=ipBuilding object=GeoscapeDome(8588) status=OK t=354330356 id=276
						Lua 1:57:44:227
[mod] [SMRTK] SMRTK_PIN C=GeoscapeDome(8588) action=pin_C status=OK t=354332726 id=277
[SMRTK] SMRTK_PIN C=GeoscapeDome(8588) action=pin_C status=OK t=354332726 id=277
						Lua 1:58:04:036
[mod] [SMRTK] SMRTK_SECTION action=section_attach attached=true dialog=ipBuilding object=GeoscapeDome(8588) status=OK t=354352526 id=278
						Lua 1:58:08:724
[mod] [SMRTK] SMRTK_SECTION action=section_attach attached=true dialog=ipBuilding object=AutomatedFarm(6297) status=OK t=354357210 id=279
						Lua 1:58:18:011
[mod] [SMRTK] SMRTK_ACTION action=selected_malfunction method=CheatMalfunction object=AutomatedFarm(6297) status=OK valid_after=true t=354366510 id=280
[SMRTK] SMRTK_ACTION action=selected_malfunction method=CheatMalfunction object=AutomatedFarm(6297) status=OK valid_after=true t=354366510 id=280
						Lua 1:58:22:014
[mod] [SMRTK] SMRTK_ACTION action=selected_clean_fix method=CheatCleanAndFix object=AutomatedFarm(6297) status=OK valid_after=true t=354370513 id=281
[SMRTK] SMRTK_ACTION action=selected_clean_fix method=CheatCleanAndFix object=AutomatedFarm(6297) status=OK valid_after=true t=354370513 id=281
						Lua 1:58:29:048
[mod] [SMRTK] SMRTK_ACTION action=selected_add_maintenance method=CheatAddMaintenancePnts object=AutomatedFarm(6297) status=OK valid_after=true t=354377546 id=282
[SMRTK] SMRTK_ACTION action=selected_add_maintenance method=CheatAddMaintenancePnts object=AutomatedFarm(6297) status=OK valid_after=true t=354377546 id=282
						Lua 1:58:38:676
[mod] [SMRTK] SMRTK_ACTION action=selected_add_dust method=CheatAddDust object=AutomatedFarm(6297) status=OK valid_after=true t=354387176 id=283
[SMRTK] SMRTK_ACTION action=selected_add_dust method=CheatAddDust object=AutomatedFarm(6297) status=OK valid_after=true t=354387176 id=283
						Lua 1:58:42:663
[mod] [SMRTK] SMRTK_ACTION action=selected_add_prefab method=CheatAddPrefab object=AutomatedFarm(6297) status=OK valid_after=true t=354391162 id=284
[SMRTK] SMRTK_ACTION action=selected_add_prefab method=CheatAddPrefab object=AutomatedFarm(6297) status=OK valid_after=true t=354391162 id=284
						Lua 1:58:48:618
[mod] [SMRTK] SMRTK_SECTION action=section_attach attached=true dialog=ipBuilding object=AutomatedFarm(6297) status=OK t=354397111 id=285
						Lua 1:58:50:881
[mod] [SMRTK] SMRTK_SECTION action=section_attach attached=true dialog=ipBuilding object=DroneHub(8161) status=OK t=354399331 id=286
						Lua 1:58:54:738
[mod] [SMRTK] SMRTK_ACTION action=selected_spawn_drone method=CheatSpawnDrone object=DroneHub(8161) status=OK valid_after=true t=354403230 id=287
[SMRTK] SMRTK_ACTION action=selected_spawn_drone method=CheatSpawnDrone object=DroneHub(8161) status=OK valid_after=true t=354403230 id=287
						Lua 1:58:59:389
[mod] [SMRTK] SMRTK_SECTION action=section_attach attached=true dialog=ipBuilding object=GeoscapeDome(8588) status=OK t=354407872 id=288
						Lua 1:59:14:788
  - Upgrade not researched!
Force unlocking 
						Lua 1:59:14:791
[mod] [SMRTK] SMRTK_ACTION action=selected_upgrade_1 method=CheatUpgrade1 object=GeoscapeDome(8588) status=OK valid_after=true t=354423288 id=289
[SMRTK] SMRTK_ACTION action=selected_upgrade_1 method=CheatUpgrade1 object=GeoscapeDome(8588) status=OK valid_after=true t=354423288 id=289
						Lua 1:59:14:819
[mod] [SMRTK] SMRTK_SECTION action=section_attach attached=true dialog=ipBuilding object=GeoscapeDome(8588) status=OK t=354423308 id=290
						Lua 1:59:37:259
[mod] [SMRTK] SMRTK_FLUSH action=flush status=OK t=354445759 id=291
[SMRTK] SMRTK_FLUSH action=flush status=OK t=354445759 id=291
						Lua 2:06:14:826
[mod] [SMRTK] SMRTK_SECTION action=section_attach attached=true dialog=ipBuilding object=WindTurbine_Diffuser(8830) status=OK t=354843317 id=292
						Lua 2:06:16:310
[mod] [SMRTK] SMRTK_ACTION action=selected_delete method=CheatDelete object=WindTurbine_Diffuser(8830) status=OK valid_after=false t=354844805 id=293
[SMRTK] SMRTK_ACTION action=selected_delete method=CheatDelete object=WindTurbine_Diffuser(8830) status=OK valid_after=false t=354844805 id=293
						Lua 2:06:19:913
[mod] [SMRTK] SMRTK_SECTION action=section_attach attached=true dialog=ipBuilding object=WindTurbine_Diffuser(8829) status=OK t=354848406 id=294
						Lua 2:06:21:041
[mod] [SMRTK] SMRTK_ACTION action=selected_destroy method=CheatDestroy object=WindTurbine_Diffuser(8829) status=OK valid_after=true t=354849535 id=295
[SMRTK] SMRTK_ACTION action=selected_destroy method=CheatDestroy object=WindTurbine_Diffuser(8829) status=OK valid_after=true t=354849535 id=295
						Lua 2:06:44:499
[mod] [SMRTK] SMRTK_SECTION action=section_attach attached=true dialog=ipBuilding object=OpenFarm(6326) status=OK t=354872990 id=296
						Lua 2:06:47:860
[mod] [SMRTK] SMRTK_SECTION action=section_attach attached=true dialog=ipBuilding object=DomeMega(5446) status=OK t=354876345 id=297
						Lua 2:06:48:343
[mod] [SMRTK] SMRTK_SECTION action=section_attach attached=true dialog=ipColonist object=Colonist(2000287608) status=OK t=354876832 id=298
						Lua 2:06:53:145
[mod] [SMRTK] SMRTK_SELECTED action=selected_more category=Cheat method=CheatKill object=Colonist(2000287608) status=OK valid_after=true t=354881643 id=299
[SMRTK] SMRTK_SELECTED action=selected_more category=Cheat method=CheatKill object=Colonist(2000287608) status=OK valid_after=true t=354881643 id=299
						Lua 2:07:45:301
[mod] [SMRTK] SMRTK_SECTION action=section_attach attached=true dialog=ipDrone object=FlyingDrone(2000215783) status=OK t=354933795 id=300
						Lua 2:07:57:020
[mod] [SMRTK] SMRTK_SELECTED action=selected_more category=Cheat method=CheatDespawn object=FlyingDrone(2000215783) status=OK valid_after=false t=354945518 id=301
[SMRTK] SMRTK_SELECTED action=selected_more category=Cheat method=CheatDespawn object=FlyingDrone(2000215783) status=OK valid_after=false t=354945518 id=301
						Lua 2:08:03:716
[mod] [SMRTK] SMRTK_SECTION action=section_attach attached=true dialog=ipDrone object=FlyingDrone(2000215739) status=OK t=354952212 id=302
						Lua 2:09:18:391
Initializing ged app: GedInspector
[ged] Opened GedInspector with class nil, id 1535584047195210474
[mod] [SMRTK] SMRTK_SELECTED action=selected_more category=AsyncCheat method=AsyncCheatInspect object=FlyingDrone(2000215739) status=OK valid_after=true t=355026891 id=303
[SMRTK] SMRTK_SELECTED action=selected_more category=AsyncCheat method=AsyncCheatInspect object=FlyingDrone(2000215739) status=OK valid_after=true t=355026891 id=303
						Lua 2:09:24:321
[mod] [SMRTK] SMRTK_CLEAR action=clear status=OK t=355032821 id=304
						Lua 2:10:10:336
[ged] Closed GedInspector with id 1535584047195210474
						Lua 2:10:13:213
[mod] [SMRTK] SMRTK_SECTION action=section_attach attached=true dialog=ipDrone object=FlyingDrone(2000215762) status=OK t=355081708 id=305
						Lua 2:10:19:108
[mod] [SMRTK] SMRTK_SECTION action=section_attach attached=true dialog=ipDrone object=FlyingDrone(2000215762) status=OK t=355087604 id=306
						Lua 2:10:29:879
[mod] [SMRTK] SMRTK_SECTION action=section_attach attached=true dialog=ipBuilding object=DroneHub(7447) status=OK t=355098327 id=307
						Lua 2:10:37:144
[mod] [SMRTK] SMRTK_SELECTED action=selected_more reason="selection changed; choose the action again" status=REFUSED t=355105643 id=308
[SMRTK] SMRTK_SELECTED action=selected_more reason="selection changed; choose the action again" status=REFUSED t=355105643 id=308
						Lua 2:11:03:139
[mod] [SMRTK] SMRTK_FLUSH action=flush status=OK t=355131639 id=309
[SMRTK] SMRTK_FLUSH action=flush status=OK t=355131639 id=309
						Lua 2:17:00:530
[mod] [SMRTK] SMRTK_SECTION action=section_attach attached=false reason="no supported actions" status=OK t=355489020 id=310
						Lua 2:17:02:051
[mod] [SMRTK] SMRTK_SECTION action=section_attach attached=false reason="no supported actions" status=OK t=355490540 id=311
						Lua 2:17:04:433
[mod] [SMRTK] SMRTK_SECTION action=section_attach attached=false reason="no supported actions" status=OK t=355492892 id=312
						Lua 2:17:15:101
[mod] [SMRTK] SMRTK_SECTION action=section_attach attached=false reason="no supported actions" status=OK t=355503599 id=313
						Lua 2:17:23:044
[mod] [SMRTK] SMRTK_SECTION action=section_attach attached=false reason="no supported actions" status=OK t=355511534 id=314
						Lua 2:25:34:580
[mod] [SMRTK] SMRTK_SECTION action=section_attach attached=true dialog=ipBuilding object=OpenAirGym(8761) status=OK t=356003068 id=315
						Lua 2:25:36:088
[mod] [SMRTK] SMRTK_SECTION action=section_attach attached=true dialog=ipBuilding object=GeoscapeDome(8588) status=OK t=356004578 id=316
						Lua 2:25:37:408
[mod] [SMRTK] SMRTK_SECTION action=section_attach attached=true dialog=ipColonist object=Colonist(2000239871) status=OK t=356005899 id=317
						Lua 2:25:41:471
[mod] [SMRTK] SMRTK_TAB action=tab_World page=World status=OK t=356009970 id=318
						Lua 2:26:56:959
[mod] [SMRTK] SMRTK_ACTION action=trait_add after=true before=false object=Colonist(2000239871) status=OK trait=Genius t=356085460 id=319						Lua 2:26:56:960

[SMRTK] SMRTK_ACTION action=trait_add after=true before=false object=Colonist(2000239871) status=OK trait=Genius t=356085460 id=319
						Lua 2:27:11:129
[mod] [SMRTK] SMRTK_ACTION action=trait_remove after=false before=true object=Colonist(2000239871) status=OK trait=Genius t=356099630 id=320
[SMRTK] SMRTK_ACTION action=trait_remove after=false before=true object=Colonist(2000239871) status=OK trait=Genius t=356099630 id=320
						Lua 2:27:18:707
[mod] [SMRTK] SMRTK_TAB action=tab_World page=World status=OK t=356107203 id=321
						Lua 2:27:19:624
[mod] [SMRTK] SMRTK_TAB action=tab_World page=World status=OK t=356108122 id=322
						Lua 2:27:27:727
[mod] [SMRTK] SMRTK_ACTION action=fix_all changed=1333 skipped=0 status=OK visited=1333 t=356116211 id=323
[SMRTK] SMRTK_ACTION action=fix_all changed=1333 skipped=0 status=OK visited=1333 t=356116211 id=323
						Lua 2:27:34:625
[mod] [SMRTK] SMRTK_ACTION action=complete_constructions outcome=leaf_completed scope="current map" status=OK t=356123102 id=324
[SMRTK] SMRTK_ACTION action=complete_constructions outcome=leaf_completed scope="current map" status=OK t=356123102 id=324

!!! Quick Build !!!
						Lua 2:27:40:444
[mod] [SMRTK] SMRTK_SECTION action=section_attach attached=true dialog=ipColonist object=Colonist(2000239871) status=OK t=356128939 id=325
						Lua 2:27:55:721
[mod] [SMRTK] SMRTK_ACTION action=complete_grids outcome=leaf_completed scope="current map" status=OK t=356144220 id=326
[SMRTK] SMRTK_ACTION action=complete_grids outcome=leaf_completed scope="current map" status=OK t=356144220 id=326
						Lua 2:42:52:730
[mod] [SMRTK] SMRTK_TAB action=tab_Agent page=Agent status=OK t=357038440 id=327
						Lua 2:43:14:534
[mod] [SMRTK] SMRTK_MARK action=mark label=SMRTK08_S4_ARM mark=547 status=OK t=357060246 id=328
[SMRTK] SMRTK_MARK action=mark label=SMRTK08_S4_ARM mark=547 status=OK t=357060246 id=328
[mod] [SMRTK] SMRTK_FINGERPRINT action=fingerprint fix_pack_present=46/46 game=403908 mark_action=mark mods=SMR_CommunityFixPack,SMR_CommunityFixPackTestKit,SMR_CommunityOptInPack pack_version=11 read="live registry" save=SMRTK_490.savegame.sav sol=497 status=OK t=357060246 id=329
[SMRTK] SMRTK_FINGERPRINT action=fingerprint fix_pack_present=46/46 game=403908 mark_action=mark mods=SMR_CommunityFixPack,SMR_CommunityFixPackTestKit,SMR_CommunityOptInPack pack_version=11 read="live registry" save=SMRTK_490.savegame.sav sol=497 status=OK t=357060246 id=329
[mod] [SMRTK] SMRTK_ARM action=slot_4 mutation=none once_click=true ready=true status=OK t=357060246 id=330
[SMRTK] SMRTK_ARM action=slot_4 mutation=none once_click=true ready=true status=OK t=357060246 id=330
						Lua 2:43:16:566
[mod] [SMRTK] SMRTK_FIRE action=slot_4 armed_ms=2032 clicks=1 cursor="(349470, 188054, 10000)" mutation=none object=none status=OK t=357062278 id=331
[SMRTK] SMRTK_FIRE action=slot_4 armed_ms=2032 clicks=1 cursor="(349470, 188054, 10000)" mutation=none object=none status=OK t=357062278 id=331
[mod] [SMRTK] SMRTK_DUMP cause="click complete" clicks=1 leg=read_map_click mutation=none t=357062278 id=332
[SMRTK] SMRTK_DUMP cause="click complete" clicks=1 leg=read_map_click mutation=none t=357062278 id=332
[mod] [SMRTK] SMRTK_DISARM action=slot_4 cleanup="click target released" clicks=1 reason="click complete" status=OK t=357062278 id=333
[SMRTK] SMRTK_DISARM action=slot_4 cleanup="click target released" clicks=1 reason="click complete" status=OK t=357062278 id=333
						Lua 2:43:25:161
[mod] [SMRTK] SMRTK_MARK action=mark label=SMRTK08_S4_ARM mark=553 status=OK t=357070873 id=334
[SMRTK] SMRTK_MARK action=mark label=SMRTK08_S4_ARM mark=553 status=OK t=357070873 id=334
[mod] [SMRTK] SMRTK_FINGERPRINT action=fingerprint fix_pack_present=46/46 game=403908 mark_action=mark mods=SMR_CommunityFixPack,SMR_CommunityFixPackTestKit,SMR_CommunityOptInPack pack_version=11 read="live registry" save=SMRTK_490.savegame.sav sol=497 status=OK t=357070873 id=335
[SMRTK] SMRTK_FINGERPRINT action=fingerprint fix_pack_present=46/46 game=403908 mark_action=mark mods=SMR_CommunityFixPack,SMR_CommunityFixPackTestKit,SMR_CommunityOptInPack pack_version=11 read="live registry" save=SMRTK_490.savegame.sav sol=497 status=OK t=357070873 id=335
[mod] [SMRTK] SMRTK_ARM action=slot_4 mutation=none once_click=true ready=true status=OK t=357070873 id=336
[SMRTK] SMRTK_ARM action=slot_4 mutation=none once_click=true ready=true status=OK t=357070873 id=336
						Lua 2:43:25:811
[mod] [SMRTK] SMRTK_DUMP cause="right click" clicks=0 leg=read_map_click mutation=none t=357071523 id=337
[SMRTK] SMRTK_DUMP cause="right click" clicks=0 leg=read_map_click mutation=none t=357071523 id=337
[mod] [SMRTK] SMRTK_DISARM action=slot_4 cleanup="click target released" clicks=0 reason="right click" status=OK t=357071523 id=338
[SMRTK] SMRTK_DISARM action=slot_4 cleanup="click target released" clicks=0 reason="right click" status=OK t=357071523 id=338
						Lua 2:43:44:268
[mod] [SMRTK] SMRTK_NOTE action=note status=OK text=test t=357089981 id=339
[SMRTK] SMRTK_NOTE action=note status=OK text=test t=357089981 id=339
						Lua 2:43:46:941
[mod] [SMRTK] SMRTK_NOTE action=note status=OK text="test 2 " t=357092653 id=340
[SMRTK] SMRTK_NOTE action=note status=OK text="test 2 " t=357092653 id=340
						Lua 2:45:06:836
[mod] [SMRTK] SMRTK_MARK action=mark label=SMRTK08_S5_ARM mark=560 status=OK t=357172548 id=341
[SMRTK] SMRTK_MARK action=mark label=SMRTK08_S5_ARM mark=560 status=OK t=357172548 id=341
[mod] [SMRTK] SMRTK_FINGERPRINT action=fingerprint fix_pack_present=46/46 game=403908 mark_action=mark mods=SMR_CommunityFixPack,SMR_CommunityFixPackTestKit,SMR_CommunityOptInPack pack_version=11 read="live registry" save=SMRTK_490.savegame.sav sol=497 status=OK t=357172548 id=342
[SMRTK] SMRTK_FINGERPRINT action=fingerprint fix_pack_present=46/46 game=403908 mark_action=mark mods=SMR_CommunityFixPack,SMR_CommunityFixPackTestKit,SMR_CommunityOptInPack pack_version=11 read="live registry" save=SMRTK_490.savegame.sav sol=497 status=OK t=357172548 id=342
[mod] [SMRTK] SMRTK_ARM action=smrtk08_break armed_at=357172548 cadence=1000 once=true status=OK target=357177548 trigger=smrtk08_break window_ms=5000 t=357172548 id=343
[SMRTK] SMRTK_ARM action=smrtk08_break armed_at=357172548 cadence=1000 once=true status=OK target=357177548 trigger=smrtk08_break window_ms=5000 t=357172548 id=343
[mod] [SMRTK] SMRTK_ARM action=run_until before=1000 factor=128000 requested=128 status=OK target=smrtk08_break t=357172548 id=344
[SMRTK] SMRTK_ARM action=run_until before=1000 factor=128000 requested=128 status=OK target=smrtk08_break t=357172548 id=344
[mod] [SMRTK] SMRTK_DUMP armed=run_until,smrtk08_break cadence=1000 leg=short_breakpoint now=357172548 once=true pause_owner=run_until run_until_target=smrtk08_break speed_factor=128000 speed_requested=128 target=357177548 trigger=smrtk08_break t=357172548 id=345
[SMRTK] SMRTK_DUMP armed=run_until,smrtk08_break cadence=1000 leg=short_breakpoint now=357172548 once=true pause_owner=run_until run_until_target=smrtk08_break speed_factor=128000 speed_requested=128 target=357177548 trigger=smrtk08_break t=357172548 id=345
						Lua 2:45:06:837
[mod] [SMRTK] SMRTK_ACTION action=slot_5 armed_count=2 run_until=smrtk08_break status=OK target=357177548 trigger=smrtk08_break t=357172548 id=346
[SMRTK] SMRTK_ACTION action=slot_5 armed_count=2 run_until=smrtk08_break status=OK target=357177548 trigger=smrtk08_break t=357172548 id=346
						Lua 2:45:07:188
[mod] [SMRTK] SMRTK_MARK action=mark label="Short breakpoint (+5000 game ms)" mark=566 status=OK t=357177796 id=347
[SMRTK] SMRTK_MARK action=mark label="Short breakpoint (+5000 game ms)" mark=566 status=OK t=357177796 id=347
[mod] [SMRTK] SMRTK_FINGERPRINT action=fingerprint fix_pack_present=46/46 game=403908 mark_action=mark mods=SMR_CommunityFixPack,SMR_CommunityFixPackTestKit,SMR_CommunityOptInPack pack_version=11 read="live registry" save=SMRTK_490.savegame.sav sol=497 status=OK t=357177796 id=348
[SMRTK] SMRTK_FINGERPRINT action=fingerprint fix_pack_present=46/46 game=403908 mark_action=mark mods=SMR_CommunityFixPack,SMR_CommunityFixPackTestKit,SMR_CommunityOptInPack pack_version=11 read="live registry" save=SMRTK_490.savegame.sav sol=497 status=OK t=357177796 id=348
[mod] [SMRTK] SMRTK_TRIGGER action=smrtk08_break label="Short breakpoint (+5000 game ms)" mark=566 now=357177548 sound=true status=OK target=357177548 trigger=smrtk08_break t=357177796 id=349
[SMRTK] SMRTK_TRIGGER action=smrtk08_break label="Short breakpoint (+5000 game ms)" mark=566 now=357177548 sound=true status=OK target=357177548 trigger=smrtk08_break t=357177796 id=349
[mod] [SMRTK] SMRTK_DISARM action=smrtk08_break reason="trigger complete" status=OK trigger=smrtk08_break t=357177796 id=350
[SMRTK] SMRTK_DISARM action=smrtk08_break reason="trigger complete" status=OK trigger=smrtk08_break t=357177796 id=350
						Lua 2:45:07:268
[mod] [SMRTK] SMRTK_FIRE action=run_until paused=true sol=497 status=OK target=smrtk08_break t=357179076 id=351
[SMRTK] SMRTK_FIRE action=run_until paused=true sol=497 status=OK target=smrtk08_break t=357179076 id=351
[mod] [SMRTK] SMRTK_DISARM action=run_until reason="target reached" status=OK t=357179076 id=352
[SMRTK] SMRTK_DISARM action=run_until reason="target reached" status=OK t=357179076 id=352
						Lua 2:45:27:038
[mod] [SMRTK] SMRTK_TAB action=tab_World page=World status=OK t=357179076 id=353
						Lua 2:45:30:319
[mod] [SMRTK] SMRTK_SPEED action=speed_normal before=0 factor=1000 requested=1 status=OK t=357179076 id=354
[SMRTK] SMRTK_SPEED action=speed_normal before=0 factor=1000 requested=1 status=OK t=357179076 id=354
						Lua 2:45:36:879
[mod] [SMRTK] SMRTK_TAB action=tab_Kit page=Kit status=OK t=357185635 id=355
						Lua 2:45:39:504
[mod] [SMRTK] SMRTK_CLEAR action=clear status=OK t=357188262 id=356
						Lua 2:45:50:240
[mod] [SMRTK] SMRTK_SECTION action=section_attach attached=true dialog=ipDrone object=FlyingDrone(2000152103) status=OK t=357198989 id=357
						Lua 2:46:08:881
[mod] [SMRTK] SMRTK_WATCH action=watch_field armed=false field=command object=FlyingDrone(2000152103) status=OK trigger=watch_selected_field t=357217639 id=358
[SMRTK] SMRTK_WATCH action=watch_field armed=false field=command object=FlyingDrone(2000152103) status=OK trigger=watch_selected_field t=357217639 id=358
						Lua 2:46:14:333
[mod] [SMRTK] SMRTK_ARM action=watch_selected_field baseline=Idle cadence=1000 field=command object=FlyingDrone(2000152103) once=false status=OK trigger=watch_selected_field t=357223092 id=359
[SMRTK] SMRTK_ARM action=watch_selected_field baseline=Idle cadence=1000 field=command object=FlyingDrone(2000152103) once=false status=OK trigger=watch_selected_field t=357223092 id=359
						Lua 2:46:17:998
[mod] [SMRTK] SMRTK_DISARM action=watch_selected_field reason=manual status=OK trigger=watch_selected_field t=357226756 id=360
[SMRTK] SMRTK_DISARM action=watch_selected_field reason=manual status=OK trigger=watch_selected_field t=357226756 id=360
						Lua 2:46:40:457
[mod] [SMRTK] SMRTK_FLUSH action=flush status=OK t=357249215 id=361
[SMRTK] SMRTK_FLUSH action=flush status=OK t=357249215 id=361
						Lua 2:51:06:941
[mod] [SMRTK] SMRTK_SECTION action=section_attach attached=true dialog=ipBuilding object=OpenFarm(6326) status=OK t=357515685 id=362
						Lua 2:51:09:216
[mod] [SMRTK] SMRTK_SECTION action=section_attach attached=true dialog=ipBuilding object=OpenFarm(6374) status=OK t=357517963 id=363
						Lua 2:51:14:768
[mod] [SMRTK] SMRTK_SECTION action=section_attach attached=true dialog=ipBuilding object=DomeMega(5470) status=OK t=357523513 id=364
						Lua 2:51:20:888
[mod] [SMRTK] SMRTK_SECTION action=section_attach attached=true dialog=ipBuilding object=DomeMega(5470) status=OK t=357529637 id=365
						Lua 2:51:25:419
[mod] [SMRTK] SMRTK_SECTION action=section_attach attached=true dialog=ipBuilding object=DomeMega(5470) status=OK t=357534168 id=366
						Lua 2:51:37:255
[mod] [SMRTK] SMRTK_SECTION action=section_attach attached=true dialog=ipBuilding object=DomeMega(5470) status=OK t=357546005 id=367
						Lua 3:09:38:762
[mod] [SMRTK] SMRTK_SECTION action=section_attach attached=true dialog=ipBuilding object=MedicalCenter(5373) status=OK t=358626710 id=368
						Lua 3:09:44:878
[mod] [SMRTK] SMRTK_SECTION action=section_attach attached=true dialog=ipDrone object=FlyingDrone(2000152084) status=OK t=358632847 id=369
						Lua 3:10:15:870
[mod] [SMRTK] SMRTK_WATCH action=watch_field armed=false field=command object=FlyingDrone(2000152084) status=OK trigger=watch_selected_field t=358663848 id=370
[SMRTK] SMRTK_WATCH action=watch_field armed=false field=command object=FlyingDrone(2000152084) status=OK trigger=watch_selected_field t=358663848 id=370
						Lua 3:10:18:893
[mod] [SMRTK] SMRTK_ARM action=watch_selected_field baseline=Idle cadence=1000 field=command object=FlyingDrone(2000152084) once=false status=OK trigger=watch_selected_field t=358666871 id=371
[SMRTK] SMRTK_ARM action=watch_selected_field baseline=Idle cadence=1000 field=command object=FlyingDrone(2000152084) once=false status=OK trigger=watch_selected_field t=358666871 id=371
						Lua 3:10:26:357
[mod] [SMRTK] SMRTK_TAB action=tab_World page=World status=OK t=358674333 id=372
						Lua 3:10:32:397
[mod] [SMRTK] SMRTK_ACTION action=malfunction_all changed=740 skipped=564 status=OK visited=1305 t=358680318 id=373
[SMRTK] SMRTK_ACTION action=malfunction_all changed=740 skipped=564 status=OK visited=1305 t=358680318 id=373
						Lua 3:10:40:894
[mod] [SMRTK] SMRTK_TRIGGER action=watch_selected_field after=PickUp before=Idle field=command label="Watch command" object=FlyingDrone(2000152084) status=OK trigger=watch_selected_field t=358688872 id=374
[SMRTK] SMRTK_TRIGGER action=watch_selected_field after=PickUp before=Idle field=command label="Watch command" object=FlyingDrone(2000152084) status=OK trigger=watch_selected_field t=358688872 id=374
						Lua 3:10:42:893
[mod] [SMRTK] SMRTK_TRIGGER action=watch_selected_field after=Deliver before=PickUp field=command label="Watch command" object=FlyingDrone(2000152084) status=OK trigger=watch_selected_field t=358690871 id=375
[SMRTK] SMRTK_TRIGGER action=watch_selected_field after=Deliver before=PickUp field=command label="Watch command" object=FlyingDrone(2000152084) status=OK trigger=watch_selected_field t=358690871 id=375
						Lua 3:10:52:892
[mod] [SMRTK] SMRTK_TRIGGER action=watch_selected_field after=GoHome before=Deliver field=command label="Watch command" object=FlyingDrone(2000152084) status=OK trigger=watch_selected_field t=358700871 id=376
[SMRTK] SMRTK_TRIGGER action=watch_selected_field after=GoHome before=Deliver field=command label="Watch command" object=FlyingDrone(2000152084) status=OK trigger=watch_selected_field t=358700871 id=376
						Lua 3:10:55:893
[mod] [SMRTK] SMRTK_TRIGGER action=watch_selected_field after=PickUp before=GoHome field=command label="Watch command" object=FlyingDrone(2000152084) status=OK trigger=watch_selected_field t=358703872 id=377
[SMRTK] SMRTK_TRIGGER action=watch_selected_field after=PickUp before=GoHome field=command label="Watch command" object=FlyingDrone(2000152084) status=OK trigger=watch_selected_field t=358703872 id=377
						Lua 3:10:56:894
[mod] [SMRTK] SMRTK_TRIGGER action=watch_selected_field after=GoHome before=PickUp field=command label="Watch command" object=FlyingDrone(2000152084) status=OK trigger=watch_selected_field t=358704871 id=378
[SMRTK] SMRTK_TRIGGER action=watch_selected_field after=GoHome before=PickUp field=command label="Watch command" object=FlyingDrone(2000152084) status=OK trigger=watch_selected_field t=358704871 id=378
						Lua 3:11:05:895
[mod] [SMRTK] SMRTK_TRIGGER action=watch_selected_field after=Idle before=GoHome field=command label="Watch command" object=FlyingDrone(2000152084) status=OK trigger=watch_selected_field t=358713871 id=379
[SMRTK] SMRTK_TRIGGER action=watch_selected_field after=Idle before=GoHome field=command label="Watch command" object=FlyingDrone(2000152084) status=OK trigger=watch_selected_field t=358713871 id=379
						Lua 3:11:41:893
[mod] [SMRTK] SMRTK_TRIGGER action=watch_selected_field after=PickUp before=Idle field=command label="Watch command" object=FlyingDrone(2000152084) status=OK trigger=watch_selected_field t=358749871 id=380
[SMRTK] SMRTK_TRIGGER action=watch_selected_field after=PickUp before=Idle field=command label="Watch command" object=FlyingDrone(2000152084) status=OK trigger=watch_selected_field t=358749871 id=380
						Lua 3:11:42:893
[mod] [SMRTK] SMRTK_TRIGGER action=watch_selected_field after=Idle before=PickUp field=command label="Watch command" object=FlyingDrone(2000152084) status=OK trigger=watch_selected_field t=358750871 id=381
[SMRTK] SMRTK_TRIGGER action=watch_selected_field after=Idle before=PickUp field=command label="Watch command" object=FlyingDrone(2000152084) status=OK trigger=watch_selected_field t=358750871 id=381
						Lua 3:11:54:952
[mod] [SMRTK] SMRTK_TAB action=tab_Kit page=Kit status=OK t=358762929 id=382
						Lua 3:12:00:727
[mod] [SMRTK] SMRTK_DISARM action=watch_selected_field reason=manual status=OK trigger=watch_selected_field t=358768705 id=383
[SMRTK] SMRTK_DISARM action=watch_selected_field reason=manual status=OK trigger=watch_selected_field t=358768705 id=383
						Lua 3:12:06:915
[mod] [SMRTK] SMRTK_TAB action=tab_World page=World status=OK t=358774891 id=384
						Lua 3:12:14:694
[mod] [SMRTK] SMRTK_ACTION action=fix_all changed=1305 skipped=0 status=OK visited=1305 t=358782655 id=385
[SMRTK] SMRTK_ACTION action=fix_all changed=1305 skipped=0 status=OK visited=1305 t=358782655 id=385
						Lua 3:12:53:396
[mod] [SMRTK] SMRTK_TAB action=tab_Agent page=Agent status=OK t=358821373 id=386
						Lua 3:12:55:747
[mod] [SMRTK] SMRTK_TAB action=tab_Sitting page=Sitting status=OK t=358823725 id=387
						Lua 3:13:00:841
[mod] [SMRTK] SMRTK_TAB action=tab_Saves page=Saves status=OK t=358828819 id=388
						Lua 3:13:02:045
[mod] [SMRTK] SMRTK_TAB action=tab_Kit page=Kit status=OK t=358830022 id=389
						Lua 3:13:03:410
[mod] [SMRTK] SMRTK_TAB action=tab_Selected page=Selected status=OK t=358831387 id=390
						Lua 3:13:07:302
[mod] [SMRTK] SMRTK_TAB action=tab_Saves page=Saves status=OK t=358835279 id=391
						Lua 3:13:07:737
[mod] [SMRTK] SMRTK_TAB action=tab_World page=World status=OK t=358835713 id=392
						Lua 3:13:15:941
[mod] [SMRTK] SMRTK_TAB action=tab_Agent page=Agent status=OK t=358843918 id=393
						Lua 3:13:28:659
[mod] [SMRTK] SMRTK_MARK action=screenshot_mark capture="native accepted" capture_id=0001 fallback=false label="Screenshot 0001" mark=613 path=C:/Dev/SMR-ScreenCaptures/SMRTK_0001.png status=OK t=358856636 id=394
[SMRTK] SMRTK_MARK action=screenshot_mark capture="native accepted" capture_id=0001 fallback=false label="Screenshot 0001" mark=613 path=C:/Dev/SMR-ScreenCaptures/SMRTK_0001.png status=OK t=358856636 id=394
[mod] [SMRTK] SMRTK_FINGERPRINT action=fingerprint fix_pack_present=46/46 game=403908 mark_action=screenshot_mark mods=SMR_CommunityFixPack,SMR_CommunityFixPackTestKit,SMR_CommunityOptInPack pack_version=11 read="live registry" save=SMRTK_490.savegame.sav sol=499 status=OK t=358856636 id=395
[SMRTK] SMRTK_FINGERPRINT action=fingerprint fix_pack_present=46/46 game=403908 mark_action=screenshot_mark mods=SMR_CommunityFixPack,SMR_CommunityFixPackTestKit,SMR_CommunityOptInPack pack_version=11 read="live registry" save=SMRTK_490.savegame.sav sol=499 status=OK t=358856636 id=395
						Lua 3:17:35:619
[mod] [SMRTK] SMRTK_TAB action=tab_Selected page=Selected status=OK t=359103597 id=396
						Lua 3:17:36:408
[mod] [SMRTK] SMRTK_TAB action=tab_Kit page=Kit status=OK t=359104386 id=397
						Lua 3:17:37:716
[mod] [SMRTK] SMRTK_TAB action=tab_Saves page=Saves status=OK t=359105694 id=398
						Lua 3:17:40:349
[mod] [SMRTK] SMRTK_TAB action=tab_World page=World status=OK t=359108326 id=399
						Lua 3:17:43:962
[mod] [SMRTK] SMRTK_TAB action=tab_Agent page=Agent status=OK t=359111939 id=400
						Lua 3:17:44:397
[mod] [SMRTK] SMRTK_TAB action=tab_Sitting page=Sitting status=OK t=359112375 id=401
						Lua 3:17:47:552
[mod] [SMRTK] SMRTK_TAB action=tab_Saves page=Saves status=OK t=359115530 id=402
						Lua 3:17:48:625
[mod] [SMRTK] SMRTK_TAB action=tab_Kit page=Kit status=OK t=359116602 id=403
						Lua 3:17:50:514
[mod] [SMRTK] SMRTK_TAB action=tab_Selected page=Selected status=OK t=359118491 id=404
						Lua 3:19:04:426
[mod] [SMRTK] SMRTK_TAB action=tab_Kit page=Kit status=OK t=359192403 id=405
						Lua 3:19:05:066
[mod] [SMRTK] SMRTK_TAB action=tab_Saves page=Saves status=OK t=359193044 id=406
						Lua 3:19:31:882
[mod] [SMRTK] SMRTK_SAVE action=save_A name=SMRTK_A.sav session=1789400587:3032022245:16476155:704241777 slot=A status=OK t=359219165 id=407
[SMRTK] SMRTK_SAVE action=save_A name=SMRTK_A.sav session=1789400587:3032022245:16476155:704241777 slot=A status=OK t=359219165 id=407
						Lua 3:21:42:815
[mod] [SMRTK] SMRTK_COPY action=copy from=613 lines=14 status=OK truncated=false t=359350112 id=408
[SMRTK] SMRTK_COPY action=copy from=613 lines=14 status=OK truncated=false t=359350112 id=408
						Lua 3:22:31:921
[mod] [SMRTK] SMRTK_TAB action=tab_Agent page=Agent status=OK t=359399219 id=409
						Lua 3:22:38:122
[mod] [SMRTK] SMRTK_MARK action=mark label=SMRTK08_S4_ARM mark=629 status=OK t=359405420 id=410
[SMRTK] SMRTK_MARK action=mark label=SMRTK08_S4_ARM mark=629 status=OK t=359405420 id=410
[mod] [SMRTK] SMRTK_FINGERPRINT action=fingerprint fix_pack_present=46/46 game=403908 mark_action=mark mods=SMR_CommunityFixPack,SMR_CommunityFixPackTestKit,SMR_CommunityOptInPack pack_version=11 read="live registry" save=SMRTK_A.sav sol=500 status=OK t=359405420 id=411
[SMRTK] SMRTK_FINGERPRINT action=fingerprint fix_pack_present=46/46 game=403908 mark_action=mark mods=SMR_CommunityFixPack,SMR_CommunityFixPackTestKit,SMR_CommunityOptInPack pack_version=11 read="live registry" save=SMRTK_A.sav sol=500 status=OK t=359405420 id=411
[mod] [SMRTK] SMRTK_ARM action=slot_4 mutation=none once_click=true ready=true status=OK t=359405420 id=412
[SMRTK] SMRTK_ARM action=slot_4 mutation=none once_click=true ready=true status=OK t=359405420 id=412
						Lua 3:22:42:421
[mod] [SMRTK] SMRTK_TAB action=tab_World page=World status=OK t=359409716 id=413
						Lua 3:23:01:711
[mod] [SMRTK] SMRTK_ARM action=quiet active_disasters=untouched on=true routes=7 status=OK t=359429009 id=414
[SMRTK] SMRTK_ARM action=quiet active_disasters=untouched on=true routes=7 status=OK t=359429009 id=414
						Lua 3:23:14:960
[mod] [SMRTK] SMRTK_ARM action=print_tee status=OK t=359442257 id=415
[SMRTK] SMRTK_ARM action=print_tee status=OK t=359442257 id=415
						Lua 3:23:18:745
[mod] [SMRTK] SMRTK_TAB action=tab_Kit page=Kit status=OK t=359446041 id=416
						Lua 3:23:31:048
[mod] [SMRTK] SMRTK_FIRE action=slot_4 armed_ms=52924 clicks=1 cursor="(304051, 396155, 10005)" mutation=none object=FlyingDrone(2000244981) status=OK t=359458344 id=417
[SMRTK] SMRTK_FIRE action=slot_4 armed_ms=52924 clicks=1 cursor="(304051, 396155, 10005)" mutation=none object=FlyingDrone(2000244981) status=OK t=359458344 id=417
[mod] [SMRTK] SMRTK_DUMP cause="click complete" clicks=1 leg=read_map_click mutation=none t=359458344 id=418
[SMRTK] SMRTK_DUMP cause="click complete" clicks=1 leg=read_map_click mutation=none t=359458344 id=418
[mod] [SMRTK] SMRTK_DISARM action=slot_4 cleanup="click target released" clicks=1 reason="click complete" status=OK t=359458344 id=419
[SMRTK] SMRTK_DISARM action=slot_4 cleanup="click target released" clicks=1 reason="click complete" status=OK t=359458344 id=419
						Lua 3:23:32:787
[mod] [SMRTK] SMRTK_SECTION action=section_attach attached=true dialog=ipDrone object=FlyingDrone(2000244981) status=OK t=359460078 id=420
						Lua 3:38:41:491
[mod] [SMRTK] SMRTK_SECTION action=section_attach attached=true dialog=ipDrone object=FlyingDrone(2000244933) status=OK t=360368776 id=421
						Lua 3:38:59:567
[mod] [SMRTK] SMRTK_WATCH action=watch_field armed=false field=command object=FlyingDrone(2000244933) status=OK trigger=watch_selected_field t=360386865 id=422
[SMRTK] SMRTK_WATCH action=watch_field armed=false field=command object=FlyingDrone(2000244933) status=OK trigger=watch_selected_field t=360386865 id=422
						Lua 3:39:14:963
[mod] [SMRTK] SMRTK_WATCH action=watch_field armed=false field=command object=FlyingDrone(2000244933) status=OK trigger=watch_selected_field t=360402261 id=423
[SMRTK] SMRTK_WATCH action=watch_field armed=false field=command object=FlyingDrone(2000244933) status=OK trigger=watch_selected_field t=360402261 id=423
						Lua 3:39:18:939
[mod] [SMRTK] SMRTK_TAB action=tab_Agent page=Agent status=OK t=360406237 id=424
						Lua 3:39:44:014
[mod] [SMRTK] SMRTK_TAB action=tab_Kit page=Kit status=OK t=360431311 id=425
						Lua 3:39:50:670
[mod] [SMRTK] SMRTK_WATCH action=watch_field armed=false field=command object=FlyingDrone(2000244933) status=OK trigger=watch_selected_field t=360437969 id=426
[SMRTK] SMRTK_WATCH action=watch_field armed=false field=command object=FlyingDrone(2000244933) status=OK trigger=watch_selected_field t=360437969 id=426
						Lua 3:40:01:653
[mod] [SMRTK] SMRTK_ARM action=watch_selected_field baseline=Idle cadence=1000 field=command object=FlyingDrone(2000244933) once=false status=OK trigger=watch_selected_field t=360448952 id=427
						Lua 3:40:01:654
[SMRTK] SMRTK_ARM action=watch_selected_field baseline=Idle cadence=1000 field=command object=FlyingDrone(2000244933) once=false status=OK trigger=watch_selected_field t=360448952 id=427
						Lua 3:40:20:583
[mod] [SMRTK] SMRTK_TAB action=tab_Agent page=Agent status=OK t=360467881 id=428
						Lua 3:40:22:991
[mod] [SMRTK] SMRTK_MARK action=mark label=SMRTK08_S4_ARM mark=649 status=OK t=360470290 id=429
[SMRTK] SMRTK_MARK action=mark label=SMRTK08_S4_ARM mark=649 status=OK t=360470290 id=429
						Lua 3:40:22:992
[mod] [SMRTK] SMRTK_FINGERPRINT action=fingerprint fix_pack_present=46/46 game=403908 mark_action=mark mods=SMR_CommunityFixPack,SMR_CommunityFixPackTestKit,SMR_CommunityOptInPack pack_version=11 read="live registry" save=SMRTK_A.sav sol=501 status=OK t=360470290 id=430
[SMRTK] SMRTK_FINGERPRINT action=fingerprint fix_pack_present=46/46 game=403908 mark_action=mark mods=SMR_CommunityFixPack,SMR_CommunityFixPackTestKit,SMR_CommunityOptInPack pack_version=11 read="live registry" save=SMRTK_A.sav sol=501 status=OK t=360470290 id=430
[mod] [SMRTK] SMRTK_ARM action=slot_4 mutation=none once_click=true ready=true status=OK t=360470290 id=431
[SMRTK] SMRTK_ARM action=slot_4 mutation=none once_click=true ready=true status=OK t=360470290 id=431
						Lua 3:40:27:704
[mod] [SMRTK] SMRTK_CLEAR action=clear status=OK t=360475003 id=432
						Lua 3:40:37:998
[mod] [SMRTK] SMRTK_TAB action=tab_Saves page=Saves status=OK t=360485296 id=433
						Lua 3:40:41:208
[mod] [SMRTK] SMRTK_DISARM action=print_tee reason=SaveGameStart status=OK t=360488506 id=434
[SMRTK] SMRTK_DISARM action=print_tee reason=SaveGameStart status=OK t=360488506 id=434
[mod] [SMRTK] SMRTK_DISARM action=quiet on=false reason=SaveGameStart routes=7 status=OK t=360488506 id=435
[SMRTK] SMRTK_DISARM action=quiet on=false reason=SaveGameStart routes=7 status=OK t=360488506 id=435
[mod] [SMRTK] SMRTK_DUMP cause=SaveGameStart clicks=0 leg=read_map_click mutation=none t=360488506 id=436
[SMRTK] SMRTK_DUMP cause=SaveGameStart clicks=0 leg=read_map_click mutation=none t=360488506 id=436
[mod] [SMRTK] SMRTK_DISARM action=slot_4 cleanup="click target released" clicks=0 reason=SaveGameStart status=OK t=360488506 id=437
[SMRTK] SMRTK_DISARM action=slot_4 cleanup="click target released" clicks=0 reason=SaveGameStart status=OK t=360488506 id=437
[mod] [SMRTK] SMRTK_DISARM action=watch_selected_field reason=SaveGameStart status=OK trigger=watch_selected_field t=360488506 id=438
[SMRTK] SMRTK_DISARM action=watch_selected_field reason=SaveGameStart status=OK trigger=watch_selected_field t=360488506 id=438
						Lua 3:40:41:930
[mod] [SMRTK] SMRTK_SAVE action=save_A name=SMRTK_A.sav session=1789400587:3032022245:16476155:704241777 slot=A status=OK t=360488543 id=439
[SMRTK] SMRTK_SAVE action=save_A name=SMRTK_A.sav session=1789400587:3032022245:16476155:704241777 slot=A status=OK t=360488543 id=439
						Lua 3:40:55:293
[mod] [SMRTK] SMRTK_TAB action=tab_World page=World status=OK t=360501915 id=440
						Lua 3:40:56:125
[mod] [SMRTK] SMRTK_TAB action=tab_Agent page=Agent status=OK t=360502746 id=441
						Lua 3:40:58:611
[mod] [SMRTK] SMRTK_MARK action=mark label=SMRTK08_S4_ARM mark=662 status=OK t=360505235 id=442
[SMRTK] SMRTK_MARK action=mark label=SMRTK08_S4_ARM mark=662 status=OK t=360505235 id=442
[mod] [SMRTK] SMRTK_FINGERPRINT action=fingerprint fix_pack_present=46/46 game=403908 mark_action=mark mods=SMR_CommunityFixPack,SMR_CommunityFixPackTestKit,SMR_CommunityOptInPack pack_version=11 read="live registry" save=SMRTK_A.sav sol=501 status=OK t=360505235 id=443
[SMRTK] SMRTK_FINGERPRINT action=fingerprint fix_pack_present=46/46 game=403908 mark_action=mark mods=SMR_CommunityFixPack,SMR_CommunityFixPackTestKit,SMR_CommunityOptInPack pack_version=11 read="live registry" save=SMRTK_A.sav sol=501 status=OK t=360505235 id=443
[mod] [SMRTK] SMRTK_ARM action=slot_4 mutation=none once_click=true ready=true status=OK t=360505235 id=444
[SMRTK] SMRTK_ARM action=slot_4 mutation=none once_click=true ready=true status=OK t=360505235 id=444
						Lua 3:41:12:779
[mod] [SMRTK] SMRTK_TAB action=tab_Saves page=Saves status=OK t=360519403 id=445
						Lua 3:41:15:505
Load Game: 
	lua_revision: 403908 						Lua 3:41:15:506
(last saved with) 
	orig_lua_revision: 403908 (created with) 
	assets_revision: 33006 

	dlcs: norman, thomas 

	mods: SMR_CommunityOptInPack, SMR_CommunityFixPack, SMR_CommunityFixPackTestKit 
[mod] [SMRTK] SMRTK_DUMP cause=ChangeMap clicks=0 leg=read_map_click mutation=none t=360521953 id=446
[SMRTK] SMRTK_DUMP cause=ChangeMap clicks=0 leg=read_map_click mutation=none t=360521953 id=446
[mod] [SMRTK] SMRTK_DISARM action=slot_4 cleanup="click target released" clicks=0 reason=ChangeMap status=OK t=360521953 id=447
[SMRTK] SMRTK_DISARM action=slot_4 cleanup="click target released" clicks=0 reason=ChangeMap status=OK t=360521953 id=447
[mod] [SMRTK] SMRTK_CONSOLE_ARM enabled=true hook=ChangeMap t=360521953 id=448
[SMRTK] SMRTK_CONSOLE_ARM enabled=true hook=ChangeMap t=360521953 id=448
						Lua 3:41:15:556
[mod] [SMRTK] SMRTK_CONSOLE_ARM enabled=true hook=ChangeMap t=360521953 id=449
[SMRTK] SMRTK_CONSOLE_ARM enabled=true hook=ChangeMap t=360521953 id=449
						Lua 3:41:15:603
[mod] [SMRTK] SMRTK_CONSOLE_ARM enabled=true hook=ChangeMap t=360521953 id=450
[SMRTK] SMRTK_CONSOLE_ARM enabled=true hook=ChangeMap t=360521953 id=450
						Lua 3:41:15:655
[mod] [SMRTK] SMRTK_CONSOLE_ARM enabled=true hook=ChangeMap t=360521953 id=451
[SMRTK] SMRTK_CONSOLE_ARM enabled=true hook=ChangeMap t=360521953 id=451
						Lua 3:41:16:291
[mod] [SMRTK] SMRTK_SHORTCUT console=false key=Ctrl-Shift-F11 t=0 id=452
						Lua 3:41:16:675
[mod] [SMRTK] SMRTK_SHORTCUT console=false key=Ctrl-Shift-F11 t=0 id=453
						Lua 3:41:17:065
[mod] [SMRTK] SMRTK_SHORTCUT console=false key=Ctrl-Shift-F11 t=0 id=454
						Lua 3:41:17:436
[mod] [SMRTK] SMRTK_CONSOLE_ARM enabled=true hook=PreLoadGame t=0 id=455
[SMRTK] SMRTK_CONSOLE_ARM enabled=true hook=PreLoadGame t=0 id=455
						Lua 3:41:20:279
[mod] [CommunityFixPack] ExoticDepositSign: 1 Exotic Minerals deposit(s) re-signed onto the clean entity
						Lua 3:41:20:280
[mod] [CommunityFixPack] SilentHitMomentFX: restored 2 missing hit-moment tracker(s) on load
						Lua 3:41:20:287
[mod] [SMRTest] console enable requested (clean) — press Enter (or Alt-Shift-C) once in a colony
[SMRTest] console enable requested (clean) — press Enter (or Alt-Shift-C) once in a colony
						Lua 3:41:20:383
game_settings:
    sponsor: Japan
    profile: citymayor
    founding_faction: WorkersParty
    rival_colonies: Roscosmos, NewArk, CNSA, SpaceY
    mystery_random: 
    game_rules: (none)
more_game_settings: save_game_id: 55afqP8zZV1vEYMb, mystery: MirrorSphereMystery, coordinates: 2N176E, landing_spot: ElysiumBeta, logo: Japan
map_conditions: altitude: -2776, temperature: -15, cold_wave: 36, dust_devils: 47, dust_storm: 0, meteors: 73
map_resources: concrete: 254, metals: 146, precious_metals: 146, water: 109
						Lua 3:41:20:490
[mod] [CommunityFixPack] SaveSanitizer: F95 astrogeologist-residue pass removed 0 modifier(s), left 0 unidentified
Game Loaded in 4985 ms
						Lua 3:41:20:491
[mod] [SMRTK] SMRTK_PROVENANCE actions=363 last=watch_selected_field last_id=438 present=true session=1789400587:3032022245:16476155:704241777 t=360488507 id=456
[SMRTK] SMRTK_PROVENANCE actions=363 last=watch_selected_field last_id=438 present=true session=1789400587:3032022245:16476155:704241777 t=360488507 id=456
						Lua 3:41:20:501
[mod] [SMRTK] SMRTK_SHORTCUT console=true key=Ctrl-Shift-F11 t=360488507 id=457
						Lua 3:41:20:514
[mod] [SMRTK] SMRTK_SECTION action=section_attach attached=true dialog=ipDrone object=FlyingDrone(2000244933) status=OK t=360488507 id=458						Lua 3:41:20:515

						Lua 3:41:20:518
[mod] [SMRTK] SMRTK_DOCK action=dock_attach attached=true status=OK surface=dock+side t=360488507 id=459
						Lua 3:41:20:527
[mod] [SMRTest] console enable requested (clean) — press Enter (or Alt-Shift-C) once in a colony						Lua 3:41:20:528

[SMRTest] console enable requested (clean) — press Enter (or Alt-Shift-C) once in a colony
						Lua 3:41:20:726
[mod] [SMRTK] SMRTK_SHORTCUT console=true key=Ctrl-Shift-F11 t=360488507 id=460
						Lua 3:41:21:025
Game loaded on map BlankBig_04 in 5695 ms
[mod] [SMRTK] SMRTK_LOAD action=load_A name=SMRTK_A.sav override=false session=1789400587:3032022245:16476155:704241777 slot=A status=OK t=360488714 id=461
[SMRTK] SMRTK_LOAD action=load_A name=SMRTK_A.sav override=false session=1789400587:3032022245:16476155:704241777 slot=A status=OK t=360488714 id=461
						Lua 3:41:21:328
[mod] [SMRTK] SMRTK_PANEL_RESTORE open=true tab=Saves t=360489016 id=462
						Lua 3:41:22:177
[mod] [SMRTK] SMRTK_TAB action=tab_Agent page=Agent status=OK t=360489866 id=463
						Lua 3:41:22:327
[mod] [SMRTest] console enable requested (clean) — press Enter (or Alt-Shift-C) once in a colony
[SMRTest] console enable requested (clean) — press Enter (or Alt-Shift-C) once in a colony
						Lua 3:41:22:338
[mod] [SMRTK] SMRTK_SHORTCUT console=true key=Ctrl-Shift-F11 t=360490015 id=464
						Lua 3:41:23:326
[mod] [SMRTest] console enable requested (clean) — press Enter (or Alt-Shift-C) once in a colony
[SMRTest] console enable requested (clean) — press Enter (or Alt-Shift-C) once in a colony
						Lua 3:41:23:337
[mod] [SMRTK] SMRTK_SHORTCUT console=true key=Ctrl-Shift-F11 t=360491015 id=465
						Lua 3:41:27:667
[mod] [SMRTK] SMRTK_MARK action=mark label=SMRTK08_S3_CHECK mark=690 status=OK t=360495357 id=466
[SMRTK] SMRTK_MARK action=mark label=SMRTK08_S3_CHECK mark=690 status=OK t=360495357 id=466
						Lua 3:41:27:668
[mod] [SMRTK] SMRTK_FINGERPRINT action=fingerprint fix_pack_present=46/46 game=403908 mark_action=mark mods=SMR_CommunityFixPack,SMR_CommunityFixPackTestKit,SMR_CommunityOptInPack pack_version=11 read="live registry" save=SMRTK_A.sav sol=501 status=OK t=360495357 id=467
[SMRTK] SMRTK_FINGERPRINT action=fingerprint fix_pack_present=46/46 game=403908 mark_action=mark mods=SMR_CommunityFixPack,SMR_CommunityFixPackTestKit,SMR_CommunityOptInPack pack_version=11 read="live registry" save=SMRTK_A.sav sol=501 status=OK t=360495357 id=467
[mod] [SMRTK] SMRTK_DUMP armed=none armed_count=0 attestation=expired click_owner=none current_session=1789400587:3032022245:16476155:704241777 errors=0 layout_name=fixture layout_target_armed=false layouts_held=0 leg=check_after_load map=[table] pins="A=none B=none C=none" pins_cleared=true provenance_actions=363 provenance_last=watch_selected_field provenance_present=true provenance_session=1789400587:3032022245:16476155:704241777 save_name=SMRTK_A.sav session_matches=true sitting=15 sol=501 t=360495357 id=468
[SMRTK] SMRTK_DUMP armed=none armed_count=0 attestation=expired click_owner=none current_session=1789400587:3032022245:16476155:704241777 errors=0 layout_name=fixture layout_target_armed=false layouts_held=0 leg=check_after_load map=[table] pins="A=none B=none C=none" pins_cleared=true provenance_actions=363 provenance_last=watch_selected_field provenance_present=true provenance_session=1789400587:3032022245:16476155:704241777 save_name=SMRTK_A.sav session_matches=true sitting=15 sol=501 t=360495357 id=468
[mod] [SMRTK] SMRTK_MARK action=mark label=SMRTK08_S3_END mark=693 status=OK t=360495357 id=469
[SMRTK] SMRTK_MARK action=mark label=SMRTK08_S3_END mark=693 status=OK t=360495357 id=469
[mod] [SMRTK] SMRTK_FINGERPRINT action=fingerprint fix_pack_present=46/46 game=403908 mark_action=mark mods=SMR_CommunityFixPack,SMR_CommunityFixPackTestKit,SMR_CommunityOptInPack pack_version=11 read="live registry" save=SMRTK_A.sav sol=501 status=OK t=360495357 id=470
[SMRTK] SMRTK_FINGERPRINT action=fingerprint fix_pack_present=46/46 game=403908 mark_action=mark mods=SMR_CommunityFixPack,SMR_CommunityFixPackTestKit,SMR_CommunityOptInPack pack_version=11 read="live registry" save=SMRTK_A.sav sol=501 status=OK t=360495357 id=470
[mod] [SMRTK] SMRTK_ACTION action=slot_3 armed=none armed_count=0 attestation=expired click_owner=none current_session=1789400587:3032022245:16476155:704241777 errors=0 layout_name=fixture layout_target_armed=false layouts_held=0 leg=check_after_load map=[table] pins="A=none B=none C=none" pins_cleared=true provenance_actions=363 provenance_last=watch_selected_field provenance_present=true provenance_session=1789400587:3032022245:16476155:704241777 save_name=SMRTK_A.sav session_matches=true sitting=15 sol=501 status=OK t=360495357 id=471
[SMRTK] SMRTK_ACTION action=slot_3 armed=none armed_count=0 attestation=expired click_owner=none current_session=1789400587:3032022245:16476155:704241777 errors=0 layout_name=fixture layout_target_armed=false layouts_held=0 leg=check_after_load map=[table] pins="A=none B=none C=none" pins_cleared=true provenance_actions=363 provenance_last=watch_selected_field provenance_present=true provenance_session=1789400587:3032022245:16476155:704241777 save_name=SMRTK_A.sav session_matches=true sitting=15 sol=501 status=OK t=360495357 id=471
						Lua 3:42:30:286
[mod] [SMRTK] SMRTK_SECTION action=section_attach attached=true dialog=ipBuilding object=OpenFarm(6374) status=OK t=360557964 id=472
						Lua 3:42:37:578
[mod] [SMRTK] SMRTK_CLEAR action=clear status=OK t=360565267 id=473
						Lua 3:42:44:593
[mod] [SMRTK] SMRTK_SECTION action=section_attach attached=true dialog=ipBuilding object=OpenFarm(6374) status=OK t=360572272 id=474
						Lua 3:42:46:591
[mod] [SMRTK] SMRTK_LOAD action=load_A reason="foreign session: 1789400587:3032022245:16476155:704241777" status=REFUSED t=360574279 id=475
[SMRTK] SMRTK_LOAD action=load_A reason="foreign session: 1789400587:3032022245:16476155:704241777" status=REFUSED t=360574279 id=475
						Lua 3:43:08:983
[mod] [SMRTK] SMRTK_SECTION action=section_attach attached=true dialog=ipBuilding object=OpenFarm(6481) status=OK t=360596661 id=476
						Lua 3:43:11:448
Load Game: 
	lua_revision: 403908 (last saved with) 
	orig_lua_revision: 403908 (created with) 
	assets_revision: 33006 

	dlcs: norman, thomas 

	mods: SMR_CommunityOptInPack, SMR_CommunityFixPack, SMR_CommunityFixPackTestKit 
[mod] [SMRTK] SMRTK_CONSOLE_ARM enabled=true hook=ChangeMap t=360598924 id=477
[SMRTK] SMRTK_CONSOLE_ARM enabled=true hook=ChangeMap t=360598924 id=477
						Lua 3:43:11:495
[mod] [SMRTK] SMRTK_CONSOLE_ARM enabled=true hook=ChangeMap t=360598924 id=478
[SMRTK] SMRTK_CONSOLE_ARM enabled=true hook=ChangeMap t=360598924 id=478
						Lua 3:43:11:544
[mod] [SMRTK] SMRTK_CONSOLE_ARM enabled=true hook=ChangeMap t=360598924 id=479
[SMRTK] SMRTK_CONSOLE_ARM enabled=true hook=ChangeMap t=360598924 id=479
						Lua 3:43:11:597
[mod] [SMRTK] SMRTK_CONSOLE_ARM enabled=true hook=ChangeMap t=360598924 id=480
[SMRTK] SMRTK_CONSOLE_ARM enabled=true hook=ChangeMap t=360598924 id=480
						Lua 3:43:12:285
[mod] [SMRTK] SMRTK_SHORTCUT console=false key=Ctrl-Shift-F11 t=0 id=481
						Lua 3:43:12:678
[mod] [SMRTK] SMRTK_SHORTCUT console=false key=Ctrl-Shift-F11 t=0 id=482
						Lua 3:43:13:078
[mod] [SMRTK] SMRTK_SHORTCUT console=false key=Ctrl-Shift-F11 t=0 id=483
						Lua 3:43:13:464
[mod] [SMRTK] SMRTK_CONSOLE_ARM enabled=true hook=PreLoadGame t=0 id=484
[SMRTK] SMRTK_CONSOLE_ARM enabled=true hook=PreLoadGame t=0 id=484
						Lua 3:43:16:526
[mod] [CommunityFixPack] ExoticDepositSign: 1 Exotic Minerals deposit(s) re-signed onto the clean entity
						Lua 3:43:16:527
[mod] [CommunityFixPack] SilentHitMomentFX: restored 2 missing hit-moment tracker(s) on load
						Lua 3:43:16:534
[mod] [SMRTest] console enable requested (clean) — press Enter (or Alt-Shift-C) once in a colony
[SMRTest] console enable requested (clean) — press Enter (or Alt-Shift-C) once in a colony
						Lua 3:43:16:627
game_settings:
    sponsor: Japan
    profile: citymayor
    founding_faction: WorkersParty
    rival_colonies: Roscosmos, NewArk, CNSA, SpaceY
    mystery_random: 
    game_rules: (none)
more_game_settings: save_game_id: 55afqP8zZV1vEYMb, mystery: MirrorSphereMystery, coordinates: 2N176E, landing_spot: ElysiumBeta, logo: Japan
map_conditions: altitude: -2776, temperature: -15, cold_wave: 36, dust_devils: 47, dust_storm: 0, meteors: 73
map_resources: concrete: 254, metals: 146, precious_metals: 146, water: 109
						Lua 3:43:16:732
[mod] [CommunityFixPack] SaveSanitizer: F95 astrogeologist-residue pass removed 0 modifier(s), left 0 unidentified
Game Loaded in 5285 ms
[mod] [SMRTK] SMRTK_PROVENANCE actions=363 last=watch_selected_field last_id=438 present=true session=1789400587:3032022245:16476155:704241777 t=360488507 id=485
[SMRTK] SMRTK_PROVENANCE actions=363 last=watch_selected_field last_id=438 present=true session=1789400587:3032022245:16476155:704241777 t=360488507 id=485
						Lua 3:43:16:742
[mod] [SMRTK] SMRTK_SHORTCUT console=true key=Ctrl-Shift-F11 t=360488507 id=486
						Lua 3:43:16:756
[mod] [SMRTK] SMRTK_SECTION action=section_attach attached=true dialog=ipDrone object=FlyingDrone(2000244933) status=OK t=360488507 id=487
						Lua 3:43:16:759
[mod] [SMRTK] SMRTK_DOCK action=dock_attach attached=true status=OK surface=dock+side t=360488507 id=488
						Lua 3:43:16:769
[mod] [SMRTest] console enable requested (clean) — press Enter (or Alt-Shift-C) once in a colony
[SMRTest] console enable requested (clean) — press Enter (or Alt-Shift-C) once in a colony
						Lua 3:43:16:987
[mod] [SMRTK] SMRTK_SHORTCUT console=true key=Ctrl-Shift-F11 t=360488507 id=489
						Lua 3:43:17:219
Game loaded on map BlankBig_04 in 5984 ms
[mod] [SMRTK] SMRTK_LOAD_OVERRIDE action=load_override_A name=SMRTK_A.sav override=true session=1789400587:3032022245:16476155:704241777 slot=A status=OK t=360488648 id=490
[SMRTK] SMRTK_LOAD_OVERRIDE action=load_override_A name=SMRTK_A.sav override=true session=1789400587:3032022245:16476155:704241777 slot=A status=OK t=360488648 id=490
						Lua 3:43:17:531
[mod] [SMRTK] SMRTK_PANEL_RESTORE open=true tab=Agent t=360488959 id=491
						Lua 3:43:18:529
[mod] [SMRTest] console enable requested (clean) — press Enter (or Alt-Shift-C) once in a colony
[SMRTest] console enable requested (clean) — press Enter (or Alt-Shift-C) once in a colony
						Lua 3:43:18:539
[mod] [SMRTK] SMRTK_SHORTCUT console=true key=Ctrl-Shift-F11 t=360489958 id=492
						Lua 3:43:19:528
[mod] [SMRTest] console enable requested (clean) — press Enter (or Alt-Shift-C) once in a colony
[SMRTest] console enable requested (clean) — press Enter (or Alt-Shift-C) once in a colony
						Lua 3:43:19:539
[mod] [SMRTK] SMRTK_SHORTCUT console=true key=Ctrl-Shift-F11 t=360490958 id=493
						Lua 3:43:40:263
[mod] [SMRTK] SMRTK_SECTION action=section_attach attached=true dialog=ipBuilding object=OpenFarm(6374) status=OK t=360511683 id=494
						Lua 3:44:02:307
[mod] [SMRTK] SMRTK_TAB action=tab_Agent page=Agent status=OK t=360533737 id=495
						Lua 3:44:06:124
[mod] [SMRTK] SMRTK_MARK action=mark label=SMRTK08_S3_CHECK mark=729 status=OK t=360537553 id=496
[SMRTK] SMRTK_MARK action=mark label=SMRTK08_S3_CHECK mark=729 status=OK t=360537553 id=496
[mod] [SMRTK] SMRTK_FINGERPRINT action=fingerprint fix_pack_present=46/46 game=403908 mark_action=mark mods=SMR_CommunityFixPack,SMR_CommunityFixPackTestKit,SMR_CommunityOptInPack pack_version=11 read="live registry" save=SMRTK_A.sav sol=501 status=OK t=360537553 id=497
[SMRTK] SMRTK_FINGERPRINT action=fingerprint fix_pack_present=46/46 game=403908 mark_action=mark mods=SMR_CommunityFixPack,SMR_CommunityFixPackTestKit,SMR_CommunityOptInPack pack_version=11 read="live registry" save=SMRTK_A.sav sol=501 status=OK t=360537553 id=497
[mod] [SMRTK] SMRTK_DUMP armed=none armed_count=0 attestation=expired click_owner=none current_session=1789400587:3032022245:16476155:704241777 errors=0 layout_name=fixture layout_target_armed=false layouts_held=0 leg=check_after_load map=[table] pins="A=none B=none C=none" pins_cleared=true provenance_actions=363 provenance_last=watch_selected_field provenance_present=true provenance_session=1789400587:3032022245:16476155:704241777 save_name=SMRTK_A.sav session_matches=true sitting=22 sol=501 t=360537553 id=498
[SMRTK] SMRTK_DUMP armed=none armed_count=0 attestation=expired click_owner=none current_session=1789400587:3032022245:16476155:704241777 errors=0 layout_name=fixture layout_target_armed=false layouts_held=0 leg=check_after_load map=[table] pins="A=none B=none C=none" pins_cleared=true provenance_actions=363 provenance_last=watch_selected_field provenance_present=true provenance_session=1789400587:3032022245:16476155:704241777 save_name=SMRTK_A.sav session_matches=true sitting=22 sol=501 t=360537553 id=498
[mod] [SMRTK] SMRTK_MARK action=mark label=SMRTK08_S3_END mark=732 status=OK t=360537553 id=499
[SMRTK] SMRTK_MARK action=mark label=SMRTK08_S3_END mark=732 status=OK t=360537553 id=499
[mod] [SMRTK] SMRTK_FINGERPRINT action=fingerprint fix_pack_present=46/46 game=403908 mark_action=mark mods=SMR_CommunityFixPack,SMR_CommunityFixPackTestKit,SMR_CommunityOptInPack pack_version=11 read="live registry" save=SMRTK_A.sav sol=501 status=OK t=360537553 id=500
[SMRTK] SMRTK_FINGERPRINT action=fingerprint fix_pack_present=46/46 game=403908 mark_action=mark mods=SMR_CommunityFixPack,SMR_CommunityFixPackTestKit,SMR_CommunityOptInPack pack_version=11 read="live registry" save=SMRTK_A.sav sol=501 status=OK t=360537553 id=500
[mod] [SMRTK] SMRTK_ACTION action=slot_3 armed=none armed_count=0 attestation=expired click_owner=none current_session=1789400587:3032022245:16476155:704241777 errors=0 layout_name=fixture layout_target_armed=false layouts_held=0 leg=check_after_load map=[table] pins="A=none B=none C=none" pins_cleared=true provenance_actions=363 provenance_last=watch_selected_field provenance_present=true provenance_session=1789400587:3032022245:16476155:704241777 save_name=SMRTK_A.sav session_matches=true sitting=22 sol=501 status=OK t=360537553 id=501
[SMRTK] SMRTK_ACTION action=slot_3 armed=none armed_count=0 attestation=expired click_owner=none current_session=1789400587:3032022245:16476155:704241777 errors=0 layout_name=fixture layout_target_armed=false layouts_held=0 leg=check_after_load map=[table] pins="A=none B=none C=none" pins_cleared=true provenance_actions=363 provenance_last=watch_selected_field provenance_present=true provenance_session=1789400587:3032022245:16476155:704241777 save_name=SMRTK_A.sav session_matches=true sitting=22 sol=501 status=OK t=360537553 id=501
						Lua 3:45:43:470
[mod] [SMRTK] SMRTK_SECTION action=section_attach attached=true dialog=ipBuilding object=OpenFarm(6374) status=OK t=360634890 id=502
						Lua 3:45:46:731
[mod] [SMRTK] SMRTK_SECTION action=section_attach attached=true dialog=ipBuilding object=StorageMachineParts(7078) status=OK t=360638153 id=503
						Lua 3:46:11:974
[mod] [SMRTK] SMRTK_TAB action=tab_Stamper page=Stamper status=OK t=360663404 id=504
						Lua 3:46:51:101
[mod] [SMRTK] SMRTK_LAYOUT_NAME action=layout_name name=smrtk08_depot status=OK t=360702532 id=505
						Lua 3:46:51:102
[mod] [SMRTK] SMRTK_CAPTURE_SKIP object=StorageMachineParts(7078) reason="template unavailable" template=StorageMachineParts t=360702532 id=506
						Lua 3:46:51:111
[mod] [SMRTK] SMRTK_CAPTURE action=layout_capture_selected reason="no supported buildings or grid nodes in capture" status=REFUSED t=360702532 id=507
[SMRTK] SMRTK_CAPTURE action=layout_capture_selected reason="no supported buildings or grid nodes in capture" status=REFUSED t=360702532 id=507
						Lua 3:47:01:689
[mod] [SMRTK] SMRTK_LAYOUT_NAME action=layout_name name=smrtk08_depot status=OK t=360713119 id=508
[mod] [SMRTK] SMRTK_LAYOUT_COPY action=layout_copy reason="layout fields" status=REFUSED t=360713119 id=509
[SMRTK] SMRTK_LAYOUT_COPY action=layout_copy reason="layout fields" status=REFUSED t=360713119 id=509
						Lua 3:47:18:137
[mod] [SMRTK] SMRTK_LAYOUT_NAME action=layout_name name=smrtk08_depot status=OK t=360729568 id=510
[mod] [SMRTK] SMRTK_LAYOUT_COPY action=layout_copy reason="layout fields" status=REFUSED t=360729568 id=511
[SMRTK] SMRTK_LAYOUT_COPY action=layout_copy reason="layout fields" status=REFUSED t=360729568 id=511
						Lua 3:50:38:356
[mod] [SMRTK] SMRTK_SECTION action=section_attach attached=true dialog=ipBuilding object=OpenFarm(6326) status=OK t=360929777 id=512
						Lua 3:50:41:331
[mod] [SMRTK] SMRTK_SECTION action=section_attach attached=true dialog=ipBuilding object=DomeMega(5446) status=OK t=360932747 id=513
						Lua 3:50:42:387
[mod] [SMRTK] SMRTK_SECTION action=section_attach attached=true dialog=ipBuilding object=OpenFarm(8370) status=OK t=360933807 id=514
						Lua 3:51:44:646
[mod] [SMRTK] SMRTK_SECTION action=section_attach attached=true dialog=ipBuilding object=OpenFarm(6481) status=OK t=360996067 id=515
						Lua 3:51:45:200
[mod] [SMRTK] SMRTK_SECTION action=section_attach attached=true dialog=ipBuilding object=ElectronicsFactory(7070) status=OK t=360996614 id=516
						Lua 3:51:45:857
[mod] [SMRTK] SMRTK_SECTION action=section_attach attached=true dialog=ipBuilding object=ElectronicsFactory(7064) status=OK t=360997274 id=517
						Lua 3:51:46:330
[mod] [SMRTK] SMRTK_SECTION action=section_attach attached=true dialog=ipBuilding object=DomeMega(5470) status=OK t=360997749 id=518
						Lua 3:51:48:252
[mod] [SMRTK] SMRTK_TAB action=tab_World page=World status=OK t=360999681 id=519
						Lua 3:51:53:773
[mod] [SMRTK] SMRTK_ACTION action=spawn_colonists_1 reason="spawn count mismatch; before=677 after=677" status=REFUSED t=361005202 id=520
[SMRTK] SMRTK_ACTION action=spawn_colonists_1 reason="spawn count mismatch; before=677 after=677" status=REFUSED t=361005202 id=520
						Lua 3:57:07:149
[mod] [SMRTK] SMRTK_TAB action=tab_Agent page=Agent status=OK t=361318577 id=521
						Lua 3:57:19:050
[mod] [SMRTK] SMRTK_DUMP armed=none armed_count=0 buildings=1149 colonists=682 constructions=0 depots_mechanized=13 depots_universal=77 domes=13 drone_hubs=12 drones=939 errors=0 errors_since_mark=0 grids="screen check; not enumerated here" leg=read_sitting map=[table] mark=732 mark_label=SMRTK08_S3_END rocket_detail=UniversalRocket(3212):CmdOnEarth:not-ready|UniversalRocket(2848):CmdWaitOrder:not-ready|UniversalRocket(4080):CmdOnEarth:not-ready|UniversalRocket(3217):CmdLoad:not-ready|UniversalLanderRocket(4317):CmdWaitOrder:not-ready|UniversalSupplyPod(8916):CmdWaitInOrbit:not-ready rockets=10 rockets_ready=0 sol=503 t=361330478 id=522
[SMRTK] SMRTK_DUMP armed=none armed_count=0 buildings=1149 colonists=682 constructions=0 depots_mechanized=13 depots_universal=77 domes=13 drone_hubs=12 drones=939 errors=0 errors_since_mark=0 grids="screen check; not enumerated here" leg=read_sitting map=[table] mark=732 mark_label=SMRTK08_S3_END rocket_detail=UniversalRocket(3212):CmdOnEarth:not-ready|UniversalRocket(2848):CmdWaitOrder:not-ready|UniversalRocket(4080):CmdOnEarth:not-ready|UniversalRocket(3217):CmdLoad:not-ready|UniversalLanderRocket(4317):CmdWaitOrder:not-ready|UniversalSupplyPod(8916):CmdWaitInOrbit:not-ready rockets=10 rockets_ready=0 sol=503 t=361330478 id=522
[mod] [SMRTK] SMRTK_ACTION action=slot_scratch armed=none armed_count=0 buildings=1149 colonists=682 constructions=0 depots_mechanized=13 depots_universal=77 domes=13 drone_hubs=12 drones=939 errors=0 errors_since_mark=0 grids="screen check; not enumerated here" leg=read_sitting map=[table] mark=732 mark_label=SMRTK08_S3_END rocket_detail=UniversalRocket(3212):CmdOnEarth:not-ready|UniversalRocket(2848):CmdWaitOrder:not-ready|UniversalRocket(4080):CmdOnEarth:not-ready|UniversalRocket(3217):CmdLoad:not-ready|UniversalLanderRocket(4317):CmdWaitOrder:not-ready|UniversalSupplyPod(8916):CmdWaitInOrbit:not-ready rockets=10 rockets_ready=0 sol=503 status=OK t=361330478 id=523
[SMRTK] SMRTK_ACTION action=slot_scratch armed=none armed_count=0 buildings=1149 colonists=682 constructions=0 depots_mechanized=13 depots_universal=77 domes=13 drone_hubs=12 drones=939 errors=0 errors_since_mark=0 grids="screen check; not enumerated here" leg=read_sitting map=[table] mark=732 mark_label=SMRTK08_S3_END rocket_detail=UniversalRocket(3212):CmdOnEarth:not-ready|UniversalRocket(2848):CmdWaitOrder:not-ready|UniversalRocket(4080):CmdOnEarth:not-ready|UniversalRocket(3217):CmdLoad:not-ready|UniversalLanderRocket(4317):CmdWaitOrder:not-ready|UniversalSupplyPod(8916):CmdWaitInOrbit:not-ready rockets=10 rockets_ready=0 sol=503 status=OK t=361330478 id=523
						Lua 3:57:28:322
[mod] [SMRTK] SMRTK_CLEAR action=clear status=OK t=361339752 id=524
						Lua 3:57:53:606
[mod] [SMRTK] SMRTK_SECTION action=section_attach attached=true dialog=ipBuilding object=OpenFarm(6481) status=OK t=361365021 id=525
						Lua 3:57:55:362
[mod] [SMRTK] SMRTK_SECTION action=section_attach attached=true dialog=ipBuilding object=OpenFarm(6481) status=OK t=361366784 id=526
						Lua 3:58:04:403
[mod] [SMRTK] SMRTK_TAB action=tab_World page=World status=OK t=361375012 id=527
						Lua 3:58:14:995
[mod] [SMRTK] SMRTK_TAB action=tab_World page=World status=OK t=361385609 id=528
						Lua 3:58:15:273
[mod] [SMRTK] SMRTK_TAB action=tab_Agent page=Agent status=OK t=361385889 id=529
						Lua 4:01:12:353
[mod] [SMRTK] SMRTK_ARM action=trigger_rocket cadence=1000 once=true status=OK trigger=trigger_rocket t=361559236 id=530
[SMRTK] SMRTK_ARM action=trigger_rocket cadence=1000 once=true status=OK trigger=trigger_rocket t=361559236 id=530
						Lua 4:01:22:448
[mod] [SMRTK] SMRTK_TAB action=tab_World page=World status=OK t=361569330 id=531
						Lua 4:01:23:116
[mod] [SMRTK] SMRTK_TAB action=tab_Agent page=Agent status=OK t=361569999 id=532
						Lua 4:01:24:806
[mod] [SMRTK] SMRTK_DUMP armed=trigger_rocket armed_count=1 buildings=1149 colonists=685 constructions=0 depots_mechanized=13 depots_universal=77 domes=13 drone_hubs=12 drones=939 errors=0 errors_since_mark=0 grids="screen check; not enumerated here" leg=read_sitting map=[table] mark=732 mark_label=SMRTK08_S3_END rocket_detail=UniversalRocket(3212):CmdOnEarth:not-ready|UniversalRocket(2848):CmdWaitOrder:not-ready|UniversalRocket(4080):CmdFlyToLocation:READY|UniversalRocket(3217):CmdLoad:not-ready|UniversalLanderRocket(4317):CmdWaitOrder:not-ready|UniversalSupplyPod(8916):CmdWaitInOrbit:not-ready rockets=11 rockets_ready=1 sol=503 t=361571689 id=533
[SMRTK] SMRTK_DUMP armed=trigger_rocket armed_count=1 buildings=1149 colonists=685 constructions=0 depots_mechanized=13 depots_universal=77 domes=13 drone_hubs=12 drones=939 errors=0 errors_since_mark=0 grids="screen check; not enumerated here" leg=read_sitting map=[table] mark=732 mark_label=SMRTK08_S3_END rocket_detail=UniversalRocket(3212):CmdOnEarth:not-ready|UniversalRocket(2848):CmdWaitOrder:not-ready|UniversalRocket(4080):CmdFlyToLocation:READY|UniversalRocket(3217):CmdLoad:not-ready|UniversalLanderRocket(4317):CmdWaitOrder:not-ready|UniversalSupplyPod(8916):CmdWaitInOrbit:not-ready rockets=11 rockets_ready=1 sol=503 t=361571689 id=533
[mod] [SMRTK] SMRTK_ACTION action=slot_scratch armed=trigger_rocket armed_count=1 buildings=1149 colonists=685 constructions=0 depots_mechanized=13 depots_universal=77 domes=13 drone_hubs=12 drones=939 errors=0 errors_since_mark=0 grids="screen check; not enumerated here" leg=read_sitting map=[table] mark=732 mark_label=SMRTK08_S3_END rocket_detail=UniversalRocket(3212):CmdOnEarth:not-ready|UniversalRocket(2848):CmdWaitOrder:not-ready|UniversalRocket(4080):CmdFlyToLocation:READY|UniversalRocket(3217):CmdLoad:not-ready|UniversalLanderRocket(4317):CmdWaitOrder:not-ready|UniversalSupplyPod(8916):CmdWaitInOrbit:not-ready rockets=11 rockets_ready=1 sol=503 status=OK t=361571689 id=534
[SMRTK] SMRTK_ACTION action=slot_scratch armed=trigger_rocket armed_count=1 buildings=1149 colonists=685 constructions=0 depots_mechanized=13 depots_universal=77 domes=13 drone_hubs=12 drones=939 errors=0 errors_since_mark=0 grids="screen check; not enumerated here" leg=read_sitting map=[table] mark=732 mark_label=SMRTK08_S3_END rocket_detail=UniversalRocket(3212):CmdOnEarth:not-ready|UniversalRocket(2848):CmdWaitOrder:not-ready|UniversalRocket(4080):CmdFlyToLocation:READY|UniversalRocket(3217):CmdLoad:not-ready|UniversalLanderRocket(4317):CmdWaitOrder:not-ready|UniversalSupplyPod(8916):CmdWaitInOrbit:not-ready rockets=11 rockets_ready=1 sol=503 status=OK t=361571689 id=534
						Lua 4:01:51:736
[mod] [SMRTK] SMRTK_DUMP armed=trigger_rocket armed_count=1 buildings=1149 colonists=687 constructions=0 depots_mechanized=13 depots_universal=77 domes=13 drone_hubs=12 drones=939 errors=0 errors_since_mark=0 grids="screen check; not enumerated here" leg=read_sitting map=[table] mark=732 mark_label=SMRTK08_S3_END rocket_detail=UniversalRocket(3212):CmdOnEarth:not-ready|UniversalRocket(2848):CmdWaitOrder:not-ready|UniversalRocket(4080):CmdFlyToLocation:READY|UniversalRocket(3217):CmdLoad:not-ready|UniversalLanderRocket(4317):CmdWaitOrder:not-ready|UniversalSupplyPod(8916):CmdWaitInOrbit:not-ready rockets=11 rockets_ready=1 sol=503 t=361673491 id=535
[SMRTK] SMRTK_DUMP armed=trigger_rocket armed_count=1 buildings=1149 colonists=687 constructions=0 depots_mechanized=13 depots_universal=77 domes=13 drone_hubs=12 drones=939 errors=0 errors_since_mark=0 grids="screen check; not enumerated here" leg=read_sitting map=[table] mark=732 mark_label=SMRTK08_S3_END rocket_detail=UniversalRocket(3212):CmdOnEarth:not-ready|UniversalRocket(2848):CmdWaitOrder:not-ready|UniversalRocket(4080):CmdFlyToLocation:READY|UniversalRocket(3217):CmdLoad:not-ready|UniversalLanderRocket(4317):CmdWaitOrder:not-ready|UniversalSupplyPod(8916):CmdWaitInOrbit:not-ready rockets=11 rockets_ready=1 sol=503 t=361673491 id=535
[mod] [SMRTK] SMRTK_ACTION action=slot_scratch armed=trigger_rocket armed_count=1 buildings=1149 colonists=687 constructions=0 depots_mechanized=13 depots_universal=77 domes=13 drone_hubs=12 drones=939 errors=0 errors_since_mark=0 grids="screen check; not enumerated here" leg=read_sitting map=[table] mark=732 mark_label=SMRTK08_S3_END rocket_detail=UniversalRocket(3212):CmdOnEarth:not-ready|UniversalRocket(2848):CmdWaitOrder:not-ready|UniversalRocket(4080):CmdFlyToLocation:READY|UniversalRocket(3217):CmdLoad:not-ready|UniversalLanderRocket(4317):CmdWaitOrder:not-ready|UniversalSupplyPod(8916):CmdWaitInOrbit:not-ready rockets=11 rockets_ready=1 sol=503 status=OK t=361673491 id=536
[SMRTK] SMRTK_ACTION action=slot_scratch armed=trigger_rocket armed_count=1 buildings=1149 colonists=687 constructions=0 depots_mechanized=13 depots_universal=77 domes=13 drone_hubs=12 drones=939 errors=0 errors_since_mark=0 grids="screen check; not enumerated here" leg=read_sitting map=[table] mark=732 mark_label=SMRTK08_S3_END rocket_detail=UniversalRocket(3212):CmdOnEarth:not-ready|UniversalRocket(2848):CmdWaitOrder:not-ready|UniversalRocket(4080):CmdFlyToLocation:READY|UniversalRocket(3217):CmdLoad:not-ready|UniversalLanderRocket(4317):CmdWaitOrder:not-ready|UniversalSupplyPod(8916):CmdWaitInOrbit:not-ready rockets=11 rockets_ready=1 sol=503 status=OK t=361673491 id=536
						Lua 4:02:06:419
[mod] [SMRTK] SMRTK_TAB action=tab_World page=World status=OK t=361746906 id=537
						Lua 4:02:51:223
[mod] [SMRTK] SMRTK_ACTION action=rocket_arrive reason="select an in-flight universal rocket" status=REFUSED t=361764481 id=538
[SMRTK] SMRTK_ACTION action=rocket_arrive reason="select an in-flight universal rocket" status=REFUSED t=361764481 id=538
						Lua 4:03:25:625
[mod] [SMRTK] SMRTK_SECTION action=section_attach attached=true dialog=ipBuilding object=OpenFarm(6481) status=OK t=361796680 id=539
						Lua 4:03:34:565
[mod] [SMRTK] SMRTK_SECTION action=section_attach attached=true dialog=ipBuilding object=MartianUniversity(6719) status=OK t=361805609 id=540
						Lua 4:03:35:075
[mod] [SMRTK] SMRTK_SECTION action=section_attach attached=true dialog=ipBuilding object=OpenCity(5346) status=OK t=361806122 id=541
						Lua 4:03:46:848
[mod] [SMRTK] SMRTK_ACTION action=spawn_martian_colonists_10 reason="spawn count mismatch; before=689 after=689" status=REFUSED t=361817903 id=542
[SMRTK] SMRTK_ACTION action=spawn_martian_colonists_10 reason="spawn count mismatch; before=689 after=689" status=REFUSED t=361817903 id=542
						Lua 4:03:49:004
[mod] [SMRTK] SMRTK_TAB action=tab_Agent page=Agent status=OK t=361820065 id=543
						Lua 4:03:59:554
[mod] [SMRTK] SMRTK_DUMP armed=trigger_rocket armed_count=1 buildings=1149 colonists=701 constructions=0 depots_mechanized=13 depots_universal=77 domes=13 drone_hubs=12 drones=939 errors=0 errors_since_mark=0 grids="screen check; not enumerated here" leg=read_sitting map=[table] mark=732 mark_label=SMRTK08_S3_END rocket_detail=UniversalRocket(3212):CmdOnEarth:not-ready|UniversalRocket(2848):CmdWaitOrder:not-ready|UniversalRocket(4080):CmdFlyToLocation:READY|UniversalRocket(3217):CmdLoad:not-ready|UniversalLanderRocket(4317):CmdWaitOrder:not-ready|UniversalSupplyPod(8916):CmdWaitInOrbit:not-ready rockets=13 rockets_ready=2 sol=503 t=361830615 id=544
[SMRTK] SMRTK_DUMP armed=trigger_rocket armed_count=1 buildings=1149 colonists=701 constructions=0 depots_mechanized=13 depots_universal=77 domes=13 drone_hubs=12 drones=939 errors=0 errors_since_mark=0 grids="screen check; not enumerated here" leg=read_sitting map=[table] mark=732 mark_label=SMRTK08_S3_END rocket_detail=UniversalRocket(3212):CmdOnEarth:not-ready|UniversalRocket(2848):CmdWaitOrder:not-ready|UniversalRocket(4080):CmdFlyToLocation:READY|UniversalRocket(3217):CmdLoad:not-ready|UniversalLanderRocket(4317):CmdWaitOrder:not-ready|UniversalSupplyPod(8916):CmdWaitInOrbit:not-ready rockets=13 rockets_ready=2 sol=503 t=361830615 id=544
[mod] [SMRTK] SMRTK_ACTION action=slot_scratch armed=trigger_rocket armed_count=1 buildings=1149 colonists=701 constructions=0 depots_mechanized=13 depots_universal=77 domes=13 drone_hubs=12 drones=939 errors=0 errors_since_mark=0 grids="screen check; not enumerated here" leg=read_sitting map=[table] mark=732 mark_label=SMRTK08_S3_END rocket_detail=UniversalRocket(3212):CmdOnEarth:not-ready|UniversalRocket(2848):CmdWaitOrder:not-ready|UniversalRocket(4080):CmdFlyToLocation:READY|UniversalRocket(3217):CmdLoad:not-ready|UniversalLanderRocket(4317):CmdWaitOrder:not-ready|UniversalSupplyPod(8916):CmdWaitInOrbit:not-ready rockets=13 rockets_ready=2 sol=503 status=OK t=361830615 id=545
[SMRTK] SMRTK_ACTION action=slot_scratch armed=trigger_rocket armed_count=1 buildings=1149 colonists=701 constructions=0 depots_mechanized=13 depots_universal=77 domes=13 drone_hubs=12 drones=939 errors=0 errors_since_mark=0 grids="screen check; not enumerated here" leg=read_sitting map=[table] mark=732 mark_label=SMRTK08_S3_END rocket_detail=UniversalRocket(3212):CmdOnEarth:not-ready|UniversalRocket(2848):CmdWaitOrder:not-ready|UniversalRocket(4080):CmdFlyToLocation:READY|UniversalRocket(3217):CmdLoad:not-ready|UniversalLanderRocket(4317):CmdWaitOrder:not-ready|UniversalSupplyPod(8916):CmdWaitInOrbit:not-ready rockets=13 rockets_ready=2 sol=503 status=OK t=361830615 id=545
						Lua 4:04:21:241
[mod] [SMRTK] SMRTK_CLEAR action=clear status=OK t=361849666 id=546
						Lua 4:04:44:706
[mod] [SMRTK] SMRTK_SECTION action=section_attach attached=true dialog=ipBuilding object=UniversalRocket(2848) status=OK t=361849666 id=547
						Lua 4:04:54:816
[mod] [SMRTK] SMRTK_TAB action=tab_World page=World status=OK t=361849666 id=548
						Lua 4:04:58:809
[mod] [SMRTK] SMRTK_ACTION action=rocket_arrive reason="select an in-flight universal rocket" status=REFUSED t=361849666 id=549
[SMRTK] SMRTK_ACTION action=rocket_arrive reason="select an in-flight universal rocket" status=REFUSED t=361849666 id=549
						Lua 4:05:31:090
[mod] [SMRTK] SMRTK_TAB action=tab_Agent page=Agent status=OK t=361849666 id=550
						Lua 4:05:32:727
[mod] [SMRTK] SMRTK_TAB action=tab_Sitting page=Sitting status=OK t=361849666 id=551
						Lua 4:05:33:860
[mod] [SMRTK] SMRTK_TAB action=tab_World page=World status=OK t=361849666 id=552
						Lua 4:05:34:405
[mod] [SMRTK] SMRTK_TAB action=tab_Saves page=Saves status=OK t=361849666 id=553
						Lua 4:05:35:509
[mod] [SMRTK] SMRTK_TAB action=tab_Kit page=Kit status=OK t=361849666 id=554
						Lua 4:05:37:232
[mod] [SMRTK] SMRTK_TAB action=tab_Selected page=Selected status=OK t=361849666 id=555
						Lua 4:05:44:426
[mod] [SMRTK] SMRTK_TAB action=tab_Sitting page=Sitting status=OK t=361849666 id=556
						Lua 4:05:45:299
[mod] [SMRTK] SMRTK_TAB action=tab_Agent page=Agent status=OK t=361849666 id=557
						Lua 4:05:46:828
[mod] [SMRTK] SMRTK_TAB action=tab_World page=World status=OK t=361849666 id=558
						Lua 4:07:21:080
[mod] [SMRTK] SMRTK_SECTION action=section_attach attached=true dialog=ipBuilding object=DomeDiamond(5350) status=OK t=361849666 id=559
						Lua 4:07:25:102
[mod] [SMRTK] SMRTK_ACTION action=spawn_colonists_10 reason="spawn count mismatch; before=701 after=701" status=REFUSED t=361849666 id=560
[SMRTK] SMRTK_ACTION action=spawn_colonists_10 reason="spawn count mismatch; before=701 after=701" status=REFUSED t=361849666 id=560
						Lua 4:07:26:691
[mod] [SMRTK] SMRTK_TAB action=tab_Agent page=Agent status=OK t=361849666 id=561
						Lua 4:07:28:680
[mod] [SMRTK] SMRTK_DUMP armed=trigger_rocket armed_count=1 buildings=1149 colonists=711 constructions=0 depots_mechanized=13 depots_universal=77 domes=13 drone_hubs=12 drones=939 errors=0 errors_since_mark=0 grids="screen check; not enumerated here" leg=read_sitting map=[table] mark=732 mark_label=SMRTK08_S3_END rocket_detail=UniversalRocket(3212):CmdOnEarth:not-ready|UniversalRocket(2848):CmdWaitOrder:not-ready|UniversalRocket(4080):CmdFlyToLocation:READY|UniversalRocket(3217):CmdLoad:not-ready|UniversalLanderRocket(4317):CmdWaitOrder:not-ready|UniversalSupplyPod(8916):CmdWaitInOrbit:not-ready rockets=13 rockets_ready=2 sol=503 t=361849666 id=562
[SMRTK] SMRTK_DUMP armed=trigger_rocket armed_count=1 buildings=1149 colonists=711 constructions=0 depots_mechanized=13 depots_universal=77 domes=13 drone_hubs=12 drones=939 errors=0 errors_since_mark=0 grids="screen check; not enumerated here" leg=read_sitting map=[table] mark=732 mark_label=SMRTK08_S3_END rocket_detail=UniversalRocket(3212):CmdOnEarth:not-ready|UniversalRocket(2848):CmdWaitOrder:not-ready|UniversalRocket(4080):CmdFlyToLocation:READY|UniversalRocket(3217):CmdLoad:not-ready|UniversalLanderRocket(4317):CmdWaitOrder:not-ready|UniversalSupplyPod(8916):CmdWaitInOrbit:not-ready rockets=13 rockets_ready=2 sol=503 t=361849666 id=562
[mod] [SMRTK] SMRTK_ACTION action=slot_scratch armed=trigger_rocket armed_count=1 buildings=1149 colonists=711 constructions=0 depots_mechanized=13 depots_universal=77 domes=13 drone_hubs=12 drones=939 errors=0 errors_since_mark=0 grids="screen check; not enumerated here" leg=read_sitting map=[table] mark=732 mark_label=SMRTK08_S3_END rocket_detail=UniversalRocket(3212):CmdOnEarth:not-ready|UniversalRocket(2848):CmdWaitOrder:not-ready|UniversalRocket(4080):CmdFlyToLocation:READY|UniversalRocket(3217):CmdLoad:not-ready|UniversalLanderRocket(4317):CmdWaitOrder:not-ready|UniversalSupplyPod(8916):CmdWaitInOrbit:not-ready rockets=13 rockets_ready=2 sol=503 status=OK t=361849666 id=563
[SMRTK] SMRTK_ACTION action=slot_scratch armed=trigger_rocket armed_count=1 buildings=1149 colonists=711 constructions=0 depots_mechanized=13 depots_universal=77 domes=13 drone_hubs=12 drones=939 errors=0 errors_since_mark=0 grids="screen check; not enumerated here" leg=read_sitting map=[table] mark=732 mark_label=SMRTK08_S3_END rocket_detail=UniversalRocket(3212):CmdOnEarth:not-ready|UniversalRocket(2848):CmdWaitOrder:not-ready|UniversalRocket(4080):CmdFlyToLocation:READY|UniversalRocket(3217):CmdLoad:not-ready|UniversalLanderRocket(4317):CmdWaitOrder:not-ready|UniversalSupplyPod(8916):CmdWaitInOrbit:not-ready rockets=13 rockets_ready=2 sol=503 status=OK t=361849666 id=563
						Lua 4:09:06:013
[mod] [SMRTK] SMRTK_CLEAR action=clear status=OK t=361849666 id=564
						Lua 4:09:09:733
[mod] [SMRTK] SMRTK_SECTION action=section_attach attached=true dialog=ipBuilding object=OpenCity(5346) status=OK t=361849666 id=565
						Lua 4:09:17:576
[mod] [SMRTK] SMRTK_SECTION action=section_attach attached=true dialog=ipBuilding object=UniversalRocket(4080) status=OK t=361849666 id=566
						Lua 4:09:21:443
[mod] [SMRTK] SMRTK_TAB action=tab_World page=World status=OK t=361852150 id=567
						Lua 4:09:27:364
[mod] [SMRTK] SMRTK_ACTION action=rocket_arrive command=CmdWaitInOrbit object=UniversalRocket(4080) outcome=travel_wait_finished skipped_time=159114 status=OK t=361858072 id=568
[SMRTK] SMRTK_ACTION action=rocket_arrive command=CmdWaitInOrbit object=UniversalRocket(4080) outcome=travel_wait_finished skipped_time=159114 status=OK t=361858072 id=568
						Lua 4:09:44:529
[mod] [SMRTK] SMRTK_MARK action=mark label="Next rocket landed" mark=803 status=OK t=361875236 id=569
[SMRTK] SMRTK_MARK action=mark label="Next rocket landed" mark=803 status=OK t=361875236 id=569
[mod] [SMRTK] SMRTK_FINGERPRINT action=fingerprint fix_pack_present=46/46 game=403908 mark_action=mark mods=SMR_CommunityFixPack,SMR_CommunityFixPackTestKit,SMR_CommunityOptInPack pack_version=11 read="live registry" save=SMRTK_A.sav sol=503 status=OK t=361875236 id=570
[SMRTK] SMRTK_FINGERPRINT action=fingerprint fix_pack_present=46/46 game=403908 mark_action=mark mods=SMR_CommunityFixPack,SMR_CommunityFixPackTestKit,SMR_CommunityOptInPack pack_version=11 read="live registry" save=SMRTK_A.sav sol=503 status=OK t=361875236 id=570
[mod] [SMRTK] SMRTK_TRIGGER action=trigger_rocket label="Next rocket landed" landings=4 mark=803 object=UniversalLanderRocket(3702) pause=true sound=true status=OK trigger=trigger_rocket t=361875236 id=571
[SMRTK] SMRTK_TRIGGER action=trigger_rocket label="Next rocket landed" landings=4 mark=803 object=UniversalLanderRocket(3702) pause=true sound=true status=OK trigger=trigger_rocket t=361875236 id=571
[mod] [SMRTK] SMRTK_DISARM action=trigger_rocket reason="trigger complete" status=OK trigger=trigger_rocket t=361875236 id=572
[SMRTK] SMRTK_DISARM action=trigger_rocket reason="trigger complete" status=OK trigger=trigger_rocket t=361875236 id=572
						Lua 4:12:36:434
[mod] [SMRTK] SMRTK_MENU action=dock_menu open=true status=OK surface=native t=361875236 id=573
						Lua 4:12:38:871
[mod] [SMRTK] SMRTK_CLEAR action=clear status=OK t=361875236 id=574
						Lua 4:12:40:851
[mod] [SMRTK] SMRTK_PANEL action=dock_close_panel open=false status=OK t=361875236 id=575
						Lua 4:12:51:596
[mod] [SMRTK] SMRTK_MARK action=mark label=SMRTK08_END mark=811 status=OK t=361875236 id=576
[SMRTK] SMRTK_MARK action=mark label=SMRTK08_END mark=811 status=OK t=361875236 id=576
						Lua 4:12:51:597
[mod] [SMRTK] SMRTK_FINGERPRINT action=fingerprint fix_pack_present=46/46 game=403908 mark_action=mark mods=SMR_CommunityFixPack,SMR_CommunityFixPackTestKit,SMR_CommunityOptInPack pack_version=11 read="live registry" save=SMRTK_A.sav sol=503 status=OK t=361875236 id=577
[SMRTK] SMRTK_FINGERPRINT action=fingerprint fix_pack_present=46/46 game=403908 mark_action=mark mods=SMR_CommunityFixPack,SMR_CommunityFixPackTestKit,SMR_CommunityOptInPack pack_version=11 read="live registry" save=SMRTK_A.sav sol=503 status=OK t=361875236 id=577
811
						Lua 4:12:57:229
[mod] [SMRTK] SMRTK_TAINT_READ action=taint_read status=OK used=false t=361875236 id=578
[SMRTK] SMRTK_TAINT_READ action=taint_read status=OK used=false t=361875236 id=578
true { action = taint_read, status = OK, used = false }
						Lua 4:13:01:902
[mod] [SMRTK] SMRTK_SECTION action=section_attach attached=true dialog=ipBuilding object=OpenCity(5346) status=OK t=361875236 id=579
						Lua 4:13:04:140
[mod] [SMRTK] SMRTK_ELIGIBILITY action=eligibility reason=UNAVAILABLE:sandbox status=OK t=361875236 id=580
[SMRTK] SMRTK_ELIGIBILITY action=eligibility reason=UNAVAILABLE:sandbox status=OK t=361875236 id=580
true { action = eligibility, reason = UNAVAILABLE:sandbox, status = OK }
						Lua 4:13:12:973
[mod] [SMRTK] SMRTK_DUMP arms=0 cheats_count=0 cheats_used="" errors=0 t=361875236 id=581
[SMRTK] SMRTK_DUMP arms=0 cheats_count=0 cheats_used="" errors=0 t=361875236 id=581
						Lua 4:13:21:535
[mod] [SMRTK] SMRTK_COPY action=copy from=92 lines=300 status=OK truncated=true t=361875236 id=582
[SMRTK] SMRTK_COPY action=copy from=92 lines=300 status=OK truncated=true t=361875236 id=582
